#Build: Fabric Compiler 2022.2, Build 117120, Feb 17 13:07 2023
#Install: D:\pango\PDS_2022.2\bin
#Application name: pds.exe
#OS: Windows 10 10.0.18363
#Hostname: DESKTOP-6GABMIP
Generated by Fabric Compiler (version 2022.2 build 117120) at Fri Aug 11 16:58:05 2023
Parse module hierarchy of project 'D:/pango_fire/PG2L100H/9_hdmi_loop/hdmi_loop_pango/temp_projects/Main_Flow/Main_Flow.pds' (ADS Parser)
File "D:/pango_fire/PG2L100H/9_hdmi_loop/hdmi_loop_pango/ipcore/pll/pll.idf" has been removed from project successfully. 
Parse module hierarchy of project 'D:/pango_fire/PG2L100H/9_hdmi_loop/hdmi_loop_pango/temp_projects/Main_Flow/Main_Flow.pds' (ADS Parser)


Process "Compile" started.
Current time: Fri Aug 11 16:59:05 2023
Compiling architecture definition.
Analyzing project file 'D:/pango_fire/PG2L100H/9_hdmi_loop/hdmi_loop_pango/hdmi_loop.pds'.
License checkout: fabric_ads
Compiling verification operator library.
Loading technology operator library.
Compiling technology operator library.
Compiling technology operator (valence) library.
I: Enable Verilog2k features and keywords
Start rtl-analyze.
Executing : .rtl_analyze -work work -include_path {D:/pango_fire/PG2L100H/9_hdmi_loop/hdmi_loop_pango} D:/pango_fire/PG2L100H/9_hdmi_loop/hdmi_loop_pango/source/new/hdmi_cfg.v
I: Verilog-0001: Analyzing file D:/pango_fire/PG2L100H/9_hdmi_loop/hdmi_loop_pango/source/new/hdmi_cfg.v
I: Verilog-0002: [D:/pango_fire/PG2L100H/9_hdmi_loop/hdmi_loop_pango/source/new/hdmi_cfg.v(line number: 10)] Analyzing module hdmi_cfg (library work)
Parsing done.
Executing : .rtl_analyze -work work -include_path {D:/pango_fire/PG2L100H/9_hdmi_loop/hdmi_loop_pango} D:/pango_fire/PG2L100H/9_hdmi_loop/hdmi_loop_pango/source/new/hdmi_cfg.v successfully.
Executing : .rtl_analyze -work work -include_path {D:/pango_fire/PG2L100H/9_hdmi_loop/hdmi_loop_pango} D:/pango_fire/PG2L100H/9_hdmi_loop/hdmi_loop_pango/source/new/hdmi_i2c.v
I: Verilog-0001: Analyzing file D:/pango_fire/PG2L100H/9_hdmi_loop/hdmi_loop_pango/source/new/hdmi_i2c.v
I: Verilog-0002: [D:/pango_fire/PG2L100H/9_hdmi_loop/hdmi_loop_pango/source/new/hdmi_i2c.v(line number: 10)] Analyzing module hdmi_i2c (library work)
Parsing done.
Executing : .rtl_analyze -work work -include_path {D:/pango_fire/PG2L100H/9_hdmi_loop/hdmi_loop_pango} D:/pango_fire/PG2L100H/9_hdmi_loop/hdmi_loop_pango/source/new/hdmi_i2c.v successfully.
Executing : .rtl_analyze -work work -include_path {D:/pango_fire/PG2L100H/9_hdmi_loop/hdmi_loop_pango} D:/pango_fire/PG2L100H/9_hdmi_loop/hdmi_loop_pango/source/new/hdmi_loop.v
I: Verilog-0001: Analyzing file D:/pango_fire/PG2L100H/9_hdmi_loop/hdmi_loop_pango/source/new/hdmi_loop.v
I: Verilog-0002: [D:/pango_fire/PG2L100H/9_hdmi_loop/hdmi_loop_pango/source/new/hdmi_loop.v(line number: 10)] Analyzing module hdmi_loop (library work)
Parsing done.
Executing : .rtl_analyze -work work -include_path {D:/pango_fire/PG2L100H/9_hdmi_loop/hdmi_loop_pango} D:/pango_fire/PG2L100H/9_hdmi_loop/hdmi_loop_pango/source/new/hdmi_loop.v successfully.
Executing : .rtl_analyze -work work -include_path {D:/pango_fire/PG2L100H/9_hdmi_loop/hdmi_loop_pango} D:/pango_fire/PG2L100H/9_hdmi_loop/hdmi_loop_pango/source/new/i2c_ctrl.v
I: Verilog-0001: Analyzing file D:/pango_fire/PG2L100H/9_hdmi_loop/hdmi_loop_pango/source/new/i2c_ctrl.v
I: Verilog-0002: [D:/pango_fire/PG2L100H/9_hdmi_loop/hdmi_loop_pango/source/new/i2c_ctrl.v(line number: 10)] Analyzing module i2c_ctrl (library work)
W: Verilog-2006: [D:/pango_fire/PG2L100H/9_hdmi_loop/hdmi_loop_pango/source/new/i2c_ctrl.v(line number: 37)] Ansi_parameter force parameter in body to localparam
W: Verilog-2006: [D:/pango_fire/PG2L100H/9_hdmi_loop/hdmi_loop_pango/source/new/i2c_ctrl.v(line number: 39)] Ansi_parameter force parameter in body to localparam
W: Verilog-2006: [D:/pango_fire/PG2L100H/9_hdmi_loop/hdmi_loop_pango/source/new/i2c_ctrl.v(line number: 41)] Ansi_parameter force parameter in body to localparam
Parsing done.
Executing : .rtl_analyze -work work -include_path {D:/pango_fire/PG2L100H/9_hdmi_loop/hdmi_loop_pango} D:/pango_fire/PG2L100H/9_hdmi_loop/hdmi_loop_pango/source/new/i2c_ctrl.v successfully.
I: Module "hdmi_loop" is set as top module.
Executing : rtl-analyze successfully. Time elapsed: 3.027s wall, 0.016s user + 0.031s system = 0.047s CPU (1.5%)

Start rtl-elaborate.
I: Verilog-0003: [D:/pango_fire/PG2L100H/9_hdmi_loop/hdmi_loop_pango/source/new/hdmi_loop.v(line number: 10)] Elaborating module hdmi_loop
W: Verilog-2017: [D:/pango_fire/PG2L100H/9_hdmi_loop/hdmi_loop_pango/source/new/hdmi_loop.v(line number: 18)] Attribute PAP_MARK_DEBUG has no value, give the default value 1
W: Verilog-2017: [D:/pango_fire/PG2L100H/9_hdmi_loop/hdmi_loop_pango/source/new/hdmi_loop.v(line number: 18)] Attribute PAP_MARK_DEBUG has no value, give the default value 1
W: Verilog-2017: [D:/pango_fire/PG2L100H/9_hdmi_loop/hdmi_loop_pango/source/new/hdmi_loop.v(line number: 19)] Attribute PAP_MARK_DEBUG has no value, give the default value 1
W: Verilog-2017: [D:/pango_fire/PG2L100H/9_hdmi_loop/hdmi_loop_pango/source/new/hdmi_loop.v(line number: 19)] Attribute PAP_MARK_DEBUG has no value, give the default value 1
W: Verilog-2017: [D:/pango_fire/PG2L100H/9_hdmi_loop/hdmi_loop_pango/source/new/hdmi_loop.v(line number: 20)] Attribute PAP_MARK_DEBUG has no value, give the default value 1
W: Verilog-2017: [D:/pango_fire/PG2L100H/9_hdmi_loop/hdmi_loop_pango/source/new/hdmi_loop.v(line number: 20)] Attribute PAP_MARK_DEBUG has no value, give the default value 1
W: Verilog-2017: [D:/pango_fire/PG2L100H/9_hdmi_loop/hdmi_loop_pango/source/new/hdmi_loop.v(line number: 21)] Attribute PAP_MARK_DEBUG has no value, give the default value 1
W: Verilog-2017: [D:/pango_fire/PG2L100H/9_hdmi_loop/hdmi_loop_pango/source/new/hdmi_loop.v(line number: 21)] Attribute PAP_MARK_DEBUG has no value, give the default value 1
W: Verilog-2017: [D:/pango_fire/PG2L100H/9_hdmi_loop/hdmi_loop_pango/source/new/hdmi_loop.v(line number: 22)] Attribute PAP_MARK_DEBUG has no value, give the default value 1
W: Verilog-2017: [D:/pango_fire/PG2L100H/9_hdmi_loop/hdmi_loop_pango/source/new/hdmi_loop.v(line number: 22)] Attribute PAP_MARK_DEBUG has no value, give the default value 1
W: Verilog-2017: [D:/pango_fire/PG2L100H/9_hdmi_loop/hdmi_loop_pango/source/new/hdmi_loop.v(line number: 23)] Attribute PAP_MARK_DEBUG has no value, give the default value 1
W: Verilog-2017: [D:/pango_fire/PG2L100H/9_hdmi_loop/hdmi_loop_pango/source/new/hdmi_loop.v(line number: 23)] Attribute PAP_MARK_DEBUG has no value, give the default value 1
W: Verilog-2017: [D:/pango_fire/PG2L100H/9_hdmi_loop/hdmi_loop_pango/source/new/hdmi_loop.v(line number: 25)] Attribute PAP_MARK_DEBUG has no value, give the default value 1
W: Verilog-2017: [D:/pango_fire/PG2L100H/9_hdmi_loop/hdmi_loop_pango/source/new/hdmi_loop.v(line number: 25)] Attribute PAP_MARK_DEBUG has no value, give the default value 1
W: Verilog-2017: [D:/pango_fire/PG2L100H/9_hdmi_loop/hdmi_loop_pango/source/new/hdmi_loop.v(line number: 26)] Attribute PAP_MARK_DEBUG has no value, give the default value 1
W: Verilog-2017: [D:/pango_fire/PG2L100H/9_hdmi_loop/hdmi_loop_pango/source/new/hdmi_loop.v(line number: 26)] Attribute PAP_MARK_DEBUG has no value, give the default value 1
W: Verilog-2017: [D:/pango_fire/PG2L100H/9_hdmi_loop/hdmi_loop_pango/source/new/hdmi_loop.v(line number: 27)] Attribute PAP_MARK_DEBUG has no value, give the default value 1
W: Verilog-2017: [D:/pango_fire/PG2L100H/9_hdmi_loop/hdmi_loop_pango/source/new/hdmi_loop.v(line number: 27)] Attribute PAP_MARK_DEBUG has no value, give the default value 1
W: Verilog-2017: [D:/pango_fire/PG2L100H/9_hdmi_loop/hdmi_loop_pango/source/new/hdmi_loop.v(line number: 28)] Attribute PAP_MARK_DEBUG has no value, give the default value 1
W: Verilog-2017: [D:/pango_fire/PG2L100H/9_hdmi_loop/hdmi_loop_pango/source/new/hdmi_loop.v(line number: 28)] Attribute PAP_MARK_DEBUG has no value, give the default value 1
W: Verilog-2017: [D:/pango_fire/PG2L100H/9_hdmi_loop/hdmi_loop_pango/source/new/hdmi_loop.v(line number: 29)] Attribute PAP_MARK_DEBUG has no value, give the default value 1
W: Verilog-2017: [D:/pango_fire/PG2L100H/9_hdmi_loop/hdmi_loop_pango/source/new/hdmi_loop.v(line number: 29)] Attribute PAP_MARK_DEBUG has no value, give the default value 1
W: Verilog-2017: [D:/pango_fire/PG2L100H/9_hdmi_loop/hdmi_loop_pango/source/new/hdmi_loop.v(line number: 30)] Attribute PAP_MARK_DEBUG has no value, give the default value 1
W: Verilog-2017: [D:/pango_fire/PG2L100H/9_hdmi_loop/hdmi_loop_pango/source/new/hdmi_loop.v(line number: 30)] Attribute PAP_MARK_DEBUG has no value, give the default value 1
W: Verilog-2017: [D:/pango_fire/PG2L100H/9_hdmi_loop/hdmi_loop_pango/source/new/hdmi_loop.v(line number: 18)] Attribute PAP_MARK_DEBUG has no value, give the default value 1
W: Verilog-2017: [D:/pango_fire/PG2L100H/9_hdmi_loop/hdmi_loop_pango/source/new/hdmi_loop.v(line number: 19)] Attribute PAP_MARK_DEBUG has no value, give the default value 1
W: Verilog-2017: [D:/pango_fire/PG2L100H/9_hdmi_loop/hdmi_loop_pango/source/new/hdmi_loop.v(line number: 20)] Attribute PAP_MARK_DEBUG has no value, give the default value 1
W: Verilog-2017: [D:/pango_fire/PG2L100H/9_hdmi_loop/hdmi_loop_pango/source/new/hdmi_loop.v(line number: 21)] Attribute PAP_MARK_DEBUG has no value, give the default value 1
W: Verilog-2017: [D:/pango_fire/PG2L100H/9_hdmi_loop/hdmi_loop_pango/source/new/hdmi_loop.v(line number: 22)] Attribute PAP_MARK_DEBUG has no value, give the default value 1
W: Verilog-2017: [D:/pango_fire/PG2L100H/9_hdmi_loop/hdmi_loop_pango/source/new/hdmi_loop.v(line number: 23)] Attribute PAP_MARK_DEBUG has no value, give the default value 1
W: Verilog-2017: [D:/pango_fire/PG2L100H/9_hdmi_loop/hdmi_loop_pango/source/new/hdmi_loop.v(line number: 25)] Attribute PAP_MARK_DEBUG has no value, give the default value 1
W: Verilog-2017: [D:/pango_fire/PG2L100H/9_hdmi_loop/hdmi_loop_pango/source/new/hdmi_loop.v(line number: 26)] Attribute PAP_MARK_DEBUG has no value, give the default value 1
W: Verilog-2017: [D:/pango_fire/PG2L100H/9_hdmi_loop/hdmi_loop_pango/source/new/hdmi_loop.v(line number: 27)] Attribute PAP_MARK_DEBUG has no value, give the default value 1
W: Verilog-2017: [D:/pango_fire/PG2L100H/9_hdmi_loop/hdmi_loop_pango/source/new/hdmi_loop.v(line number: 28)] Attribute PAP_MARK_DEBUG has no value, give the default value 1
W: Verilog-2017: [D:/pango_fire/PG2L100H/9_hdmi_loop/hdmi_loop_pango/source/new/hdmi_loop.v(line number: 29)] Attribute PAP_MARK_DEBUG has no value, give the default value 1
W: Verilog-2017: [D:/pango_fire/PG2L100H/9_hdmi_loop/hdmi_loop_pango/source/new/hdmi_loop.v(line number: 30)] Attribute PAP_MARK_DEBUG has no value, give the default value 1
I: Verilog-0004: [D:/pango_fire/PG2L100H/9_hdmi_loop/hdmi_loop_pango/source/new/hdmi_loop.v(line number: 69)] Elaborating instance hdmi_i2c_inst
I: Verilog-0003: [D:/pango_fire/PG2L100H/9_hdmi_loop/hdmi_loop_pango/source/new/hdmi_i2c.v(line number: 10)] Elaborating module hdmi_i2c
W: Verilog-2017: [D:/pango_fire/PG2L100H/9_hdmi_loop/hdmi_loop_pango/source/new/hdmi_i2c.v(line number: 15)] Attribute PAP_MARK_DEBUG has no value, give the default value 1
W: Verilog-2017: [D:/pango_fire/PG2L100H/9_hdmi_loop/hdmi_loop_pango/source/new/hdmi_i2c.v(line number: 15)] Attribute PAP_MARK_DEBUG has no value, give the default value 1
W: Verilog-2017: [D:/pango_fire/PG2L100H/9_hdmi_loop/hdmi_loop_pango/source/new/hdmi_i2c.v(line number: 16)] Attribute PAP_MARK_DEBUG has no value, give the default value 1
W: Verilog-2017: [D:/pango_fire/PG2L100H/9_hdmi_loop/hdmi_loop_pango/source/new/hdmi_i2c.v(line number: 16)] Attribute PAP_MARK_DEBUG has no value, give the default value 1
W: Verilog-2017: [D:/pango_fire/PG2L100H/9_hdmi_loop/hdmi_loop_pango/source/new/hdmi_i2c.v(line number: 17)] Attribute PAP_MARK_DEBUG has no value, give the default value 1
W: Verilog-2017: [D:/pango_fire/PG2L100H/9_hdmi_loop/hdmi_loop_pango/source/new/hdmi_i2c.v(line number: 17)] Attribute PAP_MARK_DEBUG has no value, give the default value 1
I: Module instance {hdmi_loop/hdmi_i2c_inst} parameter value:
    BIT_CTRL = 1'b0
    CLK_FREQ = 26'b10111110101111000010000000
    I2C_FREQ = 18'b111101000010010000
W: Verilog-2017: [D:/pango_fire/PG2L100H/9_hdmi_loop/hdmi_loop_pango/source/new/hdmi_i2c.v(line number: 15)] Attribute PAP_MARK_DEBUG has no value, give the default value 1
W: Verilog-2017: [D:/pango_fire/PG2L100H/9_hdmi_loop/hdmi_loop_pango/source/new/hdmi_i2c.v(line number: 16)] Attribute PAP_MARK_DEBUG has no value, give the default value 1
W: Verilog-2017: [D:/pango_fire/PG2L100H/9_hdmi_loop/hdmi_loop_pango/source/new/hdmi_i2c.v(line number: 17)] Attribute PAP_MARK_DEBUG has no value, give the default value 1
I: Verilog-0004: [D:/pango_fire/PG2L100H/9_hdmi_loop/hdmi_loop_pango/source/new/hdmi_i2c.v(line number: 39)] Elaborating instance i2c_ctrl_inst
I: Verilog-0003: [D:/pango_fire/PG2L100H/9_hdmi_loop/hdmi_loop_pango/source/new/i2c_ctrl.v(line number: 10)] Elaborating module i2c_ctrl
W: Verilog-2017: [D:/pango_fire/PG2L100H/9_hdmi_loop/hdmi_loop_pango/source/new/i2c_ctrl.v(line number: 19)] Attribute PAP_MARK_DEBUG has no value, give the default value 1
W: Verilog-2017: [D:/pango_fire/PG2L100H/9_hdmi_loop/hdmi_loop_pango/source/new/i2c_ctrl.v(line number: 19)] Attribute PAP_MARK_DEBUG has no value, give the default value 1
W: Verilog-2017: [D:/pango_fire/PG2L100H/9_hdmi_loop/hdmi_loop_pango/source/new/i2c_ctrl.v(line number: 22)] Attribute PAP_MARK_DEBUG has no value, give the default value 1
W: Verilog-2017: [D:/pango_fire/PG2L100H/9_hdmi_loop/hdmi_loop_pango/source/new/i2c_ctrl.v(line number: 22)] Attribute PAP_MARK_DEBUG has no value, give the default value 1
W: Verilog-2017: [D:/pango_fire/PG2L100H/9_hdmi_loop/hdmi_loop_pango/source/new/i2c_ctrl.v(line number: 23)] Attribute PAP_MARK_DEBUG has no value, give the default value 1
W: Verilog-2017: [D:/pango_fire/PG2L100H/9_hdmi_loop/hdmi_loop_pango/source/new/i2c_ctrl.v(line number: 23)] Attribute PAP_MARK_DEBUG has no value, give the default value 1
W: Verilog-2017: [D:/pango_fire/PG2L100H/9_hdmi_loop/hdmi_loop_pango/source/new/i2c_ctrl.v(line number: 24)] Attribute PAP_MARK_DEBUG has no value, give the default value 1
W: Verilog-2017: [D:/pango_fire/PG2L100H/9_hdmi_loop/hdmi_loop_pango/source/new/i2c_ctrl.v(line number: 24)] Attribute PAP_MARK_DEBUG has no value, give the default value 1
W: Verilog-2017: [D:/pango_fire/PG2L100H/9_hdmi_loop/hdmi_loop_pango/source/new/i2c_ctrl.v(line number: 26)] Attribute PAP_MARK_DEBUG has no value, give the default value 1
W: Verilog-2017: [D:/pango_fire/PG2L100H/9_hdmi_loop/hdmi_loop_pango/source/new/i2c_ctrl.v(line number: 26)] Attribute PAP_MARK_DEBUG has no value, give the default value 1
W: Verilog-2017: [D:/pango_fire/PG2L100H/9_hdmi_loop/hdmi_loop_pango/source/new/i2c_ctrl.v(line number: 28)] Attribute PAP_MARK_DEBUG has no value, give the default value 1
W: Verilog-2017: [D:/pango_fire/PG2L100H/9_hdmi_loop/hdmi_loop_pango/source/new/i2c_ctrl.v(line number: 28)] Attribute PAP_MARK_DEBUG has no value, give the default value 1
W: Verilog-2017: [D:/pango_fire/PG2L100H/9_hdmi_loop/hdmi_loop_pango/source/new/i2c_ctrl.v(line number: 61)] Attribute PAP_MARK_DEBUG has no value, give the default value 1
W: Verilog-2017: [D:/pango_fire/PG2L100H/9_hdmi_loop/hdmi_loop_pango/source/new/i2c_ctrl.v(line number: 64)] Attribute PAP_MARK_DEBUG has no value, give the default value 1
I: Module instance {hdmi_loop/hdmi_i2c_inst/i2c_ctrl_inst} parameter value:
    SYS_CLK_FREQ = 26'b10111110101111000010000000
    SCL_FREQ = 18'b111101000010010000
    CNT_CLK_MAX = 26'b00000000000000000000011001
    CNT_START_MAX = 8'b01100100
    IDLE = 4'b0000
    START_1 = 4'b0001
    SEND_D_ADDR = 4'b0010
    ACK_1 = 4'b0011
    SEND_B_ADDR_H = 4'b0100
    ACK_2 = 4'b0101
    SEND_B_ADDR_L = 4'b0110
    ACK_3 = 4'b0111
    WR_DATA = 4'b1000
    ACK_4 = 4'b1001
    START_2 = 4'b1010
    SEND_RD_ADDR = 4'b1011
    ACK_5 = 4'b1100
    RD_DATA = 4'b1101
    N_ACK = 4'b1110
    STOP = 4'b1111
W: Verilog-2017: [D:/pango_fire/PG2L100H/9_hdmi_loop/hdmi_loop_pango/source/new/i2c_ctrl.v(line number: 19)] Attribute PAP_MARK_DEBUG has no value, give the default value 1
W: Verilog-2017: [D:/pango_fire/PG2L100H/9_hdmi_loop/hdmi_loop_pango/source/new/i2c_ctrl.v(line number: 22)] Attribute PAP_MARK_DEBUG has no value, give the default value 1
W: Verilog-2017: [D:/pango_fire/PG2L100H/9_hdmi_loop/hdmi_loop_pango/source/new/i2c_ctrl.v(line number: 23)] Attribute PAP_MARK_DEBUG has no value, give the default value 1
W: Verilog-2017: [D:/pango_fire/PG2L100H/9_hdmi_loop/hdmi_loop_pango/source/new/i2c_ctrl.v(line number: 24)] Attribute PAP_MARK_DEBUG has no value, give the default value 1
W: Verilog-2017: [D:/pango_fire/PG2L100H/9_hdmi_loop/hdmi_loop_pango/source/new/i2c_ctrl.v(line number: 26)] Attribute PAP_MARK_DEBUG has no value, give the default value 1
W: Verilog-2017: [D:/pango_fire/PG2L100H/9_hdmi_loop/hdmi_loop_pango/source/new/i2c_ctrl.v(line number: 28)] Attribute PAP_MARK_DEBUG has no value, give the default value 1
I: Verilog-0004: [D:/pango_fire/PG2L100H/9_hdmi_loop/hdmi_loop_pango/source/new/hdmi_i2c.v(line number: 59)] Elaborating instance hdmi_cfg_inst
I: Verilog-0003: [D:/pango_fire/PG2L100H/9_hdmi_loop/hdmi_loop_pango/source/new/hdmi_cfg.v(line number: 10)] Elaborating module hdmi_cfg
W: Verilog-2017: [D:/pango_fire/PG2L100H/9_hdmi_loop/hdmi_loop_pango/source/new/hdmi_cfg.v(line number: 14)] Attribute PAP_MARK_DEBUG has no value, give the default value 1
W: Verilog-2017: [D:/pango_fire/PG2L100H/9_hdmi_loop/hdmi_loop_pango/source/new/hdmi_cfg.v(line number: 14)] Attribute PAP_MARK_DEBUG has no value, give the default value 1
W: Verilog-2017: [D:/pango_fire/PG2L100H/9_hdmi_loop/hdmi_loop_pango/source/new/hdmi_cfg.v(line number: 16)] Attribute PAP_MARK_DEBUG has no value, give the default value 1
W: Verilog-2017: [D:/pango_fire/PG2L100H/9_hdmi_loop/hdmi_loop_pango/source/new/hdmi_cfg.v(line number: 16)] Attribute PAP_MARK_DEBUG has no value, give the default value 1
W: Verilog-2017: [D:/pango_fire/PG2L100H/9_hdmi_loop/hdmi_loop_pango/source/new/hdmi_cfg.v(line number: 17)] Attribute PAP_MARK_DEBUG has no value, give the default value 1
W: Verilog-2017: [D:/pango_fire/PG2L100H/9_hdmi_loop/hdmi_loop_pango/source/new/hdmi_cfg.v(line number: 17)] Attribute PAP_MARK_DEBUG has no value, give the default value 1
W: Verilog-2017: [D:/pango_fire/PG2L100H/9_hdmi_loop/hdmi_loop_pango/source/new/hdmi_cfg.v(line number: 18)] Attribute PAP_MARK_DEBUG has no value, give the default value 1
W: Verilog-2017: [D:/pango_fire/PG2L100H/9_hdmi_loop/hdmi_loop_pango/source/new/hdmi_cfg.v(line number: 18)] Attribute PAP_MARK_DEBUG has no value, give the default value 1
I: Module instance {hdmi_loop/hdmi_i2c_inst/hdmi_cfg_inst} parameter value:
    REG_NUM = 7'b0000110
    CNT_WAIT_MAX = 10'b1111111111
W: Verilog-2017: [D:/pango_fire/PG2L100H/9_hdmi_loop/hdmi_loop_pango/source/new/hdmi_cfg.v(line number: 14)] Attribute PAP_MARK_DEBUG has no value, give the default value 1
W: Verilog-2017: [D:/pango_fire/PG2L100H/9_hdmi_loop/hdmi_loop_pango/source/new/hdmi_cfg.v(line number: 16)] Attribute PAP_MARK_DEBUG has no value, give the default value 1
W: Verilog-2017: [D:/pango_fire/PG2L100H/9_hdmi_loop/hdmi_loop_pango/source/new/hdmi_cfg.v(line number: 17)] Attribute PAP_MARK_DEBUG has no value, give the default value 1
W: Verilog-2017: [D:/pango_fire/PG2L100H/9_hdmi_loop/hdmi_loop_pango/source/new/hdmi_cfg.v(line number: 18)] Attribute PAP_MARK_DEBUG has no value, give the default value 1
W: Verilog-2023: [D:/pango_fire/PG2L100H/9_hdmi_loop/hdmi_loop_pango/source/new/hdmi_i2c.v(line number: 39)] Give initial value 0 for the no drive pin rd_en in module instance hdmi_loop/hdmi_i2c_inst.i2c_ctrl_inst
Executing : rtl-elaborate successfully. Time elapsed: 0.022s wall, 0.016s user + 0.016s system = 0.031s CPU (144.9%)

Start rtl-prep.
Executing : rtl-prep successfully. Time elapsed: 0.011s wall, 0.000s user + 0.000s system = 0.000s CPU (n/a%)

Start rtl-infer.
Start DFF-inference.
W: Sdm-2004: [D:/pango_fire/PG2L100H/9_hdmi_loop/hdmi_loop_pango/source/new/i2c_ctrl.v(line number: 69)] Latch is generated for signal i2c_sda_reg, possible missing assignment in an if or case statement.
W: Sdm-2004: [D:/pango_fire/PG2L100H/9_hdmi_loop/hdmi_loop_pango/source/new/i2c_ctrl.v(line number: 70)] Latch is generated for signal rd_data_reg, possible missing assignment in an if or case statement.
W: Sdm-2004: [D:/pango_fire/PG2L100H/9_hdmi_loop/hdmi_loop_pango/source/new/i2c_ctrl.v(line number: 68)] Latch is generated for signal ack, possible missing assignment in an if or case statement.
Executing : DFF-inference successfully.
Executing : rtl-infer successfully. Time elapsed: 0.143s wall, 0.047s user + 0.094s system = 0.141s CPU (98.1%)

Start rtl-control-opt.
Executing : rtl-control-opt successfully. Time elapsed: 0.004s wall, 0.016s user + 0.000s system = 0.016s CPU (409.5%)

Start rtl-data-opt.
Executing : rtl-data-opt successfully. Time elapsed: 0.019s wall, 0.016s user + 0.000s system = 0.016s CPU (81.9%)

Start FSM inference.
I: FSM state_fsm[3:0] inferred.
FSM state_fsm[3:0] STG:
Number of reachable states: 16
Input nets: N80 N135 N291 N561 addr_num i2c_start rd_en wr_en 
S0(0000)-->S0(0000): xxxxx0xx
S0(0000)-->S1(0001): xxxxx1xx
S1(0001)-->S1(0001): xxx0xxxx
S1(0001)-->S2(0010): xxx1xxxx
S0(0000)-->S1(0001): xxx0x1xx
S1(0001)-->S1(0001): xxx0x1xx
S2(0010)-->S2(0010): 0xxxxxxx
S2(0010)-->S3(0011): 1xxxxxxx
S3(0011)-->S3(0011): x0xxxxxx
S3(0011)-->S4(0100): x1xx1xxx
S3(0011)-->S6(0110): x1xx0xxx
S2(0010)-->S3(0011): 10xxxxxx
S3(0011)-->S3(0011): 10xxxxxx
S4(0100)-->S4(0100): 0xxxxxxx
S4(0100)-->S5(0101): 1xxxxxxx
S5(0101)-->S5(0101): x0xxxxxx
S5(0101)-->S6(0110): x1xxxxxx
S4(0100)-->S5(0101): 10xxxxxx
S5(0101)-->S5(0101): 10xxxxxx
S6(0110)-->S6(0110): 0xxxxxxx
S6(0110)-->S7(0111): 1xxxxxxx
S7(0111)-->S7(0111): x0xxxxxx
S7(0111)-->S7(0111): xxxxxx00
S7(0111)-->S8(1000): x1xxxxx1
S7(0111)-->S10(1010): x1xxxx10
S6(0110)-->S7(0111): 10xxxxxx
S7(0111)-->S7(0111): 10xxxxxx
S8(1000)-->S8(1000): 0xxxxxxx
S8(1000)-->S9(1001): 1xxxxxxx
S9(1001)-->S9(1001): x0xxxxxx
S9(1001)-->S15(1111): x1xxxxxx
S8(1000)-->S9(1001): 10xxxxxx
S9(1001)-->S9(1001): 10xxxxxx
S10(1010)-->S10(1010): xxx0xxxx
S10(1010)-->S11(1011): xxx1xxxx
S11(1011)-->S11(1011): 0xxxxxxx
S11(1011)-->S12(1100): 1xxxxxxx
S10(1010)-->S11(1011): 0xx1xxxx
S11(1011)-->S11(1011): 0xx1xxxx
S12(1100)-->S12(1100): x0xxxxxx
S12(1100)-->S13(1101): x1xxxxxx
S13(1101)-->S13(1101): 0xxxxxxx
S13(1101)-->S14(1110): 1xxxxxxx
S12(1100)-->S13(1101): 01xxxxxx
S13(1101)-->S13(1101): 01xxxxxx
S14(1110)-->S14(1110): xxx0xxxx
S14(1110)-->S15(1111): xxx1xxxx
S15(1111)-->S0(0000): xx1xxxxx
S15(1111)-->S15(1111): xx0xxxxx

Executing : FSM inference successfully. Time elapsed: 0.054s wall, 0.016s user + 0.016s system = 0.031s CPU (58.0%)

Start sdm2adm.
W: Loop was found during constant probe.
W: Loop was found during constant probe.
W: Loop was found during constant probe.
W: Loop was found during constant probe.
W: Loop was found during constant probe.
I: Constant propagation done on N896 (bmsPMUX).
I: Constant propagation done on N421 (bmsWIDEMUX).
I: Constant propagation done on N454 (bmsWIDEMUX).
I: Constant propagation done on N982_1 (bmsWIDEMUX).
W: Loop was found during constant probe.
W: Loop was found during constant probe.
I: Constant propagation done on N69 (bmsWIDEMUX).
Executing : sdm2adm successfully. Time elapsed: 0.044s wall, 0.031s user + 0.016s system = 0.047s CPU (106.0%)

Saving design to DB.
Action compile: Real time elapsed is 0h:0m:6s
Action compile: CPU time elapsed is 0h:0m:1s
Action compile: Process CPU time elapsed is 0h:0m:1s
Current time: Fri Aug 11 16:59:10 2023
Action compile: Peak memory pool usage is 137 MB
Action from compile to compile: Total Real Time elapsed is 0h:0m:6s
Action from compile to compile: Total CPU time elapsed is 0h:0m:1s
Action from compile to compile: Total Process CPU Time elapsed is 0h:0m:1s
Process "Compile" done.


Process "Synthesize" started.
Current time: Fri Aug 11 16:59:10 2023
Compiling architecture definition.
Analyzing project file 'D:/pango_fire/PG2L100H/9_hdmi_loop/hdmi_loop_pango/hdmi_loop.pds'.
License checkout: fabric_ads
Compiling verification operator library.
Compiling common defs.
Loading technology operator library.
Compiling technology operator library.
Compiling technology operator (valence) library.
Reading design from compile DB
Reading design from compile DB successfully.
NOTE: The technology fpga was specified.
NOTE: delay_model specified was generic_cmos.
NOTE: Using the fpga syntax tables...
Totals:
 Calls to malloc = 0
 Calls to calloc = 148538

Constraint check start.
Compiling prim grid devices.
Building architecture model.
Loading device packaging model.
Building architecture floorplan logic view.
Executing : get_ports sys_clk
Executing : get_ports sys_clk successfully.
Executing : create_clock -name sys_clk [get_ports sys_clk] -period 20.000 -waveform {0.000 10.000}
Executing : create_clock -name sys_clk [get_ports sys_clk] -period 20.000 -waveform {0.000 10.000} successfully.
C: ConstraintEditor-2002: [D:/pango_fire/PG2L100H/9_hdmi_loop/hdmi_loop_pango/hdmi_loop.fdc(line number: 29)] | Port hdmi_out_rgb[19] has been placed at location D25, whose type is share pin.
C: ConstraintEditor-2002: [D:/pango_fire/PG2L100H/9_hdmi_loop/hdmi_loop_pango/hdmi_loop.fdc(line number: 35)] | Port hdmi_out_rgb[18] has been placed at location E25, whose type is share pin.
C: ConstraintEditor-2002: [D:/pango_fire/PG2L100H/9_hdmi_loop/hdmi_loop_pango/hdmi_loop.fdc(line number: 41)] | Port hdmi_out_rgb[17] has been placed at location D26, whose type is share pin.
C: ConstraintEditor-2002: [D:/pango_fire/PG2L100H/9_hdmi_loop/hdmi_loop_pango/hdmi_loop.fdc(line number: 53)] | Port hdmi_out_rgb[15] has been placed at location F24, whose type is share pin.
C: ConstraintEditor-2002: [D:/pango_fire/PG2L100H/9_hdmi_loop/hdmi_loop_pango/hdmi_loop.fdc(line number: 59)] | Port hdmi_out_rgb[14] has been placed at location G24, whose type is share pin.
C: ConstraintEditor-2002: [D:/pango_fire/PG2L100H/9_hdmi_loop/hdmi_loop_pango/hdmi_loop.fdc(line number: 65)] | Port hdmi_out_rgb[13] has been placed at location G26, whose type is share pin.
C: ConstraintEditor-2002: [D:/pango_fire/PG2L100H/9_hdmi_loop/hdmi_loop_pango/hdmi_loop.fdc(line number: 71)] | Port hdmi_out_rgb[12] has been placed at location H26, whose type is share pin.
C: ConstraintEditor-2002: [D:/pango_fire/PG2L100H/9_hdmi_loop/hdmi_loop_pango/hdmi_loop.fdc(line number: 77)] | Port hdmi_out_rgb[11] has been placed at location J25, whose type is share pin.
C: ConstraintEditor-2002: [D:/pango_fire/PG2L100H/9_hdmi_loop/hdmi_loop_pango/hdmi_loop.fdc(line number: 83)] | Port hdmi_out_rgb[10] has been placed at location J26, whose type is share pin.
C: ConstraintEditor-2002: [D:/pango_fire/PG2L100H/9_hdmi_loop/hdmi_loop_pango/hdmi_loop.fdc(line number: 89)] | Port hdmi_out_rgb[9] has been placed at location H24, whose type is share pin.
C: ConstraintEditor-2002: [D:/pango_fire/PG2L100H/9_hdmi_loop/hdmi_loop_pango/hdmi_loop.fdc(line number: 95)] | Port hdmi_out_rgb[8] has been placed at location J24, whose type is share pin.
C: ConstraintEditor-2002: [D:/pango_fire/PG2L100H/9_hdmi_loop/hdmi_loop_pango/hdmi_loop.fdc(line number: 113)] | Port hdmi_out_rgb[5] has been placed at location K23, whose type is share pin.
C: ConstraintEditor-2002: [D:/pango_fire/PG2L100H/9_hdmi_loop/hdmi_loop_pango/hdmi_loop.fdc(line number: 119)] | Port hdmi_out_rgb[4] has been placed at location K22, whose type is share pin.
C: ConstraintEditor-2002: [D:/pango_fire/PG2L100H/9_hdmi_loop/hdmi_loop_pango/hdmi_loop.fdc(line number: 125)] | Port hdmi_out_rgb[3] has been placed at location M15, whose type is share pin.
C: ConstraintEditor-2002: [D:/pango_fire/PG2L100H/9_hdmi_loop/hdmi_loop_pango/hdmi_loop.fdc(line number: 131)] | Port hdmi_out_rgb[2] has been placed at location L15, whose type is share pin.
C: ConstraintEditor-2002: [D:/pango_fire/PG2L100H/9_hdmi_loop/hdmi_loop_pango/hdmi_loop.fdc(line number: 165)] | Port hdmi_in_rgb[19] has been placed at location F23, whose type is share pin.
C: ConstraintEditor-2002: [D:/pango_fire/PG2L100H/9_hdmi_loop/hdmi_loop_pango/hdmi_loop.fdc(line number: 169)] | Port hdmi_in_rgb[18] has been placed at location E23, whose type is share pin.
C: ConstraintEditor-2002: [D:/pango_fire/PG2L100H/9_hdmi_loop/hdmi_loop_pango/hdmi_loop.fdc(line number: 173)] | Port hdmi_in_rgb[17] has been placed at location F22, whose type is share pin.
C: ConstraintEditor-2002: [D:/pango_fire/PG2L100H/9_hdmi_loop/hdmi_loop_pango/hdmi_loop.fdc(line number: 197)] | Port hdmi_in_rgb[11] has been placed at location J19, whose type is share pin.
C: ConstraintEditor-2002: [D:/pango_fire/PG2L100H/9_hdmi_loop/hdmi_loop_pango/hdmi_loop.fdc(line number: 201)] | Port hdmi_in_rgb[10] has been placed at location H19, whose type is share pin.
C: ConstraintEditor-2002: [D:/pango_fire/PG2L100H/9_hdmi_loop/hdmi_loop_pango/hdmi_loop.fdc(line number: 205)] | Port hdmi_in_rgb[9] has been placed at location J18, whose type is share pin.
C: ConstraintEditor-2002: [D:/pango_fire/PG2L100H/9_hdmi_loop/hdmi_loop_pango/hdmi_loop.fdc(line number: 209)] | Port hdmi_in_rgb[8] has been placed at location H18, whose type is share pin.
C: ConstraintEditor-2002: [D:/pango_fire/PG2L100H/9_hdmi_loop/hdmi_loop_pango/hdmi_loop.fdc(line number: 221)] | Port hdmi_in_rgb[5] has been placed at location K20, whose type is share pin.
C: ConstraintEditor-2002: [D:/pango_fire/PG2L100H/9_hdmi_loop/hdmi_loop_pango/hdmi_loop.fdc(line number: 225)] | Port hdmi_in_rgb[4] has been placed at location J20, whose type is share pin.
C: ConstraintEditor-2002: [D:/pango_fire/PG2L100H/9_hdmi_loop/hdmi_loop_pango/hdmi_loop.fdc(line number: 229)] | Port hdmi_in_rgb[3] has been placed at location J16, whose type is share pin.
C: ConstraintEditor-2002: [D:/pango_fire/PG2L100H/9_hdmi_loop/hdmi_loop_pango/hdmi_loop.fdc(line number: 233)] | Port hdmi_in_rgb[2] has been placed at location K15, whose type is share pin.
C: ConstraintEditor-2002: [D:/pango_fire/PG2L100H/9_hdmi_loop/hdmi_loop_pango/hdmi_loop.fdc(line number: 237)] | Port hdmi_in_rgb[1] has been placed at location J14, whose type is share pin.
C: ConstraintEditor-2002: [D:/pango_fire/PG2L100H/9_hdmi_loop/hdmi_loop_pango/hdmi_loop.fdc(line number: 241)] | Port hdmi_in_rgb[0] has been placed at location J15, whose type is share pin.
C: ConstraintEditor-2002: [D:/pango_fire/PG2L100H/9_hdmi_loop/hdmi_loop_pango/hdmi_loop.fdc(line number: 263)] | Port hdmi_out_clk has been placed at location K16, whose type is share pin.
C: ConstraintEditor-2002: [D:/pango_fire/PG2L100H/9_hdmi_loop/hdmi_loop_pango/hdmi_loop.fdc(line number: 269)] | Port hdmi_out_de has been placed at location K17, whose type is share pin.
C: ConstraintEditor-2002: [D:/pango_fire/PG2L100H/9_hdmi_loop/hdmi_loop_pango/hdmi_loop.fdc(line number: 275)] | Port hdmi_out_hsync has been placed at location L17, whose type is share pin.
C: ConstraintEditor-2002: [D:/pango_fire/PG2L100H/9_hdmi_loop/hdmi_loop_pango/hdmi_loop.fdc(line number: 287)] | Port hdmi_out_vsync has been placed at location L18, whose type is share pin.
C: ConstraintEditor-2002: [D:/pango_fire/PG2L100H/9_hdmi_loop/hdmi_loop_pango/hdmi_loop.fdc(line number: 313)] | Port sys_rst_n has been placed at location G25, whose type is share pin.
Constraint check end.

C: SDC-2025: Clock source 'n:hdmi_i2c_inst/i2c_ctrl_inst/N978' need a clock constraint, please use 'create_clock' or 'create_generate_clock' to generate.
C: SDC-2025: Clock source 'n:hdmi_i2c_inst/i2c_ctrl_inst/N609' need a clock constraint, please use 'create_clock' or 'create_generate_clock' to generate.
C: SDC-2025: Clock source 'n:hdmi_i2c_inst/i2c_ctrl_inst/N962' need a clock constraint, please use 'create_clock' or 'create_generate_clock' to generate.
C: SDC-2025: Clock source 'n:hdmi_i2c_inst/i2c_ctrl_inst/i2c_clk' need a clock constraint, please use 'create_clock' or 'create_generate_clock' to generate.
Start pre-mapping.
I: Constant propagation done on hdmi_i2c_inst/i2c_ctrl_inst/N696 (bmsWIDEINV).
I: Constant propagation done on hdmi_i2c_inst/i2c_ctrl_inst/N697 (bmsWIDEINV).
I: Constant propagation done on hdmi_i2c_inst/i2c_ctrl_inst/N698 (bmsWIDEINV).
I: Constant propagation done on hdmi_i2c_inst/i2c_ctrl_inst/N699 (bmsWIDEINV).
I: Constant propagation done on hdmi_i2c_inst/i2c_ctrl_inst/N700 (bmsWIDEINV).
I: Constant propagation done on hdmi_i2c_inst/i2c_ctrl_inst/N701 (bmsWIDEINV).
I: Constant propagation done on hdmi_i2c_inst/i2c_ctrl_inst/N702 (bmsWIDEINV).
I: Constant propagation done on hdmi_i2c_inst/i2c_ctrl_inst/N703 (bmsWIDEINV).
I: Constant propagation done on hdmi_i2c_inst/i2c_ctrl_inst/N704 (bmsWIDEINV).
I: Constant propagation done on hdmi_i2c_inst/i2c_ctrl_inst/N705 (bmsWIDEINV).
I: Removed bmsDECODER inst ND18_0 that is redundant to ND17_0
I: Removed bmsDECODER inst ND19_0 that is redundant to ND17_0
I: Removed bmsDECODER inst ND17_0 that is redundant to ND16_0
I: Encoding type of FSM 'state_fsm[3:0]' is: onehot.
I: Encoding table of FSM 'state_fsm[3:0]':
I: from  hdmi_i2c_inst/i2c_ctrl_inst/state[3] hdmi_i2c_inst/i2c_ctrl_inst/state[2] hdmi_i2c_inst/i2c_ctrl_inst/state[1] hdmi_i2c_inst/i2c_ctrl_inst/state[0]
I: to  hdmi_i2c_inst/i2c_ctrl_inst/state_reg[15] hdmi_i2c_inst/i2c_ctrl_inst/state_reg[14] hdmi_i2c_inst/i2c_ctrl_inst/state_reg[13] hdmi_i2c_inst/i2c_ctrl_inst/state_reg[12] hdmi_i2c_inst/i2c_ctrl_inst/state_reg[11] hdmi_i2c_inst/i2c_ctrl_inst/state_reg[10] hdmi_i2c_inst/i2c_ctrl_inst/state_reg[9] hdmi_i2c_inst/i2c_ctrl_inst/state_reg[8] hdmi_i2c_inst/i2c_ctrl_inst/state_reg[7] hdmi_i2c_inst/i2c_ctrl_inst/state_reg[6] hdmi_i2c_inst/i2c_ctrl_inst/state_reg[5] hdmi_i2c_inst/i2c_ctrl_inst/state_reg[4] hdmi_i2c_inst/i2c_ctrl_inst/state_reg[3] hdmi_i2c_inst/i2c_ctrl_inst/state_reg[2] hdmi_i2c_inst/i2c_ctrl_inst/state_reg[1] hdmi_i2c_inst/i2c_ctrl_inst/state_reg[0]
I: 0000 => 0000000000000001
I: 0001 => 0000000000000010
I: 0010 => 0000000000000100
I: 0011 => 0000000000001000
I: 0100 => 0000000000010000
I: 0101 => 0000000000100000
I: 0110 => 0000000001000000
I: 0111 => 0000000010000000
I: 1000 => 0000000100000000
I: 1001 => 0000001000000000
I: 1010 => 0000010000000000
I: 1011 => 0000100000000000
I: 1100 => 0001000000000000
I: 1101 => 0010000000000000
I: 1110 => 0100000000000000
I: 1111 => 1000000000000000
Executing : pre-mapping successfully. Time elapsed: 0.050s wall, 0.047s user + 0.016s system = 0.063s CPU (124.5%)

Start mod-gen.
W: Removed bmsWIDEDFFCPE inst hdmi_i2c_inst/i2c_ctrl_inst/cnt_clk[7:0] at 5 that is stuck at constant 0.
W: Removed bmsWIDEDFFCPE inst hdmi_i2c_inst/i2c_ctrl_inst/rd_data[7:0] at 0 that is stuck at constant 0.
W: Removed bmsWIDEDFFCPE inst hdmi_i2c_inst/i2c_ctrl_inst/rd_data[7:0] at 1 that is stuck at constant 0.
W: Removed bmsWIDEDFFCPE inst hdmi_i2c_inst/i2c_ctrl_inst/rd_data[7:0] at 2 that is stuck at constant 0.
W: Removed bmsWIDEDFFCPE inst hdmi_i2c_inst/i2c_ctrl_inst/rd_data[7:0] at 3 that is stuck at constant 0.
W: Removed bmsWIDEDFFCPE inst hdmi_i2c_inst/i2c_ctrl_inst/rd_data[7:0] at 4 that is stuck at constant 0.
W: Removed bmsWIDEDFFCPE inst hdmi_i2c_inst/i2c_ctrl_inst/rd_data[7:0] at 5 that is stuck at constant 0.
W: Removed bmsWIDEDFFCPE inst hdmi_i2c_inst/i2c_ctrl_inst/rd_data[7:0] at 6 that is stuck at constant 0.
W: Removed bmsWIDEDFFCPE inst hdmi_i2c_inst/i2c_ctrl_inst/rd_data[7:0] at 7 that is stuck at constant 0.
W: Removed bmsWIDEDFFPATCE inst hdmi_i2c_inst/i2c_ctrl_inst/state_reg at 4 that is stuck at constant 0.
W: Removed bmsWIDEDFFPATCE inst hdmi_i2c_inst/i2c_ctrl_inst/state_reg at 5 that is stuck at constant 0.
W: Removed bmsWIDEDFFPATCE inst hdmi_i2c_inst/i2c_ctrl_inst/state_reg at 10 that is stuck at constant 0.
W: Removed bmsWIDEDFFPATCE inst hdmi_i2c_inst/i2c_ctrl_inst/state_reg at 11 that is stuck at constant 0.
W: Removed bmsWIDEDFFPATCE inst hdmi_i2c_inst/i2c_ctrl_inst/state_reg at 12 that is stuck at constant 0.
W: Removed bmsWIDEDFFPATCE inst hdmi_i2c_inst/i2c_ctrl_inst/state_reg at 13 that is stuck at constant 0.
W: Removed bmsWIDEDFFPATCE inst hdmi_i2c_inst/i2c_ctrl_inst/state_reg at 14 that is stuck at constant 0.
W: Public-4008: Instance 'hdmi_i2c_inst/i2c_ctrl_inst/rd_data_reg[7:0]' of 'bmsWIDEDLATCHCP' unit is dangling and will be cleaned.
Executing : mod-gen successfully. Time elapsed: 0.061s wall, 0.094s user + 0.016s system = 0.109s CPU (180.4%)

Start logic-optimization.
Executing : logic-optimization successfully. Time elapsed: 0.091s wall, 0.063s user + 0.031s system = 0.094s CPU (102.5%)

Start tech-mapping phase 1.
W: Public-4008: Instance 'hdmi_i2c_inst/i2c_ctrl_inst/cnt_clk[5]' of 'bmsWIDEDFFCPE' unit is dangling and will be cleaned.
W: Public-4008: Instance 'hdmi_i2c_inst/i2c_ctrl_inst/cnt_clk[6]' of 'bmsWIDEDFFCPE' unit is dangling and will be cleaned.
W: Public-4008: Instance 'hdmi_i2c_inst/i2c_ctrl_inst/cnt_clk[7]' of 'bmsWIDEDFFCPE' unit is dangling and will be cleaned.
W: Public-4008: Instance 'hdmi_i2c_inst/i2c_ctrl_inst/state_reg[4]' of 'bmsWIDEDFFCPE' unit is dangling and will be cleaned.
W: Public-4008: Instance 'hdmi_i2c_inst/i2c_ctrl_inst/state_reg[5]' of 'bmsWIDEDFFCPE' unit is dangling and will be cleaned.
W: Public-4008: Instance 'hdmi_i2c_inst/i2c_ctrl_inst/state_reg[10]' of 'bmsWIDEDFFCPE' unit is dangling and will be cleaned.
W: Public-4008: Instance 'hdmi_i2c_inst/i2c_ctrl_inst/state_reg[11]' of 'bmsWIDEDFFCPE' unit is dangling and will be cleaned.
W: Public-4008: Instance 'hdmi_i2c_inst/i2c_ctrl_inst/state_reg[12]' of 'bmsWIDEDFFCPE' unit is dangling and will be cleaned.
W: Public-4008: Instance 'hdmi_i2c_inst/i2c_ctrl_inst/state_reg[13]' of 'bmsWIDEDFFCPE' unit is dangling and will be cleaned.
W: Public-4008: Instance 'hdmi_i2c_inst/i2c_ctrl_inst/state_reg[14]' of 'bmsWIDEDFFCPE' unit is dangling and will be cleaned.
Executing : tech-mapping phase 1 successfully. Time elapsed: 0.009s wall, 0.016s user + 0.000s system = 0.016s CPU (169.1%)

Start tech-mapping phase 2.
Executing : tech-mapping phase 2 successfully. Time elapsed: 0.109s wall, 0.094s user + 0.047s system = 0.141s CPU (128.5%)

Start tech-optimization.
Executing : tech-optimization successfully. Time elapsed: 0.036s wall, 0.063s user + 0.000s system = 0.063s CPU (176.0%)

Start phys-optimization.
Executing : phys-optimization successfully. Time elapsed: 0.000s wall, 0.000s user + 0.000s system = 0.000s CPU (n/a%)

Start restore-hierarchy.
Executing : restore-hierarchy successfully. Time elapsed: 0.006s wall, 0.016s user + 0.000s system = 0.016s CPU (252.8%)

W: prevent name conflict by renaming net hdmi_i2c_inst/i2c_ctrl_inst/N542 to hdmi_i2c_inst/i2c_ctrl_inst/N542_rnmt
W: prevent name conflict by renaming net hdmi_i2c_inst/i2c_ctrl_inst/i2c_sda_reg to hdmi_i2c_inst/i2c_ctrl_inst/i2c_sda_reg_rnmt

Cell Usage:
GTP_DFF_C                    17 uses
GTP_DFF_CE                   22 uses
GTP_DFF_P                     2 uses
GTP_DLATCH                    1 use
GTP_GRS                       1 use
GTP_INV                       1 use
GTP_LUT1                      1 use
GTP_LUT3                      1 use
GTP_LUT5                     14 uses
GTP_LUT6                     15 uses
GTP_LUT6CARRY                 9 uses
GTP_LUT6D                    21 uses
GTP_MUX2LUT7                  1 use
GTP_ROM32X2                   3 uses

I/O ports: 62
GTP_INBUF                  30 uses
GTP_IOBUF                   1 use
GTP_OUTBUF                 31 uses

Mapping Summary:
Total LUTs: 64 of 66600 (0.10%)
	LUTs as dram: 0 of 19900 (0.00%)
	LUTs as logic: 64
Total Registers: 41 of 133200 (0.03%)
Total Latches: 1

DRM36K/FIFO:
Total DRM = 0.0 of 155 (0.00%)

APMs:
Total APMs = 0.00 of 240 (0.00%)

Total I/O ports = 62 of 300 (20.67%)


Overview of Control Sets:

Number of unique control sets : 7

Histogram:
**************************************************************
  Fanout      | Count    | Sync Set/Reset    Async Set/Reset
--------------------------------------------------------------
  [0, 2)      | 1        | 0                 1
  [2, 4)      | 2        | 0                 2
  [4, 6)      | 0        | 0                 0
  [6, 8)      | 2        | 0                 2
  [8, 10)     | 0        | 0                 0
  [10, 12)    | 1        | 0                 1
  [12, 14)    | 1        | 0                 1
  [14, 16)    | 0        | 0                 0
  [16, Inf)   | 0        | 0                 0
--------------------------------------------------------------
  The maximum fanout: 13
==============================================================

Flip-Flop Distribution:
************************************************************************
  Clock Enable    Sync Set/Reset    Async Set/Reset    Total Registers
------------------------------------------------------------------------
  NO              NO                NO                 0
  NO              NO                YES                19
  NO              YES               NO                 0
  YES             NO                NO                 0
  YES             NO                YES                22
  YES             YES               NO                 0
========================================================================

Latch Distribution:
************************************************
  Gate Enable    Preset/Clear    Total Latches
************************************************
  NO             NO              1
  NO             YES             0
  YES            NO              0
  YES            YES             0
************************************************

Design 'hdmi_loop' has been successfully synthesized to architecture-specific objects.
Saving design to DB.
I: Adm-6003: Trying to disconnect un-connected pin 'Z[0]' of instance 'ND13[2]'.
I: Adm-6003: Trying to disconnect un-connected pin 'Z[0]' of instance 'ND14[4]'.
I: Adm-6003: Trying to disconnect un-connected pin 'Z[0]' of instance 'ND14[3]'.
I: Adm-6003: Trying to disconnect un-connected pin 'Z[0]' of instance 'ND0'.
I: Adm-6003: Trying to disconnect un-connected pin 'Z[0]' of instance 'ND1'.
I: Adm-6003: Trying to disconnect un-connected pin 'Z[0]' of instance 'ND2'.
I: Adm-6003: Trying to disconnect un-connected pin 'Z[0]' of instance 'ND3'.
I: Adm-6003: Trying to disconnect un-connected pin 'Z[0]' of instance 'ND5'.
I: Adm-6003: Trying to disconnect un-connected pin 'Z[0]' of instance 'ND6'.
I: Adm-6003: Trying to disconnect un-connected pin 'Z[0]' of instance 'ND7'.
I: Adm-6003: Trying to disconnect un-connected pin 'Z[0]' of instance 'ND8'.
I: Adm-6003: Trying to disconnect un-connected pin 'Z[0]' of instance 'ND9'.
I: Adm-6003: Trying to disconnect un-connected pin 'Z[0]' of instance 'ND11'.
I: Adm-6003: Trying to disconnect un-connected pin 'Z[0]' of instance 'ND4[0]'.
I: Adm-6003: Trying to disconnect un-connected pin 'Z[0]' of instance 'ND4[1]'.
I: Adm-6003: Trying to disconnect un-connected pin 'Z[0]' of instance 'ND4[2]'.
I: Adm-6003: Trying to disconnect un-connected pin 'Z[0]' of instance 'ND4[3]'.
I: Adm-6003: Trying to disconnect un-connected pin 'Z[0]' of instance 'ND4[4]'.
I: Adm-6003: Trying to disconnect un-connected pin 'Z[0]' of instance 'ND4[5]'.
I: Adm-6003: Trying to disconnect un-connected pin 'Z[0]' of instance 'ND4[6]'.
I: Adm-6003: Trying to disconnect un-connected pin 'Z[0]' of instance 'ND4[7]'.
I: Adm-6003: Trying to disconnect un-connected pin 'Z[0]' of instance 'ND4[8]'.
I: Adm-6003: Trying to disconnect un-connected pin 'Z[0]' of instance 'ND4[9]'.
I: Adm-6003: Trying to disconnect un-connected pin 'Z[0]' of instance 'ND4[10]'.
I: Adm-6003: Trying to disconnect un-connected pin 'Z[0]' of instance 'ND4[11]'.
I: Adm-6003: Trying to disconnect un-connected pin 'Z[0]' of instance 'ND4[12]'.
I: Adm-6003: Trying to disconnect un-connected pin 'Z[0]' of instance 'ND4[13]'.
I: Adm-6003: Trying to disconnect un-connected pin 'Z[0]' of instance 'ND4[14]'.
I: Adm-6003: Trying to disconnect un-connected pin 'Z[0]' of instance 'ND4[15]'.
I: Adm-6003: Trying to disconnect un-connected pin 'Z[0]' of instance 'ND4[16]'.
I: Adm-6003: Trying to disconnect un-connected pin 'Z[0]' of instance 'ND4[17]'.
I: Adm-6003: Trying to disconnect un-connected pin 'Z[0]' of instance 'ND4[18]'.
I: Adm-6003: Trying to disconnect un-connected pin 'Z[0]' of instance 'ND4[19]'.
I: Adm-6003: Trying to disconnect un-connected pin 'Z[0]' of instance 'ND4[20]'.
I: Adm-6003: Trying to disconnect un-connected pin 'Z[0]' of instance 'ND4[21]'.
I: Adm-6003: Trying to disconnect un-connected pin 'Z[0]' of instance 'ND4[22]'.
I: Adm-6003: Trying to disconnect un-connected pin 'Z[0]' of instance 'ND4[23]'.
I: Adm-6003: Trying to disconnect un-connected pin 'Z[0]' of instance 'ND10[0]'.
I: Adm-6003: Trying to disconnect un-connected pin 'Z[0]' of instance 'ND10[1]'.
I: Adm-6003: Trying to disconnect un-connected pin 'Z[0]' of instance 'ND10[2]'.
I: Adm-6003: Trying to disconnect un-connected pin 'Z[0]' of instance 'ND10[3]'.
I: Adm-6003: Trying to disconnect un-connected pin 'Z[0]' of instance 'ND10[4]'.
I: Adm-6003: Trying to disconnect un-connected pin 'Z[0]' of instance 'ND10[5]'.
I: Adm-6003: Trying to disconnect un-connected pin 'Z[0]' of instance 'ND10[6]'.
I: Adm-6003: Trying to disconnect un-connected pin 'Z[0]' of instance 'ND10[7]'.
I: Adm-6003: Trying to disconnect un-connected pin 'Z[0]' of instance 'ND10[8]'.
I: Adm-6003: Trying to disconnect un-connected pin 'Z[0]' of instance 'ND10[9]'.
I: Adm-6003: Trying to disconnect un-connected pin 'Z[0]' of instance 'ND10[10]'.
I: Adm-6003: Trying to disconnect un-connected pin 'Z[0]' of instance 'ND10[11]'.
I: Adm-6003: Trying to disconnect un-connected pin 'Z[0]' of instance 'ND10[12]'.
I: Adm-6003: Trying to disconnect un-connected pin 'Z[0]' of instance 'ND10[13]'.
I: Adm-6003: Trying to disconnect un-connected pin 'Z[0]' of instance 'ND10[14]'.
I: Adm-6003: Trying to disconnect un-connected pin 'Z[0]' of instance 'ND10[15]'.
I: Adm-6003: Trying to disconnect un-connected pin 'Z[0]' of instance 'ND10[16]'.
I: Adm-6003: Trying to disconnect un-connected pin 'Z[0]' of instance 'ND10[17]'.
I: Adm-6003: Trying to disconnect un-connected pin 'Z[0]' of instance 'ND10[18]'.
I: Adm-6003: Trying to disconnect un-connected pin 'Z[0]' of instance 'ND10[19]'.
I: Adm-6003: Trying to disconnect un-connected pin 'Z[0]' of instance 'ND10[20]'.
I: Adm-6003: Trying to disconnect un-connected pin 'Z[0]' of instance 'ND10[21]'.
I: Adm-6003: Trying to disconnect un-connected pin 'Z[0]' of instance 'ND10[22]'.
I: Adm-6003: Trying to disconnect un-connected pin 'Z[0]' of instance 'ND10[23]'.
I: Adm-6003: Trying to disconnect un-connected pin 'Z[0]' of instance 'ND6[29]'.
I: Adm-6003: Trying to disconnect un-connected pin 'Z[0]' of instance 'ND6[28]'.
I: Adm-6003: Trying to disconnect un-connected pin 'Z[0]' of instance 'ND6[27]'.
I: Adm-6003: Trying to disconnect un-connected pin 'Z[0]' of instance 'ND6[26]'.
I: Adm-6003: Trying to disconnect un-connected pin 'Z[0]' of instance 'ND6[25]'.
I: Adm-6003: Trying to disconnect un-connected pin 'Z[0]' of instance 'ND6[24]'.
I: Adm-6003: Trying to disconnect un-connected pin 'Z[0]' of instance 'ND6[23]'.
I: Adm-6003: Trying to disconnect un-connected pin 'Z[0]' of instance 'ND6[22]'.
I: Adm-6003: Trying to disconnect un-connected pin 'Z[0]' of instance 'ND6[21]'.
I: Adm-6003: Trying to disconnect un-connected pin 'Z[0]' of instance 'ND6[20]'.
I: Adm-6003: Trying to disconnect un-connected pin 'Z[0]' of instance 'ND6[19]'.
I: Adm-6003: Trying to disconnect un-connected pin 'Z[0]' of instance 'ND6[18]'.
I: Adm-6003: Trying to disconnect un-connected pin 'Z[0]' of instance 'ND6[17]'.
I: Adm-6003: Trying to disconnect un-connected pin 'Z[0]' of instance 'ND6[16]'.
I: Adm-6003: Trying to disconnect un-connected pin 'Z[0]' of instance 'ND6[15]'.
I: Adm-6003: Trying to disconnect un-connected pin 'Z[0]' of instance 'ND6[14]'.
I: Adm-6003: Trying to disconnect un-connected pin 'Z[0]' of instance 'ND6[13]'.
I: Adm-6003: Trying to disconnect un-connected pin 'Z[0]' of instance 'ND6[12]'.
I: Adm-6003: Trying to disconnect un-connected pin 'Z[0]' of instance 'ND6[11]'.
I: Adm-6003: Trying to disconnect un-connected pin 'Z[0]' of instance 'ND6[10]'.
I: Adm-6003: Trying to disconnect un-connected pin 'Z[0]' of instance 'ND6[9]'.
I: Adm-6003: Trying to disconnect un-connected pin 'Z[0]' of instance 'ND6[8]'.
I: Adm-6003: Trying to disconnect un-connected pin 'Z[0]' of instance 'ND6[7]'.
I: Adm-6003: Trying to disconnect un-connected pin 'Z[0]' of instance 'ND6[6]'.
I: Adm-6003: Trying to disconnect un-connected pin 'Z[0]' of instance 'ND6[5]'.
I: Adm-6003: Trying to disconnect un-connected pin 'Z[0]' of instance 'ND6[4]'.
I: Adm-6003: Trying to disconnect un-connected pin 'Z[0]' of instance 'ND6[3]'.
I: Adm-6003: Trying to disconnect un-connected pin 'Z[0]' of instance 'ND6[2]'.
I: Adm-6003: Trying to disconnect un-connected pin 'Z[0]' of instance 'ND6[1]'.
I: Adm-6003: Trying to disconnect un-connected pin 'Z[0]' of instance 'ND6[0]'.
I: Adm-6003: Trying to disconnect un-connected pin 'Z[0]' of instance 'ND7'.
I: Adm-6003: Trying to disconnect un-connected pin 'Z[0]' of instance 'ND6[31]'.
I: Adm-6003: Trying to disconnect un-connected pin 'Z[0]' of instance 'ND5'.
I: Adm-6003: Trying to disconnect un-connected pin 'Z[0]' of instance 'ND4'.
I: Adm-6003: Trying to disconnect un-connected pin 'Z[0]' of instance 'ND6[30]'.
I: Adm-6003: Trying to disconnect un-connected pin 'Z[0]' of instance 'ND0'.
I: Adm-6003: Trying to disconnect un-connected pin 'Z[0]' of instance 'ND1'.
I: Adm-6003: Trying to disconnect un-connected pin 'Z[0]' of instance 'ND2'.
I: Adm-6003: Trying to disconnect un-connected pin 'Z[0]' of instance 'ND13[3]'.
I: Adm-6003: Trying to disconnect un-connected pin 'Z[0]' of instance 'ND13[4]'.
I: Adm-6003: Trying to disconnect un-connected pin 'Z[0]' of instance 'ND13[5]'.
I: Adm-6003: Trying to disconnect un-connected pin 'Z[0]' of instance 'ND13[6]'.
I: Adm-6003: Trying to disconnect un-connected pin 'Z[0]' of instance 'ND13[7]'.
I: Adm-6003: Trying to disconnect un-connected pin 'Z[0]' of instance 'ND8'.
I: Adm-6003: Trying to disconnect un-connected pin 'Z[0]' of instance 'ND14[5]'.
I: Adm-6003: Trying to disconnect un-connected pin 'Z[0]' of instance 'ND14[6]'.
I: Adm-6003: Trying to disconnect un-connected pin 'Z[0]' of instance 'ND15[0]'.
I: Adm-6003: Trying to disconnect un-connected pin 'Z[0]' of instance 'ND12'.
I: Adm-6003: Trying to disconnect un-connected pin 'Z[0]' of instance 'ND15[1]'.
I: Adm-6003: Trying to disconnect un-connected pin 'Z[0]' of instance 'ND15[2]'.
I: Adm-6003: Trying to disconnect un-connected pin 'Z[0]' of instance 'ND15[3]'.
I: Adm-6003: Trying to disconnect un-connected pin 'Z[0]' of instance 'ND14[2]'.
I: Adm-6003: Trying to disconnect un-connected pin 'Z[0]' of instance 'ND14[0]'.
I: Adm-6003: Trying to disconnect un-connected pin 'Z[0]' of instance 'ND14[1]'.
I: Adm-6003: Trying to disconnect un-connected pin 'Z[0]' of instance 'ND9[0]'.
I: Adm-6003: Trying to disconnect un-connected pin 'Z[0]' of instance 'ND9[1]'.
I: Adm-6003: Trying to disconnect un-connected pin 'Z[0]' of instance 'ND9[2]'.
I: Adm-6003: Trying to disconnect un-connected pin 'Z[0]' of instance 'ND9[3]'.
I: Adm-6003: Trying to disconnect un-connected pin 'Z[0]' of instance 'ND9[4]'.
I: Adm-6003: Trying to disconnect un-connected pin 'Z[0]' of instance 'ND9[5]'.
I: Adm-6003: Trying to disconnect un-connected pin 'Z[0]' of instance 'ND9[6]'.
I: Adm-6003: Trying to disconnect un-connected pin 'Z[0]' of instance 'ND9[7]'.
I: Adm-6003: Trying to disconnect un-connected pin 'Z[0]' of instance 'ND10[0]'.
I: Adm-6003: Trying to disconnect un-connected pin 'Z[0]' of instance 'ND10[1]'.
I: Adm-6003: Trying to disconnect un-connected pin 'Z[0]' of instance 'ND10[2]'.
I: Adm-6003: Trying to disconnect un-connected pin 'Z[0]' of instance 'ND10[3]'.
I: Adm-6003: Trying to disconnect un-connected pin 'Z[0]' of instance 'ND10[4]'.
I: Adm-6003: Trying to disconnect un-connected pin 'Z[0]' of instance 'ND10[5]'.
I: Adm-6003: Trying to disconnect un-connected pin 'Z[0]' of instance 'ND10[6]'.
I: Adm-6003: Trying to disconnect un-connected pin 'Z[0]' of instance 'ND10[7]'.
I: Adm-6003: Trying to disconnect un-connected pin 'Z[0]' of instance 'ND10[8]'.
I: Adm-6003: Trying to disconnect un-connected pin 'Z[0]' of instance 'ND10[9]'.
I: Adm-6003: Trying to disconnect un-connected pin 'Z[0]' of instance 'ND10[10]'.
I: Adm-6003: Trying to disconnect un-connected pin 'Z[0]' of instance 'ND10[11]'.
I: Adm-6003: Trying to disconnect un-connected pin 'Z[0]' of instance 'ND10[12]'.
I: Adm-6003: Trying to disconnect un-connected pin 'Z[0]' of instance 'ND10[13]'.
I: Adm-6003: Trying to disconnect un-connected pin 'Z[0]' of instance 'ND10[14]'.
I: Adm-6003: Trying to disconnect un-connected pin 'Z[0]' of instance 'ND10[15]'.
I: Adm-6003: Trying to disconnect un-connected pin 'Z[0]' of instance 'ND11[0]'.
I: Adm-6003: Trying to disconnect un-connected pin 'Z[0]' of instance 'ND11[1]'.
I: Adm-6003: Trying to disconnect un-connected pin 'Z[0]' of instance 'ND11[2]'.
I: Adm-6003: Trying to disconnect un-connected pin 'Z[0]' of instance 'ND11[3]'.
I: Adm-6003: Trying to disconnect un-connected pin 'Z[0]' of instance 'ND11[4]'.
I: Adm-6003: Trying to disconnect un-connected pin 'Z[0]' of instance 'ND11[5]'.
I: Adm-6003: Trying to disconnect un-connected pin 'Z[0]' of instance 'ND11[6]'.
I: Adm-6003: Trying to disconnect un-connected pin 'Z[0]' of instance 'ND11[7]'.
I: Adm-6003: Trying to disconnect un-connected pin 'Z[0]' of instance 'ND13[0]'.
I: Adm-6003: Trying to disconnect un-connected pin 'Z[0]' of instance 'ND13[1]'.
Saving design to hdmi_loop_syn.vm
Constructing timing graph ...
Timing graph has been constructed successfully
W: STA-3011: Clock pin 'hdmi_i2c_inst/hdmi_cfg_inst/cfg_done/CLK' (GTP_DFF_C.CLK) has no clock, timing propagation is disabled at the pin.
W: STA-3011: Clock pin 'hdmi_i2c_inst/hdmi_cfg_inst/cfg_start/CLK' (GTP_DFF_C.CLK) has no clock, timing propagation is disabled at the pin.
W: STA-3011: Clock pin 'hdmi_i2c_inst/hdmi_cfg_inst/cnt_wait[0]/CLK' (GTP_DFF_CE.CLK) has no clock, timing propagation is disabled at the pin.
W: STA-3011: Clock pin 'hdmi_i2c_inst/hdmi_cfg_inst/cnt_wait[1]/CLK' (GTP_DFF_CE.CLK) has no clock, timing propagation is disabled at the pin.
W: STA-3011: Clock pin 'hdmi_i2c_inst/hdmi_cfg_inst/cnt_wait[2]/CLK' (GTP_DFF_CE.CLK) has no clock, timing propagation is disabled at the pin.
W: STA-3011: Clock pin 'hdmi_i2c_inst/hdmi_cfg_inst/cnt_wait[3]/CLK' (GTP_DFF_CE.CLK) has no clock, timing propagation is disabled at the pin.
W: STA-3011: Clock pin 'hdmi_i2c_inst/hdmi_cfg_inst/cnt_wait[4]/CLK' (GTP_DFF_CE.CLK) has no clock, timing propagation is disabled at the pin.
W: STA-3011: Clock pin 'hdmi_i2c_inst/hdmi_cfg_inst/cnt_wait[5]/CLK' (GTP_DFF_CE.CLK) has no clock, timing propagation is disabled at the pin.
W: STA-3011: Clock pin 'hdmi_i2c_inst/hdmi_cfg_inst/cnt_wait[6]/CLK' (GTP_DFF_CE.CLK) has no clock, timing propagation is disabled at the pin.
W: STA-3011: Clock pin 'hdmi_i2c_inst/hdmi_cfg_inst/cnt_wait[7]/CLK' (GTP_DFF_CE.CLK) has no clock, timing propagation is disabled at the pin.
W: STA-3011: Clock pin 'hdmi_i2c_inst/hdmi_cfg_inst/cnt_wait[8]/CLK' (GTP_DFF_CE.CLK) has no clock, timing propagation is disabled at the pin.
W: STA-3011: Clock pin 'hdmi_i2c_inst/hdmi_cfg_inst/cnt_wait[9]/CLK' (GTP_DFF_CE.CLK) has no clock, timing propagation is disabled at the pin.
W: STA-3011: Clock pin 'hdmi_i2c_inst/hdmi_cfg_inst/reg_num[0]/CLK' (GTP_DFF_CE.CLK) has no clock, timing propagation is disabled at the pin.
W: STA-3011: Clock pin 'hdmi_i2c_inst/hdmi_cfg_inst/reg_num[1]/CLK' (GTP_DFF_CE.CLK) has no clock, timing propagation is disabled at the pin.
W: STA-3011: Clock pin 'hdmi_i2c_inst/hdmi_cfg_inst/reg_num[2]/CLK' (GTP_DFF_CE.CLK) has no clock, timing propagation is disabled at the pin.
W: STA-3011: Clock pin 'hdmi_i2c_inst/hdmi_cfg_inst/reg_num[3]/CLK' (GTP_DFF_CE.CLK) has no clock, timing propagation is disabled at the pin.
W: STA-3011: Clock pin 'hdmi_i2c_inst/hdmi_cfg_inst/reg_num[4]/CLK' (GTP_DFF_CE.CLK) has no clock, timing propagation is disabled at the pin.
W: STA-3011: Clock pin 'hdmi_i2c_inst/hdmi_cfg_inst/reg_num[5]/CLK' (GTP_DFF_CE.CLK) has no clock, timing propagation is disabled at the pin.
W: STA-3011: Clock pin 'hdmi_i2c_inst/hdmi_cfg_inst/reg_num[6]/CLK' (GTP_DFF_CE.CLK) has no clock, timing propagation is disabled at the pin.
W: STA-3011: Clock pin 'hdmi_i2c_inst/i2c_ctrl_inst/ack/G' (GTP_DLATCH.G) has no clock, timing propagation is disabled at the pin.
W: STA-3011: Clock pin 'hdmi_i2c_inst/i2c_ctrl_inst/cnt_bit[0]/CLK' (GTP_DFF_CE.CLK) has no clock, timing propagation is disabled at the pin.
W: STA-3011: Clock pin 'hdmi_i2c_inst/i2c_ctrl_inst/cnt_bit[1]/CLK' (GTP_DFF_CE.CLK) has no clock, timing propagation is disabled at the pin.
W: STA-3011: Clock pin 'hdmi_i2c_inst/i2c_ctrl_inst/cnt_bit[2]/CLK' (GTP_DFF_CE.CLK) has no clock, timing propagation is disabled at the pin.
W: STA-3011: Clock pin 'hdmi_i2c_inst/i2c_ctrl_inst/cnt_i2c_clk[0]/CLK' (GTP_DFF_CE.CLK) has no clock, timing propagation is disabled at the pin.
W: STA-3011: Clock pin 'hdmi_i2c_inst/i2c_ctrl_inst/cnt_i2c_clk[1]/CLK' (GTP_DFF_CE.CLK) has no clock, timing propagation is disabled at the pin.
W: STA-3011: Clock pin 'hdmi_i2c_inst/i2c_ctrl_inst/cnt_i2c_clk_en/CLK' (GTP_DFF_C.CLK) has no clock, timing propagation is disabled at the pin.
W: STA-3011: Clock pin 'hdmi_i2c_inst/i2c_ctrl_inst/i2c_end/CLK' (GTP_DFF_C.CLK) has no clock, timing propagation is disabled at the pin.
W: STA-3011: Clock pin 'hdmi_i2c_inst/i2c_ctrl_inst/state_reg[0]/CLK' (GTP_DFF_P.CLK) has no clock, timing propagation is disabled at the pin.
W: STA-3011: Clock pin 'hdmi_i2c_inst/i2c_ctrl_inst/state_reg[1]/CLK' (GTP_DFF_C.CLK) has no clock, timing propagation is disabled at the pin.
W: STA-3011: Clock pin 'hdmi_i2c_inst/i2c_ctrl_inst/state_reg[2]/CLK' (GTP_DFF_C.CLK) has no clock, timing propagation is disabled at the pin.
W: STA-3011: Clock pin 'hdmi_i2c_inst/i2c_ctrl_inst/state_reg[3]/CLK' (GTP_DFF_C.CLK) has no clock, timing propagation is disabled at the pin.
W: STA-3011: Clock pin 'hdmi_i2c_inst/i2c_ctrl_inst/state_reg[6]/CLK' (GTP_DFF_C.CLK) has no clock, timing propagation is disabled at the pin.
W: STA-3011: Clock pin 'hdmi_i2c_inst/i2c_ctrl_inst/state_reg[7]/CLK' (GTP_DFF_C.CLK) has no clock, timing propagation is disabled at the pin.
W: STA-3011: Clock pin 'hdmi_i2c_inst/i2c_ctrl_inst/state_reg[8]/CLK' (GTP_DFF_C.CLK) has no clock, timing propagation is disabled at the pin.
W: STA-3011: Clock pin 'hdmi_i2c_inst/i2c_ctrl_inst/state_reg[9]/CLK' (GTP_DFF_C.CLK) has no clock, timing propagation is disabled at the pin.
W: STA-3011: Clock pin 'hdmi_i2c_inst/i2c_ctrl_inst/state_reg[15]/CLK' (GTP_DFF_C.CLK) has no clock, timing propagation is disabled at the pin.
W: Timing-4086: Port 'ddc_sda' is not constrained, it is treated as combinational input.
W: Timing-4087: Port 'ddc_sda' is not constrained, it is treated as combinational output.
W: Timing-4087: Port 'ddc_scl' is not constrained, it is treated as combinational output.
W: Timing-4087: Port 'hdmi_in_rst_n' is not constrained, it is treated as combinational output.
W: Timing-4087: Port 'hdmi_out_clk' is not constrained, it is treated as combinational output.
W: Timing-4087: Port 'hdmi_out_de' is not constrained, it is treated as combinational output.
W: Timing-4087: Port 'hdmi_out_hsync' is not constrained, it is treated as combinational output.
W: Timing-4087: Port 'hdmi_out_rgb[0]' is not constrained, it is treated as combinational output.
W: Timing-4087: Port 'hdmi_out_rgb[1]' is not constrained, it is treated as combinational output.
W: Timing-4087: Port 'hdmi_out_rgb[2]' is not constrained, it is treated as combinational output.
W: Timing-4087: Port 'hdmi_out_rgb[3]' is not constrained, it is treated as combinational output.
W: Timing-4087: Port 'hdmi_out_rgb[4]' is not constrained, it is treated as combinational output.
W: Timing-4087: Port 'hdmi_out_rgb[5]' is not constrained, it is treated as combinational output.
W: Timing-4087: Port 'hdmi_out_rgb[6]' is not constrained, it is treated as combinational output.
W: Timing-4087: Port 'hdmi_out_rgb[7]' is not constrained, it is treated as combinational output.
W: Timing-4087: Port 'hdmi_out_rgb[8]' is not constrained, it is treated as combinational output.
W: Timing-4087: Port 'hdmi_out_rgb[9]' is not constrained, it is treated as combinational output.
W: Timing-4087: Port 'hdmi_out_rgb[10]' is not constrained, it is treated as combinational output.
W: Timing-4087: Port 'hdmi_out_rgb[11]' is not constrained, it is treated as combinational output.
W: Timing-4087: Port 'hdmi_out_rgb[12]' is not constrained, it is treated as combinational output.
W: Timing-4087: Port 'hdmi_out_rgb[13]' is not constrained, it is treated as combinational output.
W: Timing-4087: Port 'hdmi_out_rgb[14]' is not constrained, it is treated as combinational output.
W: Timing-4087: Port 'hdmi_out_rgb[15]' is not constrained, it is treated as combinational output.
W: Timing-4087: Port 'hdmi_out_rgb[16]' is not constrained, it is treated as combinational output.
W: Timing-4087: Port 'hdmi_out_rgb[17]' is not constrained, it is treated as combinational output.
W: Timing-4087: Port 'hdmi_out_rgb[18]' is not constrained, it is treated as combinational output.
W: Timing-4087: Port 'hdmi_out_rgb[19]' is not constrained, it is treated as combinational output.
W: Timing-4087: Port 'hdmi_out_rgb[20]' is not constrained, it is treated as combinational output.
W: Timing-4087: Port 'hdmi_out_rgb[21]' is not constrained, it is treated as combinational output.
W: Timing-4087: Port 'hdmi_out_rgb[22]' is not constrained, it is treated as combinational output.
W: Timing-4087: Port 'hdmi_out_rgb[23]' is not constrained, it is treated as combinational output.
W: Timing-4087: Port 'hdmi_out_rst_n' is not constrained, it is treated as combinational output.
W: Timing-4087: Port 'hdmi_out_vsync' is not constrained, it is treated as combinational output.
W: Timing-4086: Port 'hdmi_in_clk' is not constrained, it is treated as combinational input.
W: Timing-4086: Port 'hdmi_in_de' is not constrained, it is treated as combinational input.
W: Timing-4086: Port 'hdmi_in_hsync' is not constrained, it is treated as combinational input.
W: Timing-4086: Port 'hdmi_in_rgb[0]' is not constrained, it is treated as combinational input.
W: Timing-4086: Port 'hdmi_in_rgb[1]' is not constrained, it is treated as combinational input.
W: Timing-4086: Port 'hdmi_in_rgb[2]' is not constrained, it is treated as combinational input.
W: Timing-4086: Port 'hdmi_in_rgb[3]' is not constrained, it is treated as combinational input.
W: Timing-4086: Port 'hdmi_in_rgb[4]' is not constrained, it is treated as combinational input.
W: Timing-4086: Port 'hdmi_in_rgb[5]' is not constrained, it is treated as combinational input.
W: Timing-4086: Port 'hdmi_in_rgb[6]' is not constrained, it is treated as combinational input.
W: Timing-4086: Port 'hdmi_in_rgb[7]' is not constrained, it is treated as combinational input.
W: Timing-4086: Port 'hdmi_in_rgb[8]' is not constrained, it is treated as combinational input.
W: Timing-4086: Port 'hdmi_in_rgb[9]' is not constrained, it is treated as combinational input.
W: Timing-4086: Port 'hdmi_in_rgb[10]' is not constrained, it is treated as combinational input.
W: Timing-4086: Port 'hdmi_in_rgb[11]' is not constrained, it is treated as combinational input.
W: Timing-4086: Port 'hdmi_in_rgb[12]' is not constrained, it is treated as combinational input.
W: Timing-4086: Port 'hdmi_in_rgb[13]' is not constrained, it is treated as combinational input.
W: Timing-4086: Port 'hdmi_in_rgb[14]' is not constrained, it is treated as combinational input.
W: Timing-4086: Port 'hdmi_in_rgb[15]' is not constrained, it is treated as combinational input.
W: Timing-4086: Port 'hdmi_in_rgb[16]' is not constrained, it is treated as combinational input.
W: Timing-4086: Port 'hdmi_in_rgb[17]' is not constrained, it is treated as combinational input.
W: Timing-4086: Port 'hdmi_in_rgb[18]' is not constrained, it is treated as combinational input.
W: Timing-4086: Port 'hdmi_in_rgb[19]' is not constrained, it is treated as combinational input.
W: Timing-4086: Port 'hdmi_in_rgb[20]' is not constrained, it is treated as combinational input.
W: Timing-4086: Port 'hdmi_in_rgb[21]' is not constrained, it is treated as combinational input.
W: Timing-4086: Port 'hdmi_in_rgb[22]' is not constrained, it is treated as combinational input.
W: Timing-4086: Port 'hdmi_in_rgb[23]' is not constrained, it is treated as combinational input.
W: Timing-4086: Port 'hdmi_in_vsync' is not constrained, it is treated as combinational input.
W: Timing-4086: Port 'sys_rst_n' is not constrained, it is treated as combinational input.
Action synthesize: Real time elapsed is 0h:0m:10s
Action synthesize: CPU time elapsed is 0h:0m:8s
Action synthesize: Process CPU time elapsed is 0h:0m:8s
Current time: Fri Aug 11 16:59:20 2023
Action synthesize: Peak memory pool usage is 313 MB
Action from compile to synthesize: Total Real Time elapsed is 0h:0m:16s
Action from compile to synthesize: Total CPU time elapsed is 0h:0m:9s
Action from compile to synthesize: Total Process CPU Time elapsed is 0h:0m:9s
Process "Synthesize" done.


Process "Device Map" started.
Current time: Fri Aug 11 16:59:20 2023
Compiling architecture definition.
Analyzing project file 'D:/pango_fire/PG2L100H/9_hdmi_loop/hdmi_loop_pango/hdmi_loop.pds'.
Compiling verification operator library.
Compiling common defs.
Loading technology operator library.
Compiling technology operator library.
Compiling technology operator (valence) library.
Compiling operator packing rules.
Compiling prim grid devices.
Compiling gate devices.
Compiling gate operators.
Compiling tech operator impls.
Building architecture model.
Loading device packaging model.
NOTE: The technology fpga was specified.
NOTE: delay_model specified was generic_cmos.
NOTE: Using the fpga syntax tables...
Totals:
 Calls to malloc = 0
 Calls to calloc = 148538

License checkout: fabric_inserter
Generating cores. Please be patient as this can take several minutes...
  >Generating core DebugCore0...
  >Running ADS for debugcore...
  >Making net connections...
Core Insertion Complete.
C: SDC-2025: Clock source 'n:hdmi_i2c_inst/cfg_clk' need a clock constraint, please use 'create_clock' or 'create_generate_clock' to generate.
Flattening design 'hdmi_loop'
W: Public-4008: Instance 'u_CORES/u_debug_core_0/u_hub_data_decode/conf_rden[1]' of 'GTP_DFF_C' unit is dangling and will be cleaned.
W: Public-4008: Instance 'u_CORES/u_debug_core_0/u_hub_data_decode/conf_rden[2]' of 'GTP_DFF_C' unit is dangling and will be cleaned.
W: Public-4008: Instance 'u_CORES/u_debug_core_0/u_hub_data_decode/conf_rden[3]' of 'GTP_DFF_C' unit is dangling and will be cleaned.
W: Public-4008: Instance 'u_CORES/u_debug_core_0/u_hub_data_decode/conf_rden[4]' of 'GTP_DFF_C' unit is dangling and will be cleaned.
W: Public-4008: Instance 'u_CORES/u_debug_core_0/u_hub_data_decode/conf_rden[5]' of 'GTP_DFF_C' unit is dangling and will be cleaned.
W: Public-4008: Instance 'u_CORES/u_debug_core_0/u_hub_data_decode/conf_rden[6]' of 'GTP_DFF_C' unit is dangling and will be cleaned.
W: Public-4008: Instance 'u_CORES/u_debug_core_0/u_hub_data_decode/conf_rden[7]' of 'GTP_DFF_C' unit is dangling and will be cleaned.
W: Public-4008: Instance 'u_CORES/u_debug_core_0/u_hub_data_decode/conf_rden[8]' of 'GTP_DFF_C' unit is dangling and will be cleaned.
W: Public-4008: Instance 'u_CORES/u_debug_core_0/u_hub_data_decode/conf_rden[9]' of 'GTP_DFF_C' unit is dangling and will be cleaned.
W: Public-4008: Instance 'u_CORES/u_debug_core_0/u_hub_data_decode/conf_rden[10]' of 'GTP_DFF_C' unit is dangling and will be cleaned.
W: Public-4008: Instance 'u_CORES/u_debug_core_0/u_hub_data_decode/conf_rden[11]' of 'GTP_DFF_C' unit is dangling and will be cleaned.
W: Public-4008: Instance 'u_CORES/u_debug_core_0/u_hub_data_decode/conf_rden[12]' of 'GTP_DFF_C' unit is dangling and will be cleaned.
W: Public-4008: Instance 'u_CORES/u_debug_core_0/u_hub_data_decode/conf_rden[13]' of 'GTP_DFF_C' unit is dangling and will be cleaned.
W: Public-4008: Instance 'u_CORES/u_debug_core_0/u_hub_data_decode/conf_rden[14]' of 'GTP_DFF_C' unit is dangling and will be cleaned.
W: Public-4008: Instance 'u_CORES/u_debug_core_0/u_hub_data_decode/conf_rden[15]' of 'GTP_DFF_C' unit is dangling and will be cleaned.
W: Public-4008: Instance 'u_CORES/u_debug_core_0/u_hub_data_decode/conf_rden[17]' of 'GTP_DFF_C' unit is dangling and will be cleaned.
W: Public-4008: Instance 'u_CORES/u_debug_core_0/u_hub_data_decode/conf_rden[19]' of 'GTP_DFF_C' unit is dangling and will be cleaned.
W: Public-4008: Instance 'u_CORES/u_debug_core_0/u_hub_data_decode/conf_sel_int[1]' of 'GTP_DFF_C' unit is dangling and will be cleaned.
W: Public-4008: Instance 'u_CORES/u_debug_core_0/u_hub_data_decode/conf_sel_int[2]' of 'GTP_DFF_C' unit is dangling and will be cleaned.
W: Public-4008: Instance 'u_CORES/u_debug_core_0/u_hub_data_decode/conf_sel_int[3]' of 'GTP_DFF_C' unit is dangling and will be cleaned.
W: Public-4008: Instance 'u_CORES/u_debug_core_0/u_hub_data_decode/conf_sel_int[4]' of 'GTP_DFF_C' unit is dangling and will be cleaned.
W: Public-4008: Instance 'u_CORES/u_debug_core_0/u_hub_data_decode/conf_sel_int[5]' of 'GTP_DFF_C' unit is dangling and will be cleaned.
W: Public-4008: Instance 'u_CORES/u_debug_core_0/u_hub_data_decode/conf_sel_int[6]' of 'GTP_DFF_C' unit is dangling and will be cleaned.
W: Public-4008: Instance 'u_CORES/u_debug_core_0/u_hub_data_decode/conf_sel_int[7]' of 'GTP_DFF_C' unit is dangling and will be cleaned.
W: Public-4008: Instance 'u_CORES/u_debug_core_0/u_hub_data_decode/conf_sel_int[8]' of 'GTP_DFF_C' unit is dangling and will be cleaned.
W: Public-4008: Instance 'u_CORES/u_debug_core_0/u_hub_data_decode/conf_sel_int[9]' of 'GTP_DFF_C' unit is dangling and will be cleaned.
W: Public-4008: Instance 'u_CORES/u_debug_core_0/u_hub_data_decode/conf_sel_int[10]' of 'GTP_DFF_C' unit is dangling and will be cleaned.
W: Public-4008: Instance 'u_CORES/u_debug_core_0/u_hub_data_decode/conf_sel_int[11]' of 'GTP_DFF_C' unit is dangling and will be cleaned.
W: Public-4008: Instance 'u_CORES/u_debug_core_0/u_hub_data_decode/conf_sel_int[12]' of 'GTP_DFF_C' unit is dangling and will be cleaned.
W: Public-4008: Instance 'u_CORES/u_debug_core_0/u_hub_data_decode/conf_sel_int[13]' of 'GTP_DFF_C' unit is dangling and will be cleaned.
W: Public-4008: Instance 'u_CORES/u_debug_core_0/u_hub_data_decode/conf_sel_int[14]' of 'GTP_DFF_C' unit is dangling and will be cleaned.
W: Public-4008: Instance 'u_CORES/u_debug_core_0/u_hub_data_decode/conf_sel_int[15]' of 'GTP_DFF_C' unit is dangling and will be cleaned.
W: Public-4008: Instance 'u_CORES/u_debug_core_0/u_hub_data_decode/conf_sel_int[17]' of 'GTP_DFF_C' unit is dangling and will be cleaned.
W: Public-4008: Instance 'u_CORES/u_debug_core_0/u_hub_data_decode/conf_sel_int[19]' of 'GTP_DFF_C' unit is dangling and will be cleaned.
Device mapping started.
Optimizing circuit logic.
Checking design netlist.
Processing tech operator.
I: The instance clkbufg_3(GTP_CLKBUFG) has been inserted on the net nt_sys_clk in design, driver pin O(instance sys_clk_ibuf) -> load pin CLK(instance hdmi_i2c_inst/i2c_ctrl_inst/cnt_clk[0]).
I: The instance clkbufg_4(GTP_CLKBUFG) has been inserted on the net u_CORES/drck_o in design, driver pin TCK_USER(instance u_CORES/u_GTP_SCANCHAIN_PG) -> load pin CLK(instance u_CORES/u_debug_core_0/u0_trig_unit/conf_reg[0]).
Converting tech operator to gate operator.
Processing gate operator.
I: Infer CARRY group, base inst: hdmi_i2c_inst/hdmi_cfg_inst/N5_1_1/gateop, insts:9.
I: Infer CARRY group, base inst: u_CORES/u_debug_core_0/u_Storage_Condition/N302_1_1/gateop, insts:13.
I: Infer CARRY group, base inst: u_CORES/u_debug_core_0/u_Storage_Condition/N321_1.fsub_1/gateop, insts:13.
I: Infer CARRY group, base inst: u_CORES/u_debug_core_0/u_Storage_Condition/N354_1_1/gateop, insts:13.
I: Infer CARRY group, base inst: u_CORES/u_debug_core_0/u_Storage_Condition/N363_1_1/gateop, insts:13.
I: Infer CARRY group, base inst: u_CORES/u_debug_core_0/u_rd_addr_gen/N38_1_1/gateop, insts:13.
Device Utilization Summary:
+------------------------------------------------------------------------+
| Logic Utilization     | Used     | Available     | Utilization(%)     
+------------------------------------------------------------------------+
| APM                   | 0        | 240           | 0                  
| FF                    | 721      | 133200        | 1                  
| LUT                   | 503      | 66600         | 1                  
| Distributed RAM       | 0        | 19900         | 0                  
| DRM                   | 15       | 155           | 10                 
| IO                    | 62       | 300           | 21                 
| RCKB                  | 0        | 24            | 0                  
| SCANCHAIN             | 1        | 1             | 100                
| USCM                  | 2        | 32            | 7                  
| CCS                   | 1        | 1             | 100                
| ADC                   | 0        | 1             | 0                  
| DDR_PHY               | 0        | 24            | 0                  
| HSSTLP                | 0        | 2             | 0                  
| GPLL                  | 0        | 6             | 0                  
| PPLL                  | 0        | 6             | 0                  
| DDRPHY_CPD            | 0        | 12            | 0                  
| HCKB                  | 0        | 96            | 0                  
| IOCKB                 | 0        | 24            | 0                  
| MRCKB                 | 0        | 12            | 0                  
| PCIE                  | 0        | 1             | 0                  
| DDRPHY_IOCLK_DIV      | 0        | 6             | 0                  
| ANALOG                | 0        | 1             | 0                  
| TSERDES               | 0        | 48            | 0                  
| KEYRAM                | 0        | 1             | 0                  
+------------------------------------------------------------------------+

Device mapping done.
Total device mapping takes 0.22 sec.

Design 'hdmi_loop' has been successfully mapped to architecture-specific objects.
Saving design to DB.
W: Public-4010: Pcf file D:/pango_fire/PG2L100H/9_hdmi_loop/hdmi_loop_pango/device_map/hdmi_loop.pcf has been covered.
Action dev_map: Real time elapsed is 0h:0m:35s
Action dev_map: CPU time elapsed is 0h:0m:10s
Action dev_map: Process CPU time elapsed is 0h:0m:10s
Current time: Fri Aug 11 16:59:55 2023
Action dev_map: Peak memory pool usage is 357 MB
Action from compile to dev_map: Total Real Time elapsed is 0h:0m:51s
Action from compile to dev_map: Total CPU time elapsed is 0h:0m:19s
Action from compile to dev_map: Total Process CPU Time elapsed is 0h:0m:19s
Process "Device Map" done.


Process "Place & Route" started.
Current time: Fri Aug 11 16:59:56 2023
Compiling architecture definition.
Analyzing project file 'D:/pango_fire/PG2L100H/9_hdmi_loop/hdmi_loop_pango/hdmi_loop.pds'.
Compiling verification operator library.
Compiling common defs.
Compiling prim grid devices.
Compiling gate devices.
Compiling gate operators.
Building architecture model.
Loading device packaging model.
pnr strategy configuration : 
strategy name : 0
Building architecture floorplan logic view.
Constraint check start.
Executing : def_port {ddc_sda} LOC=L23 VCCIO=3.3 IOSTANDARD=LVCMOS33 DRIVE=4 SLEW=FAST
Executing : def_port {ddc_sda} LOC=L23 VCCIO=3.3 IOSTANDARD=LVCMOS33 DRIVE=4 SLEW=FAST successfully
Executing : def_port {ddc_scl} LOC=L22 VCCIO=3.3 IOSTANDARD=LVCMOS33 DRIVE=4 SLEW=FAST
Executing : def_port {ddc_scl} LOC=L22 VCCIO=3.3 IOSTANDARD=LVCMOS33 DRIVE=4 SLEW=FAST successfully
Executing : def_port {hdmi_in_rst_n} LOC=K18 VCCIO=3.3 IOSTANDARD=LVCMOS33 DRIVE=4 SLEW=FAST
Executing : def_port {hdmi_in_rst_n} LOC=K18 VCCIO=3.3 IOSTANDARD=LVCMOS33 DRIVE=4 SLEW=FAST successfully
Executing : def_port {hdmi_out_clk} LOC=K16 VCCIO=3.3 IOSTANDARD=LVCMOS33 DRIVE=12 SLEW=FAST
C: ConstraintEditor-2002: [D:/pango_fire/PG2L100H/9_hdmi_loop/hdmi_loop_pango/device_map/hdmi_loop.pcf(line number: 6)] | Port hdmi_out_clk has been placed at location K16, whose type is share pin.
Executing : def_port {hdmi_out_clk} LOC=K16 VCCIO=3.3 IOSTANDARD=LVCMOS33 DRIVE=12 SLEW=FAST successfully
Executing : def_port {hdmi_out_de} LOC=K17 VCCIO=3.3 IOSTANDARD=LVCMOS33 DRIVE=8 SLEW=FAST
C: ConstraintEditor-2002: [D:/pango_fire/PG2L100H/9_hdmi_loop/hdmi_loop_pango/device_map/hdmi_loop.pcf(line number: 7)] | Port hdmi_out_de has been placed at location K17, whose type is share pin.
Executing : def_port {hdmi_out_de} LOC=K17 VCCIO=3.3 IOSTANDARD=LVCMOS33 DRIVE=8 SLEW=FAST successfully
Executing : def_port {hdmi_out_hsync} LOC=L17 VCCIO=3.3 IOSTANDARD=LVCMOS33 DRIVE=8 SLEW=FAST
C: ConstraintEditor-2002: [D:/pango_fire/PG2L100H/9_hdmi_loop/hdmi_loop_pango/device_map/hdmi_loop.pcf(line number: 8)] | Port hdmi_out_hsync has been placed at location L17, whose type is share pin.
Executing : def_port {hdmi_out_hsync} LOC=L17 VCCIO=3.3 IOSTANDARD=LVCMOS33 DRIVE=8 SLEW=FAST successfully
Executing : def_port {hdmi_out_rgb[0]} LOC=L14 VCCIO=3.3 IOSTANDARD=LVCMOS33 DRIVE=8 SLEW=FAST
Executing : def_port {hdmi_out_rgb[0]} LOC=L14 VCCIO=3.3 IOSTANDARD=LVCMOS33 DRIVE=8 SLEW=FAST successfully
Executing : def_port {hdmi_out_rgb[1]} LOC=M14 VCCIO=3.3 IOSTANDARD=LVCMOS33 DRIVE=8 SLEW=FAST
Executing : def_port {hdmi_out_rgb[1]} LOC=M14 VCCIO=3.3 IOSTANDARD=LVCMOS33 DRIVE=8 SLEW=FAST successfully
Executing : def_port {hdmi_out_rgb[2]} LOC=L15 VCCIO=3.3 IOSTANDARD=LVCMOS33 DRIVE=8 SLEW=FAST
C: ConstraintEditor-2002: [D:/pango_fire/PG2L100H/9_hdmi_loop/hdmi_loop_pango/device_map/hdmi_loop.pcf(line number: 11)] | Port hdmi_out_rgb[2] has been placed at location L15, whose type is share pin.
Executing : def_port {hdmi_out_rgb[2]} LOC=L15 VCCIO=3.3 IOSTANDARD=LVCMOS33 DRIVE=8 SLEW=FAST successfully
Executing : def_port {hdmi_out_rgb[3]} LOC=M15 VCCIO=3.3 IOSTANDARD=LVCMOS33 DRIVE=8 SLEW=FAST
C: ConstraintEditor-2002: [D:/pango_fire/PG2L100H/9_hdmi_loop/hdmi_loop_pango/device_map/hdmi_loop.pcf(line number: 12)] | Port hdmi_out_rgb[3] has been placed at location M15, whose type is share pin.
Executing : def_port {hdmi_out_rgb[3]} LOC=M15 VCCIO=3.3 IOSTANDARD=LVCMOS33 DRIVE=8 SLEW=FAST successfully
Executing : def_port {hdmi_out_rgb[4]} LOC=K22 VCCIO=3.3 IOSTANDARD=LVCMOS33 DRIVE=8 SLEW=FAST
C: ConstraintEditor-2002: [D:/pango_fire/PG2L100H/9_hdmi_loop/hdmi_loop_pango/device_map/hdmi_loop.pcf(line number: 13)] | Port hdmi_out_rgb[4] has been placed at location K22, whose type is share pin.
Executing : def_port {hdmi_out_rgb[4]} LOC=K22 VCCIO=3.3 IOSTANDARD=LVCMOS33 DRIVE=8 SLEW=FAST successfully
Executing : def_port {hdmi_out_rgb[5]} LOC=K23 VCCIO=3.3 IOSTANDARD=LVCMOS33 DRIVE=8 SLEW=FAST
C: ConstraintEditor-2002: [D:/pango_fire/PG2L100H/9_hdmi_loop/hdmi_loop_pango/device_map/hdmi_loop.pcf(line number: 14)] | Port hdmi_out_rgb[5] has been placed at location K23, whose type is share pin.
Executing : def_port {hdmi_out_rgb[5]} LOC=K23 VCCIO=3.3 IOSTANDARD=LVCMOS33 DRIVE=8 SLEW=FAST successfully
Executing : def_port {hdmi_out_rgb[6]} LOC=J23 VCCIO=3.3 IOSTANDARD=LVCMOS33 DRIVE=8 SLEW=FAST
Executing : def_port {hdmi_out_rgb[6]} LOC=J23 VCCIO=3.3 IOSTANDARD=LVCMOS33 DRIVE=8 SLEW=FAST successfully
Executing : def_port {hdmi_out_rgb[7]} LOC=H23 VCCIO=3.3 IOSTANDARD=LVCMOS33 DRIVE=8 SLEW=FAST
Executing : def_port {hdmi_out_rgb[7]} LOC=H23 VCCIO=3.3 IOSTANDARD=LVCMOS33 DRIVE=8 SLEW=FAST successfully
Executing : def_port {hdmi_out_rgb[8]} LOC=J24 VCCIO=3.3 IOSTANDARD=LVCMOS33 DRIVE=8 SLEW=FAST
C: ConstraintEditor-2002: [D:/pango_fire/PG2L100H/9_hdmi_loop/hdmi_loop_pango/device_map/hdmi_loop.pcf(line number: 17)] | Port hdmi_out_rgb[8] has been placed at location J24, whose type is share pin.
Executing : def_port {hdmi_out_rgb[8]} LOC=J24 VCCIO=3.3 IOSTANDARD=LVCMOS33 DRIVE=8 SLEW=FAST successfully
Executing : def_port {hdmi_out_rgb[9]} LOC=H24 VCCIO=3.3 IOSTANDARD=LVCMOS33 DRIVE=8 SLEW=FAST
C: ConstraintEditor-2002: [D:/pango_fire/PG2L100H/9_hdmi_loop/hdmi_loop_pango/device_map/hdmi_loop.pcf(line number: 18)] | Port hdmi_out_rgb[9] has been placed at location H24, whose type is share pin.
Executing : def_port {hdmi_out_rgb[9]} LOC=H24 VCCIO=3.3 IOSTANDARD=LVCMOS33 DRIVE=8 SLEW=FAST successfully
Executing : def_port {hdmi_out_rgb[10]} LOC=J26 VCCIO=3.3 IOSTANDARD=LVCMOS33 DRIVE=8 SLEW=FAST
C: ConstraintEditor-2002: [D:/pango_fire/PG2L100H/9_hdmi_loop/hdmi_loop_pango/device_map/hdmi_loop.pcf(line number: 19)] | Port hdmi_out_rgb[10] has been placed at location J26, whose type is share pin.
Executing : def_port {hdmi_out_rgb[10]} LOC=J26 VCCIO=3.3 IOSTANDARD=LVCMOS33 DRIVE=8 SLEW=FAST successfully
Executing : def_port {hdmi_out_rgb[11]} LOC=J25 VCCIO=3.3 IOSTANDARD=LVCMOS33 DRIVE=8 SLEW=FAST
C: ConstraintEditor-2002: [D:/pango_fire/PG2L100H/9_hdmi_loop/hdmi_loop_pango/device_map/hdmi_loop.pcf(line number: 20)] | Port hdmi_out_rgb[11] has been placed at location J25, whose type is share pin.
Executing : def_port {hdmi_out_rgb[11]} LOC=J25 VCCIO=3.3 IOSTANDARD=LVCMOS33 DRIVE=8 SLEW=FAST successfully
Executing : def_port {hdmi_out_rgb[12]} LOC=H26 VCCIO=3.3 IOSTANDARD=LVCMOS33 DRIVE=8 SLEW=FAST
C: ConstraintEditor-2002: [D:/pango_fire/PG2L100H/9_hdmi_loop/hdmi_loop_pango/device_map/hdmi_loop.pcf(line number: 21)] | Port hdmi_out_rgb[12] has been placed at location H26, whose type is share pin.
Executing : def_port {hdmi_out_rgb[12]} LOC=H26 VCCIO=3.3 IOSTANDARD=LVCMOS33 DRIVE=8 SLEW=FAST successfully
Executing : def_port {hdmi_out_rgb[13]} LOC=G26 VCCIO=3.3 IOSTANDARD=LVCMOS33 DRIVE=8 SLEW=FAST
C: ConstraintEditor-2002: [D:/pango_fire/PG2L100H/9_hdmi_loop/hdmi_loop_pango/device_map/hdmi_loop.pcf(line number: 22)] | Port hdmi_out_rgb[13] has been placed at location G26, whose type is share pin.
Executing : def_port {hdmi_out_rgb[13]} LOC=G26 VCCIO=3.3 IOSTANDARD=LVCMOS33 DRIVE=8 SLEW=FAST successfully
Executing : def_port {hdmi_out_rgb[14]} LOC=G24 VCCIO=3.3 IOSTANDARD=LVCMOS33 DRIVE=8 SLEW=FAST
C: ConstraintEditor-2002: [D:/pango_fire/PG2L100H/9_hdmi_loop/hdmi_loop_pango/device_map/hdmi_loop.pcf(line number: 23)] | Port hdmi_out_rgb[14] has been placed at location G24, whose type is share pin.
Executing : def_port {hdmi_out_rgb[14]} LOC=G24 VCCIO=3.3 IOSTANDARD=LVCMOS33 DRIVE=8 SLEW=FAST successfully
Executing : def_port {hdmi_out_rgb[15]} LOC=F24 VCCIO=3.3 IOSTANDARD=LVCMOS33 DRIVE=8 SLEW=FAST
C: ConstraintEditor-2002: [D:/pango_fire/PG2L100H/9_hdmi_loop/hdmi_loop_pango/device_map/hdmi_loop.pcf(line number: 24)] | Port hdmi_out_rgb[15] has been placed at location F24, whose type is share pin.
Executing : def_port {hdmi_out_rgb[15]} LOC=F24 VCCIO=3.3 IOSTANDARD=LVCMOS33 DRIVE=8 SLEW=FAST successfully
Executing : def_port {hdmi_out_rgb[16]} LOC=E26 VCCIO=3.3 IOSTANDARD=LVCMOS33 DRIVE=8 SLEW=FAST
Executing : def_port {hdmi_out_rgb[16]} LOC=E26 VCCIO=3.3 IOSTANDARD=LVCMOS33 DRIVE=8 SLEW=FAST successfully
Executing : def_port {hdmi_out_rgb[17]} LOC=D26 VCCIO=3.3 IOSTANDARD=LVCMOS33 DRIVE=8 SLEW=FAST
C: ConstraintEditor-2002: [D:/pango_fire/PG2L100H/9_hdmi_loop/hdmi_loop_pango/device_map/hdmi_loop.pcf(line number: 26)] | Port hdmi_out_rgb[17] has been placed at location D26, whose type is share pin.
Executing : def_port {hdmi_out_rgb[17]} LOC=D26 VCCIO=3.3 IOSTANDARD=LVCMOS33 DRIVE=8 SLEW=FAST successfully
Executing : def_port {hdmi_out_rgb[18]} LOC=E25 VCCIO=3.3 IOSTANDARD=LVCMOS33 DRIVE=8 SLEW=FAST
C: ConstraintEditor-2002: [D:/pango_fire/PG2L100H/9_hdmi_loop/hdmi_loop_pango/device_map/hdmi_loop.pcf(line number: 27)] | Port hdmi_out_rgb[18] has been placed at location E25, whose type is share pin.
Executing : def_port {hdmi_out_rgb[18]} LOC=E25 VCCIO=3.3 IOSTANDARD=LVCMOS33 DRIVE=8 SLEW=FAST successfully
Executing : def_port {hdmi_out_rgb[19]} LOC=D25 VCCIO=3.3 IOSTANDARD=LVCMOS33 DRIVE=8 SLEW=FAST
C: ConstraintEditor-2002: [D:/pango_fire/PG2L100H/9_hdmi_loop/hdmi_loop_pango/device_map/hdmi_loop.pcf(line number: 28)] | Port hdmi_out_rgb[19] has been placed at location D25, whose type is share pin.
Executing : def_port {hdmi_out_rgb[19]} LOC=D25 VCCIO=3.3 IOSTANDARD=LVCMOS33 DRIVE=8 SLEW=FAST successfully
Executing : def_port {hdmi_out_rgb[20]} LOC=C26 VCCIO=3.3 IOSTANDARD=LVCMOS33 DRIVE=8 SLEW=FAST
Executing : def_port {hdmi_out_rgb[20]} LOC=C26 VCCIO=3.3 IOSTANDARD=LVCMOS33 DRIVE=8 SLEW=FAST successfully
Executing : def_port {hdmi_out_rgb[21]} LOC=B26 VCCIO=3.3 IOSTANDARD=LVCMOS33 DRIVE=8 SLEW=FAST
Executing : def_port {hdmi_out_rgb[21]} LOC=B26 VCCIO=3.3 IOSTANDARD=LVCMOS33 DRIVE=8 SLEW=FAST successfully
Executing : def_port {hdmi_out_rgb[22]} LOC=B25 VCCIO=3.3 IOSTANDARD=LVCMOS33 DRIVE=8 SLEW=FAST
Executing : def_port {hdmi_out_rgb[22]} LOC=B25 VCCIO=3.3 IOSTANDARD=LVCMOS33 DRIVE=8 SLEW=FAST successfully
Executing : def_port {hdmi_out_rgb[23]} LOC=A25 VCCIO=3.3 IOSTANDARD=LVCMOS33 DRIVE=8 SLEW=FAST
Executing : def_port {hdmi_out_rgb[23]} LOC=A25 VCCIO=3.3 IOSTANDARD=LVCMOS33 DRIVE=8 SLEW=FAST successfully
Executing : def_port {hdmi_out_rst_n} LOC=L19 VCCIO=3.3 IOSTANDARD=LVCMOS33 DRIVE=4 SLEW=FAST
Executing : def_port {hdmi_out_rst_n} LOC=L19 VCCIO=3.3 IOSTANDARD=LVCMOS33 DRIVE=4 SLEW=FAST successfully
Executing : def_port {hdmi_out_vsync} LOC=L18 VCCIO=3.3 IOSTANDARD=LVCMOS33 DRIVE=8 SLEW=FAST
C: ConstraintEditor-2002: [D:/pango_fire/PG2L100H/9_hdmi_loop/hdmi_loop_pango/device_map/hdmi_loop.pcf(line number: 34)] | Port hdmi_out_vsync has been placed at location L18, whose type is share pin.
Executing : def_port {hdmi_out_vsync} LOC=L18 VCCIO=3.3 IOSTANDARD=LVCMOS33 DRIVE=8 SLEW=FAST successfully
Executing : def_port {hdmi_in_clk} LOC=M16 VCCIO=3.3 IOSTANDARD=LVCMOS33
Executing : def_port {hdmi_in_clk} LOC=M16 VCCIO=3.3 IOSTANDARD=LVCMOS33 successfully
Executing : def_port {hdmi_in_de} LOC=M17 VCCIO=3.3 IOSTANDARD=LVCMOS33
Executing : def_port {hdmi_in_de} LOC=M17 VCCIO=3.3 IOSTANDARD=LVCMOS33 successfully
Executing : def_port {hdmi_in_hsync} LOC=N21 VCCIO=3.3 IOSTANDARD=LVCMOS33
Executing : def_port {hdmi_in_hsync} LOC=N21 VCCIO=3.3 IOSTANDARD=LVCMOS33 successfully
Executing : def_port {hdmi_in_rgb[0]} LOC=J15 VCCIO=3.3 IOSTANDARD=LVCMOS33
C: ConstraintEditor-2002: [D:/pango_fire/PG2L100H/9_hdmi_loop/hdmi_loop_pango/device_map/hdmi_loop.pcf(line number: 38)] | Port hdmi_in_rgb[0] has been placed at location J15, whose type is share pin.
Executing : def_port {hdmi_in_rgb[0]} LOC=J15 VCCIO=3.3 IOSTANDARD=LVCMOS33 successfully
Executing : def_port {hdmi_in_rgb[1]} LOC=J14 VCCIO=3.3 IOSTANDARD=LVCMOS33
C: ConstraintEditor-2002: [D:/pango_fire/PG2L100H/9_hdmi_loop/hdmi_loop_pango/device_map/hdmi_loop.pcf(line number: 39)] | Port hdmi_in_rgb[1] has been placed at location J14, whose type is share pin.
Executing : def_port {hdmi_in_rgb[1]} LOC=J14 VCCIO=3.3 IOSTANDARD=LVCMOS33 successfully
Executing : def_port {hdmi_in_rgb[2]} LOC=K15 VCCIO=3.3 IOSTANDARD=LVCMOS33
C: ConstraintEditor-2002: [D:/pango_fire/PG2L100H/9_hdmi_loop/hdmi_loop_pango/device_map/hdmi_loop.pcf(line number: 40)] | Port hdmi_in_rgb[2] has been placed at location K15, whose type is share pin.
Executing : def_port {hdmi_in_rgb[2]} LOC=K15 VCCIO=3.3 IOSTANDARD=LVCMOS33 successfully
Executing : def_port {hdmi_in_rgb[3]} LOC=J16 VCCIO=3.3 IOSTANDARD=LVCMOS33
C: ConstraintEditor-2002: [D:/pango_fire/PG2L100H/9_hdmi_loop/hdmi_loop_pango/device_map/hdmi_loop.pcf(line number: 41)] | Port hdmi_in_rgb[3] has been placed at location J16, whose type is share pin.
Executing : def_port {hdmi_in_rgb[3]} LOC=J16 VCCIO=3.3 IOSTANDARD=LVCMOS33 successfully
Executing : def_port {hdmi_in_rgb[4]} LOC=J20 VCCIO=3.3 IOSTANDARD=LVCMOS33
C: ConstraintEditor-2002: [D:/pango_fire/PG2L100H/9_hdmi_loop/hdmi_loop_pango/device_map/hdmi_loop.pcf(line number: 42)] | Port hdmi_in_rgb[4] has been placed at location J20, whose type is share pin.
Executing : def_port {hdmi_in_rgb[4]} LOC=J20 VCCIO=3.3 IOSTANDARD=LVCMOS33 successfully
Executing : def_port {hdmi_in_rgb[5]} LOC=K20 VCCIO=3.3 IOSTANDARD=LVCMOS33
C: ConstraintEditor-2002: [D:/pango_fire/PG2L100H/9_hdmi_loop/hdmi_loop_pango/device_map/hdmi_loop.pcf(line number: 43)] | Port hdmi_in_rgb[5] has been placed at location K20, whose type is share pin.
Executing : def_port {hdmi_in_rgb[5]} LOC=K20 VCCIO=3.3 IOSTANDARD=LVCMOS33 successfully
Executing : def_port {hdmi_in_rgb[6]} LOC=K21 VCCIO=3.3 IOSTANDARD=LVCMOS33
Executing : def_port {hdmi_in_rgb[6]} LOC=K21 VCCIO=3.3 IOSTANDARD=LVCMOS33 successfully
Executing : def_port {hdmi_in_rgb[7]} LOC=J21 VCCIO=3.3 IOSTANDARD=LVCMOS33
Executing : def_port {hdmi_in_rgb[7]} LOC=J21 VCCIO=3.3 IOSTANDARD=LVCMOS33 successfully
Executing : def_port {hdmi_in_rgb[8]} LOC=H18 VCCIO=3.3 IOSTANDARD=LVCMOS33
C: ConstraintEditor-2002: [D:/pango_fire/PG2L100H/9_hdmi_loop/hdmi_loop_pango/device_map/hdmi_loop.pcf(line number: 46)] | Port hdmi_in_rgb[8] has been placed at location H18, whose type is share pin.
Executing : def_port {hdmi_in_rgb[8]} LOC=H18 VCCIO=3.3 IOSTANDARD=LVCMOS33 successfully
Executing : def_port {hdmi_in_rgb[9]} LOC=J18 VCCIO=3.3 IOSTANDARD=LVCMOS33
C: ConstraintEditor-2002: [D:/pango_fire/PG2L100H/9_hdmi_loop/hdmi_loop_pango/device_map/hdmi_loop.pcf(line number: 47)] | Port hdmi_in_rgb[9] has been placed at location J18, whose type is share pin.
Executing : def_port {hdmi_in_rgb[9]} LOC=J18 VCCIO=3.3 IOSTANDARD=LVCMOS33 successfully
Executing : def_port {hdmi_in_rgb[10]} LOC=H19 VCCIO=3.3 IOSTANDARD=LVCMOS33
C: ConstraintEditor-2002: [D:/pango_fire/PG2L100H/9_hdmi_loop/hdmi_loop_pango/device_map/hdmi_loop.pcf(line number: 48)] | Port hdmi_in_rgb[10] has been placed at location H19, whose type is share pin.
Executing : def_port {hdmi_in_rgb[10]} LOC=H19 VCCIO=3.3 IOSTANDARD=LVCMOS33 successfully
Executing : def_port {hdmi_in_rgb[11]} LOC=J19 VCCIO=3.3 IOSTANDARD=LVCMOS33
C: ConstraintEditor-2002: [D:/pango_fire/PG2L100H/9_hdmi_loop/hdmi_loop_pango/device_map/hdmi_loop.pcf(line number: 49)] | Port hdmi_in_rgb[11] has been placed at location J19, whose type is share pin.
Executing : def_port {hdmi_in_rgb[11]} LOC=J19 VCCIO=3.3 IOSTANDARD=LVCMOS33 successfully
Executing : def_port {hdmi_in_rgb[12]} LOC=H21 VCCIO=3.3 IOSTANDARD=LVCMOS33
Executing : def_port {hdmi_in_rgb[12]} LOC=H21 VCCIO=3.3 IOSTANDARD=LVCMOS33 successfully
Executing : def_port {hdmi_in_rgb[13]} LOC=H22 VCCIO=3.3 IOSTANDARD=LVCMOS33
Executing : def_port {hdmi_in_rgb[13]} LOC=H22 VCCIO=3.3 IOSTANDARD=LVCMOS33 successfully
Executing : def_port {hdmi_in_rgb[14]} LOC=G20 VCCIO=3.3 IOSTANDARD=LVCMOS33
Executing : def_port {hdmi_in_rgb[14]} LOC=G20 VCCIO=3.3 IOSTANDARD=LVCMOS33 successfully
Executing : def_port {hdmi_in_rgb[15]} LOC=G21 VCCIO=3.3 IOSTANDARD=LVCMOS33
Executing : def_port {hdmi_in_rgb[15]} LOC=G21 VCCIO=3.3 IOSTANDARD=LVCMOS33 successfully
Executing : def_port {hdmi_in_rgb[16]} LOC=G22 VCCIO=3.3 IOSTANDARD=LVCMOS33
Executing : def_port {hdmi_in_rgb[16]} LOC=G22 VCCIO=3.3 IOSTANDARD=LVCMOS33 successfully
Executing : def_port {hdmi_in_rgb[17]} LOC=F22 VCCIO=3.3 IOSTANDARD=LVCMOS33
C: ConstraintEditor-2002: [D:/pango_fire/PG2L100H/9_hdmi_loop/hdmi_loop_pango/device_map/hdmi_loop.pcf(line number: 55)] | Port hdmi_in_rgb[17] has been placed at location F22, whose type is share pin.
Executing : def_port {hdmi_in_rgb[17]} LOC=F22 VCCIO=3.3 IOSTANDARD=LVCMOS33 successfully
Executing : def_port {hdmi_in_rgb[18]} LOC=E23 VCCIO=3.3 IOSTANDARD=LVCMOS33
C: ConstraintEditor-2002: [D:/pango_fire/PG2L100H/9_hdmi_loop/hdmi_loop_pango/device_map/hdmi_loop.pcf(line number: 56)] | Port hdmi_in_rgb[18] has been placed at location E23, whose type is share pin.
Executing : def_port {hdmi_in_rgb[18]} LOC=E23 VCCIO=3.3 IOSTANDARD=LVCMOS33 successfully
Executing : def_port {hdmi_in_rgb[19]} LOC=F23 VCCIO=3.3 IOSTANDARD=LVCMOS33
C: ConstraintEditor-2002: [D:/pango_fire/PG2L100H/9_hdmi_loop/hdmi_loop_pango/device_map/hdmi_loop.pcf(line number: 57)] | Port hdmi_in_rgb[19] has been placed at location F23, whose type is share pin.
Executing : def_port {hdmi_in_rgb[19]} LOC=F23 VCCIO=3.3 IOSTANDARD=LVCMOS33 successfully
Executing : def_port {hdmi_in_rgb[20]} LOC=D24 VCCIO=3.3 IOSTANDARD=LVCMOS33
Executing : def_port {hdmi_in_rgb[20]} LOC=D24 VCCIO=3.3 IOSTANDARD=LVCMOS33 successfully
Executing : def_port {hdmi_in_rgb[21]} LOC=D23 VCCIO=3.3 IOSTANDARD=LVCMOS33
Executing : def_port {hdmi_in_rgb[21]} LOC=D23 VCCIO=3.3 IOSTANDARD=LVCMOS33 successfully
Executing : def_port {hdmi_in_rgb[22]} LOC=F20 VCCIO=3.3 IOSTANDARD=LVCMOS33
Executing : def_port {hdmi_in_rgb[22]} LOC=F20 VCCIO=3.3 IOSTANDARD=LVCMOS33 successfully
Executing : def_port {hdmi_in_rgb[23]} LOC=G19 VCCIO=3.3 IOSTANDARD=LVCMOS33
Executing : def_port {hdmi_in_rgb[23]} LOC=G19 VCCIO=3.3 IOSTANDARD=LVCMOS33 successfully
Executing : def_port {hdmi_in_vsync} LOC=N22 VCCIO=3.3 IOSTANDARD=LVCMOS33
Executing : def_port {hdmi_in_vsync} LOC=N22 VCCIO=3.3 IOSTANDARD=LVCMOS33 successfully
Executing : def_port {sys_clk} LOC=R3 VCCIO=1.5 IOSTANDARD=LVCMOS15
Executing : def_port {sys_clk} LOC=R3 VCCIO=1.5 IOSTANDARD=LVCMOS15 successfully
Executing : def_port {sys_rst_n} LOC=G25 VCCIO=3.3 IOSTANDARD=LVCMOS33
C: ConstraintEditor-2002: [D:/pango_fire/PG2L100H/9_hdmi_loop/hdmi_loop_pango/device_map/hdmi_loop.pcf(line number: 64)] | Port sys_rst_n has been placed at location G25, whose type is share pin.
Executing : def_port {sys_rst_n} LOC=G25 VCCIO=3.3 IOSTANDARD=LVCMOS33 successfully
Constraint check end.
NOTE: The technology fpga was specified.
NOTE: delay_model specified was generic_cmos.
NOTE: Using the fpga syntax tables...
Totals:
 Calls to malloc = 0
 Calls to calloc = 5992020

I: Column Clock Check open.
Read Column Clock Map.

Placement started.
Phase 1 Pre global placement started.
Mapping instance GRS_INST/grs_ccs to CCS_87_316.
Mapping instance u_CORES/u_GTP_SCANCHAIN_PG/scanchain to SCANCHAIN_88_312.
Phase 1.1 1st GP placement started.
Design Utilization : 1%.
First map gop timing takes 0.75 sec
Worst slack after clock region global placement is 17611
Wirelength after clock region global placement is 8223.
1st GP placement takes 3.00 sec.

Phase 1.2 Clock placement started.
Mapping instance clkbufg_3/gopclkbufg to USCM_215_576.
C: Place-2028: GLOBAL_CLOCK: the driver u_CORES/u_GTP_SCANCHAIN_PG/scanchain fixed at SCANCHAIN_88_312 is unreasonable. Sub-optimal placement for a clock source and a clock buffer.
Mapping instance clkbufg_4/gopclkbufg to USCM_215_579.
Clock placement takes 0.14 sec.

Pre global placement takes 4.66 sec.

Phase 2 Global placement started.
Phase 2.1 Fixed placement started.
Placed fixed group with base inst ddc_scl_obuf/opit_1 on IOLHR_16_480.
Placed fixed group with base inst hdmi_i2c_inst.i2c_ctrl_inst.i2c_sda_tri/opit_1 on IOLHR_16_474.
Placed fixed group with base inst hdmi_in_clk_ibuf/opit_1 on IOLHR_16_846.
Placed fixed group with base inst hdmi_in_de_ibuf/opit_1 on IOLHR_16_840.
Placed fixed group with base inst hdmi_in_hsync_ibuf/opit_1 on IOLHR_16_450.
Placed fixed group with base inst hdmi_in_rgb_ibuf[0]/opit_1 on IOLHR_16_888.
Placed fixed group with base inst hdmi_in_rgb_ibuf[1]/opit_1 on IOLHR_16_894.
Placed fixed group with base inst hdmi_in_rgb_ibuf[2]/opit_1 on IOLHR_16_906.
Placed fixed group with base inst hdmi_in_rgb_ibuf[3]/opit_1 on IOLHR_16_900.
Placed fixed group with base inst hdmi_in_rgb_ibuf[4]/opit_1 on IOLHR_16_804.
Placed fixed group with base inst hdmi_in_rgb_ibuf[5]/opit_1 on IOLHR_16_810.
Placed fixed group with base inst hdmi_in_rgb_ibuf[6]/opit_1 on IOLHR_16_774.
Placed fixed group with base inst hdmi_in_rgb_ibuf[7]/opit_1 on IOLHR_16_768.
Placed fixed group with base inst hdmi_in_rgb_ibuf[8]/opit_1 on IOLHR_16_792.
Placed fixed group with base inst hdmi_in_rgb_ibuf[9]/opit_1 on IOLHR_16_798.
Placed fixed group with base inst hdmi_in_rgb_ibuf[10]/opit_1 on IOLHR_16_828.
Placed fixed group with base inst hdmi_in_rgb_ibuf[11]/opit_1 on IOLHR_16_834.
Placed fixed group with base inst hdmi_in_rgb_ibuf[12]/opit_1 on IOLHR_16_756.
Placed fixed group with base inst hdmi_in_rgb_ibuf[13]/opit_1 on IOLHR_16_750.
Placed fixed group with base inst hdmi_in_rgb_ibuf[14]/opit_1 on IOLHR_16_786.
Placed fixed group with base inst hdmi_in_rgb_ibuf[15]/opit_1 on IOLHR_16_780.
Placed fixed group with base inst hdmi_in_rgb_ibuf[16]/opit_1 on IOLHR_16_732.
Placed fixed group with base inst hdmi_in_rgb_ibuf[17]/opit_1 on IOLHR_16_726.
Placed fixed group with base inst hdmi_in_rgb_ibuf[18]/opit_1 on IOLHR_16_702.
Placed fixed group with base inst hdmi_in_rgb_ibuf[19]/opit_1 on IOLHR_16_708.
Placed fixed group with base inst hdmi_in_rgb_ibuf[20]/opit_1 on IOLHR_16_924.
Placed fixed group with base inst hdmi_in_rgb_ibuf[21]/opit_1 on IOLHR_16_930.
Placed fixed group with base inst hdmi_in_rgb_ibuf[22]/opit_1 on IOLHR_16_1158.
Placed fixed group with base inst hdmi_in_rgb_ibuf[23]/opit_1 on IOLHR_16_1164.
Placed fixed group with base inst hdmi_in_rst_n_obuf/opit_1 on IOLHR_16_912.
Placed fixed group with base inst hdmi_in_vsync_ibuf/opit_1 on IOLHR_16_444.
Placed fixed group with base inst hdmi_out_clk_obuf/opit_1 on IOLHR_16_882.
Placed fixed group with base inst hdmi_out_de_obuf/opit_1 on IOLHR_16_876.
Placed fixed group with base inst hdmi_out_hsync_obuf/opit_1 on IOLHR_16_822.
Placed fixed group with base inst hdmi_out_rgb_obuf[0]/opit_1 on IOLHR_16_864.
Placed fixed group with base inst hdmi_out_rgb_obuf[1]/opit_1 on IOLHR_16_870.
Placed fixed group with base inst hdmi_out_rgb_obuf[2]/opit_1 on IOLHR_16_852.
Placed fixed group with base inst hdmi_out_rgb_obuf[3]/opit_1 on IOLHR_16_858.
Placed fixed group with base inst hdmi_out_rgb_obuf[4]/opit_1 on IOLHR_16_696.
Placed fixed group with base inst hdmi_out_rgb_obuf[5]/opit_1 on IOLHR_16_690.
Placed fixed group with base inst hdmi_out_rgb_obuf[6]/opit_1 on IOLHR_16_744.
Placed fixed group with base inst hdmi_out_rgb_obuf[7]/opit_1 on IOLHR_16_738.
Placed fixed group with base inst hdmi_out_rgb_obuf[8]/opit_1 on IOLHR_16_720.
Placed fixed group with base inst hdmi_out_rgb_obuf[9]/opit_1 on IOLHR_16_714.
Placed fixed group with base inst hdmi_out_rgb_obuf[10]/opit_1 on IOLHR_16_618.
Placed fixed group with base inst hdmi_out_rgb_obuf[11]/opit_1 on IOLHR_16_624.
Placed fixed group with base inst hdmi_out_rgb_obuf[12]/opit_1 on IOLHR_16_648.
Placed fixed group with base inst hdmi_out_rgb_obuf[13]/opit_1 on IOLHR_16_642.
Placed fixed group with base inst hdmi_out_rgb_obuf[14]/opit_1 on IOLHR_16_684.
Placed fixed group with base inst hdmi_out_rgb_obuf[15]/opit_1 on IOLHR_16_678.
Placed fixed group with base inst hdmi_out_rgb_obuf[16]/opit_1 on IOLHR_16_660.
Placed fixed group with base inst hdmi_out_rgb_obuf[17]/opit_1 on IOLHR_16_654.
Placed fixed group with base inst hdmi_out_rgb_obuf[18]/opit_1 on IOLHR_16_672.
Placed fixed group with base inst hdmi_out_rgb_obuf[19]/opit_1 on IOLHR_16_666.
Placed fixed group with base inst hdmi_out_rgb_obuf[20]/opit_1 on IOLHR_16_954.
Placed fixed group with base inst hdmi_out_rgb_obuf[21]/opit_1 on IOLHR_16_948.
Placed fixed group with base inst hdmi_out_rgb_obuf[22]/opit_1 on IOLHR_16_978.
Placed fixed group with base inst hdmi_out_rgb_obuf[23]/opit_1 on IOLHR_16_972.
Placed fixed group with base inst hdmi_out_rst_n_obuf/opit_1 on IOLHR_16_612.
Placed fixed group with base inst hdmi_out_vsync_obuf/opit_1 on IOLHR_16_816.
Placed fixed group with base inst sys_clk_ibuf/opit_1 on IOLHR_364_450.
Placed fixed group with base inst sys_rst_n_ibuf/opit_1 on IOLHR_16_636.
Placed fixed instance GRS_INST/grs_ccs on CCS_87_316.
Placed fixed instance clkbufg_3/gopclkbufg on USCM_215_576.
Placed fixed instance clkbufg_4/gopclkbufg on USCM_215_579.
Placed fixed instance u_CORES/u_GTP_SCANCHAIN_PG/scanchain on SCANCHAIN_88_312.
Placed fixed instance BKCL_auto_0 on BKCL_1_952.
Placed fixed instance BKCL_auto_1 on BKCL_1_646.
Placed fixed instance BKCL_auto_2 on BKCL_1_340.
Placed fixed instance BKCL_auto_3 on BKCL_373_340.
Fixed placement takes 0.06 sec.

Phase 2.2 Process placement started.
Process placement takes 0.00 sec.

Phase 2.3 IO placement started.
IO placement takes 0.02 sec.

Phase 2.4 2nd GP placement started.
Run super clustering :
	Initial slack 14523.
	3 iterations finished.
	Final slack 15743.
Super clustering done.
Design Utilization : 1%.
Worst slack after global placement is 17759
2nd GP placement takes 0.69 sec.

Wirelength after global placement is 8328.
Global placement takes 0.77 sec.

Phase 3 Post global placement started.
Packing LUT6D started.
I: LUT6D pack result: There are 181 LUT6 in collection, pack success:5
Packing LUT6D takes 0.08 sec.
Phase 3.1 Macro cell placement started.
I: Process macros using "Greedy".
Wirelength after macro cell placement is 11854.
Macro cell placement takes 0.02 sec.

Phase 3.2 3rd GP placement started.
Run super clustering :
	Initial slack 14523.
	3 iterations finished.
	Final slack 15743.
Super clustering done.
Design Utilization : 1%.
Worst slack after post global placement is 16967
3rd GP placement takes 0.58 sec.

Wirelength after post global placement is 11075.
Packing LUT6D started.
I: LUT6D pack result: There are 171 LUT6 in collection, pack success:0
Packing LUT6D takes 0.06 sec.
Post global placement takes 0.75 sec.

Phase 4 Legalization started.
The average distance in LP is 0.416606.
Wirelength after legalization is 11793.
Legalization takes 0.08 sec.

Phase 5 Timing-driven detailed placement started.
Phase 5.1 Replication placement started.
Worst slack before Replication Place is 17325.
Replication placement takes 0.14 sec.

Wirelength after replication placement is 11793.
Phase 5.2 Swapping placement started.
Worst slack before detailed placement is 17325, TNS before detailed placement is 0. 
Worst slack after detailed placement is 17325, TNS after detailed placement is 0. 
Swapping placement takes 0.02 sec.

Wirelength after detailed placement is 11793.
Timing-driven detailed placement takes 0.16 sec.

Worst slack is 17325, TNS after placement is 0.
Placement done.
Total placement takes 6.92 sec.
Finished placement.

Routing started.
Building routing graph takes 4.70 sec.
Worst slack is 17325, TNS before global route is 0.
Processing design graph takes 1.16 sec.
Total memory for routing:
	216.635814 M.
Total nets for routing : 1381.
Rcf routing step 1 processed 0 nets, it takes 0.00 sec.
Rcf routing step 2 processed 0 nets, it takes 0.00 sec.
Rcf routing step 3 processed 0 nets, it takes 0.00 sec.
Unrouted nets 0 at the end of iteration 0.
Global Routing step 1 processed 79 nets, it takes 0.02 sec.
Unrouted nets 113 at the end of iteration 0.
Unrouted nets 52 at the end of iteration 1.
Unrouted nets 22 at the end of iteration 2.
Unrouted nets 18 at the end of iteration 3.
Unrouted nets 9 at the end of iteration 4.
Unrouted nets 10 at the end of iteration 5.
Unrouted nets 8 at the end of iteration 6.
Unrouted nets 1 at the end of iteration 7.
Unrouted nets 2 at the end of iteration 8.
Unrouted nets 2 at the end of iteration 9.
Unrouted nets 0 at the end of iteration 10.
Global Routing step 2 processed 272 nets, it takes 0.78 sec.
Global Routing step 3 processed 0 nets, it takes 0.00 sec.
Unrouted nets 31 at the end of iteration 0.
Unrouted nets 4 at the end of iteration 1.
Unrouted nets 0 at the end of iteration 2.
Global Routing step 4 processed 55 nets, it takes 0.09 sec.
Global routing takes 1.02 sec.
Total 1586 subnets.
    forward max bucket size 15593 , backward 200.
        Unrouted nets 634 at the end of iteration 0.
    route iteration 0, CPU time elapsed 0.437500 sec.
    forward max bucket size 1347 , backward 111.
        Unrouted nets 423 at the end of iteration 1.
    route iteration 1, CPU time elapsed 0.265625 sec.
    forward max bucket size 1356 , backward 85.
        Unrouted nets 367 at the end of iteration 2.
    route iteration 2, CPU time elapsed 0.093750 sec.
    forward max bucket size 202 , backward 94.
        Unrouted nets 267 at the end of iteration 3.
    route iteration 3, CPU time elapsed 0.062500 sec.
    forward max bucket size 107 , backward 46.
        Unrouted nets 218 at the end of iteration 4.
    route iteration 4, CPU time elapsed 0.046875 sec.
    forward max bucket size 198 , backward 62.
        Unrouted nets 149 at the end of iteration 5.
    route iteration 5, CPU time elapsed 0.031250 sec.
    forward max bucket size 115 , backward 81.
        Unrouted nets 113 at the end of iteration 6.
    route iteration 6, CPU time elapsed 0.015625 sec.
    forward max bucket size 72 , backward 30.
        Unrouted nets 72 at the end of iteration 7.
    route iteration 7, CPU time elapsed 0.015625 sec.
    forward max bucket size 41 , backward 17.
        Unrouted nets 49 at the end of iteration 8.
    route iteration 8, CPU time elapsed 0.015625 sec.
    forward max bucket size 52 , backward 20.
        Unrouted nets 37 at the end of iteration 9.
    route iteration 9, CPU time elapsed 0.015625 sec.
    forward max bucket size 21 , backward 18.
        Unrouted nets 19 at the end of iteration 10.
    route iteration 10, CPU time elapsed 0.015625 sec.
    forward max bucket size 19 , backward 17.
        Unrouted nets 11 at the end of iteration 11.
    route iteration 11, CPU time elapsed 0.000000 sec.
    forward max bucket size 21 , backward 17.
        Unrouted nets 7 at the end of iteration 12.
    route iteration 12, CPU time elapsed 0.015625 sec.
    forward max bucket size 27 , backward 14.
        Unrouted nets 11 at the end of iteration 13.
    route iteration 13, CPU time elapsed 0.000000 sec.
    forward max bucket size 18 , backward 16.
        Unrouted nets 10 at the end of iteration 14.
    route iteration 14, CPU time elapsed 0.015625 sec.
    forward max bucket size 18 , backward 13.
        Unrouted nets 3 at the end of iteration 15.
    route iteration 15, CPU time elapsed 0.000000 sec.
    forward max bucket size 13 , backward 5.
        Unrouted nets 3 at the end of iteration 16.
    route iteration 16, CPU time elapsed 0.000000 sec.
    forward max bucket size 18 , backward 4.
        Unrouted nets 4 at the end of iteration 17.
    route iteration 17, CPU time elapsed 0.000000 sec.
    forward max bucket size 17 , backward 13.
        Unrouted nets 0 at the end of iteration 18.
    route iteration 18, CPU time elapsed 0.015625 sec.
Detailed routing takes 18 iterations
I: Design net u_CORES/drck_o is routed by general path.
C: Route-2036: The clock path from u_CORES/u_GTP_SCANCHAIN_PG/scanchain:TCK1 to clkbufg_4/gopclkbufg:CLK is routed by SRB.
I: Design net hdmi_i2c_inst/cfg_clk is routed by general path.
C: Route-2036: The clock path from hdmi_i2c_inst/i2c_ctrl_inst/i2c_clk/opit_0_inv_L6Q:L6Q to hdmi_i2c_inst/i2c_ctrl_inst/state_reg[0]/opit_0_inv_L6QL5Q1:CLK is routed by SRB.
I: Design net u_CORES/capt_o is routed by general path.
C: Route-2036: The clock path from u_CORES/u_GTP_SCANCHAIN_PG/scanchain:CAPTUREDR to u_CORES/u_debug_core_0/u_hub_data_decode/id_sample.conf_id[0]/opit_0_inv:CLK is routed by SRB.
I: Design net ntclkbufg_1 is routed by general path.
C: Route-2036: The clock path from clkbufg_4/gopclkbufg:CLKOUT to u_CORES/u_debug_core_0/u_rd_addr_gen/tdo_mux_d2/opit_0_inv_L6QQ:CLK is routed by SRB.
Detailed routing takes 1.13 sec.
Start fix hold violation.
Build tmp routing results takes 0.02 sec.
Timing analysis takes 0.00 sec.
Hold violation fix iter 0 takes 0.38 sec, total_step_forward 24284.
Incremental timing analysis takes 0.03 sec.
Hold violation fix iter 1 takes 0.00 sec, total_step_forward 12.
Incremental timing analysis takes 0.02 sec.
Hold violation fix iter 2 takes 0.00 sec, total_step_forward 0.
Hold Violation Fix in router takes 3 iterations.
Fix hold violation Finished.
Hold Violation Fix in router takes 0.94 sec.

Dispose routing result:
    Collect routing result.
    Delete unused device instances.
    Annotate routing result.
    Change LUT configuration.
    Dispose misc instances.
    Annotate routing result again.
Finish routing takes 0.09 sec.
Used SRB routing arc is 10417.
Cleanup routing takes 0.03 sec.
Routing done.
Total routing takes 10.13 sec.


Device Utilization Summary :
+------------------------------------------------------------------------------+
| Logic Utilization           | Used     | Available     | Utilization(%)     
+------------------------------------------------------------------------------+
| Use of ADC                  | 0        | 1             | 0                  
| Use of ANALOG               | 0        | 1             | 0                  
| Use of APM                  | 0        | 240           | 0                  
| Use of BKCL                 | 4        | 6             | 67                 
| Use of CCS                  | 1        | 1             | 100                
| Use of CLMA                 | 140      | 11675         | 2                  
|   FF                        | 453      | 93400         | 1                  
|   LUT                       | 328      | 46700         | 1                  
|   LUT-FF pairs              | 210      | 46700         | 1                  
| Use of CLMS                 | 72       | 4975          | 2                  
|   FF                        | 268      | 39800         | 1                  
|   LUT                       | 170      | 19900         | 1                  
|   LUT-FF pairs              | 109      | 19900         | 1                  
|   Distributed RAM           | 0        | 19900         | 0                  
| Use of DDRPHY_CPD           | 0        | 12            | 0                  
| Use of DDRPHY_IOCLK_DIV     | 0        | 6             | 0                  
| Use of DDR_PHY              | 0        | 24            | 0                  
| Use of DRM                  | 15       | 155           | 10                 
| Use of GPLL                 | 0        | 6             | 0                  
| Use of GSEB                 | 0        | 218           | 0                  
| Use of HARD0                | 148      | 10550         | 2                  
| Use of HCKB                 | 8        | 96            | 9                  
|  HCKB dataused              | 1        | 96            | 2                  
| Use of HCKMUX_TEST          | 0        | 8             | 0                  
| Use of HSSTLP               | 0        | 2             | 0                  
| Use of IO                   | 62       | 300           | 21                 
|   IOBD                      | 31       | 144           | 22                 
|   IOBS                      | 31       | 156           | 20                 
| Use of IOCKB                | 0        | 24            | 0                  
| Use of IOCKMUX_TEST         | 0        | 6             | 0                  
| Use of IOLHR                | 62       | 300           | 21                 
| Use of KEYRAM               | 0        | 1             | 0                  
| Use of MFG_TEST             | 0        | 1             | 0                  
| Use of MRCKB                | 0        | 12            | 0                  
| Use of MRCKMUX_TEST         | 0        | 6             | 0                  
| Use of MRPOSTMUX_TEST       | 0        | 6             | 0                  
| Use of PCIE                 | 0        | 1             | 0                  
| Use of PCKMUX_TEST          | 0        | 12            | 0                  
| Use of PLLMRMUX_TEST        | 0        | 6             | 0                  
| Use of PLLREFMUX_TEST       | 0        | 6             | 0                  
| Use of PPLL                 | 0        | 6             | 0                  
| Use of PREGMUXC_TEST        | 0        | 4             | 0                  
| Use of PREGMUXLR_TEST       | 0        | 6             | 0                  
| Use of RCKB                 | 0        | 24            | 0                  
|  RCKB dataused              | 0        | 24            | 0                  
| Use of RCKMUX_TEST          | 0        | 6             | 0                  
| Use of SCANCHAIN            | 1        | 1             | 100                
| Use of SCKMUX_TEST          | 0        | 12            | 0                  
| Use of SFB                  | 0        | 2225          | 0                  
| Use of SPAD                 | 0        | 8             | 0                  
| Use of TSERDES              | 0        | 48            | 0                  
| Use of USCM                 | 2        | 32            | 7                  
|  USCM dataused              | 0        | 32            | 0                  
| Use of USCMMUX_TEST         | 0        | 32            | 0                  
+------------------------------------------------------------------------------+

Finished routing.
Design 'hdmi_loop' has been placed and routed successfully.
Saving design to DB.
Finished placement and routing.
Action pnr: Real time elapsed is 0h:0m:39s
Action pnr: CPU time elapsed is 0h:0m:35s
Action pnr: Process CPU time elapsed is 0h:0m:37s
Current time: Fri Aug 11 17:00:35 2023
Action pnr: Peak memory pool usage is 1,175 MB
Action from compile to pnr: Total Real Time elapsed is 0h:1m:30s
Action from compile to pnr: Total CPU time elapsed is 0h:0m:54s
Action from compile to pnr: Total Process CPU Time elapsed is 0h:0m:56s
Process "Place & Route" done.


Process "Report Timing" started.
Current time: Fri Aug 11 17:00:37 2023
Compiling architecture definition.
Analyzing project file 'D:/pango_fire/PG2L100H/9_hdmi_loop/hdmi_loop_pango/hdmi_loop.pds'.
Compiling verification operator library.
Compiling common defs.
Compiling prim grid devices.
Compiling gate devices.
Compiling gate operators.
Building architecture model.
Loading device packaging model.
Reading design from pnr DB.
Start Report Post-PnR timing.
NOTE: The technology fpga was specified.
NOTE: delay_model specified was generic_cmos.
NOTE: Using the fpga syntax tables...
Totals:
 Calls to malloc = 0
 Calls to calloc = 5992020

Constructing timing graph ...
Timing graph has been constructed successfully
W: STA-3011: Clock pin 'hdmi_i2c_inst/hdmi_cfg_inst/cfg_done/opit_0_inv_L5Q_perm/CLK' (gopLUT6L5Q.CLK) has no clock, timing propagation is disabled at the pin.
W: STA-3011: Clock pin 'hdmi_i2c_inst/hdmi_cfg_inst/cfg_start/opit_0_inv_L6Q_perm/CLK' (gopLUT6Q.CLK) has no clock, timing propagation is disabled at the pin.
W: STA-3011: Clock pin 'hdmi_i2c_inst/hdmi_cfg_inst/cnt_wait[0]/opit_0_inv_L6Q_LUT6DL5Q_perm/CLK' (gopLUT6L5Q.CLK) has no clock, timing propagation is disabled at the pin.
W: STA-3011: Clock pin 'hdmi_i2c_inst/hdmi_cfg_inst/reg_num[1]/opit_0_inv_L5Q_perm/CLK' (gopLUT6L5Q.CLK) has no clock, timing propagation is disabled at the pin.
W: STA-3011: Clock pin 'hdmi_i2c_inst/hdmi_cfg_inst/reg_num[2]/opit_0_inv_L6QL5Q_perm/CLK' (gopLUT6QL5Q.CLK) has no clock, timing propagation is disabled at the pin.
W: STA-3011: Clock pin 'hdmi_i2c_inst/hdmi_cfg_inst/reg_num[4]/opit_0_inv_L6QL5Q_perm/CLK' (gopLUT6QL5Q.CLK) has no clock, timing propagation is disabled at the pin.
W: STA-3011: Clock pin 'hdmi_i2c_inst/hdmi_cfg_inst/reg_num[5]/opit_0_inv_L6QL5_perm/CLK' (gopLUT6QL5.CLK) has no clock, timing propagation is disabled at the pin.
W: STA-3011: Clock pin 'hdmi_i2c_inst/hdmi_cfg_inst/reg_num[6]/opit_0_inv_L6Q_perm/CLK' (gopLUT6Q.CLK) has no clock, timing propagation is disabled at the pin.
W: STA-3011: Clock pin 'hdmi_i2c_inst/i2c_ctrl_inst/ack/opit_0/CLK' (gopLATCH.CLK) has no clock, timing propagation is disabled at the pin.
W: STA-3011: Clock pin 'hdmi_i2c_inst/i2c_ctrl_inst/cnt_bit[0]/opit_0_inv_L6Q_LUT6DQL5_perm/CLK' (gopLUT6QL5.CLK) has no clock, timing propagation is disabled at the pin.
W: STA-3011: Clock pin 'hdmi_i2c_inst/i2c_ctrl_inst/cnt_bit[2]/opit_0_inv_L6QL5Q1_perm/CLK' (gopLUT6QL5Q.CLK) has no clock, timing propagation is disabled at the pin.
W: STA-3011: Clock pin 'hdmi_i2c_inst/i2c_ctrl_inst/cnt_i2c_clk[0]/opit_0_inv_L5Q_perm/CLK' (gopLUT6L5Q.CLK) has no clock, timing propagation is disabled at the pin.
W: STA-3011: Clock pin 'hdmi_i2c_inst/i2c_ctrl_inst/cnt_i2c_clk[1]/opit_0_inv_L5Q_perm/CLK' (gopLUT6L5Q.CLK) has no clock, timing propagation is disabled at the pin.
W: STA-3011: Clock pin 'hdmi_i2c_inst/i2c_ctrl_inst/i2c_end/opit_0_inv_L6Q_perm/CLK' (gopLUT6Q.CLK) has no clock, timing propagation is disabled at the pin.
W: STA-3011: Clock pin 'hdmi_i2c_inst/i2c_ctrl_inst/state_reg[0]/opit_0_inv_L6QL5Q1_perm/CLK' (gopLUT6QL5Q.CLK) has no clock, timing propagation is disabled at the pin.
W: STA-3011: Clock pin 'hdmi_i2c_inst/i2c_ctrl_inst/state_reg[1]/opit_0_inv_L6Q_perm/CLK' (gopLUT6Q.CLK) has no clock, timing propagation is disabled at the pin.
W: STA-3011: Clock pin 'hdmi_i2c_inst/i2c_ctrl_inst/state_reg[2]/opit_0_inv_L6Q_perm/CLK' (gopLUT6Q.CLK) has no clock, timing propagation is disabled at the pin.
W: STA-3011: Clock pin 'hdmi_i2c_inst/i2c_ctrl_inst/state_reg[3]/opit_0_inv_L6Q_perm/CLK' (gopLUT6Q.CLK) has no clock, timing propagation is disabled at the pin.
W: STA-3011: Clock pin 'hdmi_i2c_inst/i2c_ctrl_inst/state_reg[6]/opit_0_inv_L6Q_perm/CLK' (gopLUT6Q.CLK) has no clock, timing propagation is disabled at the pin.
W: STA-3011: Clock pin 'hdmi_i2c_inst/i2c_ctrl_inst/state_reg[7]/opit_0_inv_L6Q_perm/CLK' (gopLUT6Q.CLK) has no clock, timing propagation is disabled at the pin.
W: STA-3011: Clock pin 'hdmi_i2c_inst/i2c_ctrl_inst/state_reg[8]/opit_0_inv_L6Q_perm/CLK' (gopLUT6Q.CLK) has no clock, timing propagation is disabled at the pin.
W: STA-3011: Clock pin 'hdmi_i2c_inst/i2c_ctrl_inst/state_reg[9]/opit_0_inv_L6Q_perm/CLK' (gopLUT6Q.CLK) has no clock, timing propagation is disabled at the pin.
W: STA-3011: Clock pin 'hdmi_i2c_inst/i2c_ctrl_inst/state_reg[15]/opit_0_inv_L6Q_perm/CLK' (gopLUT6Q.CLK) has no clock, timing propagation is disabled at the pin.
W: STA-3011: Clock pin 'hdmi_i2c_inst/hdmi_cfg_inst/cnt_wait[4]/opit_0_inv_AQ_perm/CLK' (Carry.hdmi_i2c_inst/hdmi_cfg_inst/cnt_wait[4]/opit_0_inv_AQ_perm/CLK) has no clock, timing propagation is disabled at the pin.
W: STA-3011: Clock pin 'hdmi_i2c_inst/hdmi_cfg_inst/cnt_wait[8]/opit_0_inv_AQ_perm/CLK' (Carry.hdmi_i2c_inst/hdmi_cfg_inst/cnt_wait[8]/opit_0_inv_AQ_perm/CLK) has no clock, timing propagation is disabled at the pin.
W: STA-3011: Clock pin 'hdmi_i2c_inst/hdmi_cfg_inst/cnt_wait[9]/opit_0_inv_AQ_perm/CLK' (Carry.hdmi_i2c_inst/hdmi_cfg_inst/cnt_wait[9]/opit_0_inv_AQ_perm/CLK) has no clock, timing propagation is disabled at the pin.
W: Timing-4086: Port 'ddc_sda' is not constrained, it is treated as combinational input.
W: Timing-4087: Port 'ddc_sda' is not constrained, it is treated as combinational output.
W: Timing-4087: Port 'ddc_scl' is not constrained, it is treated as combinational output.
W: Timing-4087: Port 'hdmi_in_rst_n' is not constrained, it is treated as combinational output.
W: Timing-4087: Port 'hdmi_out_clk' is not constrained, it is treated as combinational output.
W: Timing-4087: Port 'hdmi_out_de' is not constrained, it is treated as combinational output.
W: Timing-4087: Port 'hdmi_out_hsync' is not constrained, it is treated as combinational output.
W: Timing-4087: Port 'hdmi_out_rgb[0]' is not constrained, it is treated as combinational output.
W: Timing-4087: Port 'hdmi_out_rgb[1]' is not constrained, it is treated as combinational output.
W: Timing-4087: Port 'hdmi_out_rgb[2]' is not constrained, it is treated as combinational output.
W: Timing-4087: Port 'hdmi_out_rgb[3]' is not constrained, it is treated as combinational output.
W: Timing-4087: Port 'hdmi_out_rgb[4]' is not constrained, it is treated as combinational output.
W: Timing-4087: Port 'hdmi_out_rgb[5]' is not constrained, it is treated as combinational output.
W: Timing-4087: Port 'hdmi_out_rgb[6]' is not constrained, it is treated as combinational output.
W: Timing-4087: Port 'hdmi_out_rgb[7]' is not constrained, it is treated as combinational output.
W: Timing-4087: Port 'hdmi_out_rgb[8]' is not constrained, it is treated as combinational output.
W: Timing-4087: Port 'hdmi_out_rgb[9]' is not constrained, it is treated as combinational output.
W: Timing-4087: Port 'hdmi_out_rgb[10]' is not constrained, it is treated as combinational output.
W: Timing-4087: Port 'hdmi_out_rgb[11]' is not constrained, it is treated as combinational output.
W: Timing-4087: Port 'hdmi_out_rgb[12]' is not constrained, it is treated as combinational output.
W: Timing-4087: Port 'hdmi_out_rgb[13]' is not constrained, it is treated as combinational output.
W: Timing-4087: Port 'hdmi_out_rgb[14]' is not constrained, it is treated as combinational output.
W: Timing-4087: Port 'hdmi_out_rgb[15]' is not constrained, it is treated as combinational output.
W: Timing-4087: Port 'hdmi_out_rgb[16]' is not constrained, it is treated as combinational output.
W: Timing-4087: Port 'hdmi_out_rgb[17]' is not constrained, it is treated as combinational output.
W: Timing-4087: Port 'hdmi_out_rgb[18]' is not constrained, it is treated as combinational output.
W: Timing-4087: Port 'hdmi_out_rgb[19]' is not constrained, it is treated as combinational output.
W: Timing-4087: Port 'hdmi_out_rgb[20]' is not constrained, it is treated as combinational output.
W: Timing-4087: Port 'hdmi_out_rgb[21]' is not constrained, it is treated as combinational output.
W: Timing-4087: Port 'hdmi_out_rgb[22]' is not constrained, it is treated as combinational output.
W: Timing-4087: Port 'hdmi_out_rgb[23]' is not constrained, it is treated as combinational output.
W: Timing-4087: Port 'hdmi_out_rst_n' is not constrained, it is treated as combinational output.
W: Timing-4087: Port 'hdmi_out_vsync' is not constrained, it is treated as combinational output.
W: Timing-4086: Port 'hdmi_in_clk' is not constrained, it is treated as combinational input.
W: Timing-4086: Port 'hdmi_in_de' is not constrained, it is treated as combinational input.
W: Timing-4086: Port 'hdmi_in_hsync' is not constrained, it is treated as combinational input.
W: Timing-4086: Port 'hdmi_in_rgb[0]' is not constrained, it is treated as combinational input.
W: Timing-4086: Port 'hdmi_in_rgb[1]' is not constrained, it is treated as combinational input.
W: Timing-4086: Port 'hdmi_in_rgb[2]' is not constrained, it is treated as combinational input.
W: Timing-4086: Port 'hdmi_in_rgb[3]' is not constrained, it is treated as combinational input.
W: Timing-4086: Port 'hdmi_in_rgb[4]' is not constrained, it is treated as combinational input.
W: Timing-4086: Port 'hdmi_in_rgb[5]' is not constrained, it is treated as combinational input.
W: Timing-4086: Port 'hdmi_in_rgb[6]' is not constrained, it is treated as combinational input.
W: Timing-4086: Port 'hdmi_in_rgb[7]' is not constrained, it is treated as combinational input.
W: Timing-4086: Port 'hdmi_in_rgb[8]' is not constrained, it is treated as combinational input.
W: Timing-4086: Port 'hdmi_in_rgb[9]' is not constrained, it is treated as combinational input.
W: Timing-4086: Port 'hdmi_in_rgb[10]' is not constrained, it is treated as combinational input.
W: Timing-4086: Port 'hdmi_in_rgb[11]' is not constrained, it is treated as combinational input.
W: Timing-4086: Port 'hdmi_in_rgb[12]' is not constrained, it is treated as combinational input.
W: Timing-4086: Port 'hdmi_in_rgb[13]' is not constrained, it is treated as combinational input.
W: Timing-4086: Port 'hdmi_in_rgb[14]' is not constrained, it is treated as combinational input.
W: Timing-4086: Port 'hdmi_in_rgb[15]' is not constrained, it is treated as combinational input.
W: Timing-4086: Port 'hdmi_in_rgb[16]' is not constrained, it is treated as combinational input.
W: Timing-4086: Port 'hdmi_in_rgb[17]' is not constrained, it is treated as combinational input.
W: Timing-4086: Port 'hdmi_in_rgb[18]' is not constrained, it is treated as combinational input.
W: Timing-4086: Port 'hdmi_in_rgb[19]' is not constrained, it is treated as combinational input.
W: Timing-4086: Port 'hdmi_in_rgb[20]' is not constrained, it is treated as combinational input.
W: Timing-4086: Port 'hdmi_in_rgb[21]' is not constrained, it is treated as combinational input.
W: Timing-4086: Port 'hdmi_in_rgb[22]' is not constrained, it is treated as combinational input.
W: Timing-4086: Port 'hdmi_in_rgb[23]' is not constrained, it is treated as combinational input.
W: Timing-4086: Port 'hdmi_in_vsync' is not constrained, it is treated as combinational input.
W: Timing-4086: Port 'sys_rst_n' is not constrained, it is treated as combinational input.
Report timing is finished successfully.
Action report_timing: Real time elapsed is 0h:0m:17s
Action report_timing: CPU time elapsed is 0h:0m:15s
Action report_timing: Process CPU time elapsed is 0h:0m:15s
Current time: Fri Aug 11 17:00:54 2023
Action report_timing: Peak memory pool usage is 1,087 MB
Action from compile to report_timing: Total Real Time elapsed is 0h:1m:47s
Action from compile to report_timing: Total CPU time elapsed is 0h:1m:9s
Action from compile to report_timing: Total Process CPU Time elapsed is 0h:1m:11s
Process "Report Timing" done.


Process "Generate Bitstream" started.
Current time: Fri Aug 11 17:00:55 2023
Compiling architecture definition.
Analyzing project file 'D:/pango_fire/PG2L100H/9_hdmi_loop/hdmi_loop_pango/hdmi_loop.pds'.
Compiling verification operator library.
Compiling common defs.
Compiling prim grid devices.
Compiling gate devices.
Compiling gate operators.
Building architecture model.
Loading device packaging model.
Reading design from DB.
Start Generating Programming File...
Reading design from DB takes 0.328125 sec.
Generating architecture configuration.
The bitstream file is "D:/pango_fire/PG2L100H/9_hdmi_loop/hdmi_loop_pango/generate_bitstream/hdmi_loop.sbit"
Generate programming file takes 8.390625 sec.
Generating Programming File done.
Action gen_bit_stream: Real time elapsed is 0h:0m:23s
Action gen_bit_stream: CPU time elapsed is 0h:0m:21s
Action gen_bit_stream: Process CPU time elapsed is 0h:0m:21s
Current time: Fri Aug 11 17:01:17 2023
Action gen_bit_stream: Peak memory pool usage is 1,094 MB
Action from compile to gen_bit_stream: Total Real Time elapsed is 0h:2m:10s
Action from compile to gen_bit_stream: Total CPU time elapsed is 0h:1m:30s
Action from compile to gen_bit_stream: Total Process CPU Time elapsed is 0h:1m:32s
Process "Generate Bitstream" done.
Process exit normally.
Process exit normally.
