#Build: Fabric Compiler 2020.3, Build 62942, Sep 29 13:34 2020
#Install: E:\pango\PDS_2020.3\bin
#Application name: pds.exe
#OS: Windows 10 10.0.18363
#Hostname: DESKTOP-6GABMIP
Generated by Fabric Compiler (version 2020.3 build 62942) at Thu Aug 10 09:51:25 2023
Compiling architecture definition.
Process exit normally.
Compiling architecture definition.
Analyzing project file 'D:/pango_fire/demo/9_hdmi_loop/hdmi_loop_pango/hdmi_loop.pds'.
Compiling verification operator library.
Loading technology operator library.
Compiling technology operator library.
Compiling technology operator (valence) library.
Reading design from translate DB.
Saving design to DB.
Compiling verification operator library.
Compiling common defs.
Compiling technology operator (valence) library.
Compiling prim grid devices.
Compiling prim grid device symbols.
Compiling gate devices.
Compiling gate operators.
Compiling tech operator impls.
Building architecture model.
Loading device packaging model 'FBG676'.
Building architecture floorplan logic view.
Building architecture floorplan schematic view.
C: ConstraintEditor-2002: [D:/pango_fire/demo/9_hdmi_loop/hdmi_loop_pango/hdmi_loop.fdc(line number: 241)] | Port hdmi_in_rgb[0] has been placed at location J15, whose type is share pin.
C: ConstraintEditor-2002: [D:/pango_fire/demo/9_hdmi_loop/hdmi_loop_pango/hdmi_loop.fdc(line number: 201)] | Port hdmi_in_rgb[10] has been placed at location H19, whose type is share pin.
C: ConstraintEditor-2002: [D:/pango_fire/demo/9_hdmi_loop/hdmi_loop_pango/hdmi_loop.fdc(line number: 197)] | Port hdmi_in_rgb[11] has been placed at location J19, whose type is share pin.
C: ConstraintEditor-2002: [D:/pango_fire/demo/9_hdmi_loop/hdmi_loop_pango/hdmi_loop.fdc(line number: 173)] | Port hdmi_in_rgb[17] has been placed at location F22, whose type is share pin.
C: ConstraintEditor-2002: [D:/pango_fire/demo/9_hdmi_loop/hdmi_loop_pango/hdmi_loop.fdc(line number: 169)] | Port hdmi_in_rgb[18] has been placed at location E23, whose type is share pin.
C: ConstraintEditor-2002: [D:/pango_fire/demo/9_hdmi_loop/hdmi_loop_pango/hdmi_loop.fdc(line number: 165)] | Port hdmi_in_rgb[19] has been placed at location F23, whose type is share pin.
C: ConstraintEditor-2002: [D:/pango_fire/demo/9_hdmi_loop/hdmi_loop_pango/hdmi_loop.fdc(line number: 237)] | Port hdmi_in_rgb[1] has been placed at location J14, whose type is share pin.
C: ConstraintEditor-2002: [D:/pango_fire/demo/9_hdmi_loop/hdmi_loop_pango/hdmi_loop.fdc(line number: 233)] | Port hdmi_in_rgb[2] has been placed at location K15, whose type is share pin.
C: ConstraintEditor-2002: [D:/pango_fire/demo/9_hdmi_loop/hdmi_loop_pango/hdmi_loop.fdc(line number: 229)] | Port hdmi_in_rgb[3] has been placed at location J16, whose type is share pin.
C: ConstraintEditor-2002: [D:/pango_fire/demo/9_hdmi_loop/hdmi_loop_pango/hdmi_loop.fdc(line number: 225)] | Port hdmi_in_rgb[4] has been placed at location J20, whose type is share pin.
C: ConstraintEditor-2002: [D:/pango_fire/demo/9_hdmi_loop/hdmi_loop_pango/hdmi_loop.fdc(line number: 221)] | Port hdmi_in_rgb[5] has been placed at location K20, whose type is share pin.
C: ConstraintEditor-2002: [D:/pango_fire/demo/9_hdmi_loop/hdmi_loop_pango/hdmi_loop.fdc(line number: 209)] | Port hdmi_in_rgb[8] has been placed at location H18, whose type is share pin.
C: ConstraintEditor-2002: [D:/pango_fire/demo/9_hdmi_loop/hdmi_loop_pango/hdmi_loop.fdc(line number: 205)] | Port hdmi_in_rgb[9] has been placed at location J18, whose type is share pin.
C: ConstraintEditor-2002: [D:/pango_fire/demo/9_hdmi_loop/hdmi_loop_pango/hdmi_loop.fdc(line number: 313)] | Port sys_rst_n has been placed at location G25, whose type is share pin.
Executing : get_ports sys_clk
Executing : get_ports sys_clk successfully.
Executing : create_clock -name sys_clk [get_ports sys_clk] -period 20.000 -waveform {0.000 10.000}
Executing : create_clock -name sys_clk [get_ports sys_clk] -period 20.000 -waveform {0.000 10.000} successfully.
Open UCE successfully.
Process exit normally.
Process exit normally.
Process exit normally.
Process exit normally.
I: Flow-6004: Design file modified: "D:/pango_fire/demo/9_hdmi_loop/hdmi_loop_pango/source/new/hdmi_cfg.v". 
Compiling architecture definition.


Process "Compile" started.
Current time: Fri Aug 11 14:54:17 2023
Compiling architecture definition.
Analyzing project file 'D:/pango_fire/demo/9_hdmi_loop/hdmi_loop_pango/hdmi_loop.pds'.
License checkout: fabric_ads
Compiling verification operator library.
Loading technology operator library.
Compiling technology operator library.
Compiling technology operator (valence) library.
I: Enable Verilog2k features and keywords
Executing : .rtl_analyze -include_path {D:/pango_fire/demo/9_hdmi_loop/hdmi_loop_pango} D:/pango_fire/demo/9_hdmi_loop/hdmi_loop_pango/source/new/hdmi_cfg.v
I: Verilog-0001: Analyzing file D:/pango_fire/demo/9_hdmi_loop/hdmi_loop_pango/source/new/hdmi_cfg.v
I: Verilog-0002: [D:/pango_fire/demo/9_hdmi_loop/hdmi_loop_pango/source/new/hdmi_cfg.v(line number: 10)] Analyzing module hdmi_cfg (library work)
Parsing done.
Executing : .rtl_analyze -include_path {D:/pango_fire/demo/9_hdmi_loop/hdmi_loop_pango} D:/pango_fire/demo/9_hdmi_loop/hdmi_loop_pango/source/new/hdmi_cfg.v successfully.
Executing : .rtl_analyze -include_path {D:/pango_fire/demo/9_hdmi_loop/hdmi_loop_pango} D:/pango_fire/demo/9_hdmi_loop/hdmi_loop_pango/source/new/hdmi_i2c.v
I: Verilog-0001: Analyzing file D:/pango_fire/demo/9_hdmi_loop/hdmi_loop_pango/source/new/hdmi_i2c.v
I: Verilog-0002: [D:/pango_fire/demo/9_hdmi_loop/hdmi_loop_pango/source/new/hdmi_i2c.v(line number: 10)] Analyzing module hdmi_i2c (library work)
Parsing done.
Executing : .rtl_analyze -include_path {D:/pango_fire/demo/9_hdmi_loop/hdmi_loop_pango} D:/pango_fire/demo/9_hdmi_loop/hdmi_loop_pango/source/new/hdmi_i2c.v successfully.
Executing : .rtl_analyze -include_path {D:/pango_fire/demo/9_hdmi_loop/hdmi_loop_pango} D:/pango_fire/demo/9_hdmi_loop/hdmi_loop_pango/source/new/hdmi_loop.v
I: Verilog-0001: Analyzing file D:/pango_fire/demo/9_hdmi_loop/hdmi_loop_pango/source/new/hdmi_loop.v
I: Verilog-0002: [D:/pango_fire/demo/9_hdmi_loop/hdmi_loop_pango/source/new/hdmi_loop.v(line number: 10)] Analyzing module hdmi_loop (library work)
Parsing done.
Executing : .rtl_analyze -include_path {D:/pango_fire/demo/9_hdmi_loop/hdmi_loop_pango} D:/pango_fire/demo/9_hdmi_loop/hdmi_loop_pango/source/new/hdmi_loop.v successfully.
Executing : .rtl_analyze -include_path {D:/pango_fire/demo/9_hdmi_loop/hdmi_loop_pango} D:/pango_fire/demo/9_hdmi_loop/hdmi_loop_pango/source/new/i2c_ctrl.v
I: Verilog-0001: Analyzing file D:/pango_fire/demo/9_hdmi_loop/hdmi_loop_pango/source/new/i2c_ctrl.v
I: Verilog-0002: [D:/pango_fire/demo/9_hdmi_loop/hdmi_loop_pango/source/new/i2c_ctrl.v(line number: 10)] Analyzing module i2c_ctrl (library work)
W: Verilog-2006: [D:/pango_fire/demo/9_hdmi_loop/hdmi_loop_pango/source/new/i2c_ctrl.v(line number: 37)] Ansi_parameter force parameter in body to localparam
W: Verilog-2006: [D:/pango_fire/demo/9_hdmi_loop/hdmi_loop_pango/source/new/i2c_ctrl.v(line number: 39)] Ansi_parameter force parameter in body to localparam
W: Verilog-2006: [D:/pango_fire/demo/9_hdmi_loop/hdmi_loop_pango/source/new/i2c_ctrl.v(line number: 41)] Ansi_parameter force parameter in body to localparam
Parsing done.
Executing : .rtl_analyze -include_path {D:/pango_fire/demo/9_hdmi_loop/hdmi_loop_pango} D:/pango_fire/demo/9_hdmi_loop/hdmi_loop_pango/source/new/i2c_ctrl.v successfully.
Executing : .rtl_analyze -include_path {D:/pango_fire/demo/9_hdmi_loop/hdmi_loop_pango} D:/pango_fire/demo/9_hdmi_loop/hdmi_loop_pango/ipcore/pll/pll.v
I: Verilog-0001: Analyzing file D:/pango_fire/demo/9_hdmi_loop/hdmi_loop_pango/ipcore/pll/pll.v
I: Verilog-0002: [D:/pango_fire/demo/9_hdmi_loop/hdmi_loop_pango/ipcore/pll/pll.v(line number: 21)] Analyzing module pll (library work)
Parsing done.
Executing : .rtl_analyze -include_path {D:/pango_fire/demo/9_hdmi_loop/hdmi_loop_pango} D:/pango_fire/demo/9_hdmi_loop/hdmi_loop_pango/ipcore/pll/pll.v successfully.
 0.038156s wall, 0.000000s user + 0.000000s system = 0.000000s CPU (n/a%)
Start rtl-elaborate.
I: Module "hdmi_loop" is set as top module.
I: Verilog-0003: [D:/pango_fire/demo/9_hdmi_loop/hdmi_loop_pango/source/new/hdmi_loop.v(line number: 10)] Elaborating module hdmi_loop
I: Verilog-0003: [D:/pango_fire/demo/9_hdmi_loop/hdmi_loop_pango/source/new/hdmi_i2c.v(line number: 10)] Elaborating module hdmi_i2c
I: Verilog-0003: [D:/pango_fire/demo/9_hdmi_loop/hdmi_loop_pango/source/new/i2c_ctrl.v(line number: 10)] Elaborating module i2c_ctrl
I: Verilog-0003: [D:/pango_fire/demo/9_hdmi_loop/hdmi_loop_pango/source/new/hdmi_cfg.v(line number: 10)] Elaborating module hdmi_cfg
E: Verilog-4119: [D:/pango_fire/demo/9_hdmi_loop/hdmi_loop_pango/source/new/hdmi_i2c.v(line number: 59)] Referenced port name 'wr_en' was not defined in module 'hdmi_cfg'
Program Error Out.
I: Flow-6004: Design file modified: "D:/pango_fire/demo/9_hdmi_loop/hdmi_loop_pango/source/new/hdmi_i2c.v". 
Compiling architecture definition.


Process "Compile" started.
Current time: Fri Aug 11 14:56:41 2023
Compiling architecture definition.
Analyzing project file 'D:/pango_fire/demo/9_hdmi_loop/hdmi_loop_pango/hdmi_loop.pds'.
License checkout: fabric_ads
Compiling verification operator library.
Loading technology operator library.
Compiling technology operator library.
Compiling technology operator (valence) library.
I: Enable Verilog2k features and keywords
Executing : .rtl_analyze -include_path {D:/pango_fire/demo/9_hdmi_loop/hdmi_loop_pango} D:/pango_fire/demo/9_hdmi_loop/hdmi_loop_pango/source/new/hdmi_cfg.v
I: Verilog-0001: Analyzing file D:/pango_fire/demo/9_hdmi_loop/hdmi_loop_pango/source/new/hdmi_cfg.v
I: Verilog-0002: [D:/pango_fire/demo/9_hdmi_loop/hdmi_loop_pango/source/new/hdmi_cfg.v(line number: 10)] Analyzing module hdmi_cfg (library work)
Parsing done.
Executing : .rtl_analyze -include_path {D:/pango_fire/demo/9_hdmi_loop/hdmi_loop_pango} D:/pango_fire/demo/9_hdmi_loop/hdmi_loop_pango/source/new/hdmi_cfg.v successfully.
Executing : .rtl_analyze -include_path {D:/pango_fire/demo/9_hdmi_loop/hdmi_loop_pango} D:/pango_fire/demo/9_hdmi_loop/hdmi_loop_pango/source/new/hdmi_i2c.v
I: Verilog-0001: Analyzing file D:/pango_fire/demo/9_hdmi_loop/hdmi_loop_pango/source/new/hdmi_i2c.v
I: Verilog-0002: [D:/pango_fire/demo/9_hdmi_loop/hdmi_loop_pango/source/new/hdmi_i2c.v(line number: 10)] Analyzing module hdmi_i2c (library work)
Parsing done.
Executing : .rtl_analyze -include_path {D:/pango_fire/demo/9_hdmi_loop/hdmi_loop_pango} D:/pango_fire/demo/9_hdmi_loop/hdmi_loop_pango/source/new/hdmi_i2c.v successfully.
Executing : .rtl_analyze -include_path {D:/pango_fire/demo/9_hdmi_loop/hdmi_loop_pango} D:/pango_fire/demo/9_hdmi_loop/hdmi_loop_pango/source/new/hdmi_loop.v
I: Verilog-0001: Analyzing file D:/pango_fire/demo/9_hdmi_loop/hdmi_loop_pango/source/new/hdmi_loop.v
I: Verilog-0002: [D:/pango_fire/demo/9_hdmi_loop/hdmi_loop_pango/source/new/hdmi_loop.v(line number: 10)] Analyzing module hdmi_loop (library work)
Parsing done.
Executing : .rtl_analyze -include_path {D:/pango_fire/demo/9_hdmi_loop/hdmi_loop_pango} D:/pango_fire/demo/9_hdmi_loop/hdmi_loop_pango/source/new/hdmi_loop.v successfully.
Executing : .rtl_analyze -include_path {D:/pango_fire/demo/9_hdmi_loop/hdmi_loop_pango} D:/pango_fire/demo/9_hdmi_loop/hdmi_loop_pango/source/new/i2c_ctrl.v
I: Verilog-0001: Analyzing file D:/pango_fire/demo/9_hdmi_loop/hdmi_loop_pango/source/new/i2c_ctrl.v
I: Verilog-0002: [D:/pango_fire/demo/9_hdmi_loop/hdmi_loop_pango/source/new/i2c_ctrl.v(line number: 10)] Analyzing module i2c_ctrl (library work)
W: Verilog-2006: [D:/pango_fire/demo/9_hdmi_loop/hdmi_loop_pango/source/new/i2c_ctrl.v(line number: 37)] Ansi_parameter force parameter in body to localparam
W: Verilog-2006: [D:/pango_fire/demo/9_hdmi_loop/hdmi_loop_pango/source/new/i2c_ctrl.v(line number: 39)] Ansi_parameter force parameter in body to localparam
W: Verilog-2006: [D:/pango_fire/demo/9_hdmi_loop/hdmi_loop_pango/source/new/i2c_ctrl.v(line number: 41)] Ansi_parameter force parameter in body to localparam
Parsing done.
Executing : .rtl_analyze -include_path {D:/pango_fire/demo/9_hdmi_loop/hdmi_loop_pango} D:/pango_fire/demo/9_hdmi_loop/hdmi_loop_pango/source/new/i2c_ctrl.v successfully.
Executing : .rtl_analyze -include_path {D:/pango_fire/demo/9_hdmi_loop/hdmi_loop_pango} D:/pango_fire/demo/9_hdmi_loop/hdmi_loop_pango/ipcore/pll/pll.v
I: Verilog-0001: Analyzing file D:/pango_fire/demo/9_hdmi_loop/hdmi_loop_pango/ipcore/pll/pll.v
I: Verilog-0002: [D:/pango_fire/demo/9_hdmi_loop/hdmi_loop_pango/ipcore/pll/pll.v(line number: 21)] Analyzing module pll (library work)
Parsing done.
Executing : .rtl_analyze -include_path {D:/pango_fire/demo/9_hdmi_loop/hdmi_loop_pango} D:/pango_fire/demo/9_hdmi_loop/hdmi_loop_pango/ipcore/pll/pll.v successfully.
 0.003854s wall, 0.000000s user + 0.000000s system = 0.000000s CPU (n/a%)
Start rtl-elaborate.
I: Module "hdmi_loop" is set as top module.
I: Verilog-0003: [D:/pango_fire/demo/9_hdmi_loop/hdmi_loop_pango/source/new/hdmi_loop.v(line number: 10)] Elaborating module hdmi_loop
I: Verilog-0003: [D:/pango_fire/demo/9_hdmi_loop/hdmi_loop_pango/source/new/hdmi_i2c.v(line number: 10)] Elaborating module hdmi_i2c
I: Verilog-0003: [D:/pango_fire/demo/9_hdmi_loop/hdmi_loop_pango/source/new/i2c_ctrl.v(line number: 10)] Elaborating module i2c_ctrl
I: Verilog-0003: [D:/pango_fire/demo/9_hdmi_loop/hdmi_loop_pango/source/new/hdmi_cfg.v(line number: 10)] Elaborating module hdmi_cfg
W: Verilog-2023: [D:/pango_fire/demo/9_hdmi_loop/hdmi_loop_pango/source/new/hdmi_i2c.v(line number: 39)] Give initial value 0 for the no drive pin rd_en in module instance
W: Verilog-2021: [D:/pango_fire/demo/9_hdmi_loop/hdmi_loop_pango/source/new/hdmi_i2c.v(line number: 31)] Net wr_en in module hdmi_i2c does not have a driver, tie it to 0
Executing : rtl-elaborate successfully.
 0.020049s wall, 0.015625s user + 0.000000s system = 0.015625s CPU (77.9%)
Start rtl-prep.
Executing : rtl-prep successfully.
 0.005241s wall, 0.000000s user + 0.000000s system = 0.000000s CPU (n/a%)
Start rtl-infer.
W: Sdm-2004: [D:/pango_fire/demo/9_hdmi_loop/hdmi_loop_pango/source/new/i2c_ctrl.v(line number: 68)] Latch is generated for signal ack, possible missing assignment in an if or case statement.
W: Sdm-2004: [D:/pango_fire/demo/9_hdmi_loop/hdmi_loop_pango/source/new/i2c_ctrl.v(line number: 69)] Latch is generated for signal i2c_sda_reg, possible missing assignment in an if or case statement.
W: Sdm-2004: Latch is generated for signal rd_data_reg[0], possible missing assignment in an if or case statement.
W: Sdm-2004: Latch is generated for signal rd_data_reg[1], possible missing assignment in an if or case statement.
W: Sdm-2004: Latch is generated for signal rd_data_reg[2], possible missing assignment in an if or case statement.
W: Sdm-2004: Latch is generated for signal rd_data_reg[3], possible missing assignment in an if or case statement.
W: Sdm-2004: Latch is generated for signal rd_data_reg[4], possible missing assignment in an if or case statement.
W: Sdm-2004: Latch is generated for signal rd_data_reg[5], possible missing assignment in an if or case statement.
W: Sdm-2004: Latch is generated for signal rd_data_reg[6], possible missing assignment in an if or case statement.
W: Sdm-2004: Latch is generated for signal rd_data_reg[7], possible missing assignment in an if or case statement.
Executing : rtl-infer successfully.
 0.119864s wall, 0.046875s user + 0.078125s system = 0.125000s CPU (104.3%)
Start rtl-control-opt.
Executing : rtl-control-opt successfully.
 0.003170s wall, 0.000000s user + 0.000000s system = 0.000000s CPU (n/a%)
Start rtl-data-opt.
Executing : rtl-data-opt successfully.
 0.020458s wall, 0.015625s user + 0.000000s system = 0.015625s CPU (76.4%)
Start FSM inference.
I: FSM state[3:0]_fsm[3:0] inferred.
FSM state[3:0]_fsm[3:0] STG:
Number of reachable states: 16
Input nets: N74 N117 N235 N509 addr_num i2c_start rd_en wr_en 
S0(0000)-->S1(0001): xxxxx1xx
S1(0001)-->S2(0010): xxx1xxxx
S2(0010)-->S3(0011): 1xxxxxxx
S3(0011)-->S4(0100): x1xx1xxx
S3(0011)-->S6(0110): x1xx0xxx
S4(0100)-->S5(0101): 1xxxxxxx
S5(0101)-->S6(0110): x1xxxxxx
S6(0110)-->S7(0111): 1xxxxxxx
S7(0111)-->S8(1000): x1xxxxx1
S7(0111)-->S10(1010): x1xxxx10
S8(1000)-->S9(1001): 1xxxxxxx
S9(1001)-->S15(1111): x1xxxxxx
S10(1010)-->S11(1011): xxx1xxxx
S11(1011)-->S12(1100): 1xxxxxxx
S12(1100)-->S13(1101): x1xxxxxx
S13(1101)-->S14(1110): 1xxxxxxx
S14(1110)-->S15(1111): xxx1xxxx
S15(1111)-->S0(0000): xx1xxxxx

Executing : FSM inference successfully.
 0.026142s wall, 0.015625s user + 0.015625s system = 0.031250s CPU (119.5%)
Start sdm2adm.
I: Constant propagation done on N404 (bmsWIDEMUX).
I: Constant propagation done on N359 (bmsWIDEMUX).
I: Constant propagation done on N749_1 (bmsWIDEMUX).
I: Constant propagation done on N64 (bmsWIDEMUX).
Executing : sdm2adm successfully.
 0.027585s wall, 0.031250s user + 0.000000s system = 0.031250s CPU (113.3%)
Saving design to DB.
Action compile: Real time elapsed is 3.000 sec
Action compile: CPU time elapsed is 1.109 sec
Current time: Fri Aug 11 14:56:43 2023
Action compile: Peak memory pool usage is 66,953,216 bytes
Process "Compile" done.


Process "Synthesize" started.
Current time: Fri Aug 11 14:56:43 2023
Compiling architecture definition.
Analyzing project file 'D:/pango_fire/demo/9_hdmi_loop/hdmi_loop_pango/hdmi_loop.pds'.
License checkout: fabric_ads
Compiling verification operator library.
Compiling common defs.
Loading technology operator library.
Compiling technology operator library.
Compiling technology operator (valence) library.
Reading design from compile DB
Reading design from compile DB successfully.
NOTE: The technology fpga was specified.
NOTE: delay_model specified was generic_cmos.
NOTE: Using the fpga syntax tables...
Totals:
 Calls to malloc = 0
 Calls to calloc = 133815

Constraint check start.
Compiling prim grid devices.
Building architecture model.
Loading device packaging model 'FBG676'.
Building architecture floorplan logic view.
Executing : get_ports sys_clk
Executing : get_ports sys_clk successfully.
Executing : create_clock -name sys_clk [get_ports sys_clk] -period 20.000 -waveform {0.000 10.000}
Executing : create_clock -name sys_clk [get_ports sys_clk] -period 20.000 -waveform {0.000 10.000} successfully.
C: ConstraintEditor-2002: [D:/pango_fire/demo/9_hdmi_loop/hdmi_loop_pango/hdmi_loop.fdc(line number: 241)] | Port hdmi_in_rgb[0] has been placed at location J15, whose type is share pin.
C: ConstraintEditor-2002: [D:/pango_fire/demo/9_hdmi_loop/hdmi_loop_pango/hdmi_loop.fdc(line number: 201)] | Port hdmi_in_rgb[10] has been placed at location H19, whose type is share pin.
C: ConstraintEditor-2002: [D:/pango_fire/demo/9_hdmi_loop/hdmi_loop_pango/hdmi_loop.fdc(line number: 197)] | Port hdmi_in_rgb[11] has been placed at location J19, whose type is share pin.
C: ConstraintEditor-2002: [D:/pango_fire/demo/9_hdmi_loop/hdmi_loop_pango/hdmi_loop.fdc(line number: 173)] | Port hdmi_in_rgb[17] has been placed at location F22, whose type is share pin.
C: ConstraintEditor-2002: [D:/pango_fire/demo/9_hdmi_loop/hdmi_loop_pango/hdmi_loop.fdc(line number: 169)] | Port hdmi_in_rgb[18] has been placed at location E23, whose type is share pin.
C: ConstraintEditor-2002: [D:/pango_fire/demo/9_hdmi_loop/hdmi_loop_pango/hdmi_loop.fdc(line number: 165)] | Port hdmi_in_rgb[19] has been placed at location F23, whose type is share pin.
C: ConstraintEditor-2002: [D:/pango_fire/demo/9_hdmi_loop/hdmi_loop_pango/hdmi_loop.fdc(line number: 237)] | Port hdmi_in_rgb[1] has been placed at location J14, whose type is share pin.
C: ConstraintEditor-2002: [D:/pango_fire/demo/9_hdmi_loop/hdmi_loop_pango/hdmi_loop.fdc(line number: 233)] | Port hdmi_in_rgb[2] has been placed at location K15, whose type is share pin.
C: ConstraintEditor-2002: [D:/pango_fire/demo/9_hdmi_loop/hdmi_loop_pango/hdmi_loop.fdc(line number: 229)] | Port hdmi_in_rgb[3] has been placed at location J16, whose type is share pin.
C: ConstraintEditor-2002: [D:/pango_fire/demo/9_hdmi_loop/hdmi_loop_pango/hdmi_loop.fdc(line number: 225)] | Port hdmi_in_rgb[4] has been placed at location J20, whose type is share pin.
C: ConstraintEditor-2002: [D:/pango_fire/demo/9_hdmi_loop/hdmi_loop_pango/hdmi_loop.fdc(line number: 221)] | Port hdmi_in_rgb[5] has been placed at location K20, whose type is share pin.
C: ConstraintEditor-2002: [D:/pango_fire/demo/9_hdmi_loop/hdmi_loop_pango/hdmi_loop.fdc(line number: 209)] | Port hdmi_in_rgb[8] has been placed at location H18, whose type is share pin.
C: ConstraintEditor-2002: [D:/pango_fire/demo/9_hdmi_loop/hdmi_loop_pango/hdmi_loop.fdc(line number: 205)] | Port hdmi_in_rgb[9] has been placed at location J18, whose type is share pin.
C: ConstraintEditor-2002: [D:/pango_fire/demo/9_hdmi_loop/hdmi_loop_pango/hdmi_loop.fdc(line number: 313)] | Port sys_rst_n has been placed at location G25, whose type is share pin.
Constraint check end.
Executing : get_pins {hdmi_i2c_inst/i2c_ctrl_inst/i2c_clk:Q[0]}
Executing : get_pins {hdmi_i2c_inst/i2c_ctrl_inst/i2c_clk:Q[0]} successfully.
Executing : create_clock -name {hdmi_i2c_inst/i2c_ctrl_inst/i2c_clk/Q[0]_Inferred} [get_pins {hdmi_i2c_inst/i2c_ctrl_inst/i2c_clk:Q[0]}] -period 1000.000 -waveform {0.000 500.000} -add
Executing : create_clock -name {hdmi_i2c_inst/i2c_ctrl_inst/i2c_clk/Q[0]_Inferred} [get_pins {hdmi_i2c_inst/i2c_ctrl_inst/i2c_clk:Q[0]}] -period 1000.000 -waveform {0.000 500.000} -add successfully.
Executing : get_pins hdmi_i2c_inst/i2c_ctrl_inst/N512:Z
Executing : get_pins hdmi_i2c_inst/i2c_ctrl_inst/N512:Z successfully.
Executing : create_clock -name hdmi_i2c_inst/i2c_ctrl_inst/N512/Z_Inferred [get_pins hdmi_i2c_inst/i2c_ctrl_inst/N512:Z] -period 1000.000 -waveform {0.000 500.000} -add
Executing : create_clock -name hdmi_i2c_inst/i2c_ctrl_inst/N512/Z_Inferred [get_pins hdmi_i2c_inst/i2c_ctrl_inst/N512:Z] -period 1000.000 -waveform {0.000 500.000} -add successfully.
Executing : get_pins hdmi_i2c_inst/i2c_ctrl_inst/N745:Z
Executing : get_pins hdmi_i2c_inst/i2c_ctrl_inst/N745:Z successfully.
Executing : create_clock -name hdmi_i2c_inst/i2c_ctrl_inst/N745/Z_Inferred [get_pins hdmi_i2c_inst/i2c_ctrl_inst/N745:Z] -period 1000.000 -waveform {0.000 500.000} -add
Executing : create_clock -name hdmi_i2c_inst/i2c_ctrl_inst/N745/Z_Inferred [get_pins hdmi_i2c_inst/i2c_ctrl_inst/N745:Z] -period 1000.000 -waveform {0.000 500.000} -add successfully.
Executing : get_pins hdmi_i2c_inst/i2c_ctrl_inst/N750:Z
Executing : get_pins hdmi_i2c_inst/i2c_ctrl_inst/N750:Z successfully.
Executing : create_clock -name hdmi_i2c_inst/i2c_ctrl_inst/N750/Z_Inferred [get_pins hdmi_i2c_inst/i2c_ctrl_inst/N750:Z] -period 1000.000 -waveform {0.000 500.000} -add
Executing : create_clock -name hdmi_i2c_inst/i2c_ctrl_inst/N750/Z_Inferred [get_pins hdmi_i2c_inst/i2c_ctrl_inst/N750:Z] -period 1000.000 -waveform {0.000 500.000} -add successfully.
Executing : get_pins hdmi_i2c_inst/i2c_ctrl_inst/N755:Z
Executing : get_pins hdmi_i2c_inst/i2c_ctrl_inst/N755:Z successfully.
Executing : create_clock -name hdmi_i2c_inst/i2c_ctrl_inst/N755/Z_Inferred [get_pins hdmi_i2c_inst/i2c_ctrl_inst/N755:Z] -period 1000.000 -waveform {0.000 500.000} -add
Executing : create_clock -name hdmi_i2c_inst/i2c_ctrl_inst/N755/Z_Inferred [get_pins hdmi_i2c_inst/i2c_ctrl_inst/N755:Z] -period 1000.000 -waveform {0.000 500.000} -add successfully.
Executing : get_pins hdmi_i2c_inst/i2c_ctrl_inst/N760:Z
Executing : get_pins hdmi_i2c_inst/i2c_ctrl_inst/N760:Z successfully.
Executing : create_clock -name hdmi_i2c_inst/i2c_ctrl_inst/N760/Z_Inferred [get_pins hdmi_i2c_inst/i2c_ctrl_inst/N760:Z] -period 1000.000 -waveform {0.000 500.000} -add
Executing : create_clock -name hdmi_i2c_inst/i2c_ctrl_inst/N760/Z_Inferred [get_pins hdmi_i2c_inst/i2c_ctrl_inst/N760:Z] -period 1000.000 -waveform {0.000 500.000} -add successfully.
Executing : get_pins hdmi_i2c_inst/i2c_ctrl_inst/N765:Z
Executing : get_pins hdmi_i2c_inst/i2c_ctrl_inst/N765:Z successfully.
Executing : create_clock -name hdmi_i2c_inst/i2c_ctrl_inst/N765/Z_Inferred [get_pins hdmi_i2c_inst/i2c_ctrl_inst/N765:Z] -period 1000.000 -waveform {0.000 500.000} -add
Executing : create_clock -name hdmi_i2c_inst/i2c_ctrl_inst/N765/Z_Inferred [get_pins hdmi_i2c_inst/i2c_ctrl_inst/N765:Z] -period 1000.000 -waveform {0.000 500.000} -add successfully.
Executing : get_pins hdmi_i2c_inst/i2c_ctrl_inst/N770:Z
Executing : get_pins hdmi_i2c_inst/i2c_ctrl_inst/N770:Z successfully.
Executing : create_clock -name hdmi_i2c_inst/i2c_ctrl_inst/N770/Z_Inferred [get_pins hdmi_i2c_inst/i2c_ctrl_inst/N770:Z] -period 1000.000 -waveform {0.000 500.000} -add
Executing : create_clock -name hdmi_i2c_inst/i2c_ctrl_inst/N770/Z_Inferred [get_pins hdmi_i2c_inst/i2c_ctrl_inst/N770:Z] -period 1000.000 -waveform {0.000 500.000} -add successfully.
Executing : get_pins hdmi_i2c_inst/i2c_ctrl_inst/N775:Z
Executing : get_pins hdmi_i2c_inst/i2c_ctrl_inst/N775:Z successfully.
Executing : create_clock -name hdmi_i2c_inst/i2c_ctrl_inst/N775/Z_Inferred [get_pins hdmi_i2c_inst/i2c_ctrl_inst/N775:Z] -period 1000.000 -waveform {0.000 500.000} -add
Executing : create_clock -name hdmi_i2c_inst/i2c_ctrl_inst/N775/Z_Inferred [get_pins hdmi_i2c_inst/i2c_ctrl_inst/N775:Z] -period 1000.000 -waveform {0.000 500.000} -add successfully.
Executing : get_pins hdmi_i2c_inst/i2c_ctrl_inst/N780:Z
Executing : get_pins hdmi_i2c_inst/i2c_ctrl_inst/N780:Z successfully.
Executing : create_clock -name hdmi_i2c_inst/i2c_ctrl_inst/N780/Z_Inferred [get_pins hdmi_i2c_inst/i2c_ctrl_inst/N780:Z] -period 1000.000 -waveform {0.000 500.000} -add
Executing : create_clock -name hdmi_i2c_inst/i2c_ctrl_inst/N780/Z_Inferred [get_pins hdmi_i2c_inst/i2c_ctrl_inst/N780:Z] -period 1000.000 -waveform {0.000 500.000} -add successfully.
Executing : get_pins hdmi_i2c_inst/i2c_ctrl_inst/N785:Z
Executing : get_pins hdmi_i2c_inst/i2c_ctrl_inst/N785:Z successfully.
Executing : create_clock -name hdmi_i2c_inst/i2c_ctrl_inst/N785/Z_Inferred [get_pins hdmi_i2c_inst/i2c_ctrl_inst/N785:Z] -period 1000.000 -waveform {0.000 500.000} -add
Executing : create_clock -name hdmi_i2c_inst/i2c_ctrl_inst/N785/Z_Inferred [get_pins hdmi_i2c_inst/i2c_ctrl_inst/N785:Z] -period 1000.000 -waveform {0.000 500.000} -add successfully.
Executing : set_clock_groups -name Inferred_clock_group -asynchronous -group {hdmi_i2c_inst/i2c_ctrl_inst/i2c_clk/Q[0]_Inferred}
Executing : set_clock_groups -name Inferred_clock_group -asynchronous -group {hdmi_i2c_inst/i2c_ctrl_inst/i2c_clk/Q[0]_Inferred} successfully.
Executing : set_clock_groups -name Inferred_clock_group_0 -asynchronous -group hdmi_i2c_inst/i2c_ctrl_inst/N512/Z_Inferred
Executing : set_clock_groups -name Inferred_clock_group_0 -asynchronous -group hdmi_i2c_inst/i2c_ctrl_inst/N512/Z_Inferred successfully.
Executing : set_clock_groups -name Inferred_clock_group_1 -asynchronous -group hdmi_i2c_inst/i2c_ctrl_inst/N745/Z_Inferred
Executing : set_clock_groups -name Inferred_clock_group_1 -asynchronous -group hdmi_i2c_inst/i2c_ctrl_inst/N745/Z_Inferred successfully.
Executing : set_clock_groups -name Inferred_clock_group_2 -asynchronous -group hdmi_i2c_inst/i2c_ctrl_inst/N750/Z_Inferred
Executing : set_clock_groups -name Inferred_clock_group_2 -asynchronous -group hdmi_i2c_inst/i2c_ctrl_inst/N750/Z_Inferred successfully.
Executing : set_clock_groups -name Inferred_clock_group_3 -asynchronous -group hdmi_i2c_inst/i2c_ctrl_inst/N755/Z_Inferred
Executing : set_clock_groups -name Inferred_clock_group_3 -asynchronous -group hdmi_i2c_inst/i2c_ctrl_inst/N755/Z_Inferred successfully.
Executing : set_clock_groups -name Inferred_clock_group_4 -asynchronous -group hdmi_i2c_inst/i2c_ctrl_inst/N760/Z_Inferred
Executing : set_clock_groups -name Inferred_clock_group_4 -asynchronous -group hdmi_i2c_inst/i2c_ctrl_inst/N760/Z_Inferred successfully.
Executing : set_clock_groups -name Inferred_clock_group_5 -asynchronous -group hdmi_i2c_inst/i2c_ctrl_inst/N765/Z_Inferred
Executing : set_clock_groups -name Inferred_clock_group_5 -asynchronous -group hdmi_i2c_inst/i2c_ctrl_inst/N765/Z_Inferred successfully.
Executing : set_clock_groups -name Inferred_clock_group_6 -asynchronous -group hdmi_i2c_inst/i2c_ctrl_inst/N770/Z_Inferred
Executing : set_clock_groups -name Inferred_clock_group_6 -asynchronous -group hdmi_i2c_inst/i2c_ctrl_inst/N770/Z_Inferred successfully.
Executing : set_clock_groups -name Inferred_clock_group_7 -asynchronous -group hdmi_i2c_inst/i2c_ctrl_inst/N775/Z_Inferred
Executing : set_clock_groups -name Inferred_clock_group_7 -asynchronous -group hdmi_i2c_inst/i2c_ctrl_inst/N775/Z_Inferred successfully.
Executing : set_clock_groups -name Inferred_clock_group_8 -asynchronous -group hdmi_i2c_inst/i2c_ctrl_inst/N780/Z_Inferred
Executing : set_clock_groups -name Inferred_clock_group_8 -asynchronous -group hdmi_i2c_inst/i2c_ctrl_inst/N780/Z_Inferred successfully.
Executing : set_clock_groups -name Inferred_clock_group_9 -asynchronous -group hdmi_i2c_inst/i2c_ctrl_inst/N785/Z_Inferred
Executing : set_clock_groups -name Inferred_clock_group_9 -asynchronous -group hdmi_i2c_inst/i2c_ctrl_inst/N785/Z_Inferred successfully.
Executing : set_clock_groups -name Inferred_clock_group -asynchronous -group {hdmi_i2c_inst/i2c_ctrl_inst/i2c_clk/Q[0]_Inferred}
Executing : set_clock_groups -name Inferred_clock_group -asynchronous -group {hdmi_i2c_inst/i2c_ctrl_inst/i2c_clk/Q[0]_Inferred} successfully.
Executing : set_clock_groups -name Inferred_clock_group_0 -asynchronous -group hdmi_i2c_inst/i2c_ctrl_inst/N512/Z_Inferred
Executing : set_clock_groups -name Inferred_clock_group_0 -asynchronous -group hdmi_i2c_inst/i2c_ctrl_inst/N512/Z_Inferred successfully.
Executing : set_clock_groups -name Inferred_clock_group_1 -asynchronous -group hdmi_i2c_inst/i2c_ctrl_inst/N745/Z_Inferred
Executing : set_clock_groups -name Inferred_clock_group_1 -asynchronous -group hdmi_i2c_inst/i2c_ctrl_inst/N745/Z_Inferred successfully.
Executing : set_clock_groups -name Inferred_clock_group_2 -asynchronous -group hdmi_i2c_inst/i2c_ctrl_inst/N750/Z_Inferred
Executing : set_clock_groups -name Inferred_clock_group_2 -asynchronous -group hdmi_i2c_inst/i2c_ctrl_inst/N750/Z_Inferred successfully.
Executing : set_clock_groups -name Inferred_clock_group_3 -asynchronous -group hdmi_i2c_inst/i2c_ctrl_inst/N755/Z_Inferred
Executing : set_clock_groups -name Inferred_clock_group_3 -asynchronous -group hdmi_i2c_inst/i2c_ctrl_inst/N755/Z_Inferred successfully.
Executing : set_clock_groups -name Inferred_clock_group_4 -asynchronous -group hdmi_i2c_inst/i2c_ctrl_inst/N760/Z_Inferred
Executing : set_clock_groups -name Inferred_clock_group_4 -asynchronous -group hdmi_i2c_inst/i2c_ctrl_inst/N760/Z_Inferred successfully.
Executing : set_clock_groups -name Inferred_clock_group_5 -asynchronous -group hdmi_i2c_inst/i2c_ctrl_inst/N765/Z_Inferred
Executing : set_clock_groups -name Inferred_clock_group_5 -asynchronous -group hdmi_i2c_inst/i2c_ctrl_inst/N765/Z_Inferred successfully.
Executing : set_clock_groups -name Inferred_clock_group_6 -asynchronous -group hdmi_i2c_inst/i2c_ctrl_inst/N770/Z_Inferred
Executing : set_clock_groups -name Inferred_clock_group_6 -asynchronous -group hdmi_i2c_inst/i2c_ctrl_inst/N770/Z_Inferred successfully.
Executing : set_clock_groups -name Inferred_clock_group_7 -asynchronous -group hdmi_i2c_inst/i2c_ctrl_inst/N775/Z_Inferred
Executing : set_clock_groups -name Inferred_clock_group_7 -asynchronous -group hdmi_i2c_inst/i2c_ctrl_inst/N775/Z_Inferred successfully.
Executing : set_clock_groups -name Inferred_clock_group_8 -asynchronous -group hdmi_i2c_inst/i2c_ctrl_inst/N780/Z_Inferred
Executing : set_clock_groups -name Inferred_clock_group_8 -asynchronous -group hdmi_i2c_inst/i2c_ctrl_inst/N780/Z_Inferred successfully.
Executing : set_clock_groups -name Inferred_clock_group_9 -asynchronous -group hdmi_i2c_inst/i2c_ctrl_inst/N785/Z_Inferred
Executing : set_clock_groups -name Inferred_clock_group_9 -asynchronous -group hdmi_i2c_inst/i2c_ctrl_inst/N785/Z_Inferred successfully.
Start pre-mapping.
I: Encoding type of FSM 'state[3:0]_fsm[3:0]' is: onehot.
I: Encoding table of FSM 'state[3:0]_fsm[3:0]':
I: from  hdmi_i2c_inst/i2c_ctrl_inst/state[3] hdmi_i2c_inst/i2c_ctrl_inst/state[2] hdmi_i2c_inst/i2c_ctrl_inst/state[1] hdmi_i2c_inst/i2c_ctrl_inst/state[0]
I: to  hdmi_i2c_inst/i2c_ctrl_inst/state_15 hdmi_i2c_inst/i2c_ctrl_inst/state_14 hdmi_i2c_inst/i2c_ctrl_inst/state_13 hdmi_i2c_inst/i2c_ctrl_inst/state_12 hdmi_i2c_inst/i2c_ctrl_inst/state_11 hdmi_i2c_inst/i2c_ctrl_inst/state_10 hdmi_i2c_inst/i2c_ctrl_inst/state_9 hdmi_i2c_inst/i2c_ctrl_inst/state_8 hdmi_i2c_inst/i2c_ctrl_inst/state_7 hdmi_i2c_inst/i2c_ctrl_inst/state_6 hdmi_i2c_inst/i2c_ctrl_inst/state_5 hdmi_i2c_inst/i2c_ctrl_inst/state_4 hdmi_i2c_inst/i2c_ctrl_inst/state_3 hdmi_i2c_inst/i2c_ctrl_inst/state_2 hdmi_i2c_inst/i2c_ctrl_inst/state_1 hdmi_i2c_inst/i2c_ctrl_inst/state_0
I: 0000 => 0000000000000001
I: 0001 => 0000000000000010
I: 0010 => 0000000000000100
I: 0011 => 0000000000001000
I: 0100 => 0000000000010000
I: 0101 => 0000000000100000
I: 0110 => 0000000001000000
I: 0111 => 0000000010000000
I: 1000 => 0000000100000000
I: 1001 => 0000001000000000
I: 1010 => 0000010000000000
I: 1011 => 0000100000000000
I: 1100 => 0001000000000000
I: 1101 => 0010000000000000
I: 1110 => 0100000000000000
I: 1111 => 1000000000000000
Executing : pre-mapping successfully.
 0.035132s wall, 0.031250s user + 0.000000s system = 0.031250s CPU (88.9%)
Start mod-gen.
I: Constant propagation done on hdmi_i2c_inst/i2c_ctrl_inst/N725 (bmsWIDEINV).
I: Constant propagation done on hdmi_i2c_inst/i2c_ctrl_inst/N724 (bmsREDAND).
I: Constant propagation done on hdmi_i2c_inst/i2c_ctrl_inst/state[3:0]_fsm[3:0]_12 (bmsREDAND).
I: Constant propagation done on hdmi_i2c_inst/i2c_ctrl_inst/addr_numinv (bmsINV).
I: Constant propagation done on hdmi_i2c_inst/i2c_ctrl_inst/state[3:0]_fsm[3:0]_5 (bmsREDAND).
I: Constant propagation done on hdmi_i2c_inst/i2c_ctrl_inst/state[3:0]_fsm[3:0]_15 (bmsREDAND).
I: Constant propagation done on hdmi_i2c_inst/i2c_ctrl_inst/N726 (bmsREDAND).
I: Constant propagation done on hdmi_i2c_inst/i2c_ctrl_inst/state[3:0]_fsm[3:0]_8 (bmsREDAND).
I: Constant propagation done on hdmi_i2c_inst/i2c_ctrl_inst/state[3:0]_fsm[3:0]_6 (bmsREDAND).
I: Constant propagation done on hdmi_i2c_inst/i2c_ctrl_inst/state[3:0]_fsm[3:0]_16 (bmsREDAND).
I: Removed bmsWIDEDFFCPE inst hdmi_i2c_inst/i2c_ctrl_inst/state_10 that is redundant to hdmi_i2c_inst/i2c_ctrl_inst/state_4
W: Register hdmi_i2c_inst/i2c_ctrl_inst/state_4 is reduced to constant 0.
I: Removed bmsWIDEDFFCPE inst hdmi_i2c_inst/i2c_ctrl_inst/state_11 that is redundant to hdmi_i2c_inst/i2c_ctrl_inst/state_5
W: Removed bmsWIDEDFFCPE inst hdmi_i2c_inst/i2c_ctrl_inst/state_5 that is stuck at constant 0.
W: Removed bmsWIDEDFFCPE inst hdmi_i2c_inst/i2c_ctrl_inst/state_12 that is stuck at constant 0.
W: Removed bmsWIDEDFFCPE inst hdmi_i2c_inst/i2c_ctrl_inst/state_13 that is stuck at constant 0.
W: Removed bmsWIDEDFFCPE inst hdmi_i2c_inst/i2c_ctrl_inst/rd_data[7:0] that is stuck at constant 0.
W: Removed bmsWIDEDFFCPE inst hdmi_i2c_inst/i2c_ctrl_inst/state_14 that is stuck at constant 0.
I: Removed bmsWIDEDLATCHCP inst hdmi_i2c_inst/i2c_ctrl_inst/rd_data_reg[1] that is redundant to hdmi_i2c_inst/i2c_ctrl_inst/rd_data_reg[0]
I: Removed bmsWIDEDLATCHCP inst hdmi_i2c_inst/i2c_ctrl_inst/rd_data_reg[2] that is redundant to hdmi_i2c_inst/i2c_ctrl_inst/rd_data_reg[0]
I: Removed bmsWIDEDLATCHCP inst hdmi_i2c_inst/i2c_ctrl_inst/rd_data_reg[3] that is redundant to hdmi_i2c_inst/i2c_ctrl_inst/rd_data_reg[0]
I: Removed bmsWIDEDLATCHCP inst hdmi_i2c_inst/i2c_ctrl_inst/rd_data_reg[4] that is redundant to hdmi_i2c_inst/i2c_ctrl_inst/rd_data_reg[0]
I: Removed bmsWIDEDLATCHCP inst hdmi_i2c_inst/i2c_ctrl_inst/rd_data_reg[5] that is redundant to hdmi_i2c_inst/i2c_ctrl_inst/rd_data_reg[0]
I: Removed bmsWIDEDLATCHCP inst hdmi_i2c_inst/i2c_ctrl_inst/rd_data_reg[6] that is redundant to hdmi_i2c_inst/i2c_ctrl_inst/rd_data_reg[0]
I: Removed bmsWIDEDLATCHCP inst hdmi_i2c_inst/i2c_ctrl_inst/rd_data_reg[7] that is redundant to hdmi_i2c_inst/i2c_ctrl_inst/rd_data_reg[0]
W: Public-4008: Instance 'hdmi_i2c_inst/i2c_ctrl_inst/rd_data_reg[0]' of 'bmsWIDEDLATCHCP' unit is dangling and will be cleaned.
Executing : mod-gen successfully.
 0.058798s wall, 0.062500s user + 0.000000s system = 0.062500s CPU (106.3%)
Start logic-optimization.
Executing : logic-optimization successfully.
 0.461160s wall, 0.453125s user + 0.000000s system = 0.453125s CPU (98.3%)
Start tech-mapping phase 1.
Executing : tech-mapping phase 1 successfully.
 0.008038s wall, 0.015625s user + 0.000000s system = 0.015625s CPU (194.4%)
Start tech-mapping phase 2.
Executing : tech-mapping phase 2 successfully.
 0.263172s wall, 0.234375s user + 0.015625s system = 0.250000s CPU (95.0%)
Start tech-optimization.
Executing : tech-optimization successfully.
 0.039071s wall, 0.046875s user + 0.000000s system = 0.046875s CPU (120.0%)
Start phys-optimization.
Executing : phys-optimization successfully.
 0.000066s wall, 0.000000s user + 0.000000s system = 0.000000s CPU (n/a%)
Start restore-hierarchy.
Executing : restore-hierarchy successfully.
 0.009305s wall, 0.015625s user + 0.000000s system = 0.015625s CPU (167.9%)

Cell Usage:
GTP_DFF_C                    12 uses
GTP_DFF_CE                   30 uses
GTP_DFF_P                     1 use
GTP_DFF_PE                    1 use
GTP_DLATCH                    1 use
GTP_DLATCH_P                  1 use
GTP_GRS                       1 use
GTP_INV                       1 use
GTP_LUT2                      2 uses
GTP_LUT3                      2 uses
GTP_LUT4                      2 uses
GTP_LUT5                     14 uses
GTP_LUT6                     24 uses
GTP_LUT6CARRY                10 uses
GTP_LUT6D                    18 uses
GTP_MUX2LUT7                  3 uses
GTP_MUX2LUT8                  1 use
GTP_ROM32X1                   4 uses
GTP_ROM32X2                   3 uses
bmsKEEPBUF                  149 uses

I/O ports: 62
GTP_INBUF                  30 uses
GTP_IOBUF                   1 use
GTP_OUTBUF                 31 uses

Mapping Summary:
Total LUTs: 79 of 66600 (0.12%)
	LUTs as dram: 0 of 19900 (0.00%)
	LUTs as logic: 79
Total Registers: 44 of 133200 (0.03%)
Total Latches: 2

DRM36K/FIFO:
Total DRM = 0.0 of 155 (0.00%)

APMs:
Total APMs = 0.00 of 240 (0.00%)

Total I/O ports = 62 of 300 (20.67%)


Number of unique control sets : 9
  CLK(hdmi_i2c_inst.cfg_clk), C(~nt_sys_rst_n)     : 4
  CLK(nt_sys_clk), CP(~nt_sys_rst_n)               : 9
      CLK(nt_sys_clk), C(~nt_sys_rst_n)            : 8
      CLK(nt_sys_clk), P(~nt_sys_rst_n)            : 1
  CLK(hdmi_i2c_inst.cfg_clk), C(~nt_sys_rst_n), CE(hdmi_i2c_inst.i2c_ctrl_inst.cnt_i2c_clk_en)     : 2
  CLK(hdmi_i2c_inst.cfg_clk), C(~nt_sys_rst_n), CE(hdmi_i2c_inst.i2c_ctrl_inst.N715)   : 3
  CLK(hdmi_i2c_inst.cfg_clk), C(~nt_sys_rst_n), CE(hdmi_i2c_inst.cfg_end)  : 7
  CLK(hdmi_i2c_inst.cfg_clk), CP(~nt_sys_rst_n), CE(hdmi_i2c_inst.i2c_ctrl_inst.N736)        : 9
      CLK(hdmi_i2c_inst.cfg_clk), C(~nt_sys_rst_n), CE(hdmi_i2c_inst.i2c_ctrl_inst.N736)     : 8
      CLK(hdmi_i2c_inst.cfg_clk), P(~nt_sys_rst_n), CE(hdmi_i2c_inst.i2c_ctrl_inst.N736)     : 1
  CLK(hdmi_i2c_inst.cfg_clk), C(~nt_sys_rst_n), CE(hdmi_i2c_inst.hdmi_cfg_inst.N3)     : 10
  G(hdmi_i2c_inst.i2c_ctrl_inst.N745)              : 1
  G(hdmi_i2c_inst.i2c_ctrl_inst.N512), P(hdmi_i2c_inst.i2c_ctrl_inst.N740)       : 1


Number of DFF:CE Signals : 5
  hdmi_i2c_inst.i2c_ctrl_inst.cnt_i2c_clk_en(from GTP_DFF_C:Q)       : 2
  hdmi_i2c_inst.i2c_ctrl_inst.N715(from GTP_LUT6:Z)      : 3
  hdmi_i2c_inst.cfg_end(from GTP_DFF_C:Q)          : 7
  hdmi_i2c_inst.i2c_ctrl_inst.N736(from GTP_LUT6:Z)      : 9
  hdmi_i2c_inst.hdmi_cfg_inst.N3(from GTP_LUT5:Z)  : 10

Number of DFF:CLK Signals : 2
  nt_sys_clk(from GTP_INBUF:O)                     : 9
  hdmi_i2c_inst.cfg_clk(from GTP_DFF_P:Q)          : 35

Number of DFF:CP Signals : 1
  ~nt_sys_rst_n(from GTP_INV:Z)                    : 44

Number of DLATCH:CP Signals : 1
  hdmi_i2c_inst.i2c_ctrl_inst.N740(from GTP_LUT6:Z)      : 1

Number of DLATCH:G Signals : 2
  hdmi_i2c_inst.i2c_ctrl_inst.N512(from GTP_LUT2:Z)      : 1
  hdmi_i2c_inst.i2c_ctrl_inst.N745(from GTP_LUT6:Z)      : 1

Design 'hdmi_loop' has been successfully synthesized to architecture-specific objects.
Saving design to DB.
I: Adm-6003: Trying to disconnect un-connected pin 'Z[0]' of instance 'ND6[27]'.
I: Adm-6003: Trying to disconnect un-connected pin 'Z[0]' of instance 'ND6[23]'.
I: Adm-6003: Trying to disconnect un-connected pin 'Z[0]' of instance 'ND11[1]'.
I: Adm-6003: Trying to disconnect un-connected pin 'Z[0]' of instance 'ND11[3]'.
I: Adm-6003: Trying to disconnect un-connected pin 'Z[0]' of instance 'ND11[0]'.
I: Adm-6003: Trying to disconnect un-connected pin 'Z[0]' of instance 'ND0'.
I: Adm-6003: Trying to disconnect un-connected pin 'Z[0]' of instance 'ND1'.
I: Adm-6003: Trying to disconnect un-connected pin 'Z[0]' of instance 'ND2'.
I: Adm-6003: Trying to disconnect un-connected pin 'Z[0]' of instance 'ND3'.
I: Adm-6003: Trying to disconnect un-connected pin 'Z[0]' of instance 'ND5'.
I: Adm-6003: Trying to disconnect un-connected pin 'Z[0]' of instance 'ND6'.
I: Adm-6003: Trying to disconnect un-connected pin 'Z[0]' of instance 'ND7'.
I: Adm-6003: Trying to disconnect un-connected pin 'Z[0]' of instance 'ND8'.
I: Adm-6003: Trying to disconnect un-connected pin 'Z[0]' of instance 'ND9'.
I: Adm-6003: Trying to disconnect un-connected pin 'Z[0]' of instance 'ND11'.
I: Adm-6003: Trying to disconnect un-connected pin 'Z[0]' of instance 'ND4[0]'.
I: Adm-6003: Trying to disconnect un-connected pin 'Z[0]' of instance 'ND4[1]'.
I: Adm-6003: Trying to disconnect un-connected pin 'Z[0]' of instance 'ND4[2]'.
I: Adm-6003: Trying to disconnect un-connected pin 'Z[0]' of instance 'ND4[3]'.
I: Adm-6003: Trying to disconnect un-connected pin 'Z[0]' of instance 'ND4[4]'.
I: Adm-6003: Trying to disconnect un-connected pin 'Z[0]' of instance 'ND4[5]'.
I: Adm-6003: Trying to disconnect un-connected pin 'Z[0]' of instance 'ND4[6]'.
I: Adm-6003: Trying to disconnect un-connected pin 'Z[0]' of instance 'ND4[7]'.
I: Adm-6003: Trying to disconnect un-connected pin 'Z[0]' of instance 'ND4[8]'.
I: Adm-6003: Trying to disconnect un-connected pin 'Z[0]' of instance 'ND4[9]'.
I: Adm-6003: Trying to disconnect un-connected pin 'Z[0]' of instance 'ND4[10]'.
I: Adm-6003: Trying to disconnect un-connected pin 'Z[0]' of instance 'ND4[11]'.
I: Adm-6003: Trying to disconnect un-connected pin 'Z[0]' of instance 'ND4[12]'.
I: Adm-6003: Trying to disconnect un-connected pin 'Z[0]' of instance 'ND4[13]'.
I: Adm-6003: Trying to disconnect un-connected pin 'Z[0]' of instance 'ND4[14]'.
I: Adm-6003: Trying to disconnect un-connected pin 'Z[0]' of instance 'ND4[15]'.
I: Adm-6003: Trying to disconnect un-connected pin 'Z[0]' of instance 'ND4[16]'.
I: Adm-6003: Trying to disconnect un-connected pin 'Z[0]' of instance 'ND4[17]'.
I: Adm-6003: Trying to disconnect un-connected pin 'Z[0]' of instance 'ND4[18]'.
I: Adm-6003: Trying to disconnect un-connected pin 'Z[0]' of instance 'ND4[19]'.
I: Adm-6003: Trying to disconnect un-connected pin 'Z[0]' of instance 'ND4[20]'.
I: Adm-6003: Trying to disconnect un-connected pin 'Z[0]' of instance 'ND4[21]'.
I: Adm-6003: Trying to disconnect un-connected pin 'Z[0]' of instance 'ND4[22]'.
I: Adm-6003: Trying to disconnect un-connected pin 'Z[0]' of instance 'ND4[23]'.
I: Adm-6003: Trying to disconnect un-connected pin 'Z[0]' of instance 'ND10[0]'.
I: Adm-6003: Trying to disconnect un-connected pin 'Z[0]' of instance 'ND10[1]'.
I: Adm-6003: Trying to disconnect un-connected pin 'Z[0]' of instance 'ND10[2]'.
I: Adm-6003: Trying to disconnect un-connected pin 'Z[0]' of instance 'ND10[3]'.
I: Adm-6003: Trying to disconnect un-connected pin 'Z[0]' of instance 'ND10[4]'.
I: Adm-6003: Trying to disconnect un-connected pin 'Z[0]' of instance 'ND10[5]'.
I: Adm-6003: Trying to disconnect un-connected pin 'Z[0]' of instance 'ND10[6]'.
I: Adm-6003: Trying to disconnect un-connected pin 'Z[0]' of instance 'ND10[7]'.
I: Adm-6003: Trying to disconnect un-connected pin 'Z[0]' of instance 'ND10[8]'.
I: Adm-6003: Trying to disconnect un-connected pin 'Z[0]' of instance 'ND10[9]'.
I: Adm-6003: Trying to disconnect un-connected pin 'Z[0]' of instance 'ND10[10]'.
I: Adm-6003: Trying to disconnect un-connected pin 'Z[0]' of instance 'ND10[11]'.
I: Adm-6003: Trying to disconnect un-connected pin 'Z[0]' of instance 'ND10[12]'.
I: Adm-6003: Trying to disconnect un-connected pin 'Z[0]' of instance 'ND10[13]'.
I: Adm-6003: Trying to disconnect un-connected pin 'Z[0]' of instance 'ND10[14]'.
I: Adm-6003: Trying to disconnect un-connected pin 'Z[0]' of instance 'ND10[15]'.
I: Adm-6003: Trying to disconnect un-connected pin 'Z[0]' of instance 'ND10[16]'.
I: Adm-6003: Trying to disconnect un-connected pin 'Z[0]' of instance 'ND10[17]'.
I: Adm-6003: Trying to disconnect un-connected pin 'Z[0]' of instance 'ND10[18]'.
I: Adm-6003: Trying to disconnect un-connected pin 'Z[0]' of instance 'ND10[19]'.
I: Adm-6003: Trying to disconnect un-connected pin 'Z[0]' of instance 'ND10[20]'.
I: Adm-6003: Trying to disconnect un-connected pin 'Z[0]' of instance 'ND10[21]'.
I: Adm-6003: Trying to disconnect un-connected pin 'Z[0]' of instance 'ND10[22]'.
I: Adm-6003: Trying to disconnect un-connected pin 'Z[0]' of instance 'ND10[23]'.
I: Adm-6003: Trying to disconnect un-connected pin 'Z[0]' of instance 'ND6[19]'.
I: Adm-6003: Trying to disconnect un-connected pin 'Z[0]' of instance 'ND6[18]'.
I: Adm-6003: Trying to disconnect un-connected pin 'Z[0]' of instance 'ND6[17]'.
I: Adm-6003: Trying to disconnect un-connected pin 'Z[0]' of instance 'ND6[16]'.
I: Adm-6003: Trying to disconnect un-connected pin 'Z[0]' of instance 'ND6[15]'.
I: Adm-6003: Trying to disconnect un-connected pin 'Z[0]' of instance 'ND6[14]'.
I: Adm-6003: Trying to disconnect un-connected pin 'Z[0]' of instance 'ND6[13]'.
I: Adm-6003: Trying to disconnect un-connected pin 'Z[0]' of instance 'ND6[12]'.
I: Adm-6003: Trying to disconnect un-connected pin 'Z[0]' of instance 'ND6[11]'.
I: Adm-6003: Trying to disconnect un-connected pin 'Z[0]' of instance 'ND6[10]'.
I: Adm-6003: Trying to disconnect un-connected pin 'Z[0]' of instance 'ND6[9]'.
I: Adm-6003: Trying to disconnect un-connected pin 'Z[0]' of instance 'ND6[8]'.
I: Adm-6003: Trying to disconnect un-connected pin 'Z[0]' of instance 'ND6[7]'.
I: Adm-6003: Trying to disconnect un-connected pin 'Z[0]' of instance 'ND6[6]'.
I: Adm-6003: Trying to disconnect un-connected pin 'Z[0]' of instance 'ND6[5]'.
I: Adm-6003: Trying to disconnect un-connected pin 'Z[0]' of instance 'ND6[4]'.
I: Adm-6003: Trying to disconnect un-connected pin 'Z[0]' of instance 'ND6[3]'.
I: Adm-6003: Trying to disconnect un-connected pin 'Z[0]' of instance 'ND6[2]'.
I: Adm-6003: Trying to disconnect un-connected pin 'Z[0]' of instance 'ND6[1]'.
I: Adm-6003: Trying to disconnect un-connected pin 'Z[0]' of instance 'ND6[0]'.
I: Adm-6003: Trying to disconnect un-connected pin 'Z[0]' of instance 'ND7'.
I: Adm-6003: Trying to disconnect un-connected pin 'Z[0]' of instance 'ND6[31]'.
I: Adm-6003: Trying to disconnect un-connected pin 'Z[0]' of instance 'ND5'.
I: Adm-6003: Trying to disconnect un-connected pin 'Z[0]' of instance 'ND4'.
I: Adm-6003: Trying to disconnect un-connected pin 'Z[0]' of instance 'ND6[30]'.
I: Adm-6003: Trying to disconnect un-connected pin 'Z[0]' of instance 'ND6[29]'.
I: Adm-6003: Trying to disconnect un-connected pin 'Z[0]' of instance 'ND6[28]'.
I: Adm-6003: Trying to disconnect un-connected pin 'Z[0]' of instance 'ND6[26]'.
I: Adm-6003: Trying to disconnect un-connected pin 'Z[0]' of instance 'ND6[25]'.
I: Adm-6003: Trying to disconnect un-connected pin 'Z[0]' of instance 'ND6[24]'.
I: Adm-6003: Trying to disconnect un-connected pin 'Z[0]' of instance 'ND6[22]'.
I: Adm-6003: Trying to disconnect un-connected pin 'Z[0]' of instance 'ND6[21]'.
I: Adm-6003: Trying to disconnect un-connected pin 'Z[0]' of instance 'ND6[20]'.
I: Adm-6003: Trying to disconnect un-connected pin 'Z[0]' of instance 'ND0'.
I: Adm-6003: Trying to disconnect un-connected pin 'Z[0]' of instance 'ND1'.
I: Adm-6003: Trying to disconnect un-connected pin 'Z[0]' of instance 'ND2'.
I: Adm-6003: Trying to disconnect un-connected pin 'Z[0]' of instance 'ND11[2]'.
I: Adm-6003: Trying to disconnect un-connected pin 'Z[0]' of instance 'ND11[4]'.
I: Adm-6003: Trying to disconnect un-connected pin 'Z[0]' of instance 'ND11[5]'.
I: Adm-6003: Trying to disconnect un-connected pin 'Z[0]' of instance 'ND11[6]'.
I: Adm-6003: Trying to disconnect un-connected pin 'Z[0]' of instance 'ND11[7]'.
I: Adm-6003: Trying to disconnect un-connected pin 'Z[0]' of instance 'ND13[0]'.
I: Adm-6003: Trying to disconnect un-connected pin 'Z[0]' of instance 'ND13[1]'.
I: Adm-6003: Trying to disconnect un-connected pin 'Z[0]' of instance 'ND13[2]'.
I: Adm-6003: Trying to disconnect un-connected pin 'Z[0]' of instance 'ND13[3]'.
I: Adm-6003: Trying to disconnect un-connected pin 'Z[0]' of instance 'ND13[4]'.
I: Adm-6003: Trying to disconnect un-connected pin 'Z[0]' of instance 'ND13[5]'.
I: Adm-6003: Trying to disconnect un-connected pin 'Z[0]' of instance 'ND13[6]'.
I: Adm-6003: Trying to disconnect un-connected pin 'Z[0]' of instance 'ND13[7]'.
I: Adm-6003: Trying to disconnect un-connected pin 'Z[0]' of instance 'ND14[0]'.
I: Adm-6003: Trying to disconnect un-connected pin 'Z[0]' of instance 'ND14[1]'.
I: Adm-6003: Trying to disconnect un-connected pin 'Z[0]' of instance 'ND14[2]'.
I: Adm-6003: Trying to disconnect un-connected pin 'Z[0]' of instance 'ND14[3]'.
I: Adm-6003: Trying to disconnect un-connected pin 'Z[0]' of instance 'ND14[4]'.
I: Adm-6003: Trying to disconnect un-connected pin 'Z[0]' of instance 'ND8'.
I: Adm-6003: Trying to disconnect un-connected pin 'Z[0]' of instance 'ND14[5]'.
I: Adm-6003: Trying to disconnect un-connected pin 'Z[0]' of instance 'ND14[6]'.
I: Adm-6003: Trying to disconnect un-connected pin 'Z[0]' of instance 'ND15[0]'.
I: Adm-6003: Trying to disconnect un-connected pin 'Z[0]' of instance 'ND12'.
I: Adm-6003: Trying to disconnect un-connected pin 'Z[0]' of instance 'ND15[1]'.
I: Adm-6003: Trying to disconnect un-connected pin 'Z[0]' of instance 'ND15[2]'.
I: Adm-6003: Trying to disconnect un-connected pin 'Z[0]' of instance 'ND15[3]'.
I: Adm-6003: Trying to disconnect un-connected pin 'Z[0]' of instance 'ND9[0]'.
I: Adm-6003: Trying to disconnect un-connected pin 'Z[0]' of instance 'ND9[1]'.
I: Adm-6003: Trying to disconnect un-connected pin 'Z[0]' of instance 'ND9[2]'.
I: Adm-6003: Trying to disconnect un-connected pin 'Z[0]' of instance 'ND9[3]'.
I: Adm-6003: Trying to disconnect un-connected pin 'Z[0]' of instance 'ND9[4]'.
I: Adm-6003: Trying to disconnect un-connected pin 'Z[0]' of instance 'ND9[5]'.
I: Adm-6003: Trying to disconnect un-connected pin 'Z[0]' of instance 'ND9[6]'.
I: Adm-6003: Trying to disconnect un-connected pin 'Z[0]' of instance 'ND9[7]'.
I: Adm-6003: Trying to disconnect un-connected pin 'Z[0]' of instance 'ND10[0]'.
I: Adm-6003: Trying to disconnect un-connected pin 'Z[0]' of instance 'ND10[1]'.
I: Adm-6003: Trying to disconnect un-connected pin 'Z[0]' of instance 'ND10[2]'.
I: Adm-6003: Trying to disconnect un-connected pin 'Z[0]' of instance 'ND10[3]'.
I: Adm-6003: Trying to disconnect un-connected pin 'Z[0]' of instance 'ND10[4]'.
I: Adm-6003: Trying to disconnect un-connected pin 'Z[0]' of instance 'ND10[5]'.
I: Adm-6003: Trying to disconnect un-connected pin 'Z[0]' of instance 'ND10[6]'.
I: Adm-6003: Trying to disconnect un-connected pin 'Z[0]' of instance 'ND10[7]'.
I: Adm-6003: Trying to disconnect un-connected pin 'Z[0]' of instance 'ND10[8]'.
I: Adm-6003: Trying to disconnect un-connected pin 'Z[0]' of instance 'ND10[9]'.
I: Adm-6003: Trying to disconnect un-connected pin 'Z[0]' of instance 'ND10[10]'.
I: Adm-6003: Trying to disconnect un-connected pin 'Z[0]' of instance 'ND10[11]'.
I: Adm-6003: Trying to disconnect un-connected pin 'Z[0]' of instance 'ND10[12]'.
I: Adm-6003: Trying to disconnect un-connected pin 'Z[0]' of instance 'ND10[13]'.
I: Adm-6003: Trying to disconnect un-connected pin 'Z[0]' of instance 'ND10[14]'.
I: Adm-6003: Trying to disconnect un-connected pin 'Z[0]' of instance 'ND10[15]'.
Saving design to hdmi_loop_syn.vm
Constructing timing graph ...
Timing graph has been constructed successfully
C: STA-3003: The timing arc 'I4->Z' of 'GTP_LUT6' are non_unate, The timing analyser will assume pos_unate for these arcs in clock propgation. Clock: 'hdmi_i2c_inst/i2c_ctrl_inst/i2c_clk/Q[0]_Inferred'  from 'hdmi_i2c_inst/i2c_ctrl_inst/i2c_clk_ce_mux[0]/I4' to: 'hdmi_i2c_inst/i2c_ctrl_inst/i2c_clk_ce_mux[0]/Z'
C: STA-3003: The timing arc 'I4->Z' of 'GTP_LUT6' are non_unate, The timing analyser will assume pos_unate for these arcs in clock propgation. Clock: 'hdmi_i2c_inst/i2c_ctrl_inst/i2c_clk/Q[0]_Inferred'  from 'hdmi_i2c_inst/i2c_ctrl_inst/i2c_clk_ce_mux[0]/I4' to: 'hdmi_i2c_inst/i2c_ctrl_inst/i2c_clk_ce_mux[0]/Z'
C: STA-3003: The timing arc 'I4->Z' of 'GTP_LUT6' are non_unate, The timing analyser will assume pos_unate for these arcs in clock propgation. Clock: 'hdmi_i2c_inst/i2c_ctrl_inst/i2c_clk/Q[0]_Inferred'  from 'hdmi_i2c_inst/i2c_ctrl_inst/i2c_clk_ce_mux[0]/I4' to: 'hdmi_i2c_inst/i2c_ctrl_inst/i2c_clk_ce_mux[0]/Z'
C: STA-3003: The timing arc 'I4->Z' of 'GTP_LUT6' are non_unate, The timing analyser will assume pos_unate for these arcs in clock propgation. Clock: 'hdmi_i2c_inst/i2c_ctrl_inst/i2c_clk/Q[0]_Inferred'  from 'hdmi_i2c_inst/i2c_ctrl_inst/i2c_clk_ce_mux[0]/I4' to: 'hdmi_i2c_inst/i2c_ctrl_inst/i2c_clk_ce_mux[0]/Z'
Check timing ...
C: STA-3011: Clock pin 'hdmi_i2c_inst/i2c_ctrl_inst/ack/G' (GTP_DLATCH_P.G) has no clock, timing propagation is disabled at the pin.
C: STA-3011: Clock pin 'hdmi_i2c_inst/i2c_ctrl_inst/i2c_sda_reg/G' (GTP_DLATCH.G) has no clock, timing propagation is disabled at the pin.
W: Timing-4086: Port 'ddc_sda' is not constrained, it is treated as combinational input.
W: Timing-4087: Port 'ddc_sda' is not constrained, it is treated as combinational output.
W: Timing-4087: Port 'ddc_scl' is not constrained, it is treated as combinational output.
W: Timing-4087: Port 'hdmi_in_rst_n' is not constrained, it is treated as combinational output.
W: Timing-4087: Port 'hdmi_out_clk' is not constrained, it is treated as combinational output.
W: Timing-4087: Port 'hdmi_out_de' is not constrained, it is treated as combinational output.
W: Timing-4087: Port 'hdmi_out_hsync' is not constrained, it is treated as combinational output.
W: Timing-4087: Port 'hdmi_out_rgb[0]' is not constrained, it is treated as combinational output.
W: Timing-4087: Port 'hdmi_out_rgb[1]' is not constrained, it is treated as combinational output.
W: Timing-4087: Port 'hdmi_out_rgb[2]' is not constrained, it is treated as combinational output.
W: Timing-4087: Port 'hdmi_out_rgb[3]' is not constrained, it is treated as combinational output.
W: Timing-4087: Port 'hdmi_out_rgb[4]' is not constrained, it is treated as combinational output.
W: Timing-4087: Port 'hdmi_out_rgb[5]' is not constrained, it is treated as combinational output.
W: Timing-4087: Port 'hdmi_out_rgb[6]' is not constrained, it is treated as combinational output.
W: Timing-4087: Port 'hdmi_out_rgb[7]' is not constrained, it is treated as combinational output.
W: Timing-4087: Port 'hdmi_out_rgb[8]' is not constrained, it is treated as combinational output.
W: Timing-4087: Port 'hdmi_out_rgb[9]' is not constrained, it is treated as combinational output.
W: Timing-4087: Port 'hdmi_out_rgb[10]' is not constrained, it is treated as combinational output.
W: Timing-4087: Port 'hdmi_out_rgb[11]' is not constrained, it is treated as combinational output.
W: Timing-4087: Port 'hdmi_out_rgb[12]' is not constrained, it is treated as combinational output.
W: Timing-4087: Port 'hdmi_out_rgb[13]' is not constrained, it is treated as combinational output.
W: Timing-4087: Port 'hdmi_out_rgb[14]' is not constrained, it is treated as combinational output.
W: Timing-4087: Port 'hdmi_out_rgb[15]' is not constrained, it is treated as combinational output.
W: Timing-4087: Port 'hdmi_out_rgb[16]' is not constrained, it is treated as combinational output.
W: Timing-4087: Port 'hdmi_out_rgb[17]' is not constrained, it is treated as combinational output.
W: Timing-4087: Port 'hdmi_out_rgb[18]' is not constrained, it is treated as combinational output.
W: Timing-4087: Port 'hdmi_out_rgb[19]' is not constrained, it is treated as combinational output.
W: Timing-4087: Port 'hdmi_out_rgb[20]' is not constrained, it is treated as combinational output.
W: Timing-4087: Port 'hdmi_out_rgb[21]' is not constrained, it is treated as combinational output.
W: Timing-4087: Port 'hdmi_out_rgb[22]' is not constrained, it is treated as combinational output.
W: Timing-4087: Port 'hdmi_out_rgb[23]' is not constrained, it is treated as combinational output.
W: Timing-4087: Port 'hdmi_out_rst_n' is not constrained, it is treated as combinational output.
W: Timing-4087: Port 'hdmi_out_vsync' is not constrained, it is treated as combinational output.
W: Timing-4086: Port 'hdmi_in_clk' is not constrained, it is treated as combinational input.
W: Timing-4086: Port 'hdmi_in_de' is not constrained, it is treated as combinational input.
W: Timing-4086: Port 'hdmi_in_hsync' is not constrained, it is treated as combinational input.
W: Timing-4086: Port 'hdmi_in_rgb[0]' is not constrained, it is treated as combinational input.
W: Timing-4086: Port 'hdmi_in_rgb[1]' is not constrained, it is treated as combinational input.
W: Timing-4086: Port 'hdmi_in_rgb[2]' is not constrained, it is treated as combinational input.
W: Timing-4086: Port 'hdmi_in_rgb[3]' is not constrained, it is treated as combinational input.
W: Timing-4086: Port 'hdmi_in_rgb[4]' is not constrained, it is treated as combinational input.
W: Timing-4086: Port 'hdmi_in_rgb[5]' is not constrained, it is treated as combinational input.
W: Timing-4086: Port 'hdmi_in_rgb[6]' is not constrained, it is treated as combinational input.
W: Timing-4086: Port 'hdmi_in_rgb[7]' is not constrained, it is treated as combinational input.
W: Timing-4086: Port 'hdmi_in_rgb[8]' is not constrained, it is treated as combinational input.
W: Timing-4086: Port 'hdmi_in_rgb[9]' is not constrained, it is treated as combinational input.
W: Timing-4086: Port 'hdmi_in_rgb[10]' is not constrained, it is treated as combinational input.
W: Timing-4086: Port 'hdmi_in_rgb[11]' is not constrained, it is treated as combinational input.
W: Timing-4086: Port 'hdmi_in_rgb[12]' is not constrained, it is treated as combinational input.
W: Timing-4086: Port 'hdmi_in_rgb[13]' is not constrained, it is treated as combinational input.
W: Timing-4086: Port 'hdmi_in_rgb[14]' is not constrained, it is treated as combinational input.
W: Timing-4086: Port 'hdmi_in_rgb[15]' is not constrained, it is treated as combinational input.
W: Timing-4086: Port 'hdmi_in_rgb[16]' is not constrained, it is treated as combinational input.
W: Timing-4086: Port 'hdmi_in_rgb[17]' is not constrained, it is treated as combinational input.
W: Timing-4086: Port 'hdmi_in_rgb[18]' is not constrained, it is treated as combinational input.
W: Timing-4086: Port 'hdmi_in_rgb[19]' is not constrained, it is treated as combinational input.
W: Timing-4086: Port 'hdmi_in_rgb[20]' is not constrained, it is treated as combinational input.
W: Timing-4086: Port 'hdmi_in_rgb[21]' is not constrained, it is treated as combinational input.
W: Timing-4086: Port 'hdmi_in_rgb[22]' is not constrained, it is treated as combinational input.
W: Timing-4086: Port 'hdmi_in_rgb[23]' is not constrained, it is treated as combinational input.
W: Timing-4086: Port 'hdmi_in_vsync' is not constrained, it is treated as combinational input.
W: Timing-4086: Port 'sys_rst_n' is not constrained, it is treated as combinational input.
Detailed Timing Report:

Timing analysis mode : single corner

 Clock Summary:                                                                                     
****************************************************************************************************
                                                                           Clock   Non-clock        
 Clock                    Period       Waveform       Type                 Loads       Loads  Sources
----------------------------------------------------------------------------------------------------
 sys_clk                  20.000       {0 10}         Declared                 9           0  {sys_clk}
 hdmi_i2c_inst/i2c_ctrl_inst/i2c_clk/Q[0]_Inferred
                          1000.000     {0 500}        Declared                35           0  {hdmi_i2c_inst/i2c_ctrl_inst/i2c_clk/Q}
====================================================================================================

 Clock Groups:                                                                                    
**************************************************************************************************
 Clock Group                   Group Type                 clocks                                  
--------------------------------------------------------------------------------------------------
 Inferred_clock_group          asynchronous               hdmi_i2c_inst/i2c_ctrl_inst/i2c_clk/Q[0]_Inferred
==================================================================================================

 Performance Summary:                                                                               
****************************************************************************************************
                              Requested       Estimated      Requested      Estimated               
 Clock                        Frequency       Frequency      Period         Period             Slack
----------------------------------------------------------------------------------------------------
 sys_clk                     50.000 MHz     610.501 MHz         20.000          1.638         18.362
 hdmi_i2c_inst/i2c_ctrl_inst/i2c_clk/Q[0]_Inferred
                              1.000 MHz     362.582 MHz       1000.000          2.758        997.242
====================================================================================================

Design Summary : All Constraints Met.

Setup Summary(Slow Corner):
****************************************************************************************************
                                                                          TNS Failing      TNS Total
 Launch Clock           Capture Clock              WNS(ns)     TNS(ns)      Endpoints      Endpoints
----------------------------------------------------------------------------------------------------
 sys_clk                sys_clk                     18.362       0.000              0              9
 hdmi_i2c_inst/i2c_ctrl_inst/i2c_clk/Q[0]_Inferred
                        hdmi_i2c_inst/i2c_ctrl_inst/i2c_clk/Q[0]_Inferred
                                                   997.242       0.000              0             66
====================================================================================================

Hold Summary(Slow Corner):
****************************************************************************************************
                                                                          THS Failing      THS Total
 Launch Clock           Capture Clock              WHS(ns)     THS(ns)      Endpoints      Endpoints
----------------------------------------------------------------------------------------------------
 sys_clk                sys_clk                      0.830       0.000              0              9
 hdmi_i2c_inst/i2c_ctrl_inst/i2c_clk/Q[0]_Inferred
                        hdmi_i2c_inst/i2c_ctrl_inst/i2c_clk/Q[0]_Inferred
                                                     0.649       0.000              0             66
====================================================================================================

Recovery Summary(Slow Corner):
****************************************************************************************************
                                                                          TNS Failing      TNS Total
 Launch Clock           Capture Clock              WNS(ns)     TNS(ns)      Endpoints      Endpoints
----------------------------------------------------------------------------------------------------
====================================================================================================

Removal Summary(Slow Corner):
****************************************************************************************************
                                                                          THS Failing      THS Total
 Launch Clock           Capture Clock              WHS(ns)     THS(ns)      Endpoints      Endpoints
----------------------------------------------------------------------------------------------------
====================================================================================================

Minimum Pulse Width Summary(Slow Corner):
****************************************************************************************************
                                                                         WPWS Failing     WPWS Total
 Clock                                            WPWS(ns)    TPWS(ns)      Endpoints      Endpoints
----------------------------------------------------------------------------------------------------
 sys_clk                                             9.702       0.000              0              9
 hdmi_i2c_inst/i2c_ctrl_inst/i2c_clk/Q[0]_Inferred
                                                   499.800       0.000              0             35
====================================================================================================

Setup Summary(Fast Corner):
****************************************************************************************************
                                                                          TNS Failing      TNS Total
 Launch Clock           Capture Clock              WNS(ns)     TNS(ns)      Endpoints      Endpoints
----------------------------------------------------------------------------------------------------
====================================================================================================

Hold Summary(Fast Corner):
****************************************************************************************************
                                                                          THS Failing      THS Total
 Launch Clock           Capture Clock              WHS(ns)     THS(ns)      Endpoints      Endpoints
----------------------------------------------------------------------------------------------------
====================================================================================================

Recovery Summary(Fast Corner):
****************************************************************************************************
                                                                          TNS Failing      TNS Total
 Launch Clock           Capture Clock              WNS(ns)     TNS(ns)      Endpoints      Endpoints
----------------------------------------------------------------------------------------------------
====================================================================================================

Removal Summary(Fast Corner):
****************************************************************************************************
                                                                          THS Failing      THS Total
 Launch Clock           Capture Clock              WHS(ns)     THS(ns)      Endpoints      Endpoints
----------------------------------------------------------------------------------------------------
====================================================================================================

Minimum Pulse Width Summary(Fast Corner):
****************************************************************************************************
                                                                         WPWS Failing     WPWS Total
 Clock                                            WPWS(ns)    TPWS(ns)      Endpoints      Endpoints
----------------------------------------------------------------------------------------------------
====================================================================================================

default
****************************************************************************************************
====================================================================================================

Startpoint  : hdmi_i2c_inst/i2c_ctrl_inst/cnt_clk[0]/CLK (GTP_DFF_C)
Endpoint    : hdmi_i2c_inst/i2c_ctrl_inst/cnt_clk[6]/D (GTP_DFF_C)
Path Group  : sys_clk
Path Type   : max
Path Class  : sequential timing path
Clock Skew :    0.000  (Capture Clock Delay - Launch Clock Delay + Clock Pessimism Removal)
  Capture Clock Delay     :  3.379
  Launch Clock Delay      :  3.379
  Clock Pessimism Removal :  0.000

 Location                          Delay Type             Incr        Path         Logical Resource 
----------------------------------------------------------------------------------------------------

 Clock sys_clk (rising edge)                             0.000       0.000 r                        
 sys_clk                                                 0.000       0.000 r       sys_clk (port)   
                                   net (fanout=1)        0.000       0.000         sys_clk          
                                                                                   sys_clk_ibuf/I (GTP_INBUF)
                                   td                    0.959       0.959 r       sys_clk_ibuf/O (GTP_INBUF)
                                   net (fanout=9)        2.420       3.379         nt_sys_clk       
                                                                           r       hdmi_i2c_inst/i2c_ctrl_inst/cnt_clk[0]/CLK (GTP_DFF_C)

                                   tco                   0.203       3.582 r       hdmi_i2c_inst/i2c_ctrl_inst/cnt_clk[0]/Q (GTP_DFF_C)
                                   net (fanout=8)        0.527       4.109         hdmi_i2c_inst/i2c_ctrl_inst/cnt_clk [0]
                                                                                   hdmi_i2c_inst/i2c_ctrl_inst/N8_ac2/I0 (GTP_LUT3)
                                   td                    0.203       4.312 r       hdmi_i2c_inst/i2c_ctrl_inst/N8_ac2/Z (GTP_LUT3)
                                   net (fanout=4)        0.423       4.735         hdmi_i2c_inst/i2c_ctrl_inst/_N11
                                                                                   hdmi_i2c_inst/i2c_ctrl_inst/N8_sum6/I4 (GTP_LUT5)
                                   td                    0.096       4.831 r       hdmi_i2c_inst/i2c_ctrl_inst/N8_sum6/Z (GTP_LUT5)
                                   net (fanout=1)        0.000       4.831         hdmi_i2c_inst/i2c_ctrl_inst/N706 [6]
                                                                           r       hdmi_i2c_inst/i2c_ctrl_inst/cnt_clk[6]/D (GTP_DFF_C)

 Data arrival time                                                   4.831         Logic Levels: 2  
                                                                                   Logic: 0.502ns(34.573%), Route: 0.950ns(65.427%)
----------------------------------------------------------------------------------------------------

 Clock sys_clk (rising edge)                            20.000      20.000 r                        
 sys_clk                                                 0.000      20.000 r       sys_clk (port)   
                                   net (fanout=1)        0.000      20.000         sys_clk          
                                                                                   sys_clk_ibuf/I (GTP_INBUF)
                                   td                    0.959      20.959 r       sys_clk_ibuf/O (GTP_INBUF)
                                   net (fanout=9)        2.420      23.379         nt_sys_clk       
                                                                           r       hdmi_i2c_inst/i2c_ctrl_inst/cnt_clk[6]/CLK (GTP_DFF_C)
 clock pessimism                                         0.000      23.379                          
 clock uncertainty                                      -0.050      23.329                          

 Setup time                                             -0.136      23.193                          

 Data required time                                                 23.193                          
----------------------------------------------------------------------------------------------------
 Data required time                                                 23.193                          
 Data arrival time                                                  -4.831                          
----------------------------------------------------------------------------------------------------
 Slack (MET)                                                        18.362                          
====================================================================================================

====================================================================================================

Startpoint  : hdmi_i2c_inst/i2c_ctrl_inst/cnt_clk[0]/CLK (GTP_DFF_C)
Endpoint    : hdmi_i2c_inst/i2c_ctrl_inst/cnt_clk[4]/D (GTP_DFF_C)
Path Group  : sys_clk
Path Type   : max
Path Class  : sequential timing path
Clock Skew :    0.000  (Capture Clock Delay - Launch Clock Delay + Clock Pessimism Removal)
  Capture Clock Delay     :  3.379
  Launch Clock Delay      :  3.379
  Clock Pessimism Removal :  0.000

 Location                          Delay Type             Incr        Path         Logical Resource 
----------------------------------------------------------------------------------------------------

 Clock sys_clk (rising edge)                             0.000       0.000 r                        
 sys_clk                                                 0.000       0.000 r       sys_clk (port)   
                                   net (fanout=1)        0.000       0.000         sys_clk          
                                                                                   sys_clk_ibuf/I (GTP_INBUF)
                                   td                    0.959       0.959 r       sys_clk_ibuf/O (GTP_INBUF)
                                   net (fanout=9)        2.420       3.379         nt_sys_clk       
                                                                           r       hdmi_i2c_inst/i2c_ctrl_inst/cnt_clk[0]/CLK (GTP_DFF_C)

                                   tco                   0.203       3.582 r       hdmi_i2c_inst/i2c_ctrl_inst/cnt_clk[0]/Q (GTP_DFF_C)
                                   net (fanout=8)        0.527       4.109         hdmi_i2c_inst/i2c_ctrl_inst/cnt_clk [0]
                                                                                   hdmi_i2c_inst/i2c_ctrl_inst/N8_ac2/I0 (GTP_LUT3)
                                   td                    0.203       4.312 r       hdmi_i2c_inst/i2c_ctrl_inst/N8_ac2/Z (GTP_LUT3)
                                   net (fanout=4)        0.423       4.735         hdmi_i2c_inst/i2c_ctrl_inst/_N11
                                                                                   hdmi_i2c_inst/i2c_ctrl_inst/N706[4]/I4 (GTP_LUT6)
                                   td                    0.074       4.809 r       hdmi_i2c_inst/i2c_ctrl_inst/N706[4]/Z (GTP_LUT6)
                                   net (fanout=1)        0.000       4.809         hdmi_i2c_inst/i2c_ctrl_inst/N706 [4]
                                                                           r       hdmi_i2c_inst/i2c_ctrl_inst/cnt_clk[4]/D (GTP_DFF_C)

 Data arrival time                                                   4.809         Logic Levels: 2  
                                                                                   Logic: 0.480ns(33.566%), Route: 0.950ns(66.434%)
----------------------------------------------------------------------------------------------------

 Clock sys_clk (rising edge)                            20.000      20.000 r                        
 sys_clk                                                 0.000      20.000 r       sys_clk (port)   
                                   net (fanout=1)        0.000      20.000         sys_clk          
                                                                                   sys_clk_ibuf/I (GTP_INBUF)
                                   td                    0.959      20.959 r       sys_clk_ibuf/O (GTP_INBUF)
                                   net (fanout=9)        2.420      23.379         nt_sys_clk       
                                                                           r       hdmi_i2c_inst/i2c_ctrl_inst/cnt_clk[4]/CLK (GTP_DFF_C)
 clock pessimism                                         0.000      23.379                          
 clock uncertainty                                      -0.050      23.329                          

 Setup time                                             -0.136      23.193                          

 Data required time                                                 23.193                          
----------------------------------------------------------------------------------------------------
 Data required time                                                 23.193                          
 Data arrival time                                                  -4.809                          
----------------------------------------------------------------------------------------------------
 Slack (MET)                                                        18.384                          
====================================================================================================

====================================================================================================

Startpoint  : hdmi_i2c_inst/i2c_ctrl_inst/cnt_clk[0]/CLK (GTP_DFF_C)
Endpoint    : hdmi_i2c_inst/i2c_ctrl_inst/cnt_clk[7]/D (GTP_DFF_C)
Path Group  : sys_clk
Path Type   : max
Path Class  : sequential timing path
Clock Skew :    0.000  (Capture Clock Delay - Launch Clock Delay + Clock Pessimism Removal)
  Capture Clock Delay     :  3.379
  Launch Clock Delay      :  3.379
  Clock Pessimism Removal :  0.000

 Location                          Delay Type             Incr        Path         Logical Resource 
----------------------------------------------------------------------------------------------------

 Clock sys_clk (rising edge)                             0.000       0.000 r                        
 sys_clk                                                 0.000       0.000 r       sys_clk (port)   
                                   net (fanout=1)        0.000       0.000         sys_clk          
                                                                                   sys_clk_ibuf/I (GTP_INBUF)
                                   td                    0.959       0.959 r       sys_clk_ibuf/O (GTP_INBUF)
                                   net (fanout=9)        2.420       3.379         nt_sys_clk       
                                                                           r       hdmi_i2c_inst/i2c_ctrl_inst/cnt_clk[0]/CLK (GTP_DFF_C)

                                   tco                   0.203       3.582 r       hdmi_i2c_inst/i2c_ctrl_inst/cnt_clk[0]/Q (GTP_DFF_C)
                                   net (fanout=8)        0.527       4.109         hdmi_i2c_inst/i2c_ctrl_inst/cnt_clk [0]
                                                                                   hdmi_i2c_inst/i2c_ctrl_inst/N8_ac2/I0 (GTP_LUT3)
                                   td                    0.203       4.312 r       hdmi_i2c_inst/i2c_ctrl_inst/N8_ac2/Z (GTP_LUT3)
                                   net (fanout=4)        0.423       4.735         hdmi_i2c_inst/i2c_ctrl_inst/_N11
                                                                                   hdmi_i2c_inst/i2c_ctrl_inst/N8_sum7_1/I5 (GTP_LUT6)
                                   td                    0.074       4.809 r       hdmi_i2c_inst/i2c_ctrl_inst/N8_sum7_1/Z (GTP_LUT6)
                                   net (fanout=1)        0.000       4.809         hdmi_i2c_inst/i2c_ctrl_inst/N706 [7]
                                                                           r       hdmi_i2c_inst/i2c_ctrl_inst/cnt_clk[7]/D (GTP_DFF_C)

 Data arrival time                                                   4.809         Logic Levels: 2  
                                                                                   Logic: 0.480ns(33.566%), Route: 0.950ns(66.434%)
----------------------------------------------------------------------------------------------------

 Clock sys_clk (rising edge)                            20.000      20.000 r                        
 sys_clk                                                 0.000      20.000 r       sys_clk (port)   
                                   net (fanout=1)        0.000      20.000         sys_clk          
                                                                                   sys_clk_ibuf/I (GTP_INBUF)
                                   td                    0.959      20.959 r       sys_clk_ibuf/O (GTP_INBUF)
                                   net (fanout=9)        2.420      23.379         nt_sys_clk       
                                                                           r       hdmi_i2c_inst/i2c_ctrl_inst/cnt_clk[7]/CLK (GTP_DFF_C)
 clock pessimism                                         0.000      23.379                          
 clock uncertainty                                      -0.050      23.329                          

 Setup time                                             -0.136      23.193                          

 Data required time                                                 23.193                          
----------------------------------------------------------------------------------------------------
 Data required time                                                 23.193                          
 Data arrival time                                                  -4.809                          
----------------------------------------------------------------------------------------------------
 Slack (MET)                                                        18.384                          
====================================================================================================

====================================================================================================

Startpoint  : hdmi_i2c_inst/i2c_ctrl_inst/cnt_clk[7]/CLK (GTP_DFF_C)
Endpoint    : hdmi_i2c_inst/i2c_ctrl_inst/cnt_clk[7]/D (GTP_DFF_C)
Path Group  : sys_clk
Path Type   : min
Path Class  : sequential timing path
Clock Skew :    0.000  (Capture Clock Delay - Launch Clock Delay + Clock Pessimism Removal)
  Capture Clock Delay     :  3.379
  Launch Clock Delay      :  3.379
  Clock Pessimism Removal :  0.000

 Location                          Delay Type             Incr        Path         Logical Resource 
----------------------------------------------------------------------------------------------------

 Clock sys_clk (rising edge)                             0.000       0.000 r                        
 sys_clk                                                 0.000       0.000 r       sys_clk (port)   
                                   net (fanout=1)        0.000       0.000         sys_clk          
                                                                                   sys_clk_ibuf/I (GTP_INBUF)
                                   td                    0.959       0.959 r       sys_clk_ibuf/O (GTP_INBUF)
                                   net (fanout=9)        2.420       3.379         nt_sys_clk       
                                                                           r       hdmi_i2c_inst/i2c_ctrl_inst/cnt_clk[7]/CLK (GTP_DFF_C)

                                   tco                   0.185       3.564 f       hdmi_i2c_inst/i2c_ctrl_inst/cnt_clk[7]/Q (GTP_DFF_C)
                                   net (fanout=2)        0.426       3.990         hdmi_i2c_inst/i2c_ctrl_inst/cnt_clk [7]
                                                                                   hdmi_i2c_inst/i2c_ctrl_inst/N8_sum7_1/I2 (GTP_LUT6)
                                   td                    0.175       4.165 f       hdmi_i2c_inst/i2c_ctrl_inst/N8_sum7_1/Z (GTP_LUT6)
                                   net (fanout=1)        0.000       4.165         hdmi_i2c_inst/i2c_ctrl_inst/N706 [7]
                                                                           f       hdmi_i2c_inst/i2c_ctrl_inst/cnt_clk[7]/D (GTP_DFF_C)

 Data arrival time                                                   4.165         Logic Levels: 1  
                                                                                   Logic: 0.360ns(45.802%), Route: 0.426ns(54.198%)
----------------------------------------------------------------------------------------------------

 Clock sys_clk (rising edge)                             0.000       0.000 r                        
 sys_clk                                                 0.000       0.000 r       sys_clk (port)   
                                   net (fanout=1)        0.000       0.000         sys_clk          
                                                                                   sys_clk_ibuf/I (GTP_INBUF)
                                   td                    0.959       0.959 r       sys_clk_ibuf/O (GTP_INBUF)
                                   net (fanout=9)        2.420       3.379         nt_sys_clk       
                                                                           r       hdmi_i2c_inst/i2c_ctrl_inst/cnt_clk[7]/CLK (GTP_DFF_C)
 clock pessimism                                         0.000       3.379                          
 clock uncertainty                                       0.000       3.379                          

 Hold time                                              -0.044       3.335                          

 Data required time                                                  3.335                          
----------------------------------------------------------------------------------------------------
 Data required time                                                  3.335                          
 Data arrival time                                                  -4.165                          
----------------------------------------------------------------------------------------------------
 Slack (MET)                                                         0.830                          
====================================================================================================

====================================================================================================

Startpoint  : hdmi_i2c_inst/i2c_ctrl_inst/cnt_clk[2]/CLK (GTP_DFF_C)
Endpoint    : hdmi_i2c_inst/i2c_ctrl_inst/cnt_clk[5]/D (GTP_DFF_C)
Path Group  : sys_clk
Path Type   : min
Path Class  : sequential timing path
Clock Skew :    0.000  (Capture Clock Delay - Launch Clock Delay + Clock Pessimism Removal)
  Capture Clock Delay     :  3.379
  Launch Clock Delay      :  3.379
  Clock Pessimism Removal :  0.000

 Location                          Delay Type             Incr        Path         Logical Resource 
----------------------------------------------------------------------------------------------------

 Clock sys_clk (rising edge)                             0.000       0.000 r                        
 sys_clk                                                 0.000       0.000 r       sys_clk (port)   
                                   net (fanout=1)        0.000       0.000         sys_clk          
                                                                                   sys_clk_ibuf/I (GTP_INBUF)
                                   td                    0.959       0.959 r       sys_clk_ibuf/O (GTP_INBUF)
                                   net (fanout=9)        2.420       3.379         nt_sys_clk       
                                                                           r       hdmi_i2c_inst/i2c_ctrl_inst/cnt_clk[2]/CLK (GTP_DFF_C)

                                   tco                   0.185       3.564 f       hdmi_i2c_inst/i2c_ctrl_inst/cnt_clk[2]/Q (GTP_DFF_C)
                                   net (fanout=4)        0.476       4.040         hdmi_i2c_inst/i2c_ctrl_inst/cnt_clk [2]
                                                                                   hdmi_i2c_inst/i2c_ctrl_inst/N8_sum5_1/I2 (GTP_LUT6)
                                   td                    0.138       4.178 f       hdmi_i2c_inst/i2c_ctrl_inst/N8_sum5_1/Z (GTP_LUT6)
                                   net (fanout=1)        0.000       4.178         hdmi_i2c_inst/i2c_ctrl_inst/N706 [5]
                                                                           f       hdmi_i2c_inst/i2c_ctrl_inst/cnt_clk[5]/D (GTP_DFF_C)

 Data arrival time                                                   4.178         Logic Levels: 1  
                                                                                   Logic: 0.323ns(40.426%), Route: 0.476ns(59.574%)
----------------------------------------------------------------------------------------------------

 Clock sys_clk (rising edge)                             0.000       0.000 r                        
 sys_clk                                                 0.000       0.000 r       sys_clk (port)   
                                   net (fanout=1)        0.000       0.000         sys_clk          
                                                                                   sys_clk_ibuf/I (GTP_INBUF)
                                   td                    0.959       0.959 r       sys_clk_ibuf/O (GTP_INBUF)
                                   net (fanout=9)        2.420       3.379         nt_sys_clk       
                                                                           r       hdmi_i2c_inst/i2c_ctrl_inst/cnt_clk[5]/CLK (GTP_DFF_C)
 clock pessimism                                         0.000       3.379                          
 clock uncertainty                                       0.000       3.379                          

 Hold time                                              -0.044       3.335                          

 Data required time                                                  3.335                          
----------------------------------------------------------------------------------------------------
 Data required time                                                  3.335                          
 Data arrival time                                                  -4.178                          
----------------------------------------------------------------------------------------------------
 Slack (MET)                                                         0.843                          
====================================================================================================

====================================================================================================

Startpoint  : hdmi_i2c_inst/i2c_ctrl_inst/cnt_clk[0]/CLK (GTP_DFF_C)
Endpoint    : hdmi_i2c_inst/i2c_ctrl_inst/cnt_clk[4]/D (GTP_DFF_C)
Path Group  : sys_clk
Path Type   : min
Path Class  : sequential timing path
Clock Skew :    0.000  (Capture Clock Delay - Launch Clock Delay + Clock Pessimism Removal)
  Capture Clock Delay     :  3.379
  Launch Clock Delay      :  3.379
  Clock Pessimism Removal :  0.000

 Location                          Delay Type             Incr        Path         Logical Resource 
----------------------------------------------------------------------------------------------------

 Clock sys_clk (rising edge)                             0.000       0.000 r                        
 sys_clk                                                 0.000       0.000 r       sys_clk (port)   
                                   net (fanout=1)        0.000       0.000         sys_clk          
                                                                                   sys_clk_ibuf/I (GTP_INBUF)
                                   td                    0.959       0.959 r       sys_clk_ibuf/O (GTP_INBUF)
                                   net (fanout=9)        2.420       3.379         nt_sys_clk       
                                                                           r       hdmi_i2c_inst/i2c_ctrl_inst/cnt_clk[0]/CLK (GTP_DFF_C)

                                   tco                   0.185       3.564 f       hdmi_i2c_inst/i2c_ctrl_inst/cnt_clk[0]/Q (GTP_DFF_C)
                                   net (fanout=8)        0.527       4.091         hdmi_i2c_inst/i2c_ctrl_inst/cnt_clk [0]
                                                                                   hdmi_i2c_inst/i2c_ctrl_inst/N706[4]/I0 (GTP_LUT6)
                                   td                    0.102       4.193 f       hdmi_i2c_inst/i2c_ctrl_inst/N706[4]/Z (GTP_LUT6)
                                   net (fanout=1)        0.000       4.193         hdmi_i2c_inst/i2c_ctrl_inst/N706 [4]
                                                                           f       hdmi_i2c_inst/i2c_ctrl_inst/cnt_clk[4]/D (GTP_DFF_C)

 Data arrival time                                                   4.193         Logic Levels: 1  
                                                                                   Logic: 0.287ns(35.258%), Route: 0.527ns(64.742%)
----------------------------------------------------------------------------------------------------

 Clock sys_clk (rising edge)                             0.000       0.000 r                        
 sys_clk                                                 0.000       0.000 r       sys_clk (port)   
                                   net (fanout=1)        0.000       0.000         sys_clk          
                                                                                   sys_clk_ibuf/I (GTP_INBUF)
                                   td                    0.959       0.959 r       sys_clk_ibuf/O (GTP_INBUF)
                                   net (fanout=9)        2.420       3.379         nt_sys_clk       
                                                                           r       hdmi_i2c_inst/i2c_ctrl_inst/cnt_clk[4]/CLK (GTP_DFF_C)
 clock pessimism                                         0.000       3.379                          
 clock uncertainty                                       0.000       3.379                          

 Hold time                                              -0.044       3.335                          

 Data required time                                                  3.335                          
----------------------------------------------------------------------------------------------------
 Data required time                                                  3.335                          
 Data arrival time                                                  -4.193                          
----------------------------------------------------------------------------------------------------
 Slack (MET)                                                         0.858                          
====================================================================================================

====================================================================================================

Startpoint  : hdmi_i2c_inst/i2c_ctrl_inst/cnt_bit[1]/CLK (GTP_DFF_CE)
Endpoint    : hdmi_i2c_inst/i2c_ctrl_inst/state_2/CE (GTP_DFF_CE)
Path Group  : hdmi_i2c_inst/i2c_ctrl_inst/i2c_clk/Q[0]_Inferred
Path Type   : max
Path Class  : sequential timing path
Clock Skew :    0.000  (Capture Clock Delay - Launch Clock Delay + Clock Pessimism Removal)
  Capture Clock Delay     :  3.300
  Launch Clock Delay      :  3.300
  Clock Pessimism Removal :  0.000

 Location                          Delay Type             Incr        Path         Logical Resource 
----------------------------------------------------------------------------------------------------

 Clock hdmi_i2c_inst/i2c_ctrl_inst/i2c_clk/Q[0]_Inferred (rising edge)
                                                         0.000       0.000 r                        
                                                         0.000       0.000 r       hdmi_i2c_inst/i2c_ctrl_inst/i2c_clk/Q (GTP_DFF_P)
                                   net (fanout=36)       3.300       3.300         hdmi_i2c_inst/cfg_clk
                                                                           r       hdmi_i2c_inst/i2c_ctrl_inst/cnt_bit[1]/CLK (GTP_DFF_CE)

                                   tco                   0.203       3.503 r       hdmi_i2c_inst/i2c_ctrl_inst/cnt_bit[1]/Q (GTP_DFF_CE)
                                   net (fanout=15)       0.573       4.076         hdmi_i2c_inst/i2c_ctrl_inst/cnt_bit [1]
                                                                                   hdmi_i2c_inst/i2c_ctrl_inst/N38_sum1/I1 (GTP_LUT6D)
                                   td                    0.260       4.336 r       hdmi_i2c_inst/i2c_ctrl_inst/N38_sum1/Z5 (GTP_LUT6D)
                                   net (fanout=2)        0.429       4.765         hdmi_i2c_inst/i2c_ctrl_inst/_N342
                                                                                   hdmi_i2c_inst/i2c_ctrl_inst/N736_6_8/I5 (GTP_LUT6)
                                   td                    0.074       4.839 r       hdmi_i2c_inst/i2c_ctrl_inst/N736_6_8/Z (GTP_LUT6)
                                   net (fanout=1)        0.372       5.211         hdmi_i2c_inst/i2c_ctrl_inst/_N375
                                                                                   hdmi_i2c_inst/i2c_ctrl_inst/N736_6_9/I4 (GTP_LUT6)
                                   td                    0.074       5.285 r       hdmi_i2c_inst/i2c_ctrl_inst/N736_6_9/Z (GTP_LUT6)
                                   net (fanout=9)        0.497       5.782         hdmi_i2c_inst/i2c_ctrl_inst/N736
                                                                           r       hdmi_i2c_inst/i2c_ctrl_inst/state_2/CE (GTP_DFF_CE)

 Data arrival time                                                   5.782         Logic Levels: 3  
                                                                                   Logic: 0.611ns(24.617%), Route: 1.871ns(75.383%)
----------------------------------------------------------------------------------------------------

 Clock hdmi_i2c_inst/i2c_ctrl_inst/i2c_clk/Q[0]_Inferred (rising edge)
                                                      1000.000    1000.000 r                        
                                                         0.000    1000.000 r       hdmi_i2c_inst/i2c_ctrl_inst/i2c_clk/Q (GTP_DFF_P)
                                   net (fanout=36)       3.300    1003.300         hdmi_i2c_inst/cfg_clk
                                                                           r       hdmi_i2c_inst/i2c_ctrl_inst/state_2/CLK (GTP_DFF_CE)
 clock pessimism                                         0.000    1003.300                          
 clock uncertainty                                      -0.050    1003.250                          

 Setup time                                             -0.226    1003.024                          

 Data required time                                               1003.024                          
----------------------------------------------------------------------------------------------------
 Data required time                                               1003.024                          
 Data arrival time                                                  -5.782                          
----------------------------------------------------------------------------------------------------
 Slack (MET)                                                       997.242                          
====================================================================================================

====================================================================================================

Startpoint  : hdmi_i2c_inst/i2c_ctrl_inst/cnt_bit[1]/CLK (GTP_DFF_CE)
Endpoint    : hdmi_i2c_inst/i2c_ctrl_inst/state_6/CE (GTP_DFF_CE)
Path Group  : hdmi_i2c_inst/i2c_ctrl_inst/i2c_clk/Q[0]_Inferred
Path Type   : max
Path Class  : sequential timing path
Clock Skew :    0.000  (Capture Clock Delay - Launch Clock Delay + Clock Pessimism Removal)
  Capture Clock Delay     :  3.300
  Launch Clock Delay      :  3.300
  Clock Pessimism Removal :  0.000

 Location                          Delay Type             Incr        Path         Logical Resource 
----------------------------------------------------------------------------------------------------

 Clock hdmi_i2c_inst/i2c_ctrl_inst/i2c_clk/Q[0]_Inferred (rising edge)
                                                         0.000       0.000 r                        
                                                         0.000       0.000 r       hdmi_i2c_inst/i2c_ctrl_inst/i2c_clk/Q (GTP_DFF_P)
                                   net (fanout=36)       3.300       3.300         hdmi_i2c_inst/cfg_clk
                                                                           r       hdmi_i2c_inst/i2c_ctrl_inst/cnt_bit[1]/CLK (GTP_DFF_CE)

                                   tco                   0.203       3.503 r       hdmi_i2c_inst/i2c_ctrl_inst/cnt_bit[1]/Q (GTP_DFF_CE)
                                   net (fanout=15)       0.573       4.076         hdmi_i2c_inst/i2c_ctrl_inst/cnt_bit [1]
                                                                                   hdmi_i2c_inst/i2c_ctrl_inst/N38_sum1/I1 (GTP_LUT6D)
                                   td                    0.260       4.336 r       hdmi_i2c_inst/i2c_ctrl_inst/N38_sum1/Z5 (GTP_LUT6D)
                                   net (fanout=2)        0.429       4.765         hdmi_i2c_inst/i2c_ctrl_inst/_N342
                                                                                   hdmi_i2c_inst/i2c_ctrl_inst/N736_6_8/I5 (GTP_LUT6)
                                   td                    0.074       4.839 r       hdmi_i2c_inst/i2c_ctrl_inst/N736_6_8/Z (GTP_LUT6)
                                   net (fanout=1)        0.372       5.211         hdmi_i2c_inst/i2c_ctrl_inst/_N375
                                                                                   hdmi_i2c_inst/i2c_ctrl_inst/N736_6_9/I4 (GTP_LUT6)
                                   td                    0.074       5.285 r       hdmi_i2c_inst/i2c_ctrl_inst/N736_6_9/Z (GTP_LUT6)
                                   net (fanout=9)        0.497       5.782         hdmi_i2c_inst/i2c_ctrl_inst/N736
                                                                           r       hdmi_i2c_inst/i2c_ctrl_inst/state_6/CE (GTP_DFF_CE)

 Data arrival time                                                   5.782         Logic Levels: 3  
                                                                                   Logic: 0.611ns(24.617%), Route: 1.871ns(75.383%)
----------------------------------------------------------------------------------------------------

 Clock hdmi_i2c_inst/i2c_ctrl_inst/i2c_clk/Q[0]_Inferred (rising edge)
                                                      1000.000    1000.000 r                        
                                                         0.000    1000.000 r       hdmi_i2c_inst/i2c_ctrl_inst/i2c_clk/Q (GTP_DFF_P)
                                   net (fanout=36)       3.300    1003.300         hdmi_i2c_inst/cfg_clk
                                                                           r       hdmi_i2c_inst/i2c_ctrl_inst/state_6/CLK (GTP_DFF_CE)
 clock pessimism                                         0.000    1003.300                          
 clock uncertainty                                      -0.050    1003.250                          

 Setup time                                             -0.226    1003.024                          

 Data required time                                               1003.024                          
----------------------------------------------------------------------------------------------------
 Data required time                                               1003.024                          
 Data arrival time                                                  -5.782                          
----------------------------------------------------------------------------------------------------
 Slack (MET)                                                       997.242                          
====================================================================================================

====================================================================================================

Startpoint  : hdmi_i2c_inst/i2c_ctrl_inst/cnt_bit[1]/CLK (GTP_DFF_CE)
Endpoint    : hdmi_i2c_inst/i2c_ctrl_inst/state_7/CE (GTP_DFF_CE)
Path Group  : hdmi_i2c_inst/i2c_ctrl_inst/i2c_clk/Q[0]_Inferred
Path Type   : max
Path Class  : sequential timing path
Clock Skew :    0.000  (Capture Clock Delay - Launch Clock Delay + Clock Pessimism Removal)
  Capture Clock Delay     :  3.300
  Launch Clock Delay      :  3.300
  Clock Pessimism Removal :  0.000

 Location                          Delay Type             Incr        Path         Logical Resource 
----------------------------------------------------------------------------------------------------

 Clock hdmi_i2c_inst/i2c_ctrl_inst/i2c_clk/Q[0]_Inferred (rising edge)
                                                         0.000       0.000 r                        
                                                         0.000       0.000 r       hdmi_i2c_inst/i2c_ctrl_inst/i2c_clk/Q (GTP_DFF_P)
                                   net (fanout=36)       3.300       3.300         hdmi_i2c_inst/cfg_clk
                                                                           r       hdmi_i2c_inst/i2c_ctrl_inst/cnt_bit[1]/CLK (GTP_DFF_CE)

                                   tco                   0.203       3.503 r       hdmi_i2c_inst/i2c_ctrl_inst/cnt_bit[1]/Q (GTP_DFF_CE)
                                   net (fanout=15)       0.573       4.076         hdmi_i2c_inst/i2c_ctrl_inst/cnt_bit [1]
                                                                                   hdmi_i2c_inst/i2c_ctrl_inst/N38_sum1/I1 (GTP_LUT6D)
                                   td                    0.260       4.336 r       hdmi_i2c_inst/i2c_ctrl_inst/N38_sum1/Z5 (GTP_LUT6D)
                                   net (fanout=2)        0.429       4.765         hdmi_i2c_inst/i2c_ctrl_inst/_N342
                                                                                   hdmi_i2c_inst/i2c_ctrl_inst/N736_6_8/I5 (GTP_LUT6)
                                   td                    0.074       4.839 r       hdmi_i2c_inst/i2c_ctrl_inst/N736_6_8/Z (GTP_LUT6)
                                   net (fanout=1)        0.372       5.211         hdmi_i2c_inst/i2c_ctrl_inst/_N375
                                                                                   hdmi_i2c_inst/i2c_ctrl_inst/N736_6_9/I4 (GTP_LUT6)
                                   td                    0.074       5.285 r       hdmi_i2c_inst/i2c_ctrl_inst/N736_6_9/Z (GTP_LUT6)
                                   net (fanout=9)        0.497       5.782         hdmi_i2c_inst/i2c_ctrl_inst/N736
                                                                           r       hdmi_i2c_inst/i2c_ctrl_inst/state_7/CE (GTP_DFF_CE)

 Data arrival time                                                   5.782         Logic Levels: 3  
                                                                                   Logic: 0.611ns(24.617%), Route: 1.871ns(75.383%)
----------------------------------------------------------------------------------------------------

 Clock hdmi_i2c_inst/i2c_ctrl_inst/i2c_clk/Q[0]_Inferred (rising edge)
                                                      1000.000    1000.000 r                        
                                                         0.000    1000.000 r       hdmi_i2c_inst/i2c_ctrl_inst/i2c_clk/Q (GTP_DFF_P)
                                   net (fanout=36)       3.300    1003.300         hdmi_i2c_inst/cfg_clk
                                                                           r       hdmi_i2c_inst/i2c_ctrl_inst/state_7/CLK (GTP_DFF_CE)
 clock pessimism                                         0.000    1003.300                          
 clock uncertainty                                      -0.050    1003.250                          

 Setup time                                             -0.226    1003.024                          

 Data required time                                               1003.024                          
----------------------------------------------------------------------------------------------------
 Data required time                                               1003.024                          
 Data arrival time                                                  -5.782                          
----------------------------------------------------------------------------------------------------
 Slack (MET)                                                       997.242                          
====================================================================================================

====================================================================================================

Startpoint  : hdmi_i2c_inst/i2c_ctrl_inst/cnt_i2c_clk_en/CLK (GTP_DFF_C)
Endpoint    : hdmi_i2c_inst/i2c_ctrl_inst/cnt_i2c_clk[1]/CE (GTP_DFF_CE)
Path Group  : hdmi_i2c_inst/i2c_ctrl_inst/i2c_clk/Q[0]_Inferred
Path Type   : min
Path Class  : sequential timing path
Clock Skew :    0.000  (Capture Clock Delay - Launch Clock Delay + Clock Pessimism Removal)
  Capture Clock Delay     :  3.300
  Launch Clock Delay      :  3.300
  Clock Pessimism Removal :  0.000

 Location                          Delay Type             Incr        Path         Logical Resource 
----------------------------------------------------------------------------------------------------

 Clock hdmi_i2c_inst/i2c_ctrl_inst/i2c_clk/Q[0]_Inferred (rising edge)
                                                         0.000       0.000 r                        
                                                         0.000       0.000 r       hdmi_i2c_inst/i2c_ctrl_inst/i2c_clk/Q (GTP_DFF_P)
                                   net (fanout=36)       3.300       3.300         hdmi_i2c_inst/cfg_clk
                                                                           r       hdmi_i2c_inst/i2c_ctrl_inst/cnt_i2c_clk_en/CLK (GTP_DFF_C)

                                   tco                   0.185       3.485 f       hdmi_i2c_inst/i2c_ctrl_inst/cnt_i2c_clk_en/Q (GTP_DFF_C)
                                   net (fanout=3)        0.407       3.892         hdmi_i2c_inst/i2c_ctrl_inst/cnt_i2c_clk_en
                                                                           f       hdmi_i2c_inst/i2c_ctrl_inst/cnt_i2c_clk[1]/CE (GTP_DFF_CE)

 Data arrival time                                                   3.892         Logic Levels: 0  
                                                                                   Logic: 0.185ns(31.250%), Route: 0.407ns(68.750%)
----------------------------------------------------------------------------------------------------

 Clock hdmi_i2c_inst/i2c_ctrl_inst/i2c_clk/Q[0]_Inferred (rising edge)
                                                         0.000       0.000 r                        
                                                         0.000       0.000 r       hdmi_i2c_inst/i2c_ctrl_inst/i2c_clk/Q (GTP_DFF_P)
                                   net (fanout=36)       3.300       3.300         hdmi_i2c_inst/cfg_clk
                                                                           r       hdmi_i2c_inst/i2c_ctrl_inst/cnt_i2c_clk[1]/CLK (GTP_DFF_CE)
 clock pessimism                                         0.000       3.300                          
 clock uncertainty                                       0.000       3.300                          

 Hold time                                              -0.057       3.243                          

 Data required time                                                  3.243                          
----------------------------------------------------------------------------------------------------
 Data required time                                                  3.243                          
 Data arrival time                                                  -3.892                          
----------------------------------------------------------------------------------------------------
 Slack (MET)                                                         0.649                          
====================================================================================================

====================================================================================================

Startpoint  : hdmi_i2c_inst/i2c_ctrl_inst/cnt_i2c_clk_en/CLK (GTP_DFF_C)
Endpoint    : hdmi_i2c_inst/i2c_ctrl_inst/cnt_i2c_clk[0]/CE (GTP_DFF_CE)
Path Group  : hdmi_i2c_inst/i2c_ctrl_inst/i2c_clk/Q[0]_Inferred
Path Type   : min
Path Class  : sequential timing path
Clock Skew :    0.000  (Capture Clock Delay - Launch Clock Delay + Clock Pessimism Removal)
  Capture Clock Delay     :  3.300
  Launch Clock Delay      :  3.300
  Clock Pessimism Removal :  0.000

 Location                          Delay Type             Incr        Path         Logical Resource 
----------------------------------------------------------------------------------------------------

 Clock hdmi_i2c_inst/i2c_ctrl_inst/i2c_clk/Q[0]_Inferred (rising edge)
                                                         0.000       0.000 r                        
                                                         0.000       0.000 r       hdmi_i2c_inst/i2c_ctrl_inst/i2c_clk/Q (GTP_DFF_P)
                                   net (fanout=36)       3.300       3.300         hdmi_i2c_inst/cfg_clk
                                                                           r       hdmi_i2c_inst/i2c_ctrl_inst/cnt_i2c_clk_en/CLK (GTP_DFF_C)

                                   tco                   0.185       3.485 f       hdmi_i2c_inst/i2c_ctrl_inst/cnt_i2c_clk_en/Q (GTP_DFF_C)
                                   net (fanout=3)        0.407       3.892         hdmi_i2c_inst/i2c_ctrl_inst/cnt_i2c_clk_en
                                                                           f       hdmi_i2c_inst/i2c_ctrl_inst/cnt_i2c_clk[0]/CE (GTP_DFF_CE)

 Data arrival time                                                   3.892         Logic Levels: 0  
                                                                                   Logic: 0.185ns(31.250%), Route: 0.407ns(68.750%)
----------------------------------------------------------------------------------------------------

 Clock hdmi_i2c_inst/i2c_ctrl_inst/i2c_clk/Q[0]_Inferred (rising edge)
                                                         0.000       0.000 r                        
                                                         0.000       0.000 r       hdmi_i2c_inst/i2c_ctrl_inst/i2c_clk/Q (GTP_DFF_P)
                                   net (fanout=36)       3.300       3.300         hdmi_i2c_inst/cfg_clk
                                                                           r       hdmi_i2c_inst/i2c_ctrl_inst/cnt_i2c_clk[0]/CLK (GTP_DFF_CE)
 clock pessimism                                         0.000       3.300                          
 clock uncertainty                                       0.000       3.300                          

 Hold time                                              -0.057       3.243                          

 Data required time                                                  3.243                          
----------------------------------------------------------------------------------------------------
 Data required time                                                  3.243                          
 Data arrival time                                                  -3.892                          
----------------------------------------------------------------------------------------------------
 Slack (MET)                                                         0.649                          
====================================================================================================

====================================================================================================

Startpoint  : hdmi_i2c_inst/i2c_ctrl_inst/i2c_end/CLK (GTP_DFF_C)
Endpoint    : hdmi_i2c_inst/hdmi_cfg_inst/reg_num[5]/CE (GTP_DFF_CE)
Path Group  : hdmi_i2c_inst/i2c_ctrl_inst/i2c_clk/Q[0]_Inferred
Path Type   : min
Path Class  : sequential timing path
Clock Skew :    0.000  (Capture Clock Delay - Launch Clock Delay + Clock Pessimism Removal)
  Capture Clock Delay     :  3.300
  Launch Clock Delay      :  3.300
  Clock Pessimism Removal :  0.000

 Location                          Delay Type             Incr        Path         Logical Resource 
----------------------------------------------------------------------------------------------------

 Clock hdmi_i2c_inst/i2c_ctrl_inst/i2c_clk/Q[0]_Inferred (rising edge)
                                                         0.000       0.000 r                        
                                                         0.000       0.000 r       hdmi_i2c_inst/i2c_ctrl_inst/i2c_clk/Q (GTP_DFF_P)
                                   net (fanout=36)       3.300       3.300         hdmi_i2c_inst/cfg_clk
                                                                           r       hdmi_i2c_inst/i2c_ctrl_inst/i2c_end/CLK (GTP_DFF_C)

                                   tco                   0.185       3.485 f       hdmi_i2c_inst/i2c_ctrl_inst/i2c_end/Q (GTP_DFF_C)
                                   net (fanout=8)        0.484       3.969         hdmi_i2c_inst/cfg_end
                                                                           f       hdmi_i2c_inst/hdmi_cfg_inst/reg_num[5]/CE (GTP_DFF_CE)

 Data arrival time                                                   3.969         Logic Levels: 0  
                                                                                   Logic: 0.185ns(27.653%), Route: 0.484ns(72.347%)
----------------------------------------------------------------------------------------------------

 Clock hdmi_i2c_inst/i2c_ctrl_inst/i2c_clk/Q[0]_Inferred (rising edge)
                                                         0.000       0.000 r                        
                                                         0.000       0.000 r       hdmi_i2c_inst/i2c_ctrl_inst/i2c_clk/Q (GTP_DFF_P)
                                   net (fanout=36)       3.300       3.300         hdmi_i2c_inst/cfg_clk
                                                                           r       hdmi_i2c_inst/hdmi_cfg_inst/reg_num[5]/CLK (GTP_DFF_CE)
 clock pessimism                                         0.000       3.300                          
 clock uncertainty                                       0.000       3.300                          

 Hold time                                              -0.057       3.243                          

 Data required time                                                  3.243                          
----------------------------------------------------------------------------------------------------
 Data required time                                                  3.243                          
 Data arrival time                                                  -3.969                          
----------------------------------------------------------------------------------------------------
 Slack (MET)                                                         0.726                          
====================================================================================================

====================================================================================================

Startpoint  : hdmi_i2c_inst/i2c_ctrl_inst/state_9/CLK (GTP_DFF_CE)
Endpoint    : ddc_scl (port)
Path Group  : **default**
Path Type   : max
Path Class  : combinational timing path

 Location                          Delay Type             Incr        Path         Logical Resource 
----------------------------------------------------------------------------------------------------

 Clock hdmi_i2c_inst/i2c_ctrl_inst/i2c_clk/Q[0]_Inferred (rising edge)
                                                         0.000       0.000 r                        
                                                         0.000       0.000 r       hdmi_i2c_inst/i2c_ctrl_inst/i2c_clk/Q (GTP_DFF_P)
                                   net (fanout=36)       3.300       3.300         hdmi_i2c_inst/cfg_clk
                                                                           r       hdmi_i2c_inst/i2c_ctrl_inst/state_9/CLK (GTP_DFF_CE)

                                   tco                   0.203       3.503 r       hdmi_i2c_inst/i2c_ctrl_inst/state_9/Q (GTP_DFF_CE)
                                   net (fanout=8)        0.527       4.030         hdmi_i2c_inst/i2c_ctrl_inst/state_9
                                                                                   hdmi_i2c_inst/i2c_ctrl_inst/N796_5/I3 (GTP_LUT6)
                                   td                    0.148       4.178 r       hdmi_i2c_inst/i2c_ctrl_inst/N796_5/Z (GTP_LUT6)
                                   net (fanout=1)        0.372       4.550         hdmi_i2c_inst/i2c_ctrl_inst/N796
                                                                                   hdmi_i2c_inst/i2c_ctrl_inst/i2c_scl_3/I4 (GTP_LUT6)
                                   td                    0.093       4.643 f       hdmi_i2c_inst/i2c_ctrl_inst/i2c_scl_3/Z (GTP_LUT6)
                                   net (fanout=1)        1.252       5.895         _N223            
                                                                                   ddc_scl_obuf/I (GTP_OUTBUF)
                                   td                    3.966       9.861 f       ddc_scl_obuf/O (GTP_OUTBUF)
                                   net (fanout=1)        0.000       9.861         ddc_scl          
 ddc_scl                                                                   f       ddc_scl (port)   

 Data arrival time                                                   9.861         Logic Levels: 3  
                                                                                   Logic: 4.410ns(67.215%), Route: 2.151ns(32.785%)
====================================================================================================

====================================================================================================

Startpoint  : hdmi_i2c_inst/i2c_ctrl_inst/state_9/CLK (GTP_DFF_CE)
Endpoint    : ddc_sda (port)
Path Group  : **default**
Path Type   : max
Path Class  : combinational timing path

 Location                          Delay Type             Incr        Path         Logical Resource 
----------------------------------------------------------------------------------------------------

 Clock hdmi_i2c_inst/i2c_ctrl_inst/i2c_clk/Q[0]_Inferred (rising edge)
                                                         0.000       0.000 r                        
                                                         0.000       0.000 r       hdmi_i2c_inst/i2c_ctrl_inst/i2c_clk/Q (GTP_DFF_P)
                                   net (fanout=36)       3.300       3.300         hdmi_i2c_inst/cfg_clk
                                                                           r       hdmi_i2c_inst/i2c_ctrl_inst/state_9/CLK (GTP_DFF_CE)

                                   tco                   0.203       3.503 r       hdmi_i2c_inst/i2c_ctrl_inst/state_9/Q (GTP_DFF_CE)
                                   net (fanout=8)        0.527       4.030         hdmi_i2c_inst/i2c_ctrl_inst/state_9
                                                                                   hdmi_i2c_inst/i2c_ctrl_inst/N743_3/I3 (GTP_LUT6D)
                                   td                    0.241       4.271 r       hdmi_i2c_inst/i2c_ctrl_inst/N743_3/Z5 (GTP_LUT6D)
                                   net (fanout=1)        1.252       5.523         _N299            
                                                                                   hdmi_i2c_inst.i2c_ctrl_inst.i2c_sda_tri/T (GTP_IOBUF)
                                   tse                   3.493       9.016 f       hdmi_i2c_inst.i2c_ctrl_inst.i2c_sda_tri/IO (GTP_IOBUF)
                                   net (fanout=1)        0.000       9.016         nt_ddc_sda       
 ddc_sda                                                                   f       ddc_sda (port)   

 Data arrival time                                                   9.016         Logic Levels: 2  
                                                                                   Logic: 3.937ns(68.877%), Route: 1.779ns(31.123%)
====================================================================================================

====================================================================================================

Startpoint  : sys_rst_n (port)
Endpoint    : hdmi_in_rst_n (port)
Path Group  : **default**
Path Type   : max
Path Class  : combinational timing path

 Location                          Delay Type             Incr        Path         Logical Resource 
----------------------------------------------------------------------------------------------------


 sys_rst_n                                               0.000       0.000 f       sys_rst_n (port) 
                                   net (fanout=1)        0.000       0.000         sys_rst_n        
                                                                                   sys_rst_n_ibuf/I (GTP_INBUF)
                                   td                    0.861       0.861 f       sys_rst_n_ibuf/O (GTP_INBUF)
                                   net (fanout=3)        1.573       2.434         nt_sys_rst_n     
                                                                                   hdmi_in_rst_n_obuf/I (GTP_OUTBUF)
                                   td                    3.966       6.400 f       hdmi_in_rst_n_obuf/O (GTP_OUTBUF)
                                   net (fanout=1)        0.000       6.400         hdmi_in_rst_n    
 hdmi_in_rst_n                                                             f       hdmi_in_rst_n (port)

 Data arrival time                                                   6.400         Logic Levels: 2  
                                                                                   Logic: 4.827ns(75.422%), Route: 1.573ns(24.578%)
====================================================================================================

====================================================================================================

Startpoint  : sys_rst_n (port)
Endpoint    : hdmi_i2c_inst/i2c_ctrl_inst/cnt_clk[6]/C (GTP_DFF_C)
Path Group  : **default**
Path Type   : min
Path Class  : combinational timing path

 Location                          Delay Type             Incr        Path         Logical Resource 
----------------------------------------------------------------------------------------------------


 sys_rst_n                                               0.000       0.000 f       sys_rst_n (port) 
                                   net (fanout=1)        0.000       0.000         sys_rst_n        
                                                                                   sys_rst_n_ibuf/I (GTP_INBUF)
                                   td                    0.861       0.861 f       sys_rst_n_ibuf/O (GTP_INBUF)
                                   net (fanout=3)        0.000       0.861         nt_sys_rst_n     
                                                                                   hdmi_i2c_inst/hdmi_cfg_inst/N52/I (GTP_INV)
                                   td                    0.000       0.861 r       hdmi_i2c_inst/hdmi_cfg_inst/N52/Z (GTP_INV)
                                   net (fanout=44)       1.573       2.434         hdmi_i2c_inst/hdmi_cfg_inst/N52
                                                                           r       hdmi_i2c_inst/i2c_ctrl_inst/cnt_clk[6]/C (GTP_DFF_C)

 Data arrival time                                                   2.434         Logic Levels: 2  
                                                                                   Logic: 0.861ns(35.374%), Route: 1.573ns(64.626%)
====================================================================================================

====================================================================================================

Startpoint  : sys_rst_n (port)
Endpoint    : hdmi_i2c_inst/i2c_ctrl_inst/state_8/C (GTP_DFF_CE)
Path Group  : **default**
Path Type   : min
Path Class  : combinational timing path

 Location                          Delay Type             Incr        Path         Logical Resource 
----------------------------------------------------------------------------------------------------


 sys_rst_n                                               0.000       0.000 f       sys_rst_n (port) 
                                   net (fanout=1)        0.000       0.000         sys_rst_n        
                                                                                   sys_rst_n_ibuf/I (GTP_INBUF)
                                   td                    0.861       0.861 f       sys_rst_n_ibuf/O (GTP_INBUF)
                                   net (fanout=3)        0.000       0.861         nt_sys_rst_n     
                                                                                   hdmi_i2c_inst/hdmi_cfg_inst/N52/I (GTP_INV)
                                   td                    0.000       0.861 r       hdmi_i2c_inst/hdmi_cfg_inst/N52/Z (GTP_INV)
                                   net (fanout=44)       1.573       2.434         hdmi_i2c_inst/hdmi_cfg_inst/N52
                                                                           r       hdmi_i2c_inst/i2c_ctrl_inst/state_8/C (GTP_DFF_CE)

 Data arrival time                                                   2.434         Logic Levels: 2  
                                                                                   Logic: 0.861ns(35.374%), Route: 1.573ns(64.626%)
====================================================================================================

====================================================================================================

Startpoint  : sys_rst_n (port)
Endpoint    : hdmi_i2c_inst/i2c_ctrl_inst/state_7/C (GTP_DFF_CE)
Path Group  : **default**
Path Type   : min
Path Class  : combinational timing path

 Location                          Delay Type             Incr        Path         Logical Resource 
----------------------------------------------------------------------------------------------------


 sys_rst_n                                               0.000       0.000 f       sys_rst_n (port) 
                                   net (fanout=1)        0.000       0.000         sys_rst_n        
                                                                                   sys_rst_n_ibuf/I (GTP_INBUF)
                                   td                    0.861       0.861 f       sys_rst_n_ibuf/O (GTP_INBUF)
                                   net (fanout=3)        0.000       0.861         nt_sys_rst_n     
                                                                                   hdmi_i2c_inst/hdmi_cfg_inst/N52/I (GTP_INV)
                                   td                    0.000       0.861 r       hdmi_i2c_inst/hdmi_cfg_inst/N52/Z (GTP_INV)
                                   net (fanout=44)       1.573       2.434         hdmi_i2c_inst/hdmi_cfg_inst/N52
                                                                           r       hdmi_i2c_inst/i2c_ctrl_inst/state_7/C (GTP_DFF_CE)

 Data arrival time                                                   2.434         Logic Levels: 2  
                                                                                   Logic: 0.861ns(35.374%), Route: 1.573ns(64.626%)
====================================================================================================

====================================================================================================

0. checking no_clock
--------------------

1. checking virtual_clock
--------------------

2. checking unexpandable_clocks
--------------------

3. checking no_input_delay
--------------------

4. checking no_output_delay
--------------------

5. checking partial_input_delay
--------------------

6. checking partial_output_delay
--------------------

7. checking io_min_max_delay_consistency
--------------------

8. checking input_delay_assigned_to_clock
--------------------

9. checking loops
--------------------

10. checking latches
--------------------
Action synthesize: Real time elapsed is 10.000 sec
Action synthesize: CPU time elapsed is 8.906 sec
Current time: Fri Aug 11 14:56:52 2023
Action synthesize: Peak memory pool usage is 258,387,968 bytes
Process "Synthesize" done.
C: Flow-2006: Fic file modified: "D:/pango_fire/demo/9_hdmi_loop/hdmi_loop_pango/synthesize/hdmi_loop_syn.fic". 


Process "Compile" started.
Current time: Fri Aug 11 14:57:50 2023
Compiling architecture definition.
Analyzing project file 'D:/pango_fire/demo/9_hdmi_loop/hdmi_loop_pango/hdmi_loop.pds'.
License checkout: fabric_ads
Compiling verification operator library.
Loading technology operator library.
Compiling technology operator library.
Compiling technology operator (valence) library.
I: Enable Verilog2k features and keywords
Executing : .rtl_analyze -include_path {D:/pango_fire/demo/9_hdmi_loop/hdmi_loop_pango} D:/pango_fire/demo/9_hdmi_loop/hdmi_loop_pango/source/new/hdmi_cfg.v
I: Verilog-0001: Analyzing file D:/pango_fire/demo/9_hdmi_loop/hdmi_loop_pango/source/new/hdmi_cfg.v
I: Verilog-0002: [D:/pango_fire/demo/9_hdmi_loop/hdmi_loop_pango/source/new/hdmi_cfg.v(line number: 10)] Analyzing module hdmi_cfg (library work)
Parsing done.
Executing : .rtl_analyze -include_path {D:/pango_fire/demo/9_hdmi_loop/hdmi_loop_pango} D:/pango_fire/demo/9_hdmi_loop/hdmi_loop_pango/source/new/hdmi_cfg.v successfully.
Executing : .rtl_analyze -include_path {D:/pango_fire/demo/9_hdmi_loop/hdmi_loop_pango} D:/pango_fire/demo/9_hdmi_loop/hdmi_loop_pango/source/new/hdmi_i2c.v
I: Verilog-0001: Analyzing file D:/pango_fire/demo/9_hdmi_loop/hdmi_loop_pango/source/new/hdmi_i2c.v
I: Verilog-0002: [D:/pango_fire/demo/9_hdmi_loop/hdmi_loop_pango/source/new/hdmi_i2c.v(line number: 10)] Analyzing module hdmi_i2c (library work)
Parsing done.
Executing : .rtl_analyze -include_path {D:/pango_fire/demo/9_hdmi_loop/hdmi_loop_pango} D:/pango_fire/demo/9_hdmi_loop/hdmi_loop_pango/source/new/hdmi_i2c.v successfully.
Executing : .rtl_analyze -include_path {D:/pango_fire/demo/9_hdmi_loop/hdmi_loop_pango} D:/pango_fire/demo/9_hdmi_loop/hdmi_loop_pango/source/new/hdmi_loop.v
I: Verilog-0001: Analyzing file D:/pango_fire/demo/9_hdmi_loop/hdmi_loop_pango/source/new/hdmi_loop.v
I: Verilog-0002: [D:/pango_fire/demo/9_hdmi_loop/hdmi_loop_pango/source/new/hdmi_loop.v(line number: 10)] Analyzing module hdmi_loop (library work)
Parsing done.
Executing : .rtl_analyze -include_path {D:/pango_fire/demo/9_hdmi_loop/hdmi_loop_pango} D:/pango_fire/demo/9_hdmi_loop/hdmi_loop_pango/source/new/hdmi_loop.v successfully.
Executing : .rtl_analyze -include_path {D:/pango_fire/demo/9_hdmi_loop/hdmi_loop_pango} D:/pango_fire/demo/9_hdmi_loop/hdmi_loop_pango/source/new/i2c_ctrl.v
I: Verilog-0001: Analyzing file D:/pango_fire/demo/9_hdmi_loop/hdmi_loop_pango/source/new/i2c_ctrl.v
I: Verilog-0002: [D:/pango_fire/demo/9_hdmi_loop/hdmi_loop_pango/source/new/i2c_ctrl.v(line number: 10)] Analyzing module i2c_ctrl (library work)
W: Verilog-2006: [D:/pango_fire/demo/9_hdmi_loop/hdmi_loop_pango/source/new/i2c_ctrl.v(line number: 37)] Ansi_parameter force parameter in body to localparam
W: Verilog-2006: [D:/pango_fire/demo/9_hdmi_loop/hdmi_loop_pango/source/new/i2c_ctrl.v(line number: 39)] Ansi_parameter force parameter in body to localparam
W: Verilog-2006: [D:/pango_fire/demo/9_hdmi_loop/hdmi_loop_pango/source/new/i2c_ctrl.v(line number: 41)] Ansi_parameter force parameter in body to localparam
Parsing done.
Executing : .rtl_analyze -include_path {D:/pango_fire/demo/9_hdmi_loop/hdmi_loop_pango} D:/pango_fire/demo/9_hdmi_loop/hdmi_loop_pango/source/new/i2c_ctrl.v successfully.
Executing : .rtl_analyze -include_path {D:/pango_fire/demo/9_hdmi_loop/hdmi_loop_pango} D:/pango_fire/demo/9_hdmi_loop/hdmi_loop_pango/ipcore/pll/pll.v
I: Verilog-0001: Analyzing file D:/pango_fire/demo/9_hdmi_loop/hdmi_loop_pango/ipcore/pll/pll.v
I: Verilog-0002: [D:/pango_fire/demo/9_hdmi_loop/hdmi_loop_pango/ipcore/pll/pll.v(line number: 21)] Analyzing module pll (library work)
Parsing done.
Executing : .rtl_analyze -include_path {D:/pango_fire/demo/9_hdmi_loop/hdmi_loop_pango} D:/pango_fire/demo/9_hdmi_loop/hdmi_loop_pango/ipcore/pll/pll.v successfully.
 0.003857s wall, 0.015625s user + 0.000000s system = 0.015625s CPU (405.1%)
Start rtl-elaborate.
I: Module "hdmi_loop" is set as top module.
I: Verilog-0003: [D:/pango_fire/demo/9_hdmi_loop/hdmi_loop_pango/source/new/hdmi_loop.v(line number: 10)] Elaborating module hdmi_loop
I: Verilog-0003: [D:/pango_fire/demo/9_hdmi_loop/hdmi_loop_pango/source/new/hdmi_i2c.v(line number: 10)] Elaborating module hdmi_i2c
I: Verilog-0003: [D:/pango_fire/demo/9_hdmi_loop/hdmi_loop_pango/source/new/i2c_ctrl.v(line number: 10)] Elaborating module i2c_ctrl
I: Verilog-0003: [D:/pango_fire/demo/9_hdmi_loop/hdmi_loop_pango/source/new/hdmi_cfg.v(line number: 10)] Elaborating module hdmi_cfg
W: Verilog-2023: [D:/pango_fire/demo/9_hdmi_loop/hdmi_loop_pango/source/new/hdmi_i2c.v(line number: 39)] Give initial value 0 for the no drive pin rd_en in module instance
W: Verilog-2021: [D:/pango_fire/demo/9_hdmi_loop/hdmi_loop_pango/source/new/hdmi_i2c.v(line number: 31)] Net wr_en in module hdmi_i2c does not have a driver, tie it to 0
Executing : rtl-elaborate successfully.
 0.019207s wall, 0.000000s user + 0.015625s system = 0.015625s CPU (81.4%)
Start rtl-prep.
Executing : rtl-prep successfully.
 0.005113s wall, 0.000000s user + 0.000000s system = 0.000000s CPU (n/a%)
Start rtl-infer.
W: Sdm-2004: [D:/pango_fire/demo/9_hdmi_loop/hdmi_loop_pango/source/new/i2c_ctrl.v(line number: 68)] Latch is generated for signal ack, possible missing assignment in an if or case statement.
W: Sdm-2004: [D:/pango_fire/demo/9_hdmi_loop/hdmi_loop_pango/source/new/i2c_ctrl.v(line number: 69)] Latch is generated for signal i2c_sda_reg, possible missing assignment in an if or case statement.
W: Sdm-2004: Latch is generated for signal rd_data_reg[0], possible missing assignment in an if or case statement.
W: Sdm-2004: Latch is generated for signal rd_data_reg[1], possible missing assignment in an if or case statement.
W: Sdm-2004: Latch is generated for signal rd_data_reg[2], possible missing assignment in an if or case statement.
W: Sdm-2004: Latch is generated for signal rd_data_reg[3], possible missing assignment in an if or case statement.
W: Sdm-2004: Latch is generated for signal rd_data_reg[4], possible missing assignment in an if or case statement.
W: Sdm-2004: Latch is generated for signal rd_data_reg[5], possible missing assignment in an if or case statement.
W: Sdm-2004: Latch is generated for signal rd_data_reg[6], possible missing assignment in an if or case statement.
W: Sdm-2004: Latch is generated for signal rd_data_reg[7], possible missing assignment in an if or case statement.
Executing : rtl-infer successfully.
 0.120073s wall, 0.062500s user + 0.062500s system = 0.125000s CPU (104.1%)
Start rtl-control-opt.
Executing : rtl-control-opt successfully.
 0.003191s wall, 0.000000s user + 0.000000s system = 0.000000s CPU (n/a%)
Start rtl-data-opt.
Executing : rtl-data-opt successfully.
 0.021231s wall, 0.031250s user + 0.000000s system = 0.031250s CPU (147.2%)
Start FSM inference.
I: FSM state[3:0]_fsm[3:0] inferred.
FSM state[3:0]_fsm[3:0] STG:
Number of reachable states: 16
Input nets: N74 N117 N235 N509 addr_num i2c_start rd_en wr_en 
S0(0000)-->S1(0001): xxxxx1xx
S1(0001)-->S2(0010): xxx1xxxx
S2(0010)-->S3(0011): 1xxxxxxx
S3(0011)-->S4(0100): x1xx1xxx
S3(0011)-->S6(0110): x1xx0xxx
S4(0100)-->S5(0101): 1xxxxxxx
S5(0101)-->S6(0110): x1xxxxxx
S6(0110)-->S7(0111): 1xxxxxxx
S7(0111)-->S8(1000): x1xxxxx1
S7(0111)-->S10(1010): x1xxxx10
S8(1000)-->S9(1001): 1xxxxxxx
S9(1001)-->S15(1111): x1xxxxxx
S10(1010)-->S11(1011): xxx1xxxx
S11(1011)-->S12(1100): 1xxxxxxx
S12(1100)-->S13(1101): x1xxxxxx
S13(1101)-->S14(1110): 1xxxxxxx
S14(1110)-->S15(1111): xxx1xxxx
S15(1111)-->S0(0000): xx1xxxxx

Executing : FSM inference successfully.
 0.026230s wall, 0.015625s user + 0.000000s system = 0.015625s CPU (59.6%)
Start sdm2adm.
I: Constant propagation done on N404 (bmsWIDEMUX).
I: Constant propagation done on N359 (bmsWIDEMUX).
I: Constant propagation done on N749_1 (bmsWIDEMUX).
I: Constant propagation done on N64 (bmsWIDEMUX).
Executing : sdm2adm successfully.
 0.028201s wall, 0.015625s user + 0.015625s system = 0.031250s CPU (110.8%)
Saving design to DB.
Action compile: Real time elapsed is 2.000 sec
Action compile: CPU time elapsed is 1.125 sec
Current time: Fri Aug 11 14:57:51 2023
Action compile: Peak memory pool usage is 66,674,688 bytes
Process "Compile" done.


Process "Synthesize" started.
Current time: Fri Aug 11 14:57:52 2023
Compiling architecture definition.
Analyzing project file 'D:/pango_fire/demo/9_hdmi_loop/hdmi_loop_pango/hdmi_loop.pds'.
License checkout: fabric_ads
Compiling verification operator library.
Compiling common defs.
Loading technology operator library.
Compiling technology operator library.
Compiling technology operator (valence) library.
Reading design from compile DB
Reading design from compile DB successfully.
NOTE: The technology fpga was specified.
NOTE: delay_model specified was generic_cmos.
NOTE: Using the fpga syntax tables...
Totals:
 Calls to malloc = 0
 Calls to calloc = 133815

Constraint check start.
Compiling prim grid devices.
Building architecture model.
Loading device packaging model 'FBG676'.
Building architecture floorplan logic view.
Executing : get_ports sys_clk
Executing : get_ports sys_clk successfully.
Executing : create_clock -name sys_clk [get_ports sys_clk] -period 20.000 -waveform {0.000 10.000}
Executing : create_clock -name sys_clk [get_ports sys_clk] -period 20.000 -waveform {0.000 10.000} successfully.
C: ConstraintEditor-2002: [D:/pango_fire/demo/9_hdmi_loop/hdmi_loop_pango/hdmi_loop.fdc(line number: 241)] | Port hdmi_in_rgb[0] has been placed at location J15, whose type is share pin.
C: ConstraintEditor-2002: [D:/pango_fire/demo/9_hdmi_loop/hdmi_loop_pango/hdmi_loop.fdc(line number: 201)] | Port hdmi_in_rgb[10] has been placed at location H19, whose type is share pin.
C: ConstraintEditor-2002: [D:/pango_fire/demo/9_hdmi_loop/hdmi_loop_pango/hdmi_loop.fdc(line number: 197)] | Port hdmi_in_rgb[11] has been placed at location J19, whose type is share pin.
C: ConstraintEditor-2002: [D:/pango_fire/demo/9_hdmi_loop/hdmi_loop_pango/hdmi_loop.fdc(line number: 173)] | Port hdmi_in_rgb[17] has been placed at location F22, whose type is share pin.
C: ConstraintEditor-2002: [D:/pango_fire/demo/9_hdmi_loop/hdmi_loop_pango/hdmi_loop.fdc(line number: 169)] | Port hdmi_in_rgb[18] has been placed at location E23, whose type is share pin.
C: ConstraintEditor-2002: [D:/pango_fire/demo/9_hdmi_loop/hdmi_loop_pango/hdmi_loop.fdc(line number: 165)] | Port hdmi_in_rgb[19] has been placed at location F23, whose type is share pin.
C: ConstraintEditor-2002: [D:/pango_fire/demo/9_hdmi_loop/hdmi_loop_pango/hdmi_loop.fdc(line number: 237)] | Port hdmi_in_rgb[1] has been placed at location J14, whose type is share pin.
C: ConstraintEditor-2002: [D:/pango_fire/demo/9_hdmi_loop/hdmi_loop_pango/hdmi_loop.fdc(line number: 233)] | Port hdmi_in_rgb[2] has been placed at location K15, whose type is share pin.
C: ConstraintEditor-2002: [D:/pango_fire/demo/9_hdmi_loop/hdmi_loop_pango/hdmi_loop.fdc(line number: 229)] | Port hdmi_in_rgb[3] has been placed at location J16, whose type is share pin.
C: ConstraintEditor-2002: [D:/pango_fire/demo/9_hdmi_loop/hdmi_loop_pango/hdmi_loop.fdc(line number: 225)] | Port hdmi_in_rgb[4] has been placed at location J20, whose type is share pin.
C: ConstraintEditor-2002: [D:/pango_fire/demo/9_hdmi_loop/hdmi_loop_pango/hdmi_loop.fdc(line number: 221)] | Port hdmi_in_rgb[5] has been placed at location K20, whose type is share pin.
C: ConstraintEditor-2002: [D:/pango_fire/demo/9_hdmi_loop/hdmi_loop_pango/hdmi_loop.fdc(line number: 209)] | Port hdmi_in_rgb[8] has been placed at location H18, whose type is share pin.
C: ConstraintEditor-2002: [D:/pango_fire/demo/9_hdmi_loop/hdmi_loop_pango/hdmi_loop.fdc(line number: 205)] | Port hdmi_in_rgb[9] has been placed at location J18, whose type is share pin.
C: ConstraintEditor-2002: [D:/pango_fire/demo/9_hdmi_loop/hdmi_loop_pango/hdmi_loop.fdc(line number: 313)] | Port sys_rst_n has been placed at location G25, whose type is share pin.
Constraint check end.
Executing : get_pins {hdmi_i2c_inst/i2c_ctrl_inst/i2c_clk:Q[0]}
Executing : get_pins {hdmi_i2c_inst/i2c_ctrl_inst/i2c_clk:Q[0]} successfully.
Executing : create_clock -name {hdmi_i2c_inst/i2c_ctrl_inst/i2c_clk/Q[0]_Inferred} [get_pins {hdmi_i2c_inst/i2c_ctrl_inst/i2c_clk:Q[0]}] -period 1000.000 -waveform {0.000 500.000} -add
Executing : create_clock -name {hdmi_i2c_inst/i2c_ctrl_inst/i2c_clk/Q[0]_Inferred} [get_pins {hdmi_i2c_inst/i2c_ctrl_inst/i2c_clk:Q[0]}] -period 1000.000 -waveform {0.000 500.000} -add successfully.
Executing : get_pins hdmi_i2c_inst/i2c_ctrl_inst/N512:Z
Executing : get_pins hdmi_i2c_inst/i2c_ctrl_inst/N512:Z successfully.
Executing : create_clock -name hdmi_i2c_inst/i2c_ctrl_inst/N512/Z_Inferred [get_pins hdmi_i2c_inst/i2c_ctrl_inst/N512:Z] -period 1000.000 -waveform {0.000 500.000} -add
Executing : create_clock -name hdmi_i2c_inst/i2c_ctrl_inst/N512/Z_Inferred [get_pins hdmi_i2c_inst/i2c_ctrl_inst/N512:Z] -period 1000.000 -waveform {0.000 500.000} -add successfully.
Executing : get_pins hdmi_i2c_inst/i2c_ctrl_inst/N745:Z
Executing : get_pins hdmi_i2c_inst/i2c_ctrl_inst/N745:Z successfully.
Executing : create_clock -name hdmi_i2c_inst/i2c_ctrl_inst/N745/Z_Inferred [get_pins hdmi_i2c_inst/i2c_ctrl_inst/N745:Z] -period 1000.000 -waveform {0.000 500.000} -add
Executing : create_clock -name hdmi_i2c_inst/i2c_ctrl_inst/N745/Z_Inferred [get_pins hdmi_i2c_inst/i2c_ctrl_inst/N745:Z] -period 1000.000 -waveform {0.000 500.000} -add successfully.
Executing : get_pins hdmi_i2c_inst/i2c_ctrl_inst/N750:Z
Executing : get_pins hdmi_i2c_inst/i2c_ctrl_inst/N750:Z successfully.
Executing : create_clock -name hdmi_i2c_inst/i2c_ctrl_inst/N750/Z_Inferred [get_pins hdmi_i2c_inst/i2c_ctrl_inst/N750:Z] -period 1000.000 -waveform {0.000 500.000} -add
Executing : create_clock -name hdmi_i2c_inst/i2c_ctrl_inst/N750/Z_Inferred [get_pins hdmi_i2c_inst/i2c_ctrl_inst/N750:Z] -period 1000.000 -waveform {0.000 500.000} -add successfully.
Executing : get_pins hdmi_i2c_inst/i2c_ctrl_inst/N755:Z
Executing : get_pins hdmi_i2c_inst/i2c_ctrl_inst/N755:Z successfully.
Executing : create_clock -name hdmi_i2c_inst/i2c_ctrl_inst/N755/Z_Inferred [get_pins hdmi_i2c_inst/i2c_ctrl_inst/N755:Z] -period 1000.000 -waveform {0.000 500.000} -add
Executing : create_clock -name hdmi_i2c_inst/i2c_ctrl_inst/N755/Z_Inferred [get_pins hdmi_i2c_inst/i2c_ctrl_inst/N755:Z] -period 1000.000 -waveform {0.000 500.000} -add successfully.
Executing : get_pins hdmi_i2c_inst/i2c_ctrl_inst/N760:Z
Executing : get_pins hdmi_i2c_inst/i2c_ctrl_inst/N760:Z successfully.
Executing : create_clock -name hdmi_i2c_inst/i2c_ctrl_inst/N760/Z_Inferred [get_pins hdmi_i2c_inst/i2c_ctrl_inst/N760:Z] -period 1000.000 -waveform {0.000 500.000} -add
Executing : create_clock -name hdmi_i2c_inst/i2c_ctrl_inst/N760/Z_Inferred [get_pins hdmi_i2c_inst/i2c_ctrl_inst/N760:Z] -period 1000.000 -waveform {0.000 500.000} -add successfully.
Executing : get_pins hdmi_i2c_inst/i2c_ctrl_inst/N765:Z
Executing : get_pins hdmi_i2c_inst/i2c_ctrl_inst/N765:Z successfully.
Executing : create_clock -name hdmi_i2c_inst/i2c_ctrl_inst/N765/Z_Inferred [get_pins hdmi_i2c_inst/i2c_ctrl_inst/N765:Z] -period 1000.000 -waveform {0.000 500.000} -add
Executing : create_clock -name hdmi_i2c_inst/i2c_ctrl_inst/N765/Z_Inferred [get_pins hdmi_i2c_inst/i2c_ctrl_inst/N765:Z] -period 1000.000 -waveform {0.000 500.000} -add successfully.
Executing : get_pins hdmi_i2c_inst/i2c_ctrl_inst/N770:Z
Executing : get_pins hdmi_i2c_inst/i2c_ctrl_inst/N770:Z successfully.
Executing : create_clock -name hdmi_i2c_inst/i2c_ctrl_inst/N770/Z_Inferred [get_pins hdmi_i2c_inst/i2c_ctrl_inst/N770:Z] -period 1000.000 -waveform {0.000 500.000} -add
Executing : create_clock -name hdmi_i2c_inst/i2c_ctrl_inst/N770/Z_Inferred [get_pins hdmi_i2c_inst/i2c_ctrl_inst/N770:Z] -period 1000.000 -waveform {0.000 500.000} -add successfully.
Executing : get_pins hdmi_i2c_inst/i2c_ctrl_inst/N775:Z
Executing : get_pins hdmi_i2c_inst/i2c_ctrl_inst/N775:Z successfully.
Executing : create_clock -name hdmi_i2c_inst/i2c_ctrl_inst/N775/Z_Inferred [get_pins hdmi_i2c_inst/i2c_ctrl_inst/N775:Z] -period 1000.000 -waveform {0.000 500.000} -add
Executing : create_clock -name hdmi_i2c_inst/i2c_ctrl_inst/N775/Z_Inferred [get_pins hdmi_i2c_inst/i2c_ctrl_inst/N775:Z] -period 1000.000 -waveform {0.000 500.000} -add successfully.
Executing : get_pins hdmi_i2c_inst/i2c_ctrl_inst/N780:Z
Executing : get_pins hdmi_i2c_inst/i2c_ctrl_inst/N780:Z successfully.
Executing : create_clock -name hdmi_i2c_inst/i2c_ctrl_inst/N780/Z_Inferred [get_pins hdmi_i2c_inst/i2c_ctrl_inst/N780:Z] -period 1000.000 -waveform {0.000 500.000} -add
Executing : create_clock -name hdmi_i2c_inst/i2c_ctrl_inst/N780/Z_Inferred [get_pins hdmi_i2c_inst/i2c_ctrl_inst/N780:Z] -period 1000.000 -waveform {0.000 500.000} -add successfully.
Executing : get_pins hdmi_i2c_inst/i2c_ctrl_inst/N785:Z
Executing : get_pins hdmi_i2c_inst/i2c_ctrl_inst/N785:Z successfully.
Executing : create_clock -name hdmi_i2c_inst/i2c_ctrl_inst/N785/Z_Inferred [get_pins hdmi_i2c_inst/i2c_ctrl_inst/N785:Z] -period 1000.000 -waveform {0.000 500.000} -add
Executing : create_clock -name hdmi_i2c_inst/i2c_ctrl_inst/N785/Z_Inferred [get_pins hdmi_i2c_inst/i2c_ctrl_inst/N785:Z] -period 1000.000 -waveform {0.000 500.000} -add successfully.
Executing : set_clock_groups -name Inferred_clock_group -asynchronous -group {hdmi_i2c_inst/i2c_ctrl_inst/i2c_clk/Q[0]_Inferred}
Executing : set_clock_groups -name Inferred_clock_group -asynchronous -group {hdmi_i2c_inst/i2c_ctrl_inst/i2c_clk/Q[0]_Inferred} successfully.
Executing : set_clock_groups -name Inferred_clock_group_0 -asynchronous -group hdmi_i2c_inst/i2c_ctrl_inst/N512/Z_Inferred
Executing : set_clock_groups -name Inferred_clock_group_0 -asynchronous -group hdmi_i2c_inst/i2c_ctrl_inst/N512/Z_Inferred successfully.
Executing : set_clock_groups -name Inferred_clock_group_1 -asynchronous -group hdmi_i2c_inst/i2c_ctrl_inst/N745/Z_Inferred
Executing : set_clock_groups -name Inferred_clock_group_1 -asynchronous -group hdmi_i2c_inst/i2c_ctrl_inst/N745/Z_Inferred successfully.
Executing : set_clock_groups -name Inferred_clock_group_2 -asynchronous -group hdmi_i2c_inst/i2c_ctrl_inst/N750/Z_Inferred
Executing : set_clock_groups -name Inferred_clock_group_2 -asynchronous -group hdmi_i2c_inst/i2c_ctrl_inst/N750/Z_Inferred successfully.
Executing : set_clock_groups -name Inferred_clock_group_3 -asynchronous -group hdmi_i2c_inst/i2c_ctrl_inst/N755/Z_Inferred
Executing : set_clock_groups -name Inferred_clock_group_3 -asynchronous -group hdmi_i2c_inst/i2c_ctrl_inst/N755/Z_Inferred successfully.
Executing : set_clock_groups -name Inferred_clock_group_4 -asynchronous -group hdmi_i2c_inst/i2c_ctrl_inst/N760/Z_Inferred
Executing : set_clock_groups -name Inferred_clock_group_4 -asynchronous -group hdmi_i2c_inst/i2c_ctrl_inst/N760/Z_Inferred successfully.
Executing : set_clock_groups -name Inferred_clock_group_5 -asynchronous -group hdmi_i2c_inst/i2c_ctrl_inst/N765/Z_Inferred
Executing : set_clock_groups -name Inferred_clock_group_5 -asynchronous -group hdmi_i2c_inst/i2c_ctrl_inst/N765/Z_Inferred successfully.
Executing : set_clock_groups -name Inferred_clock_group_6 -asynchronous -group hdmi_i2c_inst/i2c_ctrl_inst/N770/Z_Inferred
Executing : set_clock_groups -name Inferred_clock_group_6 -asynchronous -group hdmi_i2c_inst/i2c_ctrl_inst/N770/Z_Inferred successfully.
Executing : set_clock_groups -name Inferred_clock_group_7 -asynchronous -group hdmi_i2c_inst/i2c_ctrl_inst/N775/Z_Inferred
Executing : set_clock_groups -name Inferred_clock_group_7 -asynchronous -group hdmi_i2c_inst/i2c_ctrl_inst/N775/Z_Inferred successfully.
Executing : set_clock_groups -name Inferred_clock_group_8 -asynchronous -group hdmi_i2c_inst/i2c_ctrl_inst/N780/Z_Inferred
Executing : set_clock_groups -name Inferred_clock_group_8 -asynchronous -group hdmi_i2c_inst/i2c_ctrl_inst/N780/Z_Inferred successfully.
Executing : set_clock_groups -name Inferred_clock_group_9 -asynchronous -group hdmi_i2c_inst/i2c_ctrl_inst/N785/Z_Inferred
Executing : set_clock_groups -name Inferred_clock_group_9 -asynchronous -group hdmi_i2c_inst/i2c_ctrl_inst/N785/Z_Inferred successfully.
Executing : set_clock_groups -name Inferred_clock_group -asynchronous -group {hdmi_i2c_inst/i2c_ctrl_inst/i2c_clk/Q[0]_Inferred}
Executing : set_clock_groups -name Inferred_clock_group -asynchronous -group {hdmi_i2c_inst/i2c_ctrl_inst/i2c_clk/Q[0]_Inferred} successfully.
Executing : set_clock_groups -name Inferred_clock_group_0 -asynchronous -group hdmi_i2c_inst/i2c_ctrl_inst/N512/Z_Inferred
Executing : set_clock_groups -name Inferred_clock_group_0 -asynchronous -group hdmi_i2c_inst/i2c_ctrl_inst/N512/Z_Inferred successfully.
Executing : set_clock_groups -name Inferred_clock_group_1 -asynchronous -group hdmi_i2c_inst/i2c_ctrl_inst/N745/Z_Inferred
Executing : set_clock_groups -name Inferred_clock_group_1 -asynchronous -group hdmi_i2c_inst/i2c_ctrl_inst/N745/Z_Inferred successfully.
Executing : set_clock_groups -name Inferred_clock_group_2 -asynchronous -group hdmi_i2c_inst/i2c_ctrl_inst/N750/Z_Inferred
Executing : set_clock_groups -name Inferred_clock_group_2 -asynchronous -group hdmi_i2c_inst/i2c_ctrl_inst/N750/Z_Inferred successfully.
Executing : set_clock_groups -name Inferred_clock_group_3 -asynchronous -group hdmi_i2c_inst/i2c_ctrl_inst/N755/Z_Inferred
Executing : set_clock_groups -name Inferred_clock_group_3 -asynchronous -group hdmi_i2c_inst/i2c_ctrl_inst/N755/Z_Inferred successfully.
Executing : set_clock_groups -name Inferred_clock_group_4 -asynchronous -group hdmi_i2c_inst/i2c_ctrl_inst/N760/Z_Inferred
Executing : set_clock_groups -name Inferred_clock_group_4 -asynchronous -group hdmi_i2c_inst/i2c_ctrl_inst/N760/Z_Inferred successfully.
Executing : set_clock_groups -name Inferred_clock_group_5 -asynchronous -group hdmi_i2c_inst/i2c_ctrl_inst/N765/Z_Inferred
Executing : set_clock_groups -name Inferred_clock_group_5 -asynchronous -group hdmi_i2c_inst/i2c_ctrl_inst/N765/Z_Inferred successfully.
Executing : set_clock_groups -name Inferred_clock_group_6 -asynchronous -group hdmi_i2c_inst/i2c_ctrl_inst/N770/Z_Inferred
Executing : set_clock_groups -name Inferred_clock_group_6 -asynchronous -group hdmi_i2c_inst/i2c_ctrl_inst/N770/Z_Inferred successfully.
Executing : set_clock_groups -name Inferred_clock_group_7 -asynchronous -group hdmi_i2c_inst/i2c_ctrl_inst/N775/Z_Inferred
Executing : set_clock_groups -name Inferred_clock_group_7 -asynchronous -group hdmi_i2c_inst/i2c_ctrl_inst/N775/Z_Inferred successfully.
Executing : set_clock_groups -name Inferred_clock_group_8 -asynchronous -group hdmi_i2c_inst/i2c_ctrl_inst/N780/Z_Inferred
Executing : set_clock_groups -name Inferred_clock_group_8 -asynchronous -group hdmi_i2c_inst/i2c_ctrl_inst/N780/Z_Inferred successfully.
Executing : set_clock_groups -name Inferred_clock_group_9 -asynchronous -group hdmi_i2c_inst/i2c_ctrl_inst/N785/Z_Inferred
Executing : set_clock_groups -name Inferred_clock_group_9 -asynchronous -group hdmi_i2c_inst/i2c_ctrl_inst/N785/Z_Inferred successfully.
Start pre-mapping.
I: Encoding type of FSM 'state[3:0]_fsm[3:0]' is: onehot.
I: Encoding table of FSM 'state[3:0]_fsm[3:0]':
I: from  hdmi_i2c_inst/i2c_ctrl_inst/state[3] hdmi_i2c_inst/i2c_ctrl_inst/state[2] hdmi_i2c_inst/i2c_ctrl_inst/state[1] hdmi_i2c_inst/i2c_ctrl_inst/state[0]
I: to  hdmi_i2c_inst/i2c_ctrl_inst/state_15 hdmi_i2c_inst/i2c_ctrl_inst/state_14 hdmi_i2c_inst/i2c_ctrl_inst/state_13 hdmi_i2c_inst/i2c_ctrl_inst/state_12 hdmi_i2c_inst/i2c_ctrl_inst/state_11 hdmi_i2c_inst/i2c_ctrl_inst/state_10 hdmi_i2c_inst/i2c_ctrl_inst/state_9 hdmi_i2c_inst/i2c_ctrl_inst/state_8 hdmi_i2c_inst/i2c_ctrl_inst/state_7 hdmi_i2c_inst/i2c_ctrl_inst/state_6 hdmi_i2c_inst/i2c_ctrl_inst/state_5 hdmi_i2c_inst/i2c_ctrl_inst/state_4 hdmi_i2c_inst/i2c_ctrl_inst/state_3 hdmi_i2c_inst/i2c_ctrl_inst/state_2 hdmi_i2c_inst/i2c_ctrl_inst/state_1 hdmi_i2c_inst/i2c_ctrl_inst/state_0
I: 0000 => 0000000000000001
I: 0001 => 0000000000000010
I: 0010 => 0000000000000100
I: 0011 => 0000000000001000
I: 0100 => 0000000000010000
I: 0101 => 0000000000100000
I: 0110 => 0000000001000000
I: 0111 => 0000000010000000
I: 1000 => 0000000100000000
I: 1001 => 0000001000000000
I: 1010 => 0000010000000000
I: 1011 => 0000100000000000
I: 1100 => 0001000000000000
I: 1101 => 0010000000000000
I: 1110 => 0100000000000000
I: 1111 => 1000000000000000
Executing : pre-mapping successfully.
 0.033485s wall, 0.015625s user + 0.015625s system = 0.031250s CPU (93.3%)
Start mod-gen.
I: Constant propagation done on hdmi_i2c_inst/i2c_ctrl_inst/N725 (bmsWIDEINV).
I: Constant propagation done on hdmi_i2c_inst/i2c_ctrl_inst/N724 (bmsREDAND).
I: Constant propagation done on hdmi_i2c_inst/i2c_ctrl_inst/state[3:0]_fsm[3:0]_12 (bmsREDAND).
I: Constant propagation done on hdmi_i2c_inst/i2c_ctrl_inst/addr_numinv (bmsINV).
I: Constant propagation done on hdmi_i2c_inst/i2c_ctrl_inst/state[3:0]_fsm[3:0]_5 (bmsREDAND).
I: Constant propagation done on hdmi_i2c_inst/i2c_ctrl_inst/state[3:0]_fsm[3:0]_15 (bmsREDAND).
I: Constant propagation done on hdmi_i2c_inst/i2c_ctrl_inst/N726 (bmsREDAND).
I: Constant propagation done on hdmi_i2c_inst/i2c_ctrl_inst/state[3:0]_fsm[3:0]_8 (bmsREDAND).
I: Constant propagation done on hdmi_i2c_inst/i2c_ctrl_inst/state[3:0]_fsm[3:0]_6 (bmsREDAND).
I: Constant propagation done on hdmi_i2c_inst/i2c_ctrl_inst/state[3:0]_fsm[3:0]_16 (bmsREDAND).
I: Removed bmsWIDEDFFCPE inst hdmi_i2c_inst/i2c_ctrl_inst/state_10 that is redundant to hdmi_i2c_inst/i2c_ctrl_inst/state_4
W: Register hdmi_i2c_inst/i2c_ctrl_inst/state_4 is reduced to constant 0.
I: Removed bmsWIDEDFFCPE inst hdmi_i2c_inst/i2c_ctrl_inst/state_11 that is redundant to hdmi_i2c_inst/i2c_ctrl_inst/state_5
W: Removed bmsWIDEDFFCPE inst hdmi_i2c_inst/i2c_ctrl_inst/state_5 that is stuck at constant 0.
W: Removed bmsWIDEDFFCPE inst hdmi_i2c_inst/i2c_ctrl_inst/state_12 that is stuck at constant 0.
W: Removed bmsWIDEDFFCPE inst hdmi_i2c_inst/i2c_ctrl_inst/state_13 that is stuck at constant 0.
W: Removed bmsWIDEDFFCPE inst hdmi_i2c_inst/i2c_ctrl_inst/rd_data[7:0] that is stuck at constant 0.
W: Removed bmsWIDEDFFCPE inst hdmi_i2c_inst/i2c_ctrl_inst/state_14 that is stuck at constant 0.
I: Removed bmsWIDEDLATCHCP inst hdmi_i2c_inst/i2c_ctrl_inst/rd_data_reg[1] that is redundant to hdmi_i2c_inst/i2c_ctrl_inst/rd_data_reg[0]
I: Removed bmsWIDEDLATCHCP inst hdmi_i2c_inst/i2c_ctrl_inst/rd_data_reg[2] that is redundant to hdmi_i2c_inst/i2c_ctrl_inst/rd_data_reg[0]
I: Removed bmsWIDEDLATCHCP inst hdmi_i2c_inst/i2c_ctrl_inst/rd_data_reg[3] that is redundant to hdmi_i2c_inst/i2c_ctrl_inst/rd_data_reg[0]
I: Removed bmsWIDEDLATCHCP inst hdmi_i2c_inst/i2c_ctrl_inst/rd_data_reg[4] that is redundant to hdmi_i2c_inst/i2c_ctrl_inst/rd_data_reg[0]
I: Removed bmsWIDEDLATCHCP inst hdmi_i2c_inst/i2c_ctrl_inst/rd_data_reg[5] that is redundant to hdmi_i2c_inst/i2c_ctrl_inst/rd_data_reg[0]
I: Removed bmsWIDEDLATCHCP inst hdmi_i2c_inst/i2c_ctrl_inst/rd_data_reg[6] that is redundant to hdmi_i2c_inst/i2c_ctrl_inst/rd_data_reg[0]
I: Removed bmsWIDEDLATCHCP inst hdmi_i2c_inst/i2c_ctrl_inst/rd_data_reg[7] that is redundant to hdmi_i2c_inst/i2c_ctrl_inst/rd_data_reg[0]
W: Public-4008: Instance 'hdmi_i2c_inst/i2c_ctrl_inst/rd_data_reg[0]' of 'bmsWIDEDLATCHCP' unit is dangling and will be cleaned.
Executing : mod-gen successfully.
 0.056899s wall, 0.062500s user + 0.000000s system = 0.062500s CPU (109.8%)
Start logic-optimization.
Executing : logic-optimization successfully.
 0.457520s wall, 0.421875s user + 0.031250s system = 0.453125s CPU (99.0%)
Start tech-mapping phase 1.
Executing : tech-mapping phase 1 successfully.
 0.008583s wall, 0.015625s user + 0.000000s system = 0.015625s CPU (182.0%)
Start tech-mapping phase 2.
Executing : tech-mapping phase 2 successfully.
 0.263725s wall, 0.218750s user + 0.046875s system = 0.265625s CPU (100.7%)
Start tech-optimization.
Executing : tech-optimization successfully.
 0.039282s wall, 0.031250s user + 0.000000s system = 0.031250s CPU (79.6%)
Start phys-optimization.
Executing : phys-optimization successfully.
 0.000067s wall, 0.000000s user + 0.000000s system = 0.000000s CPU (n/a%)
Start restore-hierarchy.
Executing : restore-hierarchy successfully.
 0.009860s wall, 0.015625s user + 0.000000s system = 0.015625s CPU (158.5%)

Cell Usage:
GTP_DFF_C                    12 uses
GTP_DFF_CE                   30 uses
GTP_DFF_P                     1 use
GTP_DFF_PE                    1 use
GTP_DLATCH                    1 use
GTP_DLATCH_P                  1 use
GTP_GRS                       1 use
GTP_INV                       1 use
GTP_LUT2                      2 uses
GTP_LUT3                      2 uses
GTP_LUT4                      2 uses
GTP_LUT5                     14 uses
GTP_LUT6                     24 uses
GTP_LUT6CARRY                10 uses
GTP_LUT6D                    18 uses
GTP_MUX2LUT7                  3 uses
GTP_MUX2LUT8                  1 use
GTP_ROM32X1                   4 uses
GTP_ROM32X2                   3 uses
bmsKEEPBUF                  149 uses

I/O ports: 62
GTP_INBUF                  30 uses
GTP_IOBUF                   1 use
GTP_OUTBUF                 31 uses

Mapping Summary:
Total LUTs: 79 of 66600 (0.12%)
	LUTs as dram: 0 of 19900 (0.00%)
	LUTs as logic: 79
Total Registers: 44 of 133200 (0.03%)
Total Latches: 2

DRM36K/FIFO:
Total DRM = 0.0 of 155 (0.00%)

APMs:
Total APMs = 0.00 of 240 (0.00%)

Total I/O ports = 62 of 300 (20.67%)


Number of unique control sets : 9
  CLK(hdmi_i2c_inst.cfg_clk), C(~nt_sys_rst_n)     : 4
  CLK(nt_sys_clk), CP(~nt_sys_rst_n)               : 9
      CLK(nt_sys_clk), C(~nt_sys_rst_n)            : 8
      CLK(nt_sys_clk), P(~nt_sys_rst_n)            : 1
  CLK(hdmi_i2c_inst.cfg_clk), C(~nt_sys_rst_n), CE(hdmi_i2c_inst.i2c_ctrl_inst.cnt_i2c_clk_en)     : 2
  CLK(hdmi_i2c_inst.cfg_clk), C(~nt_sys_rst_n), CE(hdmi_i2c_inst.i2c_ctrl_inst.N715)   : 3
  CLK(hdmi_i2c_inst.cfg_clk), C(~nt_sys_rst_n), CE(hdmi_i2c_inst.cfg_end)  : 7
  CLK(hdmi_i2c_inst.cfg_clk), CP(~nt_sys_rst_n), CE(hdmi_i2c_inst.i2c_ctrl_inst.N736)        : 9
      CLK(hdmi_i2c_inst.cfg_clk), C(~nt_sys_rst_n), CE(hdmi_i2c_inst.i2c_ctrl_inst.N736)     : 8
      CLK(hdmi_i2c_inst.cfg_clk), P(~nt_sys_rst_n), CE(hdmi_i2c_inst.i2c_ctrl_inst.N736)     : 1
  CLK(hdmi_i2c_inst.cfg_clk), C(~nt_sys_rst_n), CE(hdmi_i2c_inst.hdmi_cfg_inst.N3)     : 10
  G(hdmi_i2c_inst.i2c_ctrl_inst.N745)              : 1
  G(hdmi_i2c_inst.i2c_ctrl_inst.N512), P(hdmi_i2c_inst.i2c_ctrl_inst.N740)       : 1


Number of DFF:CE Signals : 5
  hdmi_i2c_inst.i2c_ctrl_inst.cnt_i2c_clk_en(from GTP_DFF_C:Q)       : 2
  hdmi_i2c_inst.i2c_ctrl_inst.N715(from GTP_LUT6:Z)      : 3
  hdmi_i2c_inst.cfg_end(from GTP_DFF_C:Q)          : 7
  hdmi_i2c_inst.i2c_ctrl_inst.N736(from GTP_LUT6:Z)      : 9
  hdmi_i2c_inst.hdmi_cfg_inst.N3(from GTP_LUT5:Z)  : 10

Number of DFF:CLK Signals : 2
  nt_sys_clk(from GTP_INBUF:O)                     : 9
  hdmi_i2c_inst.cfg_clk(from GTP_DFF_P:Q)          : 35

Number of DFF:CP Signals : 1
  ~nt_sys_rst_n(from GTP_INV:Z)                    : 44

Number of DLATCH:CP Signals : 1
  hdmi_i2c_inst.i2c_ctrl_inst.N740(from GTP_LUT6:Z)      : 1

Number of DLATCH:G Signals : 2
  hdmi_i2c_inst.i2c_ctrl_inst.N512(from GTP_LUT2:Z)      : 1
  hdmi_i2c_inst.i2c_ctrl_inst.N745(from GTP_LUT6:Z)      : 1

Design 'hdmi_loop' has been successfully synthesized to architecture-specific objects.
Saving design to DB.
I: Adm-6003: Trying to disconnect un-connected pin 'Z[0]' of instance 'ND6[27]'.
I: Adm-6003: Trying to disconnect un-connected pin 'Z[0]' of instance 'ND6[23]'.
I: Adm-6003: Trying to disconnect un-connected pin 'Z[0]' of instance 'ND11[1]'.
I: Adm-6003: Trying to disconnect un-connected pin 'Z[0]' of instance 'ND11[3]'.
I: Adm-6003: Trying to disconnect un-connected pin 'Z[0]' of instance 'ND11[0]'.
I: Adm-6003: Trying to disconnect un-connected pin 'Z[0]' of instance 'ND0'.
I: Adm-6003: Trying to disconnect un-connected pin 'Z[0]' of instance 'ND1'.
I: Adm-6003: Trying to disconnect un-connected pin 'Z[0]' of instance 'ND2'.
I: Adm-6003: Trying to disconnect un-connected pin 'Z[0]' of instance 'ND3'.
I: Adm-6003: Trying to disconnect un-connected pin 'Z[0]' of instance 'ND5'.
I: Adm-6003: Trying to disconnect un-connected pin 'Z[0]' of instance 'ND6'.
I: Adm-6003: Trying to disconnect un-connected pin 'Z[0]' of instance 'ND7'.
I: Adm-6003: Trying to disconnect un-connected pin 'Z[0]' of instance 'ND8'.
I: Adm-6003: Trying to disconnect un-connected pin 'Z[0]' of instance 'ND9'.
I: Adm-6003: Trying to disconnect un-connected pin 'Z[0]' of instance 'ND11'.
I: Adm-6003: Trying to disconnect un-connected pin 'Z[0]' of instance 'ND4[0]'.
I: Adm-6003: Trying to disconnect un-connected pin 'Z[0]' of instance 'ND4[1]'.
I: Adm-6003: Trying to disconnect un-connected pin 'Z[0]' of instance 'ND4[2]'.
I: Adm-6003: Trying to disconnect un-connected pin 'Z[0]' of instance 'ND4[3]'.
I: Adm-6003: Trying to disconnect un-connected pin 'Z[0]' of instance 'ND4[4]'.
I: Adm-6003: Trying to disconnect un-connected pin 'Z[0]' of instance 'ND4[5]'.
I: Adm-6003: Trying to disconnect un-connected pin 'Z[0]' of instance 'ND4[6]'.
I: Adm-6003: Trying to disconnect un-connected pin 'Z[0]' of instance 'ND4[7]'.
I: Adm-6003: Trying to disconnect un-connected pin 'Z[0]' of instance 'ND4[8]'.
I: Adm-6003: Trying to disconnect un-connected pin 'Z[0]' of instance 'ND4[9]'.
I: Adm-6003: Trying to disconnect un-connected pin 'Z[0]' of instance 'ND4[10]'.
I: Adm-6003: Trying to disconnect un-connected pin 'Z[0]' of instance 'ND4[11]'.
I: Adm-6003: Trying to disconnect un-connected pin 'Z[0]' of instance 'ND4[12]'.
I: Adm-6003: Trying to disconnect un-connected pin 'Z[0]' of instance 'ND4[13]'.
I: Adm-6003: Trying to disconnect un-connected pin 'Z[0]' of instance 'ND4[14]'.
I: Adm-6003: Trying to disconnect un-connected pin 'Z[0]' of instance 'ND4[15]'.
I: Adm-6003: Trying to disconnect un-connected pin 'Z[0]' of instance 'ND4[16]'.
I: Adm-6003: Trying to disconnect un-connected pin 'Z[0]' of instance 'ND4[17]'.
I: Adm-6003: Trying to disconnect un-connected pin 'Z[0]' of instance 'ND4[18]'.
I: Adm-6003: Trying to disconnect un-connected pin 'Z[0]' of instance 'ND4[19]'.
I: Adm-6003: Trying to disconnect un-connected pin 'Z[0]' of instance 'ND4[20]'.
I: Adm-6003: Trying to disconnect un-connected pin 'Z[0]' of instance 'ND4[21]'.
I: Adm-6003: Trying to disconnect un-connected pin 'Z[0]' of instance 'ND4[22]'.
I: Adm-6003: Trying to disconnect un-connected pin 'Z[0]' of instance 'ND4[23]'.
I: Adm-6003: Trying to disconnect un-connected pin 'Z[0]' of instance 'ND10[0]'.
I: Adm-6003: Trying to disconnect un-connected pin 'Z[0]' of instance 'ND10[1]'.
I: Adm-6003: Trying to disconnect un-connected pin 'Z[0]' of instance 'ND10[2]'.
I: Adm-6003: Trying to disconnect un-connected pin 'Z[0]' of instance 'ND10[3]'.
I: Adm-6003: Trying to disconnect un-connected pin 'Z[0]' of instance 'ND10[4]'.
I: Adm-6003: Trying to disconnect un-connected pin 'Z[0]' of instance 'ND10[5]'.
I: Adm-6003: Trying to disconnect un-connected pin 'Z[0]' of instance 'ND10[6]'.
I: Adm-6003: Trying to disconnect un-connected pin 'Z[0]' of instance 'ND10[7]'.
I: Adm-6003: Trying to disconnect un-connected pin 'Z[0]' of instance 'ND10[8]'.
I: Adm-6003: Trying to disconnect un-connected pin 'Z[0]' of instance 'ND10[9]'.
I: Adm-6003: Trying to disconnect un-connected pin 'Z[0]' of instance 'ND10[10]'.
I: Adm-6003: Trying to disconnect un-connected pin 'Z[0]' of instance 'ND10[11]'.
I: Adm-6003: Trying to disconnect un-connected pin 'Z[0]' of instance 'ND10[12]'.
I: Adm-6003: Trying to disconnect un-connected pin 'Z[0]' of instance 'ND10[13]'.
I: Adm-6003: Trying to disconnect un-connected pin 'Z[0]' of instance 'ND10[14]'.
I: Adm-6003: Trying to disconnect un-connected pin 'Z[0]' of instance 'ND10[15]'.
I: Adm-6003: Trying to disconnect un-connected pin 'Z[0]' of instance 'ND10[16]'.
I: Adm-6003: Trying to disconnect un-connected pin 'Z[0]' of instance 'ND10[17]'.
I: Adm-6003: Trying to disconnect un-connected pin 'Z[0]' of instance 'ND10[18]'.
I: Adm-6003: Trying to disconnect un-connected pin 'Z[0]' of instance 'ND10[19]'.
I: Adm-6003: Trying to disconnect un-connected pin 'Z[0]' of instance 'ND10[20]'.
I: Adm-6003: Trying to disconnect un-connected pin 'Z[0]' of instance 'ND10[21]'.
I: Adm-6003: Trying to disconnect un-connected pin 'Z[0]' of instance 'ND10[22]'.
I: Adm-6003: Trying to disconnect un-connected pin 'Z[0]' of instance 'ND10[23]'.
I: Adm-6003: Trying to disconnect un-connected pin 'Z[0]' of instance 'ND6[19]'.
I: Adm-6003: Trying to disconnect un-connected pin 'Z[0]' of instance 'ND6[18]'.
I: Adm-6003: Trying to disconnect un-connected pin 'Z[0]' of instance 'ND6[17]'.
I: Adm-6003: Trying to disconnect un-connected pin 'Z[0]' of instance 'ND6[16]'.
I: Adm-6003: Trying to disconnect un-connected pin 'Z[0]' of instance 'ND6[15]'.
I: Adm-6003: Trying to disconnect un-connected pin 'Z[0]' of instance 'ND6[14]'.
I: Adm-6003: Trying to disconnect un-connected pin 'Z[0]' of instance 'ND6[13]'.
I: Adm-6003: Trying to disconnect un-connected pin 'Z[0]' of instance 'ND6[12]'.
I: Adm-6003: Trying to disconnect un-connected pin 'Z[0]' of instance 'ND6[11]'.
I: Adm-6003: Trying to disconnect un-connected pin 'Z[0]' of instance 'ND6[10]'.
I: Adm-6003: Trying to disconnect un-connected pin 'Z[0]' of instance 'ND6[9]'.
I: Adm-6003: Trying to disconnect un-connected pin 'Z[0]' of instance 'ND6[8]'.
I: Adm-6003: Trying to disconnect un-connected pin 'Z[0]' of instance 'ND6[7]'.
I: Adm-6003: Trying to disconnect un-connected pin 'Z[0]' of instance 'ND6[6]'.
I: Adm-6003: Trying to disconnect un-connected pin 'Z[0]' of instance 'ND6[5]'.
I: Adm-6003: Trying to disconnect un-connected pin 'Z[0]' of instance 'ND6[4]'.
I: Adm-6003: Trying to disconnect un-connected pin 'Z[0]' of instance 'ND6[3]'.
I: Adm-6003: Trying to disconnect un-connected pin 'Z[0]' of instance 'ND6[2]'.
I: Adm-6003: Trying to disconnect un-connected pin 'Z[0]' of instance 'ND6[1]'.
I: Adm-6003: Trying to disconnect un-connected pin 'Z[0]' of instance 'ND6[0]'.
I: Adm-6003: Trying to disconnect un-connected pin 'Z[0]' of instance 'ND7'.
I: Adm-6003: Trying to disconnect un-connected pin 'Z[0]' of instance 'ND6[31]'.
I: Adm-6003: Trying to disconnect un-connected pin 'Z[0]' of instance 'ND5'.
I: Adm-6003: Trying to disconnect un-connected pin 'Z[0]' of instance 'ND4'.
I: Adm-6003: Trying to disconnect un-connected pin 'Z[0]' of instance 'ND6[30]'.
I: Adm-6003: Trying to disconnect un-connected pin 'Z[0]' of instance 'ND6[29]'.
I: Adm-6003: Trying to disconnect un-connected pin 'Z[0]' of instance 'ND6[28]'.
I: Adm-6003: Trying to disconnect un-connected pin 'Z[0]' of instance 'ND6[26]'.
I: Adm-6003: Trying to disconnect un-connected pin 'Z[0]' of instance 'ND6[25]'.
I: Adm-6003: Trying to disconnect un-connected pin 'Z[0]' of instance 'ND6[24]'.
I: Adm-6003: Trying to disconnect un-connected pin 'Z[0]' of instance 'ND6[22]'.
I: Adm-6003: Trying to disconnect un-connected pin 'Z[0]' of instance 'ND6[21]'.
I: Adm-6003: Trying to disconnect un-connected pin 'Z[0]' of instance 'ND6[20]'.
I: Adm-6003: Trying to disconnect un-connected pin 'Z[0]' of instance 'ND0'.
I: Adm-6003: Trying to disconnect un-connected pin 'Z[0]' of instance 'ND1'.
I: Adm-6003: Trying to disconnect un-connected pin 'Z[0]' of instance 'ND2'.
I: Adm-6003: Trying to disconnect un-connected pin 'Z[0]' of instance 'ND11[2]'.
I: Adm-6003: Trying to disconnect un-connected pin 'Z[0]' of instance 'ND11[4]'.
I: Adm-6003: Trying to disconnect un-connected pin 'Z[0]' of instance 'ND11[5]'.
I: Adm-6003: Trying to disconnect un-connected pin 'Z[0]' of instance 'ND11[6]'.
I: Adm-6003: Trying to disconnect un-connected pin 'Z[0]' of instance 'ND11[7]'.
I: Adm-6003: Trying to disconnect un-connected pin 'Z[0]' of instance 'ND13[0]'.
I: Adm-6003: Trying to disconnect un-connected pin 'Z[0]' of instance 'ND13[1]'.
I: Adm-6003: Trying to disconnect un-connected pin 'Z[0]' of instance 'ND13[2]'.
I: Adm-6003: Trying to disconnect un-connected pin 'Z[0]' of instance 'ND13[3]'.
I: Adm-6003: Trying to disconnect un-connected pin 'Z[0]' of instance 'ND13[4]'.
I: Adm-6003: Trying to disconnect un-connected pin 'Z[0]' of instance 'ND13[5]'.
I: Adm-6003: Trying to disconnect un-connected pin 'Z[0]' of instance 'ND13[6]'.
I: Adm-6003: Trying to disconnect un-connected pin 'Z[0]' of instance 'ND13[7]'.
I: Adm-6003: Trying to disconnect un-connected pin 'Z[0]' of instance 'ND14[0]'.
I: Adm-6003: Trying to disconnect un-connected pin 'Z[0]' of instance 'ND14[1]'.
I: Adm-6003: Trying to disconnect un-connected pin 'Z[0]' of instance 'ND14[2]'.
I: Adm-6003: Trying to disconnect un-connected pin 'Z[0]' of instance 'ND14[3]'.
I: Adm-6003: Trying to disconnect un-connected pin 'Z[0]' of instance 'ND14[4]'.
I: Adm-6003: Trying to disconnect un-connected pin 'Z[0]' of instance 'ND8'.
I: Adm-6003: Trying to disconnect un-connected pin 'Z[0]' of instance 'ND14[5]'.
I: Adm-6003: Trying to disconnect un-connected pin 'Z[0]' of instance 'ND14[6]'.
I: Adm-6003: Trying to disconnect un-connected pin 'Z[0]' of instance 'ND15[0]'.
I: Adm-6003: Trying to disconnect un-connected pin 'Z[0]' of instance 'ND12'.
I: Adm-6003: Trying to disconnect un-connected pin 'Z[0]' of instance 'ND15[1]'.
I: Adm-6003: Trying to disconnect un-connected pin 'Z[0]' of instance 'ND15[2]'.
I: Adm-6003: Trying to disconnect un-connected pin 'Z[0]' of instance 'ND15[3]'.
I: Adm-6003: Trying to disconnect un-connected pin 'Z[0]' of instance 'ND9[0]'.
I: Adm-6003: Trying to disconnect un-connected pin 'Z[0]' of instance 'ND9[1]'.
I: Adm-6003: Trying to disconnect un-connected pin 'Z[0]' of instance 'ND9[2]'.
I: Adm-6003: Trying to disconnect un-connected pin 'Z[0]' of instance 'ND9[3]'.
I: Adm-6003: Trying to disconnect un-connected pin 'Z[0]' of instance 'ND9[4]'.
I: Adm-6003: Trying to disconnect un-connected pin 'Z[0]' of instance 'ND9[5]'.
I: Adm-6003: Trying to disconnect un-connected pin 'Z[0]' of instance 'ND9[6]'.
I: Adm-6003: Trying to disconnect un-connected pin 'Z[0]' of instance 'ND9[7]'.
I: Adm-6003: Trying to disconnect un-connected pin 'Z[0]' of instance 'ND10[0]'.
I: Adm-6003: Trying to disconnect un-connected pin 'Z[0]' of instance 'ND10[1]'.
I: Adm-6003: Trying to disconnect un-connected pin 'Z[0]' of instance 'ND10[2]'.
I: Adm-6003: Trying to disconnect un-connected pin 'Z[0]' of instance 'ND10[3]'.
I: Adm-6003: Trying to disconnect un-connected pin 'Z[0]' of instance 'ND10[4]'.
I: Adm-6003: Trying to disconnect un-connected pin 'Z[0]' of instance 'ND10[5]'.
I: Adm-6003: Trying to disconnect un-connected pin 'Z[0]' of instance 'ND10[6]'.
I: Adm-6003: Trying to disconnect un-connected pin 'Z[0]' of instance 'ND10[7]'.
I: Adm-6003: Trying to disconnect un-connected pin 'Z[0]' of instance 'ND10[8]'.
I: Adm-6003: Trying to disconnect un-connected pin 'Z[0]' of instance 'ND10[9]'.
I: Adm-6003: Trying to disconnect un-connected pin 'Z[0]' of instance 'ND10[10]'.
I: Adm-6003: Trying to disconnect un-connected pin 'Z[0]' of instance 'ND10[11]'.
I: Adm-6003: Trying to disconnect un-connected pin 'Z[0]' of instance 'ND10[12]'.
I: Adm-6003: Trying to disconnect un-connected pin 'Z[0]' of instance 'ND10[13]'.
I: Adm-6003: Trying to disconnect un-connected pin 'Z[0]' of instance 'ND10[14]'.
I: Adm-6003: Trying to disconnect un-connected pin 'Z[0]' of instance 'ND10[15]'.
Saving design to hdmi_loop_syn.vm
Constructing timing graph ...
Timing graph has been constructed successfully
C: STA-3003: The timing arc 'I4->Z' of 'GTP_LUT6' are non_unate, The timing analyser will assume pos_unate for these arcs in clock propgation. Clock: 'hdmi_i2c_inst/i2c_ctrl_inst/i2c_clk/Q[0]_Inferred'  from 'hdmi_i2c_inst/i2c_ctrl_inst/i2c_clk_ce_mux[0]/I4' to: 'hdmi_i2c_inst/i2c_ctrl_inst/i2c_clk_ce_mux[0]/Z'
C: STA-3003: The timing arc 'I4->Z' of 'GTP_LUT6' are non_unate, The timing analyser will assume pos_unate for these arcs in clock propgation. Clock: 'hdmi_i2c_inst/i2c_ctrl_inst/i2c_clk/Q[0]_Inferred'  from 'hdmi_i2c_inst/i2c_ctrl_inst/i2c_clk_ce_mux[0]/I4' to: 'hdmi_i2c_inst/i2c_ctrl_inst/i2c_clk_ce_mux[0]/Z'
C: STA-3003: The timing arc 'I4->Z' of 'GTP_LUT6' are non_unate, The timing analyser will assume pos_unate for these arcs in clock propgation. Clock: 'hdmi_i2c_inst/i2c_ctrl_inst/i2c_clk/Q[0]_Inferred'  from 'hdmi_i2c_inst/i2c_ctrl_inst/i2c_clk_ce_mux[0]/I4' to: 'hdmi_i2c_inst/i2c_ctrl_inst/i2c_clk_ce_mux[0]/Z'
C: STA-3003: The timing arc 'I4->Z' of 'GTP_LUT6' are non_unate, The timing analyser will assume pos_unate for these arcs in clock propgation. Clock: 'hdmi_i2c_inst/i2c_ctrl_inst/i2c_clk/Q[0]_Inferred'  from 'hdmi_i2c_inst/i2c_ctrl_inst/i2c_clk_ce_mux[0]/I4' to: 'hdmi_i2c_inst/i2c_ctrl_inst/i2c_clk_ce_mux[0]/Z'
Check timing ...
C: STA-3011: Clock pin 'hdmi_i2c_inst/i2c_ctrl_inst/ack/G' (GTP_DLATCH_P.G) has no clock, timing propagation is disabled at the pin.
C: STA-3011: Clock pin 'hdmi_i2c_inst/i2c_ctrl_inst/i2c_sda_reg/G' (GTP_DLATCH.G) has no clock, timing propagation is disabled at the pin.
W: Timing-4086: Port 'ddc_sda' is not constrained, it is treated as combinational input.
W: Timing-4087: Port 'ddc_sda' is not constrained, it is treated as combinational output.
W: Timing-4087: Port 'ddc_scl' is not constrained, it is treated as combinational output.
W: Timing-4087: Port 'hdmi_in_rst_n' is not constrained, it is treated as combinational output.
W: Timing-4087: Port 'hdmi_out_clk' is not constrained, it is treated as combinational output.
W: Timing-4087: Port 'hdmi_out_de' is not constrained, it is treated as combinational output.
W: Timing-4087: Port 'hdmi_out_hsync' is not constrained, it is treated as combinational output.
W: Timing-4087: Port 'hdmi_out_rgb[0]' is not constrained, it is treated as combinational output.
W: Timing-4087: Port 'hdmi_out_rgb[1]' is not constrained, it is treated as combinational output.
W: Timing-4087: Port 'hdmi_out_rgb[2]' is not constrained, it is treated as combinational output.
W: Timing-4087: Port 'hdmi_out_rgb[3]' is not constrained, it is treated as combinational output.
W: Timing-4087: Port 'hdmi_out_rgb[4]' is not constrained, it is treated as combinational output.
W: Timing-4087: Port 'hdmi_out_rgb[5]' is not constrained, it is treated as combinational output.
W: Timing-4087: Port 'hdmi_out_rgb[6]' is not constrained, it is treated as combinational output.
W: Timing-4087: Port 'hdmi_out_rgb[7]' is not constrained, it is treated as combinational output.
W: Timing-4087: Port 'hdmi_out_rgb[8]' is not constrained, it is treated as combinational output.
W: Timing-4087: Port 'hdmi_out_rgb[9]' is not constrained, it is treated as combinational output.
W: Timing-4087: Port 'hdmi_out_rgb[10]' is not constrained, it is treated as combinational output.
W: Timing-4087: Port 'hdmi_out_rgb[11]' is not constrained, it is treated as combinational output.
W: Timing-4087: Port 'hdmi_out_rgb[12]' is not constrained, it is treated as combinational output.
W: Timing-4087: Port 'hdmi_out_rgb[13]' is not constrained, it is treated as combinational output.
W: Timing-4087: Port 'hdmi_out_rgb[14]' is not constrained, it is treated as combinational output.
W: Timing-4087: Port 'hdmi_out_rgb[15]' is not constrained, it is treated as combinational output.
W: Timing-4087: Port 'hdmi_out_rgb[16]' is not constrained, it is treated as combinational output.
W: Timing-4087: Port 'hdmi_out_rgb[17]' is not constrained, it is treated as combinational output.
W: Timing-4087: Port 'hdmi_out_rgb[18]' is not constrained, it is treated as combinational output.
W: Timing-4087: Port 'hdmi_out_rgb[19]' is not constrained, it is treated as combinational output.
W: Timing-4087: Port 'hdmi_out_rgb[20]' is not constrained, it is treated as combinational output.
W: Timing-4087: Port 'hdmi_out_rgb[21]' is not constrained, it is treated as combinational output.
W: Timing-4087: Port 'hdmi_out_rgb[22]' is not constrained, it is treated as combinational output.
W: Timing-4087: Port 'hdmi_out_rgb[23]' is not constrained, it is treated as combinational output.
W: Timing-4087: Port 'hdmi_out_rst_n' is not constrained, it is treated as combinational output.
W: Timing-4087: Port 'hdmi_out_vsync' is not constrained, it is treated as combinational output.
W: Timing-4086: Port 'hdmi_in_clk' is not constrained, it is treated as combinational input.
W: Timing-4086: Port 'hdmi_in_de' is not constrained, it is treated as combinational input.
W: Timing-4086: Port 'hdmi_in_hsync' is not constrained, it is treated as combinational input.
W: Timing-4086: Port 'hdmi_in_rgb[0]' is not constrained, it is treated as combinational input.
W: Timing-4086: Port 'hdmi_in_rgb[1]' is not constrained, it is treated as combinational input.
W: Timing-4086: Port 'hdmi_in_rgb[2]' is not constrained, it is treated as combinational input.
W: Timing-4086: Port 'hdmi_in_rgb[3]' is not constrained, it is treated as combinational input.
W: Timing-4086: Port 'hdmi_in_rgb[4]' is not constrained, it is treated as combinational input.
W: Timing-4086: Port 'hdmi_in_rgb[5]' is not constrained, it is treated as combinational input.
W: Timing-4086: Port 'hdmi_in_rgb[6]' is not constrained, it is treated as combinational input.
W: Timing-4086: Port 'hdmi_in_rgb[7]' is not constrained, it is treated as combinational input.
W: Timing-4086: Port 'hdmi_in_rgb[8]' is not constrained, it is treated as combinational input.
W: Timing-4086: Port 'hdmi_in_rgb[9]' is not constrained, it is treated as combinational input.
W: Timing-4086: Port 'hdmi_in_rgb[10]' is not constrained, it is treated as combinational input.
W: Timing-4086: Port 'hdmi_in_rgb[11]' is not constrained, it is treated as combinational input.
W: Timing-4086: Port 'hdmi_in_rgb[12]' is not constrained, it is treated as combinational input.
W: Timing-4086: Port 'hdmi_in_rgb[13]' is not constrained, it is treated as combinational input.
W: Timing-4086: Port 'hdmi_in_rgb[14]' is not constrained, it is treated as combinational input.
W: Timing-4086: Port 'hdmi_in_rgb[15]' is not constrained, it is treated as combinational input.
W: Timing-4086: Port 'hdmi_in_rgb[16]' is not constrained, it is treated as combinational input.
W: Timing-4086: Port 'hdmi_in_rgb[17]' is not constrained, it is treated as combinational input.
W: Timing-4086: Port 'hdmi_in_rgb[18]' is not constrained, it is treated as combinational input.
W: Timing-4086: Port 'hdmi_in_rgb[19]' is not constrained, it is treated as combinational input.
W: Timing-4086: Port 'hdmi_in_rgb[20]' is not constrained, it is treated as combinational input.
W: Timing-4086: Port 'hdmi_in_rgb[21]' is not constrained, it is treated as combinational input.
W: Timing-4086: Port 'hdmi_in_rgb[22]' is not constrained, it is treated as combinational input.
W: Timing-4086: Port 'hdmi_in_rgb[23]' is not constrained, it is treated as combinational input.
W: Timing-4086: Port 'hdmi_in_vsync' is not constrained, it is treated as combinational input.
W: Timing-4086: Port 'sys_rst_n' is not constrained, it is treated as combinational input.
Detailed Timing Report:

Timing analysis mode : single corner

 Clock Summary:                                                                                     
****************************************************************************************************
                                                                           Clock   Non-clock        
 Clock                    Period       Waveform       Type                 Loads       Loads  Sources
----------------------------------------------------------------------------------------------------
 sys_clk                  20.000       {0 10}         Declared                 9           0  {sys_clk}
 hdmi_i2c_inst/i2c_ctrl_inst/i2c_clk/Q[0]_Inferred
                          1000.000     {0 500}        Declared                35           0  {hdmi_i2c_inst/i2c_ctrl_inst/i2c_clk/Q}
====================================================================================================

 Clock Groups:                                                                                    
**************************************************************************************************
 Clock Group                   Group Type                 clocks                                  
--------------------------------------------------------------------------------------------------
 Inferred_clock_group          asynchronous               hdmi_i2c_inst/i2c_ctrl_inst/i2c_clk/Q[0]_Inferred
==================================================================================================

 Performance Summary:                                                                               
****************************************************************************************************
                              Requested       Estimated      Requested      Estimated               
 Clock                        Frequency       Frequency      Period         Period             Slack
----------------------------------------------------------------------------------------------------
 sys_clk                     50.000 MHz     610.501 MHz         20.000          1.638         18.362
 hdmi_i2c_inst/i2c_ctrl_inst/i2c_clk/Q[0]_Inferred
                              1.000 MHz     362.582 MHz       1000.000          2.758        997.242
====================================================================================================

Design Summary : All Constraints Met.

Setup Summary(Slow Corner):
****************************************************************************************************
                                                                          TNS Failing      TNS Total
 Launch Clock           Capture Clock              WNS(ns)     TNS(ns)      Endpoints      Endpoints
----------------------------------------------------------------------------------------------------
 sys_clk                sys_clk                     18.362       0.000              0              9
 hdmi_i2c_inst/i2c_ctrl_inst/i2c_clk/Q[0]_Inferred
                        hdmi_i2c_inst/i2c_ctrl_inst/i2c_clk/Q[0]_Inferred
                                                   997.242       0.000              0             66
====================================================================================================

Hold Summary(Slow Corner):
****************************************************************************************************
                                                                          THS Failing      THS Total
 Launch Clock           Capture Clock              WHS(ns)     THS(ns)      Endpoints      Endpoints
----------------------------------------------------------------------------------------------------
 sys_clk                sys_clk                      0.830       0.000              0              9
 hdmi_i2c_inst/i2c_ctrl_inst/i2c_clk/Q[0]_Inferred
                        hdmi_i2c_inst/i2c_ctrl_inst/i2c_clk/Q[0]_Inferred
                                                     0.649       0.000              0             66
====================================================================================================

Recovery Summary(Slow Corner):
****************************************************************************************************
                                                                          TNS Failing      TNS Total
 Launch Clock           Capture Clock              WNS(ns)     TNS(ns)      Endpoints      Endpoints
----------------------------------------------------------------------------------------------------
====================================================================================================

Removal Summary(Slow Corner):
****************************************************************************************************
                                                                          THS Failing      THS Total
 Launch Clock           Capture Clock              WHS(ns)     THS(ns)      Endpoints      Endpoints
----------------------------------------------------------------------------------------------------
====================================================================================================

Minimum Pulse Width Summary(Slow Corner):
****************************************************************************************************
                                                                         WPWS Failing     WPWS Total
 Clock                                            WPWS(ns)    TPWS(ns)      Endpoints      Endpoints
----------------------------------------------------------------------------------------------------
 sys_clk                                             9.702       0.000              0              9
 hdmi_i2c_inst/i2c_ctrl_inst/i2c_clk/Q[0]_Inferred
                                                   499.800       0.000              0             35
====================================================================================================

Setup Summary(Fast Corner):
****************************************************************************************************
                                                                          TNS Failing      TNS Total
 Launch Clock           Capture Clock              WNS(ns)     TNS(ns)      Endpoints      Endpoints
----------------------------------------------------------------------------------------------------
====================================================================================================

Hold Summary(Fast Corner):
****************************************************************************************************
                                                                          THS Failing      THS Total
 Launch Clock           Capture Clock              WHS(ns)     THS(ns)      Endpoints      Endpoints
----------------------------------------------------------------------------------------------------
====================================================================================================

Recovery Summary(Fast Corner):
****************************************************************************************************
                                                                          TNS Failing      TNS Total
 Launch Clock           Capture Clock              WNS(ns)     TNS(ns)      Endpoints      Endpoints
----------------------------------------------------------------------------------------------------
====================================================================================================

Removal Summary(Fast Corner):
****************************************************************************************************
                                                                          THS Failing      THS Total
 Launch Clock           Capture Clock              WHS(ns)     THS(ns)      Endpoints      Endpoints
----------------------------------------------------------------------------------------------------
====================================================================================================

Minimum Pulse Width Summary(Fast Corner):
****************************************************************************************************
                                                                         WPWS Failing     WPWS Total
 Clock                                            WPWS(ns)    TPWS(ns)      Endpoints      Endpoints
----------------------------------------------------------------------------------------------------
====================================================================================================

default
****************************************************************************************************
====================================================================================================

Startpoint  : hdmi_i2c_inst/i2c_ctrl_inst/cnt_clk[0]/CLK (GTP_DFF_C)
Endpoint    : hdmi_i2c_inst/i2c_ctrl_inst/cnt_clk[6]/D (GTP_DFF_C)
Path Group  : sys_clk
Path Type   : max
Path Class  : sequential timing path
Clock Skew :    0.000  (Capture Clock Delay - Launch Clock Delay + Clock Pessimism Removal)
  Capture Clock Delay     :  3.379
  Launch Clock Delay      :  3.379
  Clock Pessimism Removal :  0.000

 Location                          Delay Type             Incr        Path         Logical Resource 
----------------------------------------------------------------------------------------------------

 Clock sys_clk (rising edge)                             0.000       0.000 r                        
 sys_clk                                                 0.000       0.000 r       sys_clk (port)   
                                   net (fanout=1)        0.000       0.000         sys_clk          
                                                                                   sys_clk_ibuf/I (GTP_INBUF)
                                   td                    0.959       0.959 r       sys_clk_ibuf/O (GTP_INBUF)
                                   net (fanout=9)        2.420       3.379         nt_sys_clk       
                                                                           r       hdmi_i2c_inst/i2c_ctrl_inst/cnt_clk[0]/CLK (GTP_DFF_C)

                                   tco                   0.203       3.582 r       hdmi_i2c_inst/i2c_ctrl_inst/cnt_clk[0]/Q (GTP_DFF_C)
                                   net (fanout=8)        0.527       4.109         hdmi_i2c_inst/i2c_ctrl_inst/cnt_clk [0]
                                                                                   hdmi_i2c_inst/i2c_ctrl_inst/N8_ac2/I0 (GTP_LUT3)
                                   td                    0.203       4.312 r       hdmi_i2c_inst/i2c_ctrl_inst/N8_ac2/Z (GTP_LUT3)
                                   net (fanout=4)        0.423       4.735         hdmi_i2c_inst/i2c_ctrl_inst/_N11
                                                                                   hdmi_i2c_inst/i2c_ctrl_inst/N8_sum6/I4 (GTP_LUT5)
                                   td                    0.096       4.831 r       hdmi_i2c_inst/i2c_ctrl_inst/N8_sum6/Z (GTP_LUT5)
                                   net (fanout=1)        0.000       4.831         hdmi_i2c_inst/i2c_ctrl_inst/N706 [6]
                                                                           r       hdmi_i2c_inst/i2c_ctrl_inst/cnt_clk[6]/D (GTP_DFF_C)

 Data arrival time                                                   4.831         Logic Levels: 2  
                                                                                   Logic: 0.502ns(34.573%), Route: 0.950ns(65.427%)
----------------------------------------------------------------------------------------------------

 Clock sys_clk (rising edge)                            20.000      20.000 r                        
 sys_clk                                                 0.000      20.000 r       sys_clk (port)   
                                   net (fanout=1)        0.000      20.000         sys_clk          
                                                                                   sys_clk_ibuf/I (GTP_INBUF)
                                   td                    0.959      20.959 r       sys_clk_ibuf/O (GTP_INBUF)
                                   net (fanout=9)        2.420      23.379         nt_sys_clk       
                                                                           r       hdmi_i2c_inst/i2c_ctrl_inst/cnt_clk[6]/CLK (GTP_DFF_C)
 clock pessimism                                         0.000      23.379                          
 clock uncertainty                                      -0.050      23.329                          

 Setup time                                             -0.136      23.193                          

 Data required time                                                 23.193                          
----------------------------------------------------------------------------------------------------
 Data required time                                                 23.193                          
 Data arrival time                                                  -4.831                          
----------------------------------------------------------------------------------------------------
 Slack (MET)                                                        18.362                          
====================================================================================================

====================================================================================================

Startpoint  : hdmi_i2c_inst/i2c_ctrl_inst/cnt_clk[0]/CLK (GTP_DFF_C)
Endpoint    : hdmi_i2c_inst/i2c_ctrl_inst/cnt_clk[4]/D (GTP_DFF_C)
Path Group  : sys_clk
Path Type   : max
Path Class  : sequential timing path
Clock Skew :    0.000  (Capture Clock Delay - Launch Clock Delay + Clock Pessimism Removal)
  Capture Clock Delay     :  3.379
  Launch Clock Delay      :  3.379
  Clock Pessimism Removal :  0.000

 Location                          Delay Type             Incr        Path         Logical Resource 
----------------------------------------------------------------------------------------------------

 Clock sys_clk (rising edge)                             0.000       0.000 r                        
 sys_clk                                                 0.000       0.000 r       sys_clk (port)   
                                   net (fanout=1)        0.000       0.000         sys_clk          
                                                                                   sys_clk_ibuf/I (GTP_INBUF)
                                   td                    0.959       0.959 r       sys_clk_ibuf/O (GTP_INBUF)
                                   net (fanout=9)        2.420       3.379         nt_sys_clk       
                                                                           r       hdmi_i2c_inst/i2c_ctrl_inst/cnt_clk[0]/CLK (GTP_DFF_C)

                                   tco                   0.203       3.582 r       hdmi_i2c_inst/i2c_ctrl_inst/cnt_clk[0]/Q (GTP_DFF_C)
                                   net (fanout=8)        0.527       4.109         hdmi_i2c_inst/i2c_ctrl_inst/cnt_clk [0]
                                                                                   hdmi_i2c_inst/i2c_ctrl_inst/N8_ac2/I0 (GTP_LUT3)
                                   td                    0.203       4.312 r       hdmi_i2c_inst/i2c_ctrl_inst/N8_ac2/Z (GTP_LUT3)
                                   net (fanout=4)        0.423       4.735         hdmi_i2c_inst/i2c_ctrl_inst/_N11
                                                                                   hdmi_i2c_inst/i2c_ctrl_inst/N706[4]/I4 (GTP_LUT6)
                                   td                    0.074       4.809 r       hdmi_i2c_inst/i2c_ctrl_inst/N706[4]/Z (GTP_LUT6)
                                   net (fanout=1)        0.000       4.809         hdmi_i2c_inst/i2c_ctrl_inst/N706 [4]
                                                                           r       hdmi_i2c_inst/i2c_ctrl_inst/cnt_clk[4]/D (GTP_DFF_C)

 Data arrival time                                                   4.809         Logic Levels: 2  
                                                                                   Logic: 0.480ns(33.566%), Route: 0.950ns(66.434%)
----------------------------------------------------------------------------------------------------

 Clock sys_clk (rising edge)                            20.000      20.000 r                        
 sys_clk                                                 0.000      20.000 r       sys_clk (port)   
                                   net (fanout=1)        0.000      20.000         sys_clk          
                                                                                   sys_clk_ibuf/I (GTP_INBUF)
                                   td                    0.959      20.959 r       sys_clk_ibuf/O (GTP_INBUF)
                                   net (fanout=9)        2.420      23.379         nt_sys_clk       
                                                                           r       hdmi_i2c_inst/i2c_ctrl_inst/cnt_clk[4]/CLK (GTP_DFF_C)
 clock pessimism                                         0.000      23.379                          
 clock uncertainty                                      -0.050      23.329                          

 Setup time                                             -0.136      23.193                          

 Data required time                                                 23.193                          
----------------------------------------------------------------------------------------------------
 Data required time                                                 23.193                          
 Data arrival time                                                  -4.809                          
----------------------------------------------------------------------------------------------------
 Slack (MET)                                                        18.384                          
====================================================================================================

====================================================================================================

Startpoint  : hdmi_i2c_inst/i2c_ctrl_inst/cnt_clk[0]/CLK (GTP_DFF_C)
Endpoint    : hdmi_i2c_inst/i2c_ctrl_inst/cnt_clk[7]/D (GTP_DFF_C)
Path Group  : sys_clk
Path Type   : max
Path Class  : sequential timing path
Clock Skew :    0.000  (Capture Clock Delay - Launch Clock Delay + Clock Pessimism Removal)
  Capture Clock Delay     :  3.379
  Launch Clock Delay      :  3.379
  Clock Pessimism Removal :  0.000

 Location                          Delay Type             Incr        Path         Logical Resource 
----------------------------------------------------------------------------------------------------

 Clock sys_clk (rising edge)                             0.000       0.000 r                        
 sys_clk                                                 0.000       0.000 r       sys_clk (port)   
                                   net (fanout=1)        0.000       0.000         sys_clk          
                                                                                   sys_clk_ibuf/I (GTP_INBUF)
                                   td                    0.959       0.959 r       sys_clk_ibuf/O (GTP_INBUF)
                                   net (fanout=9)        2.420       3.379         nt_sys_clk       
                                                                           r       hdmi_i2c_inst/i2c_ctrl_inst/cnt_clk[0]/CLK (GTP_DFF_C)

                                   tco                   0.203       3.582 r       hdmi_i2c_inst/i2c_ctrl_inst/cnt_clk[0]/Q (GTP_DFF_C)
                                   net (fanout=8)        0.527       4.109         hdmi_i2c_inst/i2c_ctrl_inst/cnt_clk [0]
                                                                                   hdmi_i2c_inst/i2c_ctrl_inst/N8_ac2/I0 (GTP_LUT3)
                                   td                    0.203       4.312 r       hdmi_i2c_inst/i2c_ctrl_inst/N8_ac2/Z (GTP_LUT3)
                                   net (fanout=4)        0.423       4.735         hdmi_i2c_inst/i2c_ctrl_inst/_N11
                                                                                   hdmi_i2c_inst/i2c_ctrl_inst/N8_sum7_1/I5 (GTP_LUT6)
                                   td                    0.074       4.809 r       hdmi_i2c_inst/i2c_ctrl_inst/N8_sum7_1/Z (GTP_LUT6)
                                   net (fanout=1)        0.000       4.809         hdmi_i2c_inst/i2c_ctrl_inst/N706 [7]
                                                                           r       hdmi_i2c_inst/i2c_ctrl_inst/cnt_clk[7]/D (GTP_DFF_C)

 Data arrival time                                                   4.809         Logic Levels: 2  
                                                                                   Logic: 0.480ns(33.566%), Route: 0.950ns(66.434%)
----------------------------------------------------------------------------------------------------

 Clock sys_clk (rising edge)                            20.000      20.000 r                        
 sys_clk                                                 0.000      20.000 r       sys_clk (port)   
                                   net (fanout=1)        0.000      20.000         sys_clk          
                                                                                   sys_clk_ibuf/I (GTP_INBUF)
                                   td                    0.959      20.959 r       sys_clk_ibuf/O (GTP_INBUF)
                                   net (fanout=9)        2.420      23.379         nt_sys_clk       
                                                                           r       hdmi_i2c_inst/i2c_ctrl_inst/cnt_clk[7]/CLK (GTP_DFF_C)
 clock pessimism                                         0.000      23.379                          
 clock uncertainty                                      -0.050      23.329                          

 Setup time                                             -0.136      23.193                          

 Data required time                                                 23.193                          
----------------------------------------------------------------------------------------------------
 Data required time                                                 23.193                          
 Data arrival time                                                  -4.809                          
----------------------------------------------------------------------------------------------------
 Slack (MET)                                                        18.384                          
====================================================================================================

====================================================================================================

Startpoint  : hdmi_i2c_inst/i2c_ctrl_inst/cnt_clk[7]/CLK (GTP_DFF_C)
Endpoint    : hdmi_i2c_inst/i2c_ctrl_inst/cnt_clk[7]/D (GTP_DFF_C)
Path Group  : sys_clk
Path Type   : min
Path Class  : sequential timing path
Clock Skew :    0.000  (Capture Clock Delay - Launch Clock Delay + Clock Pessimism Removal)
  Capture Clock Delay     :  3.379
  Launch Clock Delay      :  3.379
  Clock Pessimism Removal :  0.000

 Location                          Delay Type             Incr        Path         Logical Resource 
----------------------------------------------------------------------------------------------------

 Clock sys_clk (rising edge)                             0.000       0.000 r                        
 sys_clk                                                 0.000       0.000 r       sys_clk (port)   
                                   net (fanout=1)        0.000       0.000         sys_clk          
                                                                                   sys_clk_ibuf/I (GTP_INBUF)
                                   td                    0.959       0.959 r       sys_clk_ibuf/O (GTP_INBUF)
                                   net (fanout=9)        2.420       3.379         nt_sys_clk       
                                                                           r       hdmi_i2c_inst/i2c_ctrl_inst/cnt_clk[7]/CLK (GTP_DFF_C)

                                   tco                   0.185       3.564 f       hdmi_i2c_inst/i2c_ctrl_inst/cnt_clk[7]/Q (GTP_DFF_C)
                                   net (fanout=2)        0.426       3.990         hdmi_i2c_inst/i2c_ctrl_inst/cnt_clk [7]
                                                                                   hdmi_i2c_inst/i2c_ctrl_inst/N8_sum7_1/I2 (GTP_LUT6)
                                   td                    0.175       4.165 f       hdmi_i2c_inst/i2c_ctrl_inst/N8_sum7_1/Z (GTP_LUT6)
                                   net (fanout=1)        0.000       4.165         hdmi_i2c_inst/i2c_ctrl_inst/N706 [7]
                                                                           f       hdmi_i2c_inst/i2c_ctrl_inst/cnt_clk[7]/D (GTP_DFF_C)

 Data arrival time                                                   4.165         Logic Levels: 1  
                                                                                   Logic: 0.360ns(45.802%), Route: 0.426ns(54.198%)
----------------------------------------------------------------------------------------------------

 Clock sys_clk (rising edge)                             0.000       0.000 r                        
 sys_clk                                                 0.000       0.000 r       sys_clk (port)   
                                   net (fanout=1)        0.000       0.000         sys_clk          
                                                                                   sys_clk_ibuf/I (GTP_INBUF)
                                   td                    0.959       0.959 r       sys_clk_ibuf/O (GTP_INBUF)
                                   net (fanout=9)        2.420       3.379         nt_sys_clk       
                                                                           r       hdmi_i2c_inst/i2c_ctrl_inst/cnt_clk[7]/CLK (GTP_DFF_C)
 clock pessimism                                         0.000       3.379                          
 clock uncertainty                                       0.000       3.379                          

 Hold time                                              -0.044       3.335                          

 Data required time                                                  3.335                          
----------------------------------------------------------------------------------------------------
 Data required time                                                  3.335                          
 Data arrival time                                                  -4.165                          
----------------------------------------------------------------------------------------------------
 Slack (MET)                                                         0.830                          
====================================================================================================

====================================================================================================

Startpoint  : hdmi_i2c_inst/i2c_ctrl_inst/cnt_clk[2]/CLK (GTP_DFF_C)
Endpoint    : hdmi_i2c_inst/i2c_ctrl_inst/cnt_clk[5]/D (GTP_DFF_C)
Path Group  : sys_clk
Path Type   : min
Path Class  : sequential timing path
Clock Skew :    0.000  (Capture Clock Delay - Launch Clock Delay + Clock Pessimism Removal)
  Capture Clock Delay     :  3.379
  Launch Clock Delay      :  3.379
  Clock Pessimism Removal :  0.000

 Location                          Delay Type             Incr        Path         Logical Resource 
----------------------------------------------------------------------------------------------------

 Clock sys_clk (rising edge)                             0.000       0.000 r                        
 sys_clk                                                 0.000       0.000 r       sys_clk (port)   
                                   net (fanout=1)        0.000       0.000         sys_clk          
                                                                                   sys_clk_ibuf/I (GTP_INBUF)
                                   td                    0.959       0.959 r       sys_clk_ibuf/O (GTP_INBUF)
                                   net (fanout=9)        2.420       3.379         nt_sys_clk       
                                                                           r       hdmi_i2c_inst/i2c_ctrl_inst/cnt_clk[2]/CLK (GTP_DFF_C)

                                   tco                   0.185       3.564 f       hdmi_i2c_inst/i2c_ctrl_inst/cnt_clk[2]/Q (GTP_DFF_C)
                                   net (fanout=4)        0.476       4.040         hdmi_i2c_inst/i2c_ctrl_inst/cnt_clk [2]
                                                                                   hdmi_i2c_inst/i2c_ctrl_inst/N8_sum5_1/I2 (GTP_LUT6)
                                   td                    0.138       4.178 f       hdmi_i2c_inst/i2c_ctrl_inst/N8_sum5_1/Z (GTP_LUT6)
                                   net (fanout=1)        0.000       4.178         hdmi_i2c_inst/i2c_ctrl_inst/N706 [5]
                                                                           f       hdmi_i2c_inst/i2c_ctrl_inst/cnt_clk[5]/D (GTP_DFF_C)

 Data arrival time                                                   4.178         Logic Levels: 1  
                                                                                   Logic: 0.323ns(40.426%), Route: 0.476ns(59.574%)
----------------------------------------------------------------------------------------------------

 Clock sys_clk (rising edge)                             0.000       0.000 r                        
 sys_clk                                                 0.000       0.000 r       sys_clk (port)   
                                   net (fanout=1)        0.000       0.000         sys_clk          
                                                                                   sys_clk_ibuf/I (GTP_INBUF)
                                   td                    0.959       0.959 r       sys_clk_ibuf/O (GTP_INBUF)
                                   net (fanout=9)        2.420       3.379         nt_sys_clk       
                                                                           r       hdmi_i2c_inst/i2c_ctrl_inst/cnt_clk[5]/CLK (GTP_DFF_C)
 clock pessimism                                         0.000       3.379                          
 clock uncertainty                                       0.000       3.379                          

 Hold time                                              -0.044       3.335                          

 Data required time                                                  3.335                          
----------------------------------------------------------------------------------------------------
 Data required time                                                  3.335                          
 Data arrival time                                                  -4.178                          
----------------------------------------------------------------------------------------------------
 Slack (MET)                                                         0.843                          
====================================================================================================

====================================================================================================

Startpoint  : hdmi_i2c_inst/i2c_ctrl_inst/cnt_clk[0]/CLK (GTP_DFF_C)
Endpoint    : hdmi_i2c_inst/i2c_ctrl_inst/cnt_clk[4]/D (GTP_DFF_C)
Path Group  : sys_clk
Path Type   : min
Path Class  : sequential timing path
Clock Skew :    0.000  (Capture Clock Delay - Launch Clock Delay + Clock Pessimism Removal)
  Capture Clock Delay     :  3.379
  Launch Clock Delay      :  3.379
  Clock Pessimism Removal :  0.000

 Location                          Delay Type             Incr        Path         Logical Resource 
----------------------------------------------------------------------------------------------------

 Clock sys_clk (rising edge)                             0.000       0.000 r                        
 sys_clk                                                 0.000       0.000 r       sys_clk (port)   
                                   net (fanout=1)        0.000       0.000         sys_clk          
                                                                                   sys_clk_ibuf/I (GTP_INBUF)
                                   td                    0.959       0.959 r       sys_clk_ibuf/O (GTP_INBUF)
                                   net (fanout=9)        2.420       3.379         nt_sys_clk       
                                                                           r       hdmi_i2c_inst/i2c_ctrl_inst/cnt_clk[0]/CLK (GTP_DFF_C)

                                   tco                   0.185       3.564 f       hdmi_i2c_inst/i2c_ctrl_inst/cnt_clk[0]/Q (GTP_DFF_C)
                                   net (fanout=8)        0.527       4.091         hdmi_i2c_inst/i2c_ctrl_inst/cnt_clk [0]
                                                                                   hdmi_i2c_inst/i2c_ctrl_inst/N706[4]/I0 (GTP_LUT6)
                                   td                    0.102       4.193 f       hdmi_i2c_inst/i2c_ctrl_inst/N706[4]/Z (GTP_LUT6)
                                   net (fanout=1)        0.000       4.193         hdmi_i2c_inst/i2c_ctrl_inst/N706 [4]
                                                                           f       hdmi_i2c_inst/i2c_ctrl_inst/cnt_clk[4]/D (GTP_DFF_C)

 Data arrival time                                                   4.193         Logic Levels: 1  
                                                                                   Logic: 0.287ns(35.258%), Route: 0.527ns(64.742%)
----------------------------------------------------------------------------------------------------

 Clock sys_clk (rising edge)                             0.000       0.000 r                        
 sys_clk                                                 0.000       0.000 r       sys_clk (port)   
                                   net (fanout=1)        0.000       0.000         sys_clk          
                                                                                   sys_clk_ibuf/I (GTP_INBUF)
                                   td                    0.959       0.959 r       sys_clk_ibuf/O (GTP_INBUF)
                                   net (fanout=9)        2.420       3.379         nt_sys_clk       
                                                                           r       hdmi_i2c_inst/i2c_ctrl_inst/cnt_clk[4]/CLK (GTP_DFF_C)
 clock pessimism                                         0.000       3.379                          
 clock uncertainty                                       0.000       3.379                          

 Hold time                                              -0.044       3.335                          

 Data required time                                                  3.335                          
----------------------------------------------------------------------------------------------------
 Data required time                                                  3.335                          
 Data arrival time                                                  -4.193                          
----------------------------------------------------------------------------------------------------
 Slack (MET)                                                         0.858                          
====================================================================================================

====================================================================================================

Startpoint  : hdmi_i2c_inst/i2c_ctrl_inst/cnt_bit[1]/CLK (GTP_DFF_CE)
Endpoint    : hdmi_i2c_inst/i2c_ctrl_inst/state_2/CE (GTP_DFF_CE)
Path Group  : hdmi_i2c_inst/i2c_ctrl_inst/i2c_clk/Q[0]_Inferred
Path Type   : max
Path Class  : sequential timing path
Clock Skew :    0.000  (Capture Clock Delay - Launch Clock Delay + Clock Pessimism Removal)
  Capture Clock Delay     :  3.300
  Launch Clock Delay      :  3.300
  Clock Pessimism Removal :  0.000

 Location                          Delay Type             Incr        Path         Logical Resource 
----------------------------------------------------------------------------------------------------

 Clock hdmi_i2c_inst/i2c_ctrl_inst/i2c_clk/Q[0]_Inferred (rising edge)
                                                         0.000       0.000 r                        
                                                         0.000       0.000 r       hdmi_i2c_inst/i2c_ctrl_inst/i2c_clk/Q (GTP_DFF_P)
                                   net (fanout=36)       3.300       3.300         hdmi_i2c_inst/cfg_clk
                                                                           r       hdmi_i2c_inst/i2c_ctrl_inst/cnt_bit[1]/CLK (GTP_DFF_CE)

                                   tco                   0.203       3.503 r       hdmi_i2c_inst/i2c_ctrl_inst/cnt_bit[1]/Q (GTP_DFF_CE)
                                   net (fanout=15)       0.573       4.076         hdmi_i2c_inst/i2c_ctrl_inst/cnt_bit [1]
                                                                                   hdmi_i2c_inst/i2c_ctrl_inst/N38_sum1/I1 (GTP_LUT6D)
                                   td                    0.260       4.336 r       hdmi_i2c_inst/i2c_ctrl_inst/N38_sum1/Z5 (GTP_LUT6D)
                                   net (fanout=2)        0.429       4.765         hdmi_i2c_inst/i2c_ctrl_inst/_N342
                                                                                   hdmi_i2c_inst/i2c_ctrl_inst/N736_6_8/I5 (GTP_LUT6)
                                   td                    0.074       4.839 r       hdmi_i2c_inst/i2c_ctrl_inst/N736_6_8/Z (GTP_LUT6)
                                   net (fanout=1)        0.372       5.211         hdmi_i2c_inst/i2c_ctrl_inst/_N375
                                                                                   hdmi_i2c_inst/i2c_ctrl_inst/N736_6_9/I4 (GTP_LUT6)
                                   td                    0.074       5.285 r       hdmi_i2c_inst/i2c_ctrl_inst/N736_6_9/Z (GTP_LUT6)
                                   net (fanout=9)        0.497       5.782         hdmi_i2c_inst/i2c_ctrl_inst/N736
                                                                           r       hdmi_i2c_inst/i2c_ctrl_inst/state_2/CE (GTP_DFF_CE)

 Data arrival time                                                   5.782         Logic Levels: 3  
                                                                                   Logic: 0.611ns(24.617%), Route: 1.871ns(75.383%)
----------------------------------------------------------------------------------------------------

 Clock hdmi_i2c_inst/i2c_ctrl_inst/i2c_clk/Q[0]_Inferred (rising edge)
                                                      1000.000    1000.000 r                        
                                                         0.000    1000.000 r       hdmi_i2c_inst/i2c_ctrl_inst/i2c_clk/Q (GTP_DFF_P)
                                   net (fanout=36)       3.300    1003.300         hdmi_i2c_inst/cfg_clk
                                                                           r       hdmi_i2c_inst/i2c_ctrl_inst/state_2/CLK (GTP_DFF_CE)
 clock pessimism                                         0.000    1003.300                          
 clock uncertainty                                      -0.050    1003.250                          

 Setup time                                             -0.226    1003.024                          

 Data required time                                               1003.024                          
----------------------------------------------------------------------------------------------------
 Data required time                                               1003.024                          
 Data arrival time                                                  -5.782                          
----------------------------------------------------------------------------------------------------
 Slack (MET)                                                       997.242                          
====================================================================================================

====================================================================================================

Startpoint  : hdmi_i2c_inst/i2c_ctrl_inst/cnt_bit[1]/CLK (GTP_DFF_CE)
Endpoint    : hdmi_i2c_inst/i2c_ctrl_inst/state_6/CE (GTP_DFF_CE)
Path Group  : hdmi_i2c_inst/i2c_ctrl_inst/i2c_clk/Q[0]_Inferred
Path Type   : max
Path Class  : sequential timing path
Clock Skew :    0.000  (Capture Clock Delay - Launch Clock Delay + Clock Pessimism Removal)
  Capture Clock Delay     :  3.300
  Launch Clock Delay      :  3.300
  Clock Pessimism Removal :  0.000

 Location                          Delay Type             Incr        Path         Logical Resource 
----------------------------------------------------------------------------------------------------

 Clock hdmi_i2c_inst/i2c_ctrl_inst/i2c_clk/Q[0]_Inferred (rising edge)
                                                         0.000       0.000 r                        
                                                         0.000       0.000 r       hdmi_i2c_inst/i2c_ctrl_inst/i2c_clk/Q (GTP_DFF_P)
                                   net (fanout=36)       3.300       3.300         hdmi_i2c_inst/cfg_clk
                                                                           r       hdmi_i2c_inst/i2c_ctrl_inst/cnt_bit[1]/CLK (GTP_DFF_CE)

                                   tco                   0.203       3.503 r       hdmi_i2c_inst/i2c_ctrl_inst/cnt_bit[1]/Q (GTP_DFF_CE)
                                   net (fanout=15)       0.573       4.076         hdmi_i2c_inst/i2c_ctrl_inst/cnt_bit [1]
                                                                                   hdmi_i2c_inst/i2c_ctrl_inst/N38_sum1/I1 (GTP_LUT6D)
                                   td                    0.260       4.336 r       hdmi_i2c_inst/i2c_ctrl_inst/N38_sum1/Z5 (GTP_LUT6D)
                                   net (fanout=2)        0.429       4.765         hdmi_i2c_inst/i2c_ctrl_inst/_N342
                                                                                   hdmi_i2c_inst/i2c_ctrl_inst/N736_6_8/I5 (GTP_LUT6)
                                   td                    0.074       4.839 r       hdmi_i2c_inst/i2c_ctrl_inst/N736_6_8/Z (GTP_LUT6)
                                   net (fanout=1)        0.372       5.211         hdmi_i2c_inst/i2c_ctrl_inst/_N375
                                                                                   hdmi_i2c_inst/i2c_ctrl_inst/N736_6_9/I4 (GTP_LUT6)
                                   td                    0.074       5.285 r       hdmi_i2c_inst/i2c_ctrl_inst/N736_6_9/Z (GTP_LUT6)
                                   net (fanout=9)        0.497       5.782         hdmi_i2c_inst/i2c_ctrl_inst/N736
                                                                           r       hdmi_i2c_inst/i2c_ctrl_inst/state_6/CE (GTP_DFF_CE)

 Data arrival time                                                   5.782         Logic Levels: 3  
                                                                                   Logic: 0.611ns(24.617%), Route: 1.871ns(75.383%)
----------------------------------------------------------------------------------------------------

 Clock hdmi_i2c_inst/i2c_ctrl_inst/i2c_clk/Q[0]_Inferred (rising edge)
                                                      1000.000    1000.000 r                        
                                                         0.000    1000.000 r       hdmi_i2c_inst/i2c_ctrl_inst/i2c_clk/Q (GTP_DFF_P)
                                   net (fanout=36)       3.300    1003.300         hdmi_i2c_inst/cfg_clk
                                                                           r       hdmi_i2c_inst/i2c_ctrl_inst/state_6/CLK (GTP_DFF_CE)
 clock pessimism                                         0.000    1003.300                          
 clock uncertainty                                      -0.050    1003.250                          

 Setup time                                             -0.226    1003.024                          

 Data required time                                               1003.024                          
----------------------------------------------------------------------------------------------------
 Data required time                                               1003.024                          
 Data arrival time                                                  -5.782                          
----------------------------------------------------------------------------------------------------
 Slack (MET)                                                       997.242                          
====================================================================================================

====================================================================================================

Startpoint  : hdmi_i2c_inst/i2c_ctrl_inst/cnt_bit[1]/CLK (GTP_DFF_CE)
Endpoint    : hdmi_i2c_inst/i2c_ctrl_inst/state_7/CE (GTP_DFF_CE)
Path Group  : hdmi_i2c_inst/i2c_ctrl_inst/i2c_clk/Q[0]_Inferred
Path Type   : max
Path Class  : sequential timing path
Clock Skew :    0.000  (Capture Clock Delay - Launch Clock Delay + Clock Pessimism Removal)
  Capture Clock Delay     :  3.300
  Launch Clock Delay      :  3.300
  Clock Pessimism Removal :  0.000

 Location                          Delay Type             Incr        Path         Logical Resource 
----------------------------------------------------------------------------------------------------

 Clock hdmi_i2c_inst/i2c_ctrl_inst/i2c_clk/Q[0]_Inferred (rising edge)
                                                         0.000       0.000 r                        
                                                         0.000       0.000 r       hdmi_i2c_inst/i2c_ctrl_inst/i2c_clk/Q (GTP_DFF_P)
                                   net (fanout=36)       3.300       3.300         hdmi_i2c_inst/cfg_clk
                                                                           r       hdmi_i2c_inst/i2c_ctrl_inst/cnt_bit[1]/CLK (GTP_DFF_CE)

                                   tco                   0.203       3.503 r       hdmi_i2c_inst/i2c_ctrl_inst/cnt_bit[1]/Q (GTP_DFF_CE)
                                   net (fanout=15)       0.573       4.076         hdmi_i2c_inst/i2c_ctrl_inst/cnt_bit [1]
                                                                                   hdmi_i2c_inst/i2c_ctrl_inst/N38_sum1/I1 (GTP_LUT6D)
                                   td                    0.260       4.336 r       hdmi_i2c_inst/i2c_ctrl_inst/N38_sum1/Z5 (GTP_LUT6D)
                                   net (fanout=2)        0.429       4.765         hdmi_i2c_inst/i2c_ctrl_inst/_N342
                                                                                   hdmi_i2c_inst/i2c_ctrl_inst/N736_6_8/I5 (GTP_LUT6)
                                   td                    0.074       4.839 r       hdmi_i2c_inst/i2c_ctrl_inst/N736_6_8/Z (GTP_LUT6)
                                   net (fanout=1)        0.372       5.211         hdmi_i2c_inst/i2c_ctrl_inst/_N375
                                                                                   hdmi_i2c_inst/i2c_ctrl_inst/N736_6_9/I4 (GTP_LUT6)
                                   td                    0.074       5.285 r       hdmi_i2c_inst/i2c_ctrl_inst/N736_6_9/Z (GTP_LUT6)
                                   net (fanout=9)        0.497       5.782         hdmi_i2c_inst/i2c_ctrl_inst/N736
                                                                           r       hdmi_i2c_inst/i2c_ctrl_inst/state_7/CE (GTP_DFF_CE)

 Data arrival time                                                   5.782         Logic Levels: 3  
                                                                                   Logic: 0.611ns(24.617%), Route: 1.871ns(75.383%)
----------------------------------------------------------------------------------------------------

 Clock hdmi_i2c_inst/i2c_ctrl_inst/i2c_clk/Q[0]_Inferred (rising edge)
                                                      1000.000    1000.000 r                        
                                                         0.000    1000.000 r       hdmi_i2c_inst/i2c_ctrl_inst/i2c_clk/Q (GTP_DFF_P)
                                   net (fanout=36)       3.300    1003.300         hdmi_i2c_inst/cfg_clk
                                                                           r       hdmi_i2c_inst/i2c_ctrl_inst/state_7/CLK (GTP_DFF_CE)
 clock pessimism                                         0.000    1003.300                          
 clock uncertainty                                      -0.050    1003.250                          

 Setup time                                             -0.226    1003.024                          

 Data required time                                               1003.024                          
----------------------------------------------------------------------------------------------------
 Data required time                                               1003.024                          
 Data arrival time                                                  -5.782                          
----------------------------------------------------------------------------------------------------
 Slack (MET)                                                       997.242                          
====================================================================================================

====================================================================================================

Startpoint  : hdmi_i2c_inst/i2c_ctrl_inst/cnt_i2c_clk_en/CLK (GTP_DFF_C)
Endpoint    : hdmi_i2c_inst/i2c_ctrl_inst/cnt_i2c_clk[1]/CE (GTP_DFF_CE)
Path Group  : hdmi_i2c_inst/i2c_ctrl_inst/i2c_clk/Q[0]_Inferred
Path Type   : min
Path Class  : sequential timing path
Clock Skew :    0.000  (Capture Clock Delay - Launch Clock Delay + Clock Pessimism Removal)
  Capture Clock Delay     :  3.300
  Launch Clock Delay      :  3.300
  Clock Pessimism Removal :  0.000

 Location                          Delay Type             Incr        Path         Logical Resource 
----------------------------------------------------------------------------------------------------

 Clock hdmi_i2c_inst/i2c_ctrl_inst/i2c_clk/Q[0]_Inferred (rising edge)
                                                         0.000       0.000 r                        
                                                         0.000       0.000 r       hdmi_i2c_inst/i2c_ctrl_inst/i2c_clk/Q (GTP_DFF_P)
                                   net (fanout=36)       3.300       3.300         hdmi_i2c_inst/cfg_clk
                                                                           r       hdmi_i2c_inst/i2c_ctrl_inst/cnt_i2c_clk_en/CLK (GTP_DFF_C)

                                   tco                   0.185       3.485 f       hdmi_i2c_inst/i2c_ctrl_inst/cnt_i2c_clk_en/Q (GTP_DFF_C)
                                   net (fanout=3)        0.407       3.892         hdmi_i2c_inst/i2c_ctrl_inst/cnt_i2c_clk_en
                                                                           f       hdmi_i2c_inst/i2c_ctrl_inst/cnt_i2c_clk[1]/CE (GTP_DFF_CE)

 Data arrival time                                                   3.892         Logic Levels: 0  
                                                                                   Logic: 0.185ns(31.250%), Route: 0.407ns(68.750%)
----------------------------------------------------------------------------------------------------

 Clock hdmi_i2c_inst/i2c_ctrl_inst/i2c_clk/Q[0]_Inferred (rising edge)
                                                         0.000       0.000 r                        
                                                         0.000       0.000 r       hdmi_i2c_inst/i2c_ctrl_inst/i2c_clk/Q (GTP_DFF_P)
                                   net (fanout=36)       3.300       3.300         hdmi_i2c_inst/cfg_clk
                                                                           r       hdmi_i2c_inst/i2c_ctrl_inst/cnt_i2c_clk[1]/CLK (GTP_DFF_CE)
 clock pessimism                                         0.000       3.300                          
 clock uncertainty                                       0.000       3.300                          

 Hold time                                              -0.057       3.243                          

 Data required time                                                  3.243                          
----------------------------------------------------------------------------------------------------
 Data required time                                                  3.243                          
 Data arrival time                                                  -3.892                          
----------------------------------------------------------------------------------------------------
 Slack (MET)                                                         0.649                          
====================================================================================================

====================================================================================================

Startpoint  : hdmi_i2c_inst/i2c_ctrl_inst/cnt_i2c_clk_en/CLK (GTP_DFF_C)
Endpoint    : hdmi_i2c_inst/i2c_ctrl_inst/cnt_i2c_clk[0]/CE (GTP_DFF_CE)
Path Group  : hdmi_i2c_inst/i2c_ctrl_inst/i2c_clk/Q[0]_Inferred
Path Type   : min
Path Class  : sequential timing path
Clock Skew :    0.000  (Capture Clock Delay - Launch Clock Delay + Clock Pessimism Removal)
  Capture Clock Delay     :  3.300
  Launch Clock Delay      :  3.300
  Clock Pessimism Removal :  0.000

 Location                          Delay Type             Incr        Path         Logical Resource 
----------------------------------------------------------------------------------------------------

 Clock hdmi_i2c_inst/i2c_ctrl_inst/i2c_clk/Q[0]_Inferred (rising edge)
                                                         0.000       0.000 r                        
                                                         0.000       0.000 r       hdmi_i2c_inst/i2c_ctrl_inst/i2c_clk/Q (GTP_DFF_P)
                                   net (fanout=36)       3.300       3.300         hdmi_i2c_inst/cfg_clk
                                                                           r       hdmi_i2c_inst/i2c_ctrl_inst/cnt_i2c_clk_en/CLK (GTP_DFF_C)

                                   tco                   0.185       3.485 f       hdmi_i2c_inst/i2c_ctrl_inst/cnt_i2c_clk_en/Q (GTP_DFF_C)
                                   net (fanout=3)        0.407       3.892         hdmi_i2c_inst/i2c_ctrl_inst/cnt_i2c_clk_en
                                                                           f       hdmi_i2c_inst/i2c_ctrl_inst/cnt_i2c_clk[0]/CE (GTP_DFF_CE)

 Data arrival time                                                   3.892         Logic Levels: 0  
                                                                                   Logic: 0.185ns(31.250%), Route: 0.407ns(68.750%)
----------------------------------------------------------------------------------------------------

 Clock hdmi_i2c_inst/i2c_ctrl_inst/i2c_clk/Q[0]_Inferred (rising edge)
                                                         0.000       0.000 r                        
                                                         0.000       0.000 r       hdmi_i2c_inst/i2c_ctrl_inst/i2c_clk/Q (GTP_DFF_P)
                                   net (fanout=36)       3.300       3.300         hdmi_i2c_inst/cfg_clk
                                                                           r       hdmi_i2c_inst/i2c_ctrl_inst/cnt_i2c_clk[0]/CLK (GTP_DFF_CE)
 clock pessimism                                         0.000       3.300                          
 clock uncertainty                                       0.000       3.300                          

 Hold time                                              -0.057       3.243                          

 Data required time                                                  3.243                          
----------------------------------------------------------------------------------------------------
 Data required time                                                  3.243                          
 Data arrival time                                                  -3.892                          
----------------------------------------------------------------------------------------------------
 Slack (MET)                                                         0.649                          
====================================================================================================

====================================================================================================

Startpoint  : hdmi_i2c_inst/i2c_ctrl_inst/i2c_end/CLK (GTP_DFF_C)
Endpoint    : hdmi_i2c_inst/hdmi_cfg_inst/reg_num[5]/CE (GTP_DFF_CE)
Path Group  : hdmi_i2c_inst/i2c_ctrl_inst/i2c_clk/Q[0]_Inferred
Path Type   : min
Path Class  : sequential timing path
Clock Skew :    0.000  (Capture Clock Delay - Launch Clock Delay + Clock Pessimism Removal)
  Capture Clock Delay     :  3.300
  Launch Clock Delay      :  3.300
  Clock Pessimism Removal :  0.000

 Location                          Delay Type             Incr        Path         Logical Resource 
----------------------------------------------------------------------------------------------------

 Clock hdmi_i2c_inst/i2c_ctrl_inst/i2c_clk/Q[0]_Inferred (rising edge)
                                                         0.000       0.000 r                        
                                                         0.000       0.000 r       hdmi_i2c_inst/i2c_ctrl_inst/i2c_clk/Q (GTP_DFF_P)
                                   net (fanout=36)       3.300       3.300         hdmi_i2c_inst/cfg_clk
                                                                           r       hdmi_i2c_inst/i2c_ctrl_inst/i2c_end/CLK (GTP_DFF_C)

                                   tco                   0.185       3.485 f       hdmi_i2c_inst/i2c_ctrl_inst/i2c_end/Q (GTP_DFF_C)
                                   net (fanout=8)        0.484       3.969         hdmi_i2c_inst/cfg_end
                                                                           f       hdmi_i2c_inst/hdmi_cfg_inst/reg_num[5]/CE (GTP_DFF_CE)

 Data arrival time                                                   3.969         Logic Levels: 0  
                                                                                   Logic: 0.185ns(27.653%), Route: 0.484ns(72.347%)
----------------------------------------------------------------------------------------------------

 Clock hdmi_i2c_inst/i2c_ctrl_inst/i2c_clk/Q[0]_Inferred (rising edge)
                                                         0.000       0.000 r                        
                                                         0.000       0.000 r       hdmi_i2c_inst/i2c_ctrl_inst/i2c_clk/Q (GTP_DFF_P)
                                   net (fanout=36)       3.300       3.300         hdmi_i2c_inst/cfg_clk
                                                                           r       hdmi_i2c_inst/hdmi_cfg_inst/reg_num[5]/CLK (GTP_DFF_CE)
 clock pessimism                                         0.000       3.300                          
 clock uncertainty                                       0.000       3.300                          

 Hold time                                              -0.057       3.243                          

 Data required time                                                  3.243                          
----------------------------------------------------------------------------------------------------
 Data required time                                                  3.243                          
 Data arrival time                                                  -3.969                          
----------------------------------------------------------------------------------------------------
 Slack (MET)                                                         0.726                          
====================================================================================================

====================================================================================================

Startpoint  : hdmi_i2c_inst/i2c_ctrl_inst/state_9/CLK (GTP_DFF_CE)
Endpoint    : ddc_scl (port)
Path Group  : **default**
Path Type   : max
Path Class  : combinational timing path

 Location                          Delay Type             Incr        Path         Logical Resource 
----------------------------------------------------------------------------------------------------

 Clock hdmi_i2c_inst/i2c_ctrl_inst/i2c_clk/Q[0]_Inferred (rising edge)
                                                         0.000       0.000 r                        
                                                         0.000       0.000 r       hdmi_i2c_inst/i2c_ctrl_inst/i2c_clk/Q (GTP_DFF_P)
                                   net (fanout=36)       3.300       3.300         hdmi_i2c_inst/cfg_clk
                                                                           r       hdmi_i2c_inst/i2c_ctrl_inst/state_9/CLK (GTP_DFF_CE)

                                   tco                   0.203       3.503 r       hdmi_i2c_inst/i2c_ctrl_inst/state_9/Q (GTP_DFF_CE)
                                   net (fanout=8)        0.527       4.030         hdmi_i2c_inst/i2c_ctrl_inst/state_9
                                                                                   hdmi_i2c_inst/i2c_ctrl_inst/N796_5/I3 (GTP_LUT6)
                                   td                    0.148       4.178 r       hdmi_i2c_inst/i2c_ctrl_inst/N796_5/Z (GTP_LUT6)
                                   net (fanout=1)        0.372       4.550         hdmi_i2c_inst/i2c_ctrl_inst/N796
                                                                                   hdmi_i2c_inst/i2c_ctrl_inst/i2c_scl_3/I4 (GTP_LUT6)
                                   td                    0.093       4.643 f       hdmi_i2c_inst/i2c_ctrl_inst/i2c_scl_3/Z (GTP_LUT6)
                                   net (fanout=1)        1.252       5.895         _N223            
                                                                                   ddc_scl_obuf/I (GTP_OUTBUF)
                                   td                    3.966       9.861 f       ddc_scl_obuf/O (GTP_OUTBUF)
                                   net (fanout=1)        0.000       9.861         ddc_scl          
 ddc_scl                                                                   f       ddc_scl (port)   

 Data arrival time                                                   9.861         Logic Levels: 3  
                                                                                   Logic: 4.410ns(67.215%), Route: 2.151ns(32.785%)
====================================================================================================

====================================================================================================

Startpoint  : hdmi_i2c_inst/i2c_ctrl_inst/state_9/CLK (GTP_DFF_CE)
Endpoint    : ddc_sda (port)
Path Group  : **default**
Path Type   : max
Path Class  : combinational timing path

 Location                          Delay Type             Incr        Path         Logical Resource 
----------------------------------------------------------------------------------------------------

 Clock hdmi_i2c_inst/i2c_ctrl_inst/i2c_clk/Q[0]_Inferred (rising edge)
                                                         0.000       0.000 r                        
                                                         0.000       0.000 r       hdmi_i2c_inst/i2c_ctrl_inst/i2c_clk/Q (GTP_DFF_P)
                                   net (fanout=36)       3.300       3.300         hdmi_i2c_inst/cfg_clk
                                                                           r       hdmi_i2c_inst/i2c_ctrl_inst/state_9/CLK (GTP_DFF_CE)

                                   tco                   0.203       3.503 r       hdmi_i2c_inst/i2c_ctrl_inst/state_9/Q (GTP_DFF_CE)
                                   net (fanout=8)        0.527       4.030         hdmi_i2c_inst/i2c_ctrl_inst/state_9
                                                                                   hdmi_i2c_inst/i2c_ctrl_inst/N743_3/I3 (GTP_LUT6D)
                                   td                    0.241       4.271 r       hdmi_i2c_inst/i2c_ctrl_inst/N743_3/Z5 (GTP_LUT6D)
                                   net (fanout=1)        1.252       5.523         _N299            
                                                                                   hdmi_i2c_inst.i2c_ctrl_inst.i2c_sda_tri/T (GTP_IOBUF)
                                   tse                   3.493       9.016 f       hdmi_i2c_inst.i2c_ctrl_inst.i2c_sda_tri/IO (GTP_IOBUF)
                                   net (fanout=1)        0.000       9.016         nt_ddc_sda       
 ddc_sda                                                                   f       ddc_sda (port)   

 Data arrival time                                                   9.016         Logic Levels: 2  
                                                                                   Logic: 3.937ns(68.877%), Route: 1.779ns(31.123%)
====================================================================================================

====================================================================================================

Startpoint  : sys_rst_n (port)
Endpoint    : hdmi_in_rst_n (port)
Path Group  : **default**
Path Type   : max
Path Class  : combinational timing path

 Location                          Delay Type             Incr        Path         Logical Resource 
----------------------------------------------------------------------------------------------------


 sys_rst_n                                               0.000       0.000 f       sys_rst_n (port) 
                                   net (fanout=1)        0.000       0.000         sys_rst_n        
                                                                                   sys_rst_n_ibuf/I (GTP_INBUF)
                                   td                    0.861       0.861 f       sys_rst_n_ibuf/O (GTP_INBUF)
                                   net (fanout=3)        1.573       2.434         nt_sys_rst_n     
                                                                                   hdmi_in_rst_n_obuf/I (GTP_OUTBUF)
                                   td                    3.966       6.400 f       hdmi_in_rst_n_obuf/O (GTP_OUTBUF)
                                   net (fanout=1)        0.000       6.400         hdmi_in_rst_n    
 hdmi_in_rst_n                                                             f       hdmi_in_rst_n (port)

 Data arrival time                                                   6.400         Logic Levels: 2  
                                                                                   Logic: 4.827ns(75.422%), Route: 1.573ns(24.578%)
====================================================================================================

====================================================================================================

Startpoint  : sys_rst_n (port)
Endpoint    : hdmi_i2c_inst/i2c_ctrl_inst/cnt_clk[6]/C (GTP_DFF_C)
Path Group  : **default**
Path Type   : min
Path Class  : combinational timing path

 Location                          Delay Type             Incr        Path         Logical Resource 
----------------------------------------------------------------------------------------------------


 sys_rst_n                                               0.000       0.000 f       sys_rst_n (port) 
                                   net (fanout=1)        0.000       0.000         sys_rst_n        
                                                                                   sys_rst_n_ibuf/I (GTP_INBUF)
                                   td                    0.861       0.861 f       sys_rst_n_ibuf/O (GTP_INBUF)
                                   net (fanout=3)        0.000       0.861         nt_sys_rst_n     
                                                                                   hdmi_i2c_inst/hdmi_cfg_inst/N52/I (GTP_INV)
                                   td                    0.000       0.861 r       hdmi_i2c_inst/hdmi_cfg_inst/N52/Z (GTP_INV)
                                   net (fanout=44)       1.573       2.434         hdmi_i2c_inst/hdmi_cfg_inst/N52
                                                                           r       hdmi_i2c_inst/i2c_ctrl_inst/cnt_clk[6]/C (GTP_DFF_C)

 Data arrival time                                                   2.434         Logic Levels: 2  
                                                                                   Logic: 0.861ns(35.374%), Route: 1.573ns(64.626%)
====================================================================================================

====================================================================================================

Startpoint  : sys_rst_n (port)
Endpoint    : hdmi_i2c_inst/i2c_ctrl_inst/state_8/C (GTP_DFF_CE)
Path Group  : **default**
Path Type   : min
Path Class  : combinational timing path

 Location                          Delay Type             Incr        Path         Logical Resource 
----------------------------------------------------------------------------------------------------


 sys_rst_n                                               0.000       0.000 f       sys_rst_n (port) 
                                   net (fanout=1)        0.000       0.000         sys_rst_n        
                                                                                   sys_rst_n_ibuf/I (GTP_INBUF)
                                   td                    0.861       0.861 f       sys_rst_n_ibuf/O (GTP_INBUF)
                                   net (fanout=3)        0.000       0.861         nt_sys_rst_n     
                                                                                   hdmi_i2c_inst/hdmi_cfg_inst/N52/I (GTP_INV)
                                   td                    0.000       0.861 r       hdmi_i2c_inst/hdmi_cfg_inst/N52/Z (GTP_INV)
                                   net (fanout=44)       1.573       2.434         hdmi_i2c_inst/hdmi_cfg_inst/N52
                                                                           r       hdmi_i2c_inst/i2c_ctrl_inst/state_8/C (GTP_DFF_CE)

 Data arrival time                                                   2.434         Logic Levels: 2  
                                                                                   Logic: 0.861ns(35.374%), Route: 1.573ns(64.626%)
====================================================================================================

====================================================================================================

Startpoint  : sys_rst_n (port)
Endpoint    : hdmi_i2c_inst/i2c_ctrl_inst/state_7/C (GTP_DFF_CE)
Path Group  : **default**
Path Type   : min
Path Class  : combinational timing path

 Location                          Delay Type             Incr        Path         Logical Resource 
----------------------------------------------------------------------------------------------------


 sys_rst_n                                               0.000       0.000 f       sys_rst_n (port) 
                                   net (fanout=1)        0.000       0.000         sys_rst_n        
                                                                                   sys_rst_n_ibuf/I (GTP_INBUF)
                                   td                    0.861       0.861 f       sys_rst_n_ibuf/O (GTP_INBUF)
                                   net (fanout=3)        0.000       0.861         nt_sys_rst_n     
                                                                                   hdmi_i2c_inst/hdmi_cfg_inst/N52/I (GTP_INV)
                                   td                    0.000       0.861 r       hdmi_i2c_inst/hdmi_cfg_inst/N52/Z (GTP_INV)
                                   net (fanout=44)       1.573       2.434         hdmi_i2c_inst/hdmi_cfg_inst/N52
                                                                           r       hdmi_i2c_inst/i2c_ctrl_inst/state_7/C (GTP_DFF_CE)

 Data arrival time                                                   2.434         Logic Levels: 2  
                                                                                   Logic: 0.861ns(35.374%), Route: 1.573ns(64.626%)
====================================================================================================

====================================================================================================

0. checking no_clock
--------------------

1. checking virtual_clock
--------------------

2. checking unexpandable_clocks
--------------------

3. checking no_input_delay
--------------------

4. checking no_output_delay
--------------------

5. checking partial_input_delay
--------------------

6. checking partial_output_delay
--------------------

7. checking io_min_max_delay_consistency
--------------------

8. checking input_delay_assigned_to_clock
--------------------

9. checking loops
--------------------

10. checking latches
--------------------
Action synthesize: Real time elapsed is 10.000 sec
Action synthesize: CPU time elapsed is 8.797 sec
Current time: Fri Aug 11 14:58:01 2023
Action synthesize: Peak memory pool usage is 258,510,848 bytes
Process "Synthesize" done.


Process "Device Map" started.
Current time: Fri Aug 11 14:58:05 2023
Compiling architecture definition.
Analyzing project file 'D:/pango_fire/demo/9_hdmi_loop/hdmi_loop_pango/hdmi_loop.pds'.
Compiling verification operator library.
Compiling common defs.
Loading technology operator library.
Compiling technology operator library.
Compiling technology operator (valence) library.
Compiling operator packing rules.
Compiling prim grid devices.
Compiling gate devices.
Compiling gate operators.
Compiling tech operator impls.
Building architecture model.
Loading device packaging model 'FBG676'.
I: Parameter configuration file D:/pango_fire/demo/9_hdmi_loop/hdmi_loop_pango/testparam.txt cannot open.
Reading design from translate DB.
NOTE: The technology fpga was specified.
NOTE: delay_model specified was generic_cmos.
NOTE: Using the fpga syntax tables...
Totals:
 Calls to malloc = 0
 Calls to calloc = 133815

License checkout: fabric_inserter
Creating module hierarchy.
Collecting net information.
Generating cores. Please be patient as this can take several minutes...
  >Generating core DebugCore0...
  >Running ADS for debugcore...
  >Making net connections...
Core Insertion Complete.
Flattening design 'hdmi_loop'
W: Public-4008: Instance 'u_CORES/u_debug_core_0/u_hub_data_decode/conf_rden[1]' of 'GTP_DFF_C' unit is dangling and will be cleaned.
W: Public-4008: Instance 'u_CORES/u_debug_core_0/u_hub_data_decode/conf_rden[2]' of 'GTP_DFF_C' unit is dangling and will be cleaned.
W: Public-4008: Instance 'u_CORES/u_debug_core_0/u_hub_data_decode/conf_rden[3]' of 'GTP_DFF_C' unit is dangling and will be cleaned.
W: Public-4008: Instance 'u_CORES/u_debug_core_0/u_hub_data_decode/conf_rden[4]' of 'GTP_DFF_C' unit is dangling and will be cleaned.
W: Public-4008: Instance 'u_CORES/u_debug_core_0/u_hub_data_decode/conf_rden[5]' of 'GTP_DFF_C' unit is dangling and will be cleaned.
W: Public-4008: Instance 'u_CORES/u_debug_core_0/u_hub_data_decode/conf_rden[6]' of 'GTP_DFF_C' unit is dangling and will be cleaned.
W: Public-4008: Instance 'u_CORES/u_debug_core_0/u_hub_data_decode/conf_rden[7]' of 'GTP_DFF_C' unit is dangling and will be cleaned.
W: Public-4008: Instance 'u_CORES/u_debug_core_0/u_hub_data_decode/conf_rden[8]' of 'GTP_DFF_C' unit is dangling and will be cleaned.
W: Public-4008: Instance 'u_CORES/u_debug_core_0/u_hub_data_decode/conf_rden[9]' of 'GTP_DFF_C' unit is dangling and will be cleaned.
W: Public-4008: Instance 'u_CORES/u_debug_core_0/u_hub_data_decode/conf_rden[10]' of 'GTP_DFF_C' unit is dangling and will be cleaned.
W: Public-4008: Instance 'u_CORES/u_debug_core_0/u_hub_data_decode/conf_rden[11]' of 'GTP_DFF_C' unit is dangling and will be cleaned.
W: Public-4008: Instance 'u_CORES/u_debug_core_0/u_hub_data_decode/conf_rden[12]' of 'GTP_DFF_C' unit is dangling and will be cleaned.
W: Public-4008: Instance 'u_CORES/u_debug_core_0/u_hub_data_decode/conf_rden[13]' of 'GTP_DFF_C' unit is dangling and will be cleaned.
W: Public-4008: Instance 'u_CORES/u_debug_core_0/u_hub_data_decode/conf_rden[14]' of 'GTP_DFF_C' unit is dangling and will be cleaned.
W: Public-4008: Instance 'u_CORES/u_debug_core_0/u_hub_data_decode/conf_rden[15]' of 'GTP_DFF_C' unit is dangling and will be cleaned.
W: Public-4008: Instance 'u_CORES/u_debug_core_0/u_hub_data_decode/conf_rden[17]' of 'GTP_DFF_C' unit is dangling and will be cleaned.
W: Public-4008: Instance 'u_CORES/u_debug_core_0/u_hub_data_decode/conf_rden[19]' of 'GTP_DFF_C' unit is dangling and will be cleaned.
W: Public-4008: Instance 'u_CORES/u_debug_core_0/u_hub_data_decode/conf_sel_int[1]' of 'GTP_DFF_C' unit is dangling and will be cleaned.
W: Public-4008: Instance 'u_CORES/u_debug_core_0/u_hub_data_decode/conf_sel_int[2]' of 'GTP_DFF_C' unit is dangling and will be cleaned.
W: Public-4008: Instance 'u_CORES/u_debug_core_0/u_hub_data_decode/conf_sel_int[3]' of 'GTP_DFF_C' unit is dangling and will be cleaned.
W: Public-4008: Instance 'u_CORES/u_debug_core_0/u_hub_data_decode/conf_sel_int[4]' of 'GTP_DFF_C' unit is dangling and will be cleaned.
W: Public-4008: Instance 'u_CORES/u_debug_core_0/u_hub_data_decode/conf_sel_int[5]' of 'GTP_DFF_C' unit is dangling and will be cleaned.
W: Public-4008: Instance 'u_CORES/u_debug_core_0/u_hub_data_decode/conf_sel_int[6]' of 'GTP_DFF_C' unit is dangling and will be cleaned.
W: Public-4008: Instance 'u_CORES/u_debug_core_0/u_hub_data_decode/conf_sel_int[7]' of 'GTP_DFF_C' unit is dangling and will be cleaned.
W: Public-4008: Instance 'u_CORES/u_debug_core_0/u_hub_data_decode/conf_sel_int[8]' of 'GTP_DFF_C' unit is dangling and will be cleaned.
W: Public-4008: Instance 'u_CORES/u_debug_core_0/u_hub_data_decode/conf_sel_int[9]' of 'GTP_DFF_C' unit is dangling and will be cleaned.
W: Public-4008: Instance 'u_CORES/u_debug_core_0/u_hub_data_decode/conf_sel_int[10]' of 'GTP_DFF_C' unit is dangling and will be cleaned.
W: Public-4008: Instance 'u_CORES/u_debug_core_0/u_hub_data_decode/conf_sel_int[11]' of 'GTP_DFF_C' unit is dangling and will be cleaned.
W: Public-4008: Instance 'u_CORES/u_debug_core_0/u_hub_data_decode/conf_sel_int[12]' of 'GTP_DFF_C' unit is dangling and will be cleaned.
W: Public-4008: Instance 'u_CORES/u_debug_core_0/u_hub_data_decode/conf_sel_int[13]' of 'GTP_DFF_C' unit is dangling and will be cleaned.
W: Public-4008: Instance 'u_CORES/u_debug_core_0/u_hub_data_decode/conf_sel_int[14]' of 'GTP_DFF_C' unit is dangling and will be cleaned.
W: Public-4008: Instance 'u_CORES/u_debug_core_0/u_hub_data_decode/conf_sel_int[15]' of 'GTP_DFF_C' unit is dangling and will be cleaned.
W: Public-4008: Instance 'u_CORES/u_debug_core_0/u_hub_data_decode/conf_sel_int[17]' of 'GTP_DFF_C' unit is dangling and will be cleaned.
W: Public-4008: Instance 'u_CORES/u_debug_core_0/u_hub_data_decode/conf_sel_int[19]' of 'GTP_DFF_C' unit is dangling and will be cleaned.
Device mapping started.
Optimizing circuit logic.
Checking design netlist.
Processing tech operator.
I: The instance clkbufg_3(GTP_CLKBUFG) has been inserted on the net u_CORES/capt_o in design, driver pin CAPDR(instance u_CORES/u_GTP_SCANCHAIN_PG) -> load pin CLK(instance u_CORES/u_debug_core_0/u_hub_data_decode/conf_id[0]).
I: The instance clkbufg_4(GTP_CLKBUFG) has been inserted on the net u_CORES/drck_o in design, driver pin TCK_USER(instance u_CORES/u_GTP_SCANCHAIN_PG) -> load pin CLK(instance u_CORES/u_debug_core_0/u0_trig_unit/conf_reg[0]).
I: The instance clkbufg_5(GTP_CLKBUFG) has been inserted on the net nt_sys_clk in design, driver pin O(instance sys_clk_ibuf) -> load pin CLK(instance hdmi_i2c_inst/i2c_ctrl_inst/cnt_clk[0]).
Converting tech operator to gate operator.
Processing gate operator.
W: Adm-4021: The attribute '.pap_unconnected_inputs' of object 'hdmi_i2c_inst/i2c_ctrl_inst/N358_7_muxf7' is overwritten by new value.
W: Adm-4021: The attribute '.pap_unconnected_inputs' of object 'hdmi_i2c_inst/i2c_ctrl_inst/N358_7_muxf7' is overwritten by new value.
W: Adm-4021: The attribute '.pap_unconnected_inputs' of object 'hdmi_i2c_inst/i2c_ctrl_inst/N377_8_muxf7' is overwritten by new value.
W: Adm-4021: The attribute '.pap_unconnected_inputs' of object 'hdmi_i2c_inst/i2c_ctrl_inst/N377_8_muxf7' is overwritten by new value.
W: Adm-4021: The attribute '.pap_unconnected_inputs' of object 'hdmi_i2c_inst/i2c_ctrl_inst/N744_2_muxf7' is overwritten by new value.
W: Adm-4021: The attribute '.pap_unconnected_inputs' of object 'hdmi_i2c_inst/i2c_ctrl_inst/N744_2_muxf7' is overwritten by new value.
W: Adm-4021: The attribute '.pap_unconnected_inputs' of object 'hdmi_i2c_inst/i2c_ctrl_inst/N744_3_muxf8' is overwritten by new value.
W: Adm-4021: The attribute '.pap_unconnected_inputs' of object 'hdmi_i2c_inst/i2c_ctrl_inst/N744_3_muxf8' is overwritten by new value.
W: Adm-4021: The attribute '.pap_unconnected_inputs' of object 'hdmi_i2c_inst/i2c_ctrl_inst/cnt_bit[0]/opit_0_inv_L5Q' is overwritten by new value.
W: Adm-4021: The attribute '.pap_unconnected_inputs' of object 'hdmi_i2c_inst/i2c_ctrl_inst/cnt_bit[1]/opit_0_inv_L6QL5' is overwritten by new value.
W: Adm-4021: The attribute '.pap_unconnected_inputs' of object 'hdmi_i2c_inst/i2c_ctrl_inst/cnt_bit[2]/opit_0_inv_L6QL5Q' is overwritten by new value.
W: Adm-4021: The attribute '.pap_unconnected_inputs' of object 'hdmi_i2c_inst/i2c_ctrl_inst/cnt_clk[0]/opit_0_inv_L6Q' is overwritten by new value.
W: Adm-4021: The attribute '.pap_unconnected_inputs' of object 'hdmi_i2c_inst/i2c_ctrl_inst/cnt_clk[1]/opit_0_inv_L6Q' is overwritten by new value.
W: Adm-4021: The attribute '.pap_unconnected_inputs' of object 'hdmi_i2c_inst/i2c_ctrl_inst/cnt_clk[2]/opit_0_inv_L6Q' is overwritten by new value.
W: Adm-4021: The attribute '.pap_unconnected_inputs' of object 'hdmi_i2c_inst/i2c_ctrl_inst/cnt_clk[3]/opit_0_inv_L6Q' is overwritten by new value.
W: Adm-4021: The attribute '.pap_unconnected_inputs' of object 'hdmi_i2c_inst/i2c_ctrl_inst/cnt_clk[4]/opit_0_inv_L6Q' is overwritten by new value.
W: Adm-4021: The attribute '.pap_unconnected_inputs' of object 'hdmi_i2c_inst/i2c_ctrl_inst/cnt_clk[5]/opit_0_inv_L6Q' is overwritten by new value.
W: Adm-4021: The attribute '.pap_unconnected_inputs' of object 'hdmi_i2c_inst/i2c_ctrl_inst/cnt_clk[6]/opit_0_inv_L6Q' is overwritten by new value.
W: Adm-4021: The attribute '.pap_unconnected_inputs' of object 'hdmi_i2c_inst/i2c_ctrl_inst/cnt_clk[7]/opit_0_inv_L6Q' is overwritten by new value.
W: Adm-4021: The attribute '.pap_unconnected_inputs' of object 'hdmi_i2c_inst/i2c_ctrl_inst/cnt_i2c_clk[0]/opit_0_inv_L5Q' is overwritten by new value.
W: Adm-4021: The attribute '.pap_unconnected_inputs' of object 'hdmi_i2c_inst/i2c_ctrl_inst/cnt_i2c_clk[1]/opit_0_inv_L6QL5' is overwritten by new value.
W: Adm-4021: The attribute '.pap_unconnected_inputs' of object 'hdmi_i2c_inst/i2c_ctrl_inst/cnt_i2c_clk_en/opit_0_inv_L6Q' is overwritten by new value.
W: Adm-4021: The attribute '.pap_unconnected_inputs' of object 'hdmi_i2c_inst/i2c_ctrl_inst/i2c_end/opit_0_inv_L6Q' is overwritten by new value.
W: Adm-4021: The attribute '.pap_unconnected_inputs' of object 'hdmi_i2c_inst/i2c_ctrl_inst/state_1/opit_0_inv_L6QL5' is overwritten by new value.
W: Adm-4021: The attribute '.pap_unconnected_inputs' of object 'hdmi_i2c_inst/i2c_ctrl_inst/state_2/opit_0_inv_L6QL5' is overwritten by new value.
W: Adm-4021: The attribute '.pap_unconnected_inputs' of object 'hdmi_i2c_inst/i2c_ctrl_inst/state_3/opit_0_inv_L6Q' is overwritten by new value.
W: Adm-4021: The attribute '.pap_unconnected_inputs' of object 'hdmi_i2c_inst/i2c_ctrl_inst/state_6/opit_0_inv_L6QL5Q' is overwritten by new value.
W: Adm-4021: The attribute '.pap_unconnected_inputs' of object 'hdmi_i2c_inst/i2c_ctrl_inst/state_7/opit_0_inv_L6Q' is overwritten by new value.
W: Adm-4021: The attribute '.pap_unconnected_inputs' of object 'hdmi_i2c_inst/i2c_ctrl_inst/state_8/opit_0_inv_L6QL5' is overwritten by new value.
W: Adm-4021: The attribute '.pap_unconnected_inputs' of object 'hdmi_i2c_inst/i2c_ctrl_inst/state_9/opit_0_inv_L6Q' is overwritten by new value.
W: Adm-4021: The attribute '.pap_unconnected_inputs' of object 'hdmi_i2c_inst/i2c_ctrl_inst/state_15/opit_0_inv_L6QL5Q' is overwritten by new value.
Device mapping done.
Total device mapping takes 0.703125 sec.

Device Utilization Summary:
+-------------------------------------------------------------------------+
| Logic Utilization     | Used     | Available     | Utilization(%)     
+-------------------------------------------------------------------------+
| APM                   | 0        | 240           | 0                   
| FF                    | 726      | 133200        | 1                   
| LUT                   | 537      | 66600         | 1                   
| Distributed RAM       | 0        | 19900         | 0                   
| DRM                   | 15       | 155           | 10                  
| IO                    | 62       | 300           | 21                  
| RCKB                  | 0        | 24            | 0                   
| SCANCHAIN             | 1        | 1             | 100                 
| USCM                  | 3        | 32            | 10                  
| CCS                   | 1        | 1             | 100                 
| ADC                   | 0        | 1             | 0                   
| DDR_PHY               | 0        | 24            | 0                   
| HSSTLP                | 0        | 2             | 0                   
| GPLL                  | 0        | 6             | 0                   
| PPLL                  | 0        | 6             | 0                   
| DDRPHY_CPD            | 0        | 12            | 0                   
| HCKB                  | 0        | 96            | 0                   
| IOCKB                 | 0        | 24            | 0                   
| MRCKB                 | 0        | 12            | 0                   
| PCIE                  | 0        | 1             | 0                   
| DDRPHY_IOCLK_DIV      | 0        | 6             | 0                   
| ANALOG                | 0        | 1             | 0                   
| TSERDES               | 0        | 48            | 0                   
| KEYRAM                | 0        | 1             | 0                   
+-------------------------------------------------------------------------+

Design 'hdmi_loop' has been successfully mapped to architecture-specific objects.
Saving design to DB.
W: Public-4010: Pcf file D:/pango_fire/demo/9_hdmi_loop/hdmi_loop_pango/device_map/hdmi_loop.pcf has been covered.
Action dev_map: Real time elapsed is 32.000 sec
Action dev_map: CPU time elapsed is 10.297 sec
Current time: Fri Aug 11 14:58:36 2023
Action dev_map: Peak memory pool usage is 286,973,952 bytes
Process "Device Map" done.


Process "Place & Route" started.
Current time: Fri Aug 11 14:58:37 2023
Compiling architecture definition.
Compiling verification operator library.
Compiling common defs.
Compiling prim grid devices.
Compiling gate devices.
Compiling gate operators.
Building architecture model.
Loading device packaging model 'FBG676'.
I: Parameter configuration file D:/pango_fire/demo/9_hdmi_loop/hdmi_loop_pango/testparam.txt cannot open.
Starting placement and routing flow. (CPU time elapsed 0h:00m:00s)
Reading design from devmap DB.
Building architecture floorplan logic view.
Executing : apply_constraint -f D:/pango_fire/demo/9_hdmi_loop/hdmi_loop_pango/device_map/hdmi_loop.pcf
Executing : def_port ddc_sda -LOC L23 -IOSTANDARD LVCMOS33 -VCCIO 3.3 -DRIVE 4 -SLEW FAST
Executing : def_port ddc_sda -LOC L23 -IOSTANDARD LVCMOS33 -VCCIO 3.3 -DRIVE 4 -SLEW FAST successfully.
Executing : def_port ddc_scl -LOC L22 -IOSTANDARD LVCMOS33 -VCCIO 3.3 -DRIVE 4 -SLEW FAST
Executing : def_port ddc_scl -LOC L22 -IOSTANDARD LVCMOS33 -VCCIO 3.3 -DRIVE 4 -SLEW FAST successfully.
Executing : def_port hdmi_in_rst_n -LOC K18 -IOSTANDARD LVCMOS33 -VCCIO 3.3 -DRIVE 4 -SLEW FAST
Executing : def_port hdmi_in_rst_n -LOC K18 -IOSTANDARD LVCMOS33 -VCCIO 3.3 -DRIVE 4 -SLEW FAST successfully.
Executing : def_port hdmi_out_clk -LOC K16 -IOSTANDARD LVCMOS33 -VCCIO 3.3 -DRIVE 12 -SLEW FAST
Executing : def_port hdmi_out_clk -LOC K16 -IOSTANDARD LVCMOS33 -VCCIO 3.3 -DRIVE 12 -SLEW FAST successfully.
Executing : def_port hdmi_out_de -LOC K17 -IOSTANDARD LVCMOS33 -VCCIO 3.3 -DRIVE 8 -SLEW FAST
Executing : def_port hdmi_out_de -LOC K17 -IOSTANDARD LVCMOS33 -VCCIO 3.3 -DRIVE 8 -SLEW FAST successfully.
Executing : def_port hdmi_out_hsync -LOC L17 -IOSTANDARD LVCMOS33 -VCCIO 3.3 -DRIVE 8 -SLEW FAST
Executing : def_port hdmi_out_hsync -LOC L17 -IOSTANDARD LVCMOS33 -VCCIO 3.3 -DRIVE 8 -SLEW FAST successfully.
Executing : def_port {hdmi_out_rgb[0]} -LOC L14 -IOSTANDARD LVCMOS33 -VCCIO 3.3 -DRIVE 8 -SLEW FAST
Executing : def_port {hdmi_out_rgb[0]} -LOC L14 -IOSTANDARD LVCMOS33 -VCCIO 3.3 -DRIVE 8 -SLEW FAST successfully.
Executing : def_port {hdmi_out_rgb[1]} -LOC M14 -IOSTANDARD LVCMOS33 -VCCIO 3.3 -DRIVE 8 -SLEW FAST
Executing : def_port {hdmi_out_rgb[1]} -LOC M14 -IOSTANDARD LVCMOS33 -VCCIO 3.3 -DRIVE 8 -SLEW FAST successfully.
Executing : def_port {hdmi_out_rgb[2]} -LOC L15 -IOSTANDARD LVCMOS33 -VCCIO 3.3 -DRIVE 8 -SLEW FAST
Executing : def_port {hdmi_out_rgb[2]} -LOC L15 -IOSTANDARD LVCMOS33 -VCCIO 3.3 -DRIVE 8 -SLEW FAST successfully.
Executing : def_port {hdmi_out_rgb[3]} -LOC M15 -IOSTANDARD LVCMOS33 -VCCIO 3.3 -DRIVE 8 -SLEW FAST
Executing : def_port {hdmi_out_rgb[3]} -LOC M15 -IOSTANDARD LVCMOS33 -VCCIO 3.3 -DRIVE 8 -SLEW FAST successfully.
Executing : def_port {hdmi_out_rgb[4]} -LOC K22 -IOSTANDARD LVCMOS33 -VCCIO 3.3 -DRIVE 8 -SLEW FAST
Executing : def_port {hdmi_out_rgb[4]} -LOC K22 -IOSTANDARD LVCMOS33 -VCCIO 3.3 -DRIVE 8 -SLEW FAST successfully.
Executing : def_port {hdmi_out_rgb[5]} -LOC K23 -IOSTANDARD LVCMOS33 -VCCIO 3.3 -DRIVE 8 -SLEW FAST
Executing : def_port {hdmi_out_rgb[5]} -LOC K23 -IOSTANDARD LVCMOS33 -VCCIO 3.3 -DRIVE 8 -SLEW FAST successfully.
Executing : def_port {hdmi_out_rgb[6]} -LOC J23 -IOSTANDARD LVCMOS33 -VCCIO 3.3 -DRIVE 8 -SLEW FAST
Executing : def_port {hdmi_out_rgb[6]} -LOC J23 -IOSTANDARD LVCMOS33 -VCCIO 3.3 -DRIVE 8 -SLEW FAST successfully.
Executing : def_port {hdmi_out_rgb[7]} -LOC H23 -IOSTANDARD LVCMOS33 -VCCIO 3.3 -DRIVE 8 -SLEW FAST
Executing : def_port {hdmi_out_rgb[7]} -LOC H23 -IOSTANDARD LVCMOS33 -VCCIO 3.3 -DRIVE 8 -SLEW FAST successfully.
Executing : def_port {hdmi_out_rgb[8]} -LOC J24 -IOSTANDARD LVCMOS33 -VCCIO 3.3 -DRIVE 8 -SLEW FAST
Executing : def_port {hdmi_out_rgb[8]} -LOC J24 -IOSTANDARD LVCMOS33 -VCCIO 3.3 -DRIVE 8 -SLEW FAST successfully.
Executing : def_port {hdmi_out_rgb[9]} -LOC H24 -IOSTANDARD LVCMOS33 -VCCIO 3.3 -DRIVE 8 -SLEW FAST
Executing : def_port {hdmi_out_rgb[9]} -LOC H24 -IOSTANDARD LVCMOS33 -VCCIO 3.3 -DRIVE 8 -SLEW FAST successfully.
Executing : def_port {hdmi_out_rgb[10]} -LOC J26 -IOSTANDARD LVCMOS33 -VCCIO 3.3 -DRIVE 8 -SLEW FAST
Executing : def_port {hdmi_out_rgb[10]} -LOC J26 -IOSTANDARD LVCMOS33 -VCCIO 3.3 -DRIVE 8 -SLEW FAST successfully.
Executing : def_port {hdmi_out_rgb[11]} -LOC J25 -IOSTANDARD LVCMOS33 -VCCIO 3.3 -DRIVE 8 -SLEW FAST
Executing : def_port {hdmi_out_rgb[11]} -LOC J25 -IOSTANDARD LVCMOS33 -VCCIO 3.3 -DRIVE 8 -SLEW FAST successfully.
Executing : def_port {hdmi_out_rgb[12]} -LOC H26 -IOSTANDARD LVCMOS33 -VCCIO 3.3 -DRIVE 8 -SLEW FAST
Executing : def_port {hdmi_out_rgb[12]} -LOC H26 -IOSTANDARD LVCMOS33 -VCCIO 3.3 -DRIVE 8 -SLEW FAST successfully.
Executing : def_port {hdmi_out_rgb[13]} -LOC G26 -IOSTANDARD LVCMOS33 -VCCIO 3.3 -DRIVE 8 -SLEW FAST
Executing : def_port {hdmi_out_rgb[13]} -LOC G26 -IOSTANDARD LVCMOS33 -VCCIO 3.3 -DRIVE 8 -SLEW FAST successfully.
Executing : def_port {hdmi_out_rgb[14]} -LOC G24 -IOSTANDARD LVCMOS33 -VCCIO 3.3 -DRIVE 8 -SLEW FAST
Executing : def_port {hdmi_out_rgb[14]} -LOC G24 -IOSTANDARD LVCMOS33 -VCCIO 3.3 -DRIVE 8 -SLEW FAST successfully.
Executing : def_port {hdmi_out_rgb[15]} -LOC F24 -IOSTANDARD LVCMOS33 -VCCIO 3.3 -DRIVE 8 -SLEW FAST
Executing : def_port {hdmi_out_rgb[15]} -LOC F24 -IOSTANDARD LVCMOS33 -VCCIO 3.3 -DRIVE 8 -SLEW FAST successfully.
Executing : def_port {hdmi_out_rgb[16]} -LOC E26 -IOSTANDARD LVCMOS33 -VCCIO 3.3 -DRIVE 8 -SLEW FAST
Executing : def_port {hdmi_out_rgb[16]} -LOC E26 -IOSTANDARD LVCMOS33 -VCCIO 3.3 -DRIVE 8 -SLEW FAST successfully.
Executing : def_port {hdmi_out_rgb[17]} -LOC D26 -IOSTANDARD LVCMOS33 -VCCIO 3.3 -DRIVE 8 -SLEW FAST
Executing : def_port {hdmi_out_rgb[17]} -LOC D26 -IOSTANDARD LVCMOS33 -VCCIO 3.3 -DRIVE 8 -SLEW FAST successfully.
Executing : def_port {hdmi_out_rgb[18]} -LOC E25 -IOSTANDARD LVCMOS33 -VCCIO 3.3 -DRIVE 8 -SLEW FAST
Executing : def_port {hdmi_out_rgb[18]} -LOC E25 -IOSTANDARD LVCMOS33 -VCCIO 3.3 -DRIVE 8 -SLEW FAST successfully.
Executing : def_port {hdmi_out_rgb[19]} -LOC D25 -IOSTANDARD LVCMOS33 -VCCIO 3.3 -DRIVE 8 -SLEW FAST
Executing : def_port {hdmi_out_rgb[19]} -LOC D25 -IOSTANDARD LVCMOS33 -VCCIO 3.3 -DRIVE 8 -SLEW FAST successfully.
Executing : def_port {hdmi_out_rgb[20]} -LOC C26 -IOSTANDARD LVCMOS33 -VCCIO 3.3 -DRIVE 8 -SLEW FAST
Executing : def_port {hdmi_out_rgb[20]} -LOC C26 -IOSTANDARD LVCMOS33 -VCCIO 3.3 -DRIVE 8 -SLEW FAST successfully.
Executing : def_port {hdmi_out_rgb[21]} -LOC B26 -IOSTANDARD LVCMOS33 -VCCIO 3.3 -DRIVE 8 -SLEW FAST
Executing : def_port {hdmi_out_rgb[21]} -LOC B26 -IOSTANDARD LVCMOS33 -VCCIO 3.3 -DRIVE 8 -SLEW FAST successfully.
Executing : def_port {hdmi_out_rgb[22]} -LOC B25 -IOSTANDARD LVCMOS33 -VCCIO 3.3 -DRIVE 8 -SLEW FAST
Executing : def_port {hdmi_out_rgb[22]} -LOC B25 -IOSTANDARD LVCMOS33 -VCCIO 3.3 -DRIVE 8 -SLEW FAST successfully.
Executing : def_port {hdmi_out_rgb[23]} -LOC A25 -IOSTANDARD LVCMOS33 -VCCIO 3.3 -DRIVE 8 -SLEW FAST
Executing : def_port {hdmi_out_rgb[23]} -LOC A25 -IOSTANDARD LVCMOS33 -VCCIO 3.3 -DRIVE 8 -SLEW FAST successfully.
Executing : def_port hdmi_out_rst_n -LOC L19 -IOSTANDARD LVCMOS33 -VCCIO 3.3 -DRIVE 4 -SLEW FAST
Executing : def_port hdmi_out_rst_n -LOC L19 -IOSTANDARD LVCMOS33 -VCCIO 3.3 -DRIVE 4 -SLEW FAST successfully.
Executing : def_port hdmi_out_vsync -LOC L18 -IOSTANDARD LVCMOS33 -VCCIO 3.3 -DRIVE 8 -SLEW FAST
Executing : def_port hdmi_out_vsync -LOC L18 -IOSTANDARD LVCMOS33 -VCCIO 3.3 -DRIVE 8 -SLEW FAST successfully.
Executing : def_port hdmi_in_clk -LOC M16 -IOSTANDARD LVCMOS33 -VCCIO 3.3
Executing : def_port hdmi_in_clk -LOC M16 -IOSTANDARD LVCMOS33 -VCCIO 3.3 successfully.
Executing : def_port hdmi_in_de -LOC M17 -IOSTANDARD LVCMOS33 -VCCIO 3.3
Executing : def_port hdmi_in_de -LOC M17 -IOSTANDARD LVCMOS33 -VCCIO 3.3 successfully.
Executing : def_port hdmi_in_hsync -LOC N21 -IOSTANDARD LVCMOS33 -VCCIO 3.3
Executing : def_port hdmi_in_hsync -LOC N21 -IOSTANDARD LVCMOS33 -VCCIO 3.3 successfully.
Executing : def_port {hdmi_in_rgb[0]} -LOC J15 -IOSTANDARD LVCMOS33 -VCCIO 3.3
C: ConstraintEditor-2002: [D:/pango_fire/demo/9_hdmi_loop/hdmi_loop_pango/device_map/hdmi_loop.pcf(line number: 38)] | Port hdmi_in_rgb[0] has been placed at location J15, whose type is share pin.
Executing : def_port {hdmi_in_rgb[0]} -LOC J15 -IOSTANDARD LVCMOS33 -VCCIO 3.3 successfully.
Executing : def_port {hdmi_in_rgb[1]} -LOC J14 -IOSTANDARD LVCMOS33 -VCCIO 3.3
C: ConstraintEditor-2002: [D:/pango_fire/demo/9_hdmi_loop/hdmi_loop_pango/device_map/hdmi_loop.pcf(line number: 39)] | Port hdmi_in_rgb[1] has been placed at location J14, whose type is share pin.
Executing : def_port {hdmi_in_rgb[1]} -LOC J14 -IOSTANDARD LVCMOS33 -VCCIO 3.3 successfully.
Executing : def_port {hdmi_in_rgb[2]} -LOC K15 -IOSTANDARD LVCMOS33 -VCCIO 3.3
C: ConstraintEditor-2002: [D:/pango_fire/demo/9_hdmi_loop/hdmi_loop_pango/device_map/hdmi_loop.pcf(line number: 40)] | Port hdmi_in_rgb[2] has been placed at location K15, whose type is share pin.
Executing : def_port {hdmi_in_rgb[2]} -LOC K15 -IOSTANDARD LVCMOS33 -VCCIO 3.3 successfully.
Executing : def_port {hdmi_in_rgb[3]} -LOC J16 -IOSTANDARD LVCMOS33 -VCCIO 3.3
C: ConstraintEditor-2002: [D:/pango_fire/demo/9_hdmi_loop/hdmi_loop_pango/device_map/hdmi_loop.pcf(line number: 41)] | Port hdmi_in_rgb[3] has been placed at location J16, whose type is share pin.
Executing : def_port {hdmi_in_rgb[3]} -LOC J16 -IOSTANDARD LVCMOS33 -VCCIO 3.3 successfully.
Executing : def_port {hdmi_in_rgb[4]} -LOC J20 -IOSTANDARD LVCMOS33 -VCCIO 3.3
C: ConstraintEditor-2002: [D:/pango_fire/demo/9_hdmi_loop/hdmi_loop_pango/device_map/hdmi_loop.pcf(line number: 42)] | Port hdmi_in_rgb[4] has been placed at location J20, whose type is share pin.
Executing : def_port {hdmi_in_rgb[4]} -LOC J20 -IOSTANDARD LVCMOS33 -VCCIO 3.3 successfully.
Executing : def_port {hdmi_in_rgb[5]} -LOC K20 -IOSTANDARD LVCMOS33 -VCCIO 3.3
C: ConstraintEditor-2002: [D:/pango_fire/demo/9_hdmi_loop/hdmi_loop_pango/device_map/hdmi_loop.pcf(line number: 43)] | Port hdmi_in_rgb[5] has been placed at location K20, whose type is share pin.
Executing : def_port {hdmi_in_rgb[5]} -LOC K20 -IOSTANDARD LVCMOS33 -VCCIO 3.3 successfully.
Executing : def_port {hdmi_in_rgb[6]} -LOC K21 -IOSTANDARD LVCMOS33 -VCCIO 3.3
Executing : def_port {hdmi_in_rgb[6]} -LOC K21 -IOSTANDARD LVCMOS33 -VCCIO 3.3 successfully.
Executing : def_port {hdmi_in_rgb[7]} -LOC J21 -IOSTANDARD LVCMOS33 -VCCIO 3.3
Executing : def_port {hdmi_in_rgb[7]} -LOC J21 -IOSTANDARD LVCMOS33 -VCCIO 3.3 successfully.
Executing : def_port {hdmi_in_rgb[8]} -LOC H18 -IOSTANDARD LVCMOS33 -VCCIO 3.3
C: ConstraintEditor-2002: [D:/pango_fire/demo/9_hdmi_loop/hdmi_loop_pango/device_map/hdmi_loop.pcf(line number: 46)] | Port hdmi_in_rgb[8] has been placed at location H18, whose type is share pin.
Executing : def_port {hdmi_in_rgb[8]} -LOC H18 -IOSTANDARD LVCMOS33 -VCCIO 3.3 successfully.
Executing : def_port {hdmi_in_rgb[9]} -LOC J18 -IOSTANDARD LVCMOS33 -VCCIO 3.3
C: ConstraintEditor-2002: [D:/pango_fire/demo/9_hdmi_loop/hdmi_loop_pango/device_map/hdmi_loop.pcf(line number: 47)] | Port hdmi_in_rgb[9] has been placed at location J18, whose type is share pin.
Executing : def_port {hdmi_in_rgb[9]} -LOC J18 -IOSTANDARD LVCMOS33 -VCCIO 3.3 successfully.
Executing : def_port {hdmi_in_rgb[10]} -LOC H19 -IOSTANDARD LVCMOS33 -VCCIO 3.3
C: ConstraintEditor-2002: [D:/pango_fire/demo/9_hdmi_loop/hdmi_loop_pango/device_map/hdmi_loop.pcf(line number: 48)] | Port hdmi_in_rgb[10] has been placed at location H19, whose type is share pin.
Executing : def_port {hdmi_in_rgb[10]} -LOC H19 -IOSTANDARD LVCMOS33 -VCCIO 3.3 successfully.
Executing : def_port {hdmi_in_rgb[11]} -LOC J19 -IOSTANDARD LVCMOS33 -VCCIO 3.3
C: ConstraintEditor-2002: [D:/pango_fire/demo/9_hdmi_loop/hdmi_loop_pango/device_map/hdmi_loop.pcf(line number: 49)] | Port hdmi_in_rgb[11] has been placed at location J19, whose type is share pin.
Executing : def_port {hdmi_in_rgb[11]} -LOC J19 -IOSTANDARD LVCMOS33 -VCCIO 3.3 successfully.
Executing : def_port {hdmi_in_rgb[12]} -LOC H21 -IOSTANDARD LVCMOS33 -VCCIO 3.3
Executing : def_port {hdmi_in_rgb[12]} -LOC H21 -IOSTANDARD LVCMOS33 -VCCIO 3.3 successfully.
Executing : def_port {hdmi_in_rgb[13]} -LOC H22 -IOSTANDARD LVCMOS33 -VCCIO 3.3
Executing : def_port {hdmi_in_rgb[13]} -LOC H22 -IOSTANDARD LVCMOS33 -VCCIO 3.3 successfully.
Executing : def_port {hdmi_in_rgb[14]} -LOC G20 -IOSTANDARD LVCMOS33 -VCCIO 3.3
Executing : def_port {hdmi_in_rgb[14]} -LOC G20 -IOSTANDARD LVCMOS33 -VCCIO 3.3 successfully.
Executing : def_port {hdmi_in_rgb[15]} -LOC G21 -IOSTANDARD LVCMOS33 -VCCIO 3.3
Executing : def_port {hdmi_in_rgb[15]} -LOC G21 -IOSTANDARD LVCMOS33 -VCCIO 3.3 successfully.
Executing : def_port {hdmi_in_rgb[16]} -LOC G22 -IOSTANDARD LVCMOS33 -VCCIO 3.3
Executing : def_port {hdmi_in_rgb[16]} -LOC G22 -IOSTANDARD LVCMOS33 -VCCIO 3.3 successfully.
Executing : def_port {hdmi_in_rgb[17]} -LOC F22 -IOSTANDARD LVCMOS33 -VCCIO 3.3
C: ConstraintEditor-2002: [D:/pango_fire/demo/9_hdmi_loop/hdmi_loop_pango/device_map/hdmi_loop.pcf(line number: 55)] | Port hdmi_in_rgb[17] has been placed at location F22, whose type is share pin.
Executing : def_port {hdmi_in_rgb[17]} -LOC F22 -IOSTANDARD LVCMOS33 -VCCIO 3.3 successfully.
Executing : def_port {hdmi_in_rgb[18]} -LOC E23 -IOSTANDARD LVCMOS33 -VCCIO 3.3
C: ConstraintEditor-2002: [D:/pango_fire/demo/9_hdmi_loop/hdmi_loop_pango/device_map/hdmi_loop.pcf(line number: 56)] | Port hdmi_in_rgb[18] has been placed at location E23, whose type is share pin.
Executing : def_port {hdmi_in_rgb[18]} -LOC E23 -IOSTANDARD LVCMOS33 -VCCIO 3.3 successfully.
Executing : def_port {hdmi_in_rgb[19]} -LOC F23 -IOSTANDARD LVCMOS33 -VCCIO 3.3
C: ConstraintEditor-2002: [D:/pango_fire/demo/9_hdmi_loop/hdmi_loop_pango/device_map/hdmi_loop.pcf(line number: 57)] | Port hdmi_in_rgb[19] has been placed at location F23, whose type is share pin.
Executing : def_port {hdmi_in_rgb[19]} -LOC F23 -IOSTANDARD LVCMOS33 -VCCIO 3.3 successfully.
Executing : def_port {hdmi_in_rgb[20]} -LOC D24 -IOSTANDARD LVCMOS33 -VCCIO 3.3
Executing : def_port {hdmi_in_rgb[20]} -LOC D24 -IOSTANDARD LVCMOS33 -VCCIO 3.3 successfully.
Executing : def_port {hdmi_in_rgb[21]} -LOC D23 -IOSTANDARD LVCMOS33 -VCCIO 3.3
Executing : def_port {hdmi_in_rgb[21]} -LOC D23 -IOSTANDARD LVCMOS33 -VCCIO 3.3 successfully.
Executing : def_port {hdmi_in_rgb[22]} -LOC F20 -IOSTANDARD LVCMOS33 -VCCIO 3.3
Executing : def_port {hdmi_in_rgb[22]} -LOC F20 -IOSTANDARD LVCMOS33 -VCCIO 3.3 successfully.
Executing : def_port {hdmi_in_rgb[23]} -LOC G19 -IOSTANDARD LVCMOS33 -VCCIO 3.3
Executing : def_port {hdmi_in_rgb[23]} -LOC G19 -IOSTANDARD LVCMOS33 -VCCIO 3.3 successfully.
Executing : def_port hdmi_in_vsync -LOC N22 -IOSTANDARD LVCMOS33 -VCCIO 3.3
Executing : def_port hdmi_in_vsync -LOC N22 -IOSTANDARD LVCMOS33 -VCCIO 3.3 successfully.
Executing : def_port sys_clk -LOC R3 -IOSTANDARD LVCMOS15 -VCCIO 1.5
Executing : def_port sys_clk -LOC R3 -IOSTANDARD LVCMOS15 -VCCIO 1.5 successfully.
Executing : def_port sys_rst_n -LOC G25 -IOSTANDARD LVCMOS33 -VCCIO 3.3
C: ConstraintEditor-2002: [D:/pango_fire/demo/9_hdmi_loop/hdmi_loop_pango/device_map/hdmi_loop.pcf(line number: 64)] | Port sys_rst_n has been placed at location G25, whose type is share pin.
Executing : def_port sys_rst_n -LOC G25 -IOSTANDARD LVCMOS33 -VCCIO 3.3 successfully.
Executing : apply_constraint -f D:/pango_fire/demo/9_hdmi_loop/hdmi_loop_pango/device_map/hdmi_loop.pcf successfully.
NOTE: The technology fpga was specified.
NOTE: delay_model specified was generic_cmos.
NOTE: Using the fpga syntax tables...
Totals:
 Calls to malloc = 0
 Calls to calloc = 511293


Placement started.
Mapping instance u_CORES/u_GTP_SCANCHAIN_PG/scanchain to SCANCHAIN_88_312.
Mapping instance GRS_INST/grs_ccs to CCS_87_316.
Mapping instance clkbufg_5/gopclkbufg to USCM_215_576.
C: Place-2028: GLOBAL_CLOCK: the driver u_CORES/u_GTP_SCANCHAIN_PG/scanchain fixed at SCANCHAIN_88_312 is unreasonable. Sub-optimal placement for a clock source and a clock buffer.
Mapping instance clkbufg_4/gopclkbufg to USCM_215_669.
C: Place-2028: GLOBAL_CLOCK: the driver u_CORES/u_GTP_SCANCHAIN_PG/scanchain fixed at SCANCHAIN_88_312 is unreasonable. Sub-optimal placement for a clock source and a clock buffer.
Mapping instance clkbufg_3/gopclkbufg to USCM_215_666.
Pre global placement takes 7.19 sec.
Run super clustering :
	Initial slack 15672.
	2 iterations finished.
	Final slack 16365.
Super clustering done.
Design Utilization : 1%.
Global placement takes 1.48 sec.
Wirelength after global placement is 6231.
Placed fixed instance GRS_INST/grs_ccs on CCS_87_316.
Placed fixed instance clkbufg_3/gopclkbufg on USCM_215_666.
Placed fixed instance clkbufg_4/gopclkbufg on USCM_215_669.
Placed fixed instance clkbufg_5/gopclkbufg on USCM_215_576.
Placed fixed group with base inst ddc_scl_obuf/opit_1 on IOLHR_16_480.
Placed fixed group with base inst hdmi_i2c_inst.i2c_ctrl_inst.i2c_sda_tri/opit_1 on IOLHR_16_474.
Placed fixed group with base inst hdmi_in_clk_ibuf/opit_1 on IOLHR_16_846.
Placed fixed group with base inst hdmi_in_de_ibuf/opit_1 on IOLHR_16_840.
Placed fixed group with base inst hdmi_in_hsync_ibuf/opit_1 on IOLHR_16_450.
Placed fixed group with base inst hdmi_in_rgb_ibuf[0]/opit_1 on IOLHR_16_888.
Placed fixed group with base inst hdmi_in_rgb_ibuf[1]/opit_1 on IOLHR_16_894.
Placed fixed group with base inst hdmi_in_rgb_ibuf[2]/opit_1 on IOLHR_16_906.
Placed fixed group with base inst hdmi_in_rgb_ibuf[3]/opit_1 on IOLHR_16_900.
Placed fixed group with base inst hdmi_in_rgb_ibuf[4]/opit_1 on IOLHR_16_804.
Placed fixed group with base inst hdmi_in_rgb_ibuf[5]/opit_1 on IOLHR_16_810.
Placed fixed group with base inst hdmi_in_rgb_ibuf[6]/opit_1 on IOLHR_16_774.
Placed fixed group with base inst hdmi_in_rgb_ibuf[7]/opit_1 on IOLHR_16_768.
Placed fixed group with base inst hdmi_in_rgb_ibuf[8]/opit_1 on IOLHR_16_792.
Placed fixed group with base inst hdmi_in_rgb_ibuf[9]/opit_1 on IOLHR_16_798.
Placed fixed group with base inst hdmi_in_rgb_ibuf[10]/opit_1 on IOLHR_16_828.
Placed fixed group with base inst hdmi_in_rgb_ibuf[11]/opit_1 on IOLHR_16_834.
Placed fixed group with base inst hdmi_in_rgb_ibuf[12]/opit_1 on IOLHR_16_756.
Placed fixed group with base inst hdmi_in_rgb_ibuf[13]/opit_1 on IOLHR_16_750.
Placed fixed group with base inst hdmi_in_rgb_ibuf[14]/opit_1 on IOLHR_16_786.
Placed fixed group with base inst hdmi_in_rgb_ibuf[15]/opit_1 on IOLHR_16_780.
Placed fixed group with base inst hdmi_in_rgb_ibuf[16]/opit_1 on IOLHR_16_732.
Placed fixed group with base inst hdmi_in_rgb_ibuf[17]/opit_1 on IOLHR_16_726.
Placed fixed group with base inst hdmi_in_rgb_ibuf[18]/opit_1 on IOLHR_16_702.
Placed fixed group with base inst hdmi_in_rgb_ibuf[19]/opit_1 on IOLHR_16_708.
Placed fixed group with base inst hdmi_in_rgb_ibuf[20]/opit_1 on IOLHR_16_924.
Placed fixed group with base inst hdmi_in_rgb_ibuf[21]/opit_1 on IOLHR_16_930.
Placed fixed group with base inst hdmi_in_rgb_ibuf[22]/opit_1 on IOLHR_16_1158.
Placed fixed group with base inst hdmi_in_rgb_ibuf[23]/opit_1 on IOLHR_16_1164.
Placed fixed group with base inst hdmi_in_rst_n_obuf/opit_1 on IOLHR_16_912.
Placed fixed group with base inst hdmi_in_vsync_ibuf/opit_1 on IOLHR_16_444.
Placed fixed group with base inst hdmi_out_clk_obuf/opit_1 on IOLHR_16_882.
Placed fixed group with base inst hdmi_out_de_obuf/opit_1 on IOLHR_16_876.
Placed fixed group with base inst hdmi_out_hsync_obuf/opit_1 on IOLHR_16_822.
Placed fixed group with base inst hdmi_out_rgb_obuf[0]/opit_1 on IOLHR_16_864.
Placed fixed group with base inst hdmi_out_rgb_obuf[1]/opit_1 on IOLHR_16_870.
Placed fixed group with base inst hdmi_out_rgb_obuf[2]/opit_1 on IOLHR_16_852.
Placed fixed group with base inst hdmi_out_rgb_obuf[3]/opit_1 on IOLHR_16_858.
Placed fixed group with base inst hdmi_out_rgb_obuf[4]/opit_1 on IOLHR_16_696.
Placed fixed group with base inst hdmi_out_rgb_obuf[5]/opit_1 on IOLHR_16_690.
Placed fixed group with base inst hdmi_out_rgb_obuf[6]/opit_1 on IOLHR_16_744.
Placed fixed group with base inst hdmi_out_rgb_obuf[7]/opit_1 on IOLHR_16_738.
Placed fixed group with base inst hdmi_out_rgb_obuf[8]/opit_1 on IOLHR_16_720.
Placed fixed group with base inst hdmi_out_rgb_obuf[9]/opit_1 on IOLHR_16_714.
Placed fixed group with base inst hdmi_out_rgb_obuf[10]/opit_1 on IOLHR_16_618.
Placed fixed group with base inst hdmi_out_rgb_obuf[11]/opit_1 on IOLHR_16_624.
Placed fixed group with base inst hdmi_out_rgb_obuf[12]/opit_1 on IOLHR_16_648.
Placed fixed group with base inst hdmi_out_rgb_obuf[13]/opit_1 on IOLHR_16_642.
Placed fixed group with base inst hdmi_out_rgb_obuf[14]/opit_1 on IOLHR_16_684.
Placed fixed group with base inst hdmi_out_rgb_obuf[15]/opit_1 on IOLHR_16_678.
Placed fixed group with base inst hdmi_out_rgb_obuf[16]/opit_1 on IOLHR_16_660.
Placed fixed group with base inst hdmi_out_rgb_obuf[17]/opit_1 on IOLHR_16_654.
Placed fixed group with base inst hdmi_out_rgb_obuf[18]/opit_1 on IOLHR_16_672.
Placed fixed group with base inst hdmi_out_rgb_obuf[19]/opit_1 on IOLHR_16_666.
Placed fixed group with base inst hdmi_out_rgb_obuf[20]/opit_1 on IOLHR_16_954.
Placed fixed group with base inst hdmi_out_rgb_obuf[21]/opit_1 on IOLHR_16_948.
Placed fixed group with base inst hdmi_out_rgb_obuf[22]/opit_1 on IOLHR_16_978.
Placed fixed group with base inst hdmi_out_rgb_obuf[23]/opit_1 on IOLHR_16_972.
Placed fixed group with base inst hdmi_out_rst_n_obuf/opit_1 on IOLHR_16_612.
Placed fixed group with base inst hdmi_out_vsync_obuf/opit_1 on IOLHR_16_816.
Placed fixed group with base inst sys_clk_ibuf/opit_1 on IOLHR_364_450.
Placed fixed group with base inst sys_rst_n_ibuf/opit_1 on IOLHR_16_636.
Placed fixed instance u_CORES/u_GTP_SCANCHAIN_PG/scanchain on SCANCHAIN_88_312.
Placed fixed instance BKCL_auto_0 on BKCL_1_952.
Placed fixed instance BKCL_auto_1 on BKCL_1_646.
Placed fixed instance BKCL_auto_2 on BKCL_1_340.
Placed fixed instance BKCL_auto_3 on BKCL_373_340.
W: Adm-4021: The attribute '.pap_unconnected_inputs' of object 'hdmi_i2c_inst/i2c_ctrl_inst/N505_6/gateop_LUT6DL5' is overwritten by new value.
W: Adm-4021: The attribute '.pap_unconnected_inputs' of object 'hdmi_i2c_inst/i2c_ctrl_inst/N505_6/gateop_LUT6DL5' is overwritten by new value.
W: Adm-4021: The attribute '.pap_unconnected_inputs' of object 'hdmi_i2c_inst/i2c_ctrl_inst/cnt_clk[2]/opit_0_inv_L6Q_LUT6DQL5Q' is overwritten by new value.
W: Adm-4021: The attribute '.pap_unconnected_inputs' of object 'hdmi_i2c_inst/i2c_ctrl_inst/cnt_clk[2]/opit_0_inv_L6Q_LUT6DQL5Q' is overwritten by new value.
I: LUT6D pack result: There are 200 LUT6 in collection, pack success:13
Wirelength after Macro cell placement is 8339.
Macro cell placement takes 0.02 sec.
Run super clustering :
	Initial slack 15672.
	1 iterations finished.
	Final slack 15672.
Super clustering done.
Design Utilization : 1%.
Wirelength after post global placement is 6700.
I: LUT6D pack result: There are 174 LUT6 in collection, pack success:0
Post global placement takes 1.53 sec.
Wirelength after legalization is 7594.
Legalization takes 0.27 sec.
Worst slack before Replication Place is 17931.
Wirelength after replication placement is 7594.
Legalized cost 17931.000000.
The detailed placement ends at 11th iteration.
Wirelength after detailed placement is 7594.
Timing-driven detailed placement takes 2.94 sec.
Placement done.
Total placement takes 14.61 sec.
Finished placement. (CPU time elapsed 0h:00m:15s)

Routing started.
Building routing graph takes 6.61 sec.
Worst slack is 17931.
Processing design graph takes 1.28 sec.
Total memory for routing:
	216.592017 M.
Total nets for routing : 1482.
Rcf routing step 1 processed 0 nets, it takes 0.00 sec.
Rcf routing step 2 processed 0 nets, it takes 0.00 sec.
Rcf routing step 3 processed 0 nets, it takes 0.00 sec.
Unrouted nets 0 at the end of iteration 0.
Global Routing step 1 processed 148 nets, it takes 0.02 sec.
Unrouted nets 150 at the end of iteration 0.
Unrouted nets 73 at the end of iteration 1.
Unrouted nets 44 at the end of iteration 2.
Unrouted nets 24 at the end of iteration 3.
Unrouted nets 7 at the end of iteration 4.
Unrouted nets 2 at the end of iteration 5.
Unrouted nets 2 at the end of iteration 6.
Unrouted nets 2 at the end of iteration 7.
Unrouted nets 0 at the end of iteration 8.
Global Routing step 2 processed 343 nets, it takes 0.58 sec.
Global Routing step 3 processed 0 nets, it takes 0.00 sec.
Unrouted nets 12 at the end of iteration 0.
Unrouted nets 0 at the end of iteration 1.
Global Routing step 4 processed 32 nets, it takes 0.06 sec.
Global routing takes 0.77 sec.
Total 1634 subnets.
    forward max bucket size 19674 , backward 166.
        Unrouted nets 596 at the end of iteration 0.
    route iteration 0, CPU time elapsed 0.515625 sec.
    forward max bucket size 211 , backward 51.
        Unrouted nets 474 at the end of iteration 1.
    route iteration 1, CPU time elapsed 0.093750 sec.
    forward max bucket size 258 , backward 71.
        Unrouted nets 340 at the end of iteration 2.
    route iteration 2, CPU time elapsed 0.078125 sec.
    forward max bucket size 138 , backward 22.
        Unrouted nets 216 at the end of iteration 3.
    route iteration 3, CPU time elapsed 0.046875 sec.
    forward max bucket size 36 , backward 22.
        Unrouted nets 146 at the end of iteration 4.
    route iteration 4, CPU time elapsed 0.031250 sec.
    forward max bucket size 75 , backward 16.
        Unrouted nets 79 at the end of iteration 5.
    route iteration 5, CPU time elapsed 0.015625 sec.
    forward max bucket size 42 , backward 21.
        Unrouted nets 49 at the end of iteration 6.
    route iteration 6, CPU time elapsed 0.015625 sec.
    forward max bucket size 111 , backward 43.
        Unrouted nets 29 at the end of iteration 7.
    route iteration 7, CPU time elapsed 0.015625 sec.
    forward max bucket size 29 , backward 16.
        Unrouted nets 19 at the end of iteration 8.
    route iteration 8, CPU time elapsed 0.000000 sec.
    forward max bucket size 26 , backward 11.
        Unrouted nets 20 at the end of iteration 9.
    route iteration 9, CPU time elapsed 0.015625 sec.
    forward max bucket size 23 , backward 8.
        Unrouted nets 11 at the end of iteration 10.
    route iteration 10, CPU time elapsed 0.000000 sec.
    forward max bucket size 23 , backward 8.
        Unrouted nets 8 at the end of iteration 11.
    route iteration 11, CPU time elapsed 0.015625 sec.
    forward max bucket size 24 , backward 14.
        Unrouted nets 4 at the end of iteration 12.
    route iteration 12, CPU time elapsed 0.000000 sec.
    forward max bucket size 27 , backward 13.
        Unrouted nets 5 at the end of iteration 13.
    route iteration 13, CPU time elapsed 0.000000 sec.
    forward max bucket size 23 , backward 12.
        Unrouted nets 2 at the end of iteration 14.
    route iteration 14, CPU time elapsed 0.015625 sec.
    forward max bucket size 19 , backward 8.
        Unrouted nets 2 at the end of iteration 15.
    route iteration 15, CPU time elapsed 0.000000 sec.
    forward max bucket size 19 , backward 8.
        Unrouted nets 0 at the end of iteration 16.
    route iteration 16, CPU time elapsed 0.000000 sec.
C: Route-2036: The clock path from hdmi_i2c_inst/i2c_ctrl_inst/N745_2_4/LUT6_inst:L6 to hdmi_i2c_inst/i2c_ctrl_inst/i2c_sda_reg/opit_0:CLK is routed by SRB.
C: Route-2036: The clock path from u_CORES/u_GTP_SCANCHAIN_PG/scanchain:TCK1 to clkbufg_4/gopclkbufg:CLK is routed by SRB.
C: Route-2036: The clock path from u_CORES/u_GTP_SCANCHAIN_PG/scanchain:CAPTUREDR to clkbufg_3/gopclkbufg:CLK is routed by SRB.
C: Route-2036: The clock path from hdmi_i2c_inst/i2c_ctrl_inst/i2c_clk/opit_0_inv:Q to hdmi_i2c_inst/hdmi_cfg_inst/cfg_start/opit_0_inv_L6Q:CLK is routed by SRB.
Detailed routing takes 0.91 sec.

Dispose routing result:
    Collect routing result.
    Delete unused device instances.
    Annotate routing result.
    Change LUT configuration.
    Dispose misc instances.
I: Route-6001: Insert route through in CLMS_51_823.
I: Route-6001: Insert route through in CLMS_27_643.
I: Route-6001: Insert route through in HCKB_213_517.
I: Route-6001: Insert route through in HCKB_213_516.
I: Route-6001: Insert route through in HCKB_213_1078.
I: Route-6001: Insert route through in HCKB_213_506.
I: Route-6001: Insert route through in HCKB_213_1079.
    Annotate routing result again.
Finish routing takes 0.63 sec.
Used srb routing arc is 9281.
Cleanup routing takes 0.09 sec.
Routing done.
Total routing takes 12.41 sec.


Device Utilization Summary :
+-------------------------------------------------------------------------------+
| Logic Utilization           | Used     | Available     | Utilization(%)     
+-------------------------------------------------------------------------------+
| Use of ADC                  | 0        | 1             | 0                   
| Use of ANALOG               | 0        | 1             | 0                   
| Use of APM                  | 0        | 240           | 0                   
| Use of BKCL                 | 4        | 6             | 67                  
| Use of CCS                  | 1        | 1             | 100                 
| Use of CLMA                 | 125      | 11675         | 2                   
|   FF                        | 447      | 93400         | 1                   
|   LUT                       | 324      | 46700         | 1                   
|   LUT-FF pairs              | 204      | 46700         | 1                   
| Use of CLMS                 | 86       | 4975          | 2                   
|   FF                        | 279      | 39800         | 1                   
|   LUT                       | 200      | 19900         | 2                   
|   LUT-FF pairs              | 113      | 19900         | 1                   
|   Distributed RAM           | 0        | 19900         | 0                   
| Use of DDRPHY_CPD           | 0        | 12            | 0                   
| Use of DDRPHY_IOCLK_DIV     | 0        | 6             | 0                   
| Use of DDR_PHY              | 0        | 24            | 0                   
| Use of DRM                  | 15       | 155           | 10                  
| Use of GPLL                 | 0        | 6             | 0                   
| Use of GSEB                 | 0        | 218           | 0                   
| Use of HARD0                | 149      | 10550         | 2                   
| Use of HCKB                 | 5        | 96            | 6                   
| Use of HCKMUX_TEST          | 0        | 8             | 0                   
| Use of HSSTLP               | 0        | 2             | 0                   
| Use of IO                   | 62       | 300           | 21                  
|   IOBD                      | 31       | 144           | 22                  
|   IOBS                      | 31       | 156           | 20                  
| Use of IOCKB                | 0        | 24            | 0                   
| Use of IOCKMUX_TEST         | 0        | 6             | 0                   
| Use of IOLHR                | 62       | 300           | 21                  
| Use of KEYRAM               | 0        | 1             | 0                   
| Use of MFG_TEST             | 0        | 1             | 0                   
| Use of MRCKB                | 0        | 12            | 0                   
| Use of MRCKMUX_TEST         | 0        | 6             | 0                   
| Use of MRPOSTMUX_TEST       | 0        | 6             | 0                   
| Use of PCIE                 | 0        | 1             | 0                   
| Use of PCKMUX_TEST          | 0        | 12            | 0                   
| Use of PLLMRMUX_TEST        | 0        | 6             | 0                   
| Use of PLLREFMUX_TEST       | 0        | 6             | 0                   
| Use of PPLL                 | 0        | 6             | 0                   
| Use of PREGMUXC_TEST        | 0        | 4             | 0                   
| Use of PREGMUXLR_TEST       | 0        | 6             | 0                   
| Use of RCKB                 | 0        | 24            | 0                   
| Use of RCKMUX_TEST          | 0        | 6             | 0                   
| Use of SCANCHAIN            | 1        | 1             | 100                 
| Use of SCKMUX_TEST          | 0        | 12            | 0                   
| Use of SFB                  | 0        | 2225          | 0                   
| Use of SPAD                 | 0        | 8             | 0                   
| Use of TSERDES              | 0        | 48            | 0                   
| Use of USCM                 | 3        | 32            | 10                  
| Use of USCMMUX_TEST         | 0        | 32            | 0                   
+-------------------------------------------------------------------------------+

Finished routing. (CPU time elapsed 0h:00m:29s)
Design 'hdmi_loop' has been placed and routed successfully.
Saving design to DB.
Action pnr: Real time elapsed is 47.000 sec
Action pnr: CPU time elapsed is 41.641 sec
Current time: Fri Aug 11 14:59:23 2023
Action pnr: Peak memory pool usage is 1,029,115,904 bytes
Finished placement and routing. (CPU time elapsed 0h:00m:29s)
Process "Place & Route" done.


Process "Report Timing" started.
Current time: Fri Aug 11 14:59:27 2023
Compiling architecture definition.
Compiling verification operator library.
Compiling common defs.
Compiling prim grid devices.
Compiling gate devices.
Compiling gate operators.
Building architecture model.
Process exit normally.
Loading device packaging model 'FBG676'.
Reading design from pnr DB.
Start Report Post-PnR timing.
NOTE: The technology fpga was specified.
NOTE: delay_model specified was generic_cmos.
NOTE: Using the fpga syntax tables...
Totals:
 Calls to malloc = 0
 Calls to calloc = 511293

Constructing timing graph ...
Timing graph has been constructed successfully
C: STA-3003: The timing arc 'I0->L6' of 'gopLUT6|devAL6_S|"LUT6"' are non_unate, The timing analyser will assume pos_unate for these arcs in clock propgation. Clock: 'hdmi_i2c_inst/i2c_ctrl_inst/i2c_clk/Q[0]_Inferred'  from 'hdmi_i2c_inst/i2c_ctrl_inst/i2c_clk_ce_mux[0]/LUT6_inst_perm/I0' to: 'hdmi_i2c_inst/i2c_ctrl_inst/i2c_clk_ce_mux[0]/LUT6_inst_perm/L6'
C: STA-3003: The timing arc 'I0->L6' of 'gopLUT6|devAL6_S|"LUT6"' are non_unate, The timing analyser will assume pos_unate for these arcs in clock propgation. Clock: 'hdmi_i2c_inst/i2c_ctrl_inst/i2c_clk/Q[0]_Inferred'  from 'hdmi_i2c_inst/i2c_ctrl_inst/i2c_clk_ce_mux[0]/LUT6_inst_perm/I0' to: 'hdmi_i2c_inst/i2c_ctrl_inst/i2c_clk_ce_mux[0]/LUT6_inst_perm/L6'
C: STA-3003: The timing arc 'I0->L6' of 'gopLUT6|devAL6_S|"LUT6"' are non_unate, The timing analyser will assume pos_unate for these arcs in clock propgation. Clock: 'hdmi_i2c_inst/i2c_ctrl_inst/i2c_clk/Q[0]_Inferred'  from 'hdmi_i2c_inst/i2c_ctrl_inst/i2c_clk_ce_mux[0]/LUT6_inst_perm/I0' to: 'hdmi_i2c_inst/i2c_ctrl_inst/i2c_clk_ce_mux[0]/LUT6_inst_perm/L6'
C: STA-3003: The timing arc 'I0->L6' of 'gopLUT6|devAL6_S|"LUT6"' are non_unate, The timing analyser will assume pos_unate for these arcs in clock propgation. Clock: 'hdmi_i2c_inst/i2c_ctrl_inst/i2c_clk/Q[0]_Inferred'  from 'hdmi_i2c_inst/i2c_ctrl_inst/i2c_clk_ce_mux[0]/LUT6_inst_perm/I0' to: 'hdmi_i2c_inst/i2c_ctrl_inst/i2c_clk_ce_mux[0]/LUT6_inst_perm/L6'
C: STA-3003: The timing arc 'I0->L6' of 'gopLUT6|devAL6_S|"LUT6"' are non_unate, The timing analyser will assume pos_unate for these arcs in clock propgation. Clock: 'hdmi_i2c_inst/i2c_ctrl_inst/i2c_clk/Q[0]_Inferred'  from 'hdmi_i2c_inst/i2c_ctrl_inst/i2c_clk_ce_mux[0]/LUT6_inst_perm/I0' to: 'hdmi_i2c_inst/i2c_ctrl_inst/i2c_clk_ce_mux[0]/LUT6_inst_perm/L6'
C: STA-3003: The timing arc 'I0->L6' of 'gopLUT6|devAL6_S|"LUT6"' are non_unate, The timing analyser will assume pos_unate for these arcs in clock propgation. Clock: 'hdmi_i2c_inst/i2c_ctrl_inst/i2c_clk/Q[0]_Inferred'  from 'hdmi_i2c_inst/i2c_ctrl_inst/i2c_clk_ce_mux[0]/LUT6_inst_perm/I0' to: 'hdmi_i2c_inst/i2c_ctrl_inst/i2c_clk_ce_mux[0]/LUT6_inst_perm/L6'
C: STA-3003: The timing arc 'I0->L6' of 'gopLUT6|devAL6_S|"LUT6"' are non_unate, The timing analyser will assume pos_unate for these arcs in clock propgation. Clock: 'hdmi_i2c_inst/i2c_ctrl_inst/i2c_clk/Q[0]_Inferred'  from 'hdmi_i2c_inst/i2c_ctrl_inst/i2c_clk_ce_mux[0]/LUT6_inst_perm/I0' to: 'hdmi_i2c_inst/i2c_ctrl_inst/i2c_clk_ce_mux[0]/LUT6_inst_perm/L6'
C: STA-3003: The timing arc 'I0->L6' of 'gopLUT6|devAL6_S|"LUT6"' are non_unate, The timing analyser will assume pos_unate for these arcs in clock propgation. Clock: 'hdmi_i2c_inst/i2c_ctrl_inst/i2c_clk/Q[0]_Inferred'  from 'hdmi_i2c_inst/i2c_ctrl_inst/i2c_clk_ce_mux[0]/LUT6_inst_perm/I0' to: 'hdmi_i2c_inst/i2c_ctrl_inst/i2c_clk_ce_mux[0]/LUT6_inst_perm/L6'
Check timing ...
C: STA-3011: Clock pin 'hdmi_i2c_inst/i2c_ctrl_inst/ack/opit_0/CLK' (gopLATCH.CLK) has no clock, timing propagation is disabled at the pin.
C: STA-3011: Clock pin 'hdmi_i2c_inst/i2c_ctrl_inst/i2c_sda_reg/opit_0/CLK' (gopLATCH.CLK) has no clock, timing propagation is disabled at the pin.
W: Timing-4086: Port 'ddc_sda' is not constrained, it is treated as combinational input.
W: Timing-4087: Port 'ddc_sda' is not constrained, it is treated as combinational output.
W: Timing-4087: Port 'ddc_scl' is not constrained, it is treated as combinational output.
W: Timing-4087: Port 'hdmi_in_rst_n' is not constrained, it is treated as combinational output.
W: Timing-4087: Port 'hdmi_out_clk' is not constrained, it is treated as combinational output.
W: Timing-4087: Port 'hdmi_out_de' is not constrained, it is treated as combinational output.
W: Timing-4087: Port 'hdmi_out_hsync' is not constrained, it is treated as combinational output.
W: Timing-4087: Port 'hdmi_out_rgb[0]' is not constrained, it is treated as combinational output.
W: Timing-4087: Port 'hdmi_out_rgb[1]' is not constrained, it is treated as combinational output.
W: Timing-4087: Port 'hdmi_out_rgb[2]' is not constrained, it is treated as combinational output.
W: Timing-4087: Port 'hdmi_out_rgb[3]' is not constrained, it is treated as combinational output.
W: Timing-4087: Port 'hdmi_out_rgb[4]' is not constrained, it is treated as combinational output.
W: Timing-4087: Port 'hdmi_out_rgb[5]' is not constrained, it is treated as combinational output.
W: Timing-4087: Port 'hdmi_out_rgb[6]' is not constrained, it is treated as combinational output.
W: Timing-4087: Port 'hdmi_out_rgb[7]' is not constrained, it is treated as combinational output.
W: Timing-4087: Port 'hdmi_out_rgb[8]' is not constrained, it is treated as combinational output.
W: Timing-4087: Port 'hdmi_out_rgb[9]' is not constrained, it is treated as combinational output.
W: Timing-4087: Port 'hdmi_out_rgb[10]' is not constrained, it is treated as combinational output.
W: Timing-4087: Port 'hdmi_out_rgb[11]' is not constrained, it is treated as combinational output.
W: Timing-4087: Port 'hdmi_out_rgb[12]' is not constrained, it is treated as combinational output.
W: Timing-4087: Port 'hdmi_out_rgb[13]' is not constrained, it is treated as combinational output.
W: Timing-4087: Port 'hdmi_out_rgb[14]' is not constrained, it is treated as combinational output.
W: Timing-4087: Port 'hdmi_out_rgb[15]' is not constrained, it is treated as combinational output.
W: Timing-4087: Port 'hdmi_out_rgb[16]' is not constrained, it is treated as combinational output.
W: Timing-4087: Port 'hdmi_out_rgb[17]' is not constrained, it is treated as combinational output.
W: Timing-4087: Port 'hdmi_out_rgb[18]' is not constrained, it is treated as combinational output.
W: Timing-4087: Port 'hdmi_out_rgb[19]' is not constrained, it is treated as combinational output.
W: Timing-4087: Port 'hdmi_out_rgb[20]' is not constrained, it is treated as combinational output.
W: Timing-4087: Port 'hdmi_out_rgb[21]' is not constrained, it is treated as combinational output.
W: Timing-4087: Port 'hdmi_out_rgb[22]' is not constrained, it is treated as combinational output.
W: Timing-4087: Port 'hdmi_out_rgb[23]' is not constrained, it is treated as combinational output.
W: Timing-4087: Port 'hdmi_out_rst_n' is not constrained, it is treated as combinational output.
W: Timing-4087: Port 'hdmi_out_vsync' is not constrained, it is treated as combinational output.
W: Timing-4086: Port 'hdmi_in_clk' is not constrained, it is treated as combinational input.
W: Timing-4086: Port 'hdmi_in_de' is not constrained, it is treated as combinational input.
W: Timing-4086: Port 'hdmi_in_hsync' is not constrained, it is treated as combinational input.
W: Timing-4086: Port 'hdmi_in_rgb[0]' is not constrained, it is treated as combinational input.
W: Timing-4086: Port 'hdmi_in_rgb[1]' is not constrained, it is treated as combinational input.
W: Timing-4086: Port 'hdmi_in_rgb[2]' is not constrained, it is treated as combinational input.
W: Timing-4086: Port 'hdmi_in_rgb[3]' is not constrained, it is treated as combinational input.
W: Timing-4086: Port 'hdmi_in_rgb[4]' is not constrained, it is treated as combinational input.
W: Timing-4086: Port 'hdmi_in_rgb[5]' is not constrained, it is treated as combinational input.
W: Timing-4086: Port 'hdmi_in_rgb[6]' is not constrained, it is treated as combinational input.
W: Timing-4086: Port 'hdmi_in_rgb[7]' is not constrained, it is treated as combinational input.
W: Timing-4086: Port 'hdmi_in_rgb[8]' is not constrained, it is treated as combinational input.
W: Timing-4086: Port 'hdmi_in_rgb[9]' is not constrained, it is treated as combinational input.
W: Timing-4086: Port 'hdmi_in_rgb[10]' is not constrained, it is treated as combinational input.
W: Timing-4086: Port 'hdmi_in_rgb[11]' is not constrained, it is treated as combinational input.
W: Timing-4086: Port 'hdmi_in_rgb[12]' is not constrained, it is treated as combinational input.
W: Timing-4086: Port 'hdmi_in_rgb[13]' is not constrained, it is treated as combinational input.
W: Timing-4086: Port 'hdmi_in_rgb[14]' is not constrained, it is treated as combinational input.
W: Timing-4086: Port 'hdmi_in_rgb[15]' is not constrained, it is treated as combinational input.
W: Timing-4086: Port 'hdmi_in_rgb[16]' is not constrained, it is treated as combinational input.
W: Timing-4086: Port 'hdmi_in_rgb[17]' is not constrained, it is treated as combinational input.
W: Timing-4086: Port 'hdmi_in_rgb[18]' is not constrained, it is treated as combinational input.
W: Timing-4086: Port 'hdmi_in_rgb[19]' is not constrained, it is treated as combinational input.
W: Timing-4086: Port 'hdmi_in_rgb[20]' is not constrained, it is treated as combinational input.
W: Timing-4086: Port 'hdmi_in_rgb[21]' is not constrained, it is treated as combinational input.
W: Timing-4086: Port 'hdmi_in_rgb[22]' is not constrained, it is treated as combinational input.
W: Timing-4086: Port 'hdmi_in_rgb[23]' is not constrained, it is treated as combinational input.
W: Timing-4086: Port 'hdmi_in_vsync' is not constrained, it is treated as combinational input.
W: Timing-4086: Port 'sys_rst_n' is not constrained, it is treated as combinational input.
Detailed Timing Report:

----------------------------------------------------------------------------------------------------
| Tool Version : Fabric Compiler (version 2020.3 <build 62942>)
| Date         : Fri Aug 11 14:59:44 2023
| Design       : hdmi_loop
| Device       : PG2L100H
| Speed Grade  : -6
| Package      : FBG676
----------------------------------------------------------------------------------------------------
----------------------------------------------------------------------------------------------------
| Timing Models: Production
| Tcl Command  : report_timing 
----------------------------------------------------------------------------------------------------

Timing analysis mode : multi corner

 Clock Summary:                                                                                     
****************************************************************************************************
                                                                           Clock   Non-clock        
 Clock                    Period       Waveform       Type                 Loads       Loads  Sources
----------------------------------------------------------------------------------------------------
 sys_clk                  20.000       {0 10}         Declared               389           0  {sys_clk}
 hdmi_i2c_inst/i2c_ctrl_inst/i2c_clk/Q[0]_Inferred
                          1000.000     {0 500}        Declared                23           0  {hdmi_i2c_inst/i2c_ctrl_inst/i2c_clk/opit_0_inv/Q}
 DebugCore_JCLK           50.000       {0 25}         Declared               129           0  {u_CORES/u_GTP_SCANCHAIN_PG/scanchain/TCK1}
 DebugCore_CAPTURE        100.000      {25 75}        Declared                11           0  {u_CORES/u_GTP_SCANCHAIN_PG/scanchain/CAPTUREDR}
====================================================================================================

 Clock Groups:                                                                                    
**************************************************************************************************
 Clock Group                   Group Type                 clocks                                  
--------------------------------------------------------------------------------------------------
 Inferred_clock_group          asynchronous               hdmi_i2c_inst/i2c_ctrl_inst/i2c_clk/Q[0]_Inferred
 DebugCoreClockGroup           asynchronous               DebugCore_JCLK  DebugCore_CAPTURE       
==================================================================================================

 Performance Summary:                                                                               
****************************************************************************************************
                              Requested       Estimated      Requested      Estimated               
 Clock                        Frequency       Frequency      Period         Period             Slack
----------------------------------------------------------------------------------------------------
 sys_clk                     50.000 MHz     401.284 MHz         20.000          2.492         17.508
 hdmi_i2c_inst/i2c_ctrl_inst/i2c_clk/Q[0]_Inferred
                              1.000 MHz     350.754 MHz       1000.000          2.851        997.149
 DebugCore_JCLK              20.000 MHz     182.017 MHz         50.000          5.494         44.506
====================================================================================================

Design Summary : Some Constraints Violated.

Setup Summary(Slow Corner):
****************************************************************************************************
                                                                          TNS Failing      TNS Total
 Launch Clock           Capture Clock              WNS(ns)     TNS(ns)      Endpoints      Endpoints
----------------------------------------------------------------------------------------------------
 sys_clk                sys_clk                     17.508       0.000              0            753
 hdmi_i2c_inst/i2c_ctrl_inst/i2c_clk/Q[0]_Inferred
                        hdmi_i2c_inst/i2c_ctrl_inst/i2c_clk/Q[0]_Inferred
                                                   997.149       0.000              0            105
 DebugCore_JCLK         DebugCore_JCLK              23.633       0.000              0            512
 DebugCore_CAPTURE      DebugCore_JCLK              22.605       0.000              0             95
 DebugCore_JCLK         DebugCore_CAPTURE           47.122       0.000              0             16
====================================================================================================

Hold Summary(Slow Corner):
****************************************************************************************************
                                                                          THS Failing      THS Total
 Launch Clock           Capture Clock              WHS(ns)     THS(ns)      Endpoints      Endpoints
----------------------------------------------------------------------------------------------------
 sys_clk                sys_clk                      0.157       0.000              0            753
 hdmi_i2c_inst/i2c_ctrl_inst/i2c_clk/Q[0]_Inferred
                        hdmi_i2c_inst/i2c_ctrl_inst/i2c_clk/Q[0]_Inferred
                                                    -0.012      -0.012              1            105
 DebugCore_JCLK         DebugCore_JCLK               0.234       0.000              0            512
 DebugCore_CAPTURE      DebugCore_JCLK              23.482       0.000              0             95
 DebugCore_JCLK         DebugCore_CAPTURE            0.582       0.000              0             16
====================================================================================================

Recovery Summary(Slow Corner):
****************************************************************************************************
                                                                          TNS Failing      TNS Total
 Launch Clock           Capture Clock              WNS(ns)     TNS(ns)      Endpoints      Endpoints
----------------------------------------------------------------------------------------------------
 sys_clk                sys_clk                     18.070       0.000              0            265
====================================================================================================

Removal Summary(Slow Corner):
****************************************************************************************************
                                                                          THS Failing      THS Total
 Launch Clock           Capture Clock              WHS(ns)     THS(ns)      Endpoints      Endpoints
----------------------------------------------------------------------------------------------------
 sys_clk                sys_clk                      0.392       0.000              0            265
====================================================================================================

Minimum Pulse Width Summary(Slow Corner):
****************************************************************************************************
                                                                         WPWS Failing     WPWS Total
 Clock                                            WPWS(ns)    TPWS(ns)      Endpoints      Endpoints
----------------------------------------------------------------------------------------------------
 sys_clk                                             8.920       0.000              0            389
 hdmi_i2c_inst/i2c_ctrl_inst/i2c_clk/Q[0]_Inferred
                                                   499.680       0.000              0             23
 DebugCore_JCLK                                     23.918       0.000              0            129
 DebugCore_CAPTURE                                  49.734       0.000              0             11
====================================================================================================

Setup Summary(Fast Corner):
****************************************************************************************************
                                                                          TNS Failing      TNS Total
 Launch Clock           Capture Clock              WNS(ns)     TNS(ns)      Endpoints      Endpoints
----------------------------------------------------------------------------------------------------
 sys_clk                sys_clk                     18.469       0.000              0            753
 hdmi_i2c_inst/i2c_ctrl_inst/i2c_clk/Q[0]_Inferred
                        hdmi_i2c_inst/i2c_ctrl_inst/i2c_clk/Q[0]_Inferred
                                                   998.319       0.000              0            105
 DebugCore_JCLK         DebugCore_JCLK              24.142       0.000              0            512
 DebugCore_CAPTURE      DebugCore_JCLK              23.647       0.000              0             95
 DebugCore_JCLK         DebugCore_CAPTURE           48.073       0.000              0             16
====================================================================================================

Hold Summary(Fast Corner):
****************************************************************************************************
                                                                          THS Failing      THS Total
 Launch Clock           Capture Clock              WHS(ns)     THS(ns)      Endpoints      Endpoints
----------------------------------------------------------------------------------------------------
 sys_clk                sys_clk                      0.108       0.000              0            753
 hdmi_i2c_inst/i2c_ctrl_inst/i2c_clk/Q[0]_Inferred
                        hdmi_i2c_inst/i2c_ctrl_inst/i2c_clk/Q[0]_Inferred
                                                     0.050       0.000              0            105
 DebugCore_JCLK         DebugCore_JCLK               0.161       0.000              0            512
 DebugCore_CAPTURE      DebugCore_JCLK              24.083       0.000              0             95
 DebugCore_JCLK         DebugCore_CAPTURE            0.565       0.000              0             16
====================================================================================================

Recovery Summary(Fast Corner):
****************************************************************************************************
                                                                          TNS Failing      TNS Total
 Launch Clock           Capture Clock              WNS(ns)     TNS(ns)      Endpoints      Endpoints
----------------------------------------------------------------------------------------------------
 sys_clk                sys_clk                     18.753       0.000              0            265
====================================================================================================

Removal Summary(Fast Corner):
****************************************************************************************************
                                                                          THS Failing      THS Total
 Launch Clock           Capture Clock              WHS(ns)     THS(ns)      Endpoints      Endpoints
----------------------------------------------------------------------------------------------------
 sys_clk                sys_clk                      0.285       0.000              0            265
====================================================================================================

Minimum Pulse Width Summary(Fast Corner):
****************************************************************************************************
                                                                         WPWS Failing     WPWS Total
 Clock                                            WPWS(ns)    TPWS(ns)      Endpoints      Endpoints
----------------------------------------------------------------------------------------------------
 sys_clk                                             9.401       0.000              0            389
 hdmi_i2c_inst/i2c_ctrl_inst/i2c_clk/Q[0]_Inferred
                                                   499.767       0.000              0             23
 DebugCore_JCLK                                     24.249       0.000              0            129
 DebugCore_CAPTURE                                  49.702       0.000              0             11
====================================================================================================

Slow Corner: 950mV 125C
****************************************************************************************************
====================================================================================================

Startpoint  : u_CORES/u_debug_core_0/u_Storage_Condition/address_nsa[12]/opit_0_inv_L6Q_perm/CLK
Endpoint    : u_CORES/u_debug_core_0/ram_wdat0/opit_0_inv_L6Q_perm/I5
Path Group  : sys_clk
Path Type   : max
Path Class  : sequential timing path
Clock Skew :    -0.057  (Capture Clock Delay - Launch Clock Delay + Clock Pessimism Removal)
  Capture Clock Delay     :  3.215
  Launch Clock Delay      :  3.737
  Clock Pessimism Removal :  0.465

 Location                          Delay Type             Incr        Path         Logical Resource 
----------------------------------------------------------------------------------------------------

 Clock sys_clk (rising edge)                             0.000       0.000 r                        
 R3                                                      0.000       0.000 r       sys_clk (port)   
                                   net (fanout=1)        0.096       0.096         sys_clk          
 IOBD_372_450/DIN                  td                    1.117       1.213 r       sys_clk_ibuf/opit_0/O
                                   net (fanout=1)        0.000       1.213         sys_clk_ibuf/ntD 
 IOLHR_364_450/DI_TO_CLK           td                    0.105       1.318 r       sys_clk_ibuf/opit_1/DI_TO_CLK
                                   net (fanout=1)        0.876       2.194         nt_sys_clk       
 USCM_215_576/CLKOUT               td                    0.168       2.362 r       clkbufg_5/gopclkbufg/CLKOUT
                                   net (fanout=2)        0.620       2.982         ntclkbufg_2      
 HCKB_213_506/CLKOUT               td                    0.287       3.269 r       HCKBROUTE_207/CLKOUT
                                   net (fanout=386)      0.468       3.737         _N297            
 CLMA_45_858/CLK                                                           r       u_CORES/u_debug_core_0/u_Storage_Condition/address_nsa[12]/opit_0_inv_L6Q_perm/CLK

 CLMA_45_858/Q3                    tco                   0.203       3.940 r       u_CORES/u_debug_core_0/u_Storage_Condition/address_nsa[12]/opit_0_inv_L6Q_perm/L6Q
                                   net (fanout=4)        0.531       4.471         u_CORES/u_debug_core_0/u_Storage_Condition/address_nsa [12]
 CLMS_45_841/Y2                    td                    0.096       4.567 r       u_CORES/u_debug_core_0/u_Storage_Condition/N332_7_12/LUT6_inst_perm/L6
                                   net (fanout=1)        0.390       4.957         u_CORES/u_debug_core_0/u_Storage_Condition/_N1838
 CLMS_45_847/Y3                    td                    0.096       5.053 r       u_CORES/u_debug_core_0/u_Storage_Condition/N332_7_14/LUT6_inst_perm/L6
                                   net (fanout=1)        0.956       6.009         u_CORES/u_debug_core_0/u_Storage_Condition/_N1257
 CLMS_33_769/B5                                                            r       u_CORES/u_debug_core_0/ram_wdat0/opit_0_inv_L6Q_perm/I5

 Data arrival time                                                   6.009         Logic Levels: 2  
                                                                                   Logic: 0.395ns(17.386%), Route: 1.877ns(82.614%)
----------------------------------------------------------------------------------------------------

 Clock sys_clk (rising edge)                            20.000      20.000 r                        
 R3                                                      0.000      20.000 r       sys_clk (port)   
                                   net (fanout=1)        0.096      20.096         sys_clk          
 IOBD_372_450/DIN                  td                    0.953      21.049 r       sys_clk_ibuf/opit_0/O
                                   net (fanout=1)        0.000      21.049         sys_clk_ibuf/ntD 
 IOLHR_364_450/DI_TO_CLK           td                    0.091      21.140 r       sys_clk_ibuf/opit_1/DI_TO_CLK
                                   net (fanout=1)        0.746      21.886         nt_sys_clk       
 USCM_215_576/CLKOUT               td                    0.143      22.029 r       clkbufg_5/gopclkbufg/CLKOUT
                                   net (fanout=2)        0.530      22.559         ntclkbufg_2      
 HCKB_213_506/CLKOUT               td                    0.245      22.804 r       HCKBROUTE_207/CLKOUT
                                   net (fanout=386)      0.411      23.215         _N297            
 CLMS_33_769/CLK                                                           r       u_CORES/u_debug_core_0/ram_wdat0/opit_0_inv_L6Q_perm/CLK
 clock pessimism                                         0.465      23.680                          
 clock uncertainty                                      -0.050      23.630                          

 Setup time                                             -0.113      23.517                          

 Data required time                                                 23.517                          
----------------------------------------------------------------------------------------------------
 Data required time                                                 23.517                          
 Data arrival time                                                  -6.009                          
----------------------------------------------------------------------------------------------------
 Slack (MET)                                                        17.508                          
====================================================================================================

====================================================================================================

Startpoint  : u_CORES/u_debug_core_0/u_Storage_Condition/address_nsa[0]/opit_0_inv_L6Q_perm/CLK
Endpoint    : u_CORES/u_debug_core_0/u_Storage_Condition/address_nsa[13]/opit_0_inv_L6Q_perm/I1
Path Group  : sys_clk
Path Type   : max
Path Class  : sequential timing path
Clock Skew :    -0.031  (Capture Clock Delay - Launch Clock Delay + Clock Pessimism Removal)
  Capture Clock Delay     :  3.201
  Launch Clock Delay      :  3.738
  Clock Pessimism Removal :  0.506

 Location                          Delay Type             Incr        Path         Logical Resource 
----------------------------------------------------------------------------------------------------

 Clock sys_clk (rising edge)                             0.000       0.000 r                        
 R3                                                      0.000       0.000 r       sys_clk (port)   
                                   net (fanout=1)        0.096       0.096         sys_clk          
 IOBD_372_450/DIN                  td                    1.117       1.213 r       sys_clk_ibuf/opit_0/O
                                   net (fanout=1)        0.000       1.213         sys_clk_ibuf/ntD 
 IOLHR_364_450/DI_TO_CLK           td                    0.105       1.318 r       sys_clk_ibuf/opit_1/DI_TO_CLK
                                   net (fanout=1)        0.876       2.194         nt_sys_clk       
 USCM_215_576/CLKOUT               td                    0.168       2.362 r       clkbufg_5/gopclkbufg/CLKOUT
                                   net (fanout=2)        0.620       2.982         ntclkbufg_2      
 HCKB_213_506/CLKOUT               td                    0.287       3.269 r       HCKBROUTE_207/CLKOUT
                                   net (fanout=386)      0.469       3.738         _N297            
 CLMS_45_853/CLK                                                           r       u_CORES/u_debug_core_0/u_Storage_Condition/address_nsa[0]/opit_0_inv_L6Q_perm/CLK

 CLMS_45_853/Q0                    tco                   0.203       3.941 r       u_CORES/u_debug_core_0/u_Storage_Condition/address_nsa[0]/opit_0_inv_L6Q_perm/L6Q
                                   net (fanout=5)        0.545       4.486         u_CORES/u_debug_core_0/u_Storage_Condition/address_nsa [0]
 CLMA_45_840/COUT                  td                    0.382       4.868 f       u_CORES/u_debug_core_0/u_Storage_Condition/N296_4/gateop_perm/COUT
                                   net (fanout=1)        0.000       4.868         u_CORES/u_debug_core_0/u_Storage_Condition/_N150
 CLMA_45_846/COUT                  td                    0.085       4.953 f       u_CORES/u_debug_core_0/u_Storage_Condition/N296_8/gateop/COUT
                                   net (fanout=1)        0.000       4.953         u_CORES/u_debug_core_0/u_Storage_Condition/_N154
 CLMA_45_852/COUT                  td                    0.085       5.038 f       u_CORES/u_debug_core_0/u_Storage_Condition/N296_12/gateop_perm/COUT
                                   net (fanout=1)        0.000       5.038         u_CORES/u_debug_core_0/u_Storage_Condition/_N158
 CLMA_45_858/Y1                    td                    0.135       5.173 r       u_CORES/u_debug_core_0/u_Storage_Condition/N296_14/gateop/Y
                                   net (fanout=1)        0.390       5.563         u_CORES/u_debug_core_0/u_Storage_Condition/N523 [13]
 CLMA_45_864/A1                                                            r       u_CORES/u_debug_core_0/u_Storage_Condition/address_nsa[13]/opit_0_inv_L6Q_perm/I1

 Data arrival time                                                   5.563         Logic Levels: 4  
                                                                                   Logic: 0.890ns(48.767%), Route: 0.935ns(51.233%)
----------------------------------------------------------------------------------------------------

 Clock sys_clk (rising edge)                            20.000      20.000 r                        
 R3                                                      0.000      20.000 r       sys_clk (port)   
                                   net (fanout=1)        0.096      20.096         sys_clk          
 IOBD_372_450/DIN                  td                    0.953      21.049 r       sys_clk_ibuf/opit_0/O
                                   net (fanout=1)        0.000      21.049         sys_clk_ibuf/ntD 
 IOLHR_364_450/DI_TO_CLK           td                    0.091      21.140 r       sys_clk_ibuf/opit_1/DI_TO_CLK
                                   net (fanout=1)        0.746      21.886         nt_sys_clk       
 USCM_215_576/CLKOUT               td                    0.143      22.029 r       clkbufg_5/gopclkbufg/CLKOUT
                                   net (fanout=2)        0.530      22.559         ntclkbufg_2      
 HCKB_213_506/CLKOUT               td                    0.245      22.804 r       HCKBROUTE_207/CLKOUT
                                   net (fanout=386)      0.397      23.201         _N297            
 CLMA_45_864/CLK                                                           r       u_CORES/u_debug_core_0/u_Storage_Condition/address_nsa[13]/opit_0_inv_L6Q_perm/CLK
 clock pessimism                                         0.506      23.707                          
 clock uncertainty                                      -0.050      23.657                          

 Setup time                                             -0.267      23.390                          

 Data required time                                                 23.390                          
----------------------------------------------------------------------------------------------------
 Data required time                                                 23.390                          
 Data arrival time                                                  -5.563                          
----------------------------------------------------------------------------------------------------
 Slack (MET)                                                        17.827                          
====================================================================================================

====================================================================================================

Startpoint  : hdmi_i2c_inst/i2c_ctrl_inst/cnt_clk[7]/opit_0_inv_L6Q_perm/CLK
Endpoint    : hdmi_i2c_inst/i2c_ctrl_inst/i2c_clk/opit_0_inv/D
Path Group  : sys_clk
Path Type   : max
Path Class  : sequential timing path
Clock Skew :    -0.001  (Capture Clock Delay - Launch Clock Delay + Clock Pessimism Removal)
  Capture Clock Delay     :  3.232
  Launch Clock Delay      :  3.767
  Clock Pessimism Removal :  0.534

 Location                          Delay Type             Incr        Path         Logical Resource 
----------------------------------------------------------------------------------------------------

 Clock sys_clk (rising edge)                             0.000       0.000 r                        
 R3                                                      0.000       0.000 r       sys_clk (port)   
                                   net (fanout=1)        0.096       0.096         sys_clk          
 IOBD_372_450/DIN                  td                    1.117       1.213 r       sys_clk_ibuf/opit_0/O
                                   net (fanout=1)        0.000       1.213         sys_clk_ibuf/ntD 
 IOLHR_364_450/DI_TO_CLK           td                    0.105       1.318 r       sys_clk_ibuf/opit_1/DI_TO_CLK
                                   net (fanout=1)        0.876       2.194         nt_sys_clk       
 USCM_215_576/CLKOUT               td                    0.168       2.362 r       clkbufg_5/gopclkbufg/CLKOUT
                                   net (fanout=2)        0.620       2.982         ntclkbufg_2      
 HCKB_213_506/CLKOUT               td                    0.287       3.269 r       HCKBROUTE_207/CLKOUT
                                   net (fanout=386)      0.498       3.767         _N297            
 CLMA_27_666/CLK                                                           r       hdmi_i2c_inst/i2c_ctrl_inst/cnt_clk[7]/opit_0_inv_L6Q_perm/CLK

 CLMA_27_666/Q0                    tco                   0.203       3.970 r       hdmi_i2c_inst/i2c_ctrl_inst/cnt_clk[7]/opit_0_inv_L6Q_perm/L6Q
                                   net (fanout=2)        0.550       4.520         hdmi_i2c_inst/i2c_ctrl_inst/cnt_clk [7]
 CLMS_27_667/Y2                    td                    0.224       4.744 r       hdmi_i2c_inst/i2c_ctrl_inst/N505_6/gateop_LUT6DL5_perm/L6
                                   net (fanout=4)        0.271       5.015         hdmi_i2c_inst/i2c_ctrl_inst/_N363
 CLMS_27_661/Y0                    td                    0.096       5.111 r       hdmi_i2c_inst/i2c_ctrl_inst/i2c_clk_ce_mux[0]/LUT6_inst_perm/L6
                                   net (fanout=1)        0.588       5.699         hdmi_i2c_inst/i2c_ctrl_inst/_N349
 CLMA_27_666/M0                                                            r       hdmi_i2c_inst/i2c_ctrl_inst/i2c_clk/opit_0_inv/D

 Data arrival time                                                   5.699         Logic Levels: 2  
                                                                                   Logic: 0.523ns(27.070%), Route: 1.409ns(72.930%)
----------------------------------------------------------------------------------------------------

 Clock sys_clk (rising edge)                            20.000      20.000 r                        
 R3                                                      0.000      20.000 r       sys_clk (port)   
                                   net (fanout=1)        0.096      20.096         sys_clk          
 IOBD_372_450/DIN                  td                    0.953      21.049 r       sys_clk_ibuf/opit_0/O
                                   net (fanout=1)        0.000      21.049         sys_clk_ibuf/ntD 
 IOLHR_364_450/DI_TO_CLK           td                    0.091      21.140 r       sys_clk_ibuf/opit_1/DI_TO_CLK
                                   net (fanout=1)        0.746      21.886         nt_sys_clk       
 USCM_215_576/CLKOUT               td                    0.143      22.029 r       clkbufg_5/gopclkbufg/CLKOUT
                                   net (fanout=2)        0.530      22.559         ntclkbufg_2      
 HCKB_213_506/CLKOUT               td                    0.245      22.804 r       HCKBROUTE_207/CLKOUT
                                   net (fanout=386)      0.428      23.232         _N297            
 CLMA_27_666/CLK                                                           r       hdmi_i2c_inst/i2c_ctrl_inst/i2c_clk/opit_0_inv/CLK
 clock pessimism                                         0.534      23.766                          
 clock uncertainty                                      -0.050      23.716                          

 Setup time                                             -0.136      23.580                          

 Data required time                                                 23.580                          
----------------------------------------------------------------------------------------------------
 Data required time                                                 23.580                          
 Data arrival time                                                  -5.699                          
----------------------------------------------------------------------------------------------------
 Slack (MET)                                                        17.881                          
====================================================================================================

====================================================================================================

Startpoint  : u_CORES/u_debug_core_0/status[7]/opit_0_inv_L6QL5Q_perm/CLK
Endpoint    : u_CORES/u_debug_core_0/u_Data_Capture_Memory/block_ram.ram_data_2/gopdrm_36k/ADA0[8]
Path Group  : sys_clk
Path Type   : min
Path Class  : sequential timing path
Clock Skew :    0.071  (Capture Clock Delay - Launch Clock Delay + Clock Pessimism Removal)
  Capture Clock Delay     :  3.736
  Launch Clock Delay      :  3.200
  Clock Pessimism Removal :  -0.465

 Location                          Delay Type             Incr        Path         Logical Resource 
----------------------------------------------------------------------------------------------------

 Clock sys_clk (rising edge)                             0.000       0.000 r                        
 R3                                                      0.000       0.000 r       sys_clk (port)   
                                   net (fanout=1)        0.096       0.096         sys_clk          
 IOBD_372_450/DIN                  td                    0.953       1.049 r       sys_clk_ibuf/opit_0/O
                                   net (fanout=1)        0.000       1.049         sys_clk_ibuf/ntD 
 IOLHR_364_450/DI_TO_CLK           td                    0.091       1.140 r       sys_clk_ibuf/opit_1/DI_TO_CLK
                                   net (fanout=1)        0.746       1.886         nt_sys_clk       
 USCM_215_576/CLKOUT               td                    0.143       2.029 r       clkbufg_5/gopclkbufg/CLKOUT
                                   net (fanout=2)        0.530       2.559         ntclkbufg_2      
 HCKB_213_506/CLKOUT               td                    0.245       2.804 r       HCKBROUTE_207/CLKOUT
                                   net (fanout=386)      0.396       3.200         _N297            
 CLMA_33_858/CLK                                                           r       u_CORES/u_debug_core_0/status[7]/opit_0_inv_L6QL5Q_perm/CLK

 CLMA_33_858/Q1                    tco                   0.158       3.358 f       u_CORES/u_debug_core_0/status[7]/opit_0_inv_L6QL5Q_perm/L6Q
                                   net (fanout=15)       0.157       3.515         u_CORES/u_debug_core_0/ram_wadr [7]
 DRM_40_858/ADA0[8]                                                        f       u_CORES/u_debug_core_0/u_Data_Capture_Memory/block_ram.ram_data_2/gopdrm_36k/ADA0[8]

 Data arrival time                                                   3.515         Logic Levels: 0  
                                                                                   Logic: 0.158ns(50.159%), Route: 0.157ns(49.841%)
----------------------------------------------------------------------------------------------------

 Clock sys_clk (rising edge)                             0.000       0.000 r                        
 R3                                                      0.000       0.000 r       sys_clk (port)   
                                   net (fanout=1)        0.096       0.096         sys_clk          
 IOBD_372_450/DIN                  td                    1.117       1.213 r       sys_clk_ibuf/opit_0/O
                                   net (fanout=1)        0.000       1.213         sys_clk_ibuf/ntD 
 IOLHR_364_450/DI_TO_CLK           td                    0.105       1.318 r       sys_clk_ibuf/opit_1/DI_TO_CLK
                                   net (fanout=1)        0.876       2.194         nt_sys_clk       
 USCM_215_576/CLKOUT               td                    0.168       2.362 r       clkbufg_5/gopclkbufg/CLKOUT
                                   net (fanout=2)        0.620       2.982         ntclkbufg_2      
 HCKB_213_506/CLKOUT               td                    0.287       3.269 r       HCKBROUTE_207/CLKOUT
                                   net (fanout=386)      0.467       3.736         _N297            
 DRM_40_858/CLKA[0]                                                        r       u_CORES/u_debug_core_0/u_Data_Capture_Memory/block_ram.ram_data_2/gopdrm_36k/CLKA[0]
 clock pessimism                                        -0.465       3.271                          
 clock uncertainty                                       0.000       3.271                          

 Hold time                                               0.087       3.358                          

 Data required time                                                  3.358                          
----------------------------------------------------------------------------------------------------
 Data required time                                                  3.358                          
 Data arrival time                                                  -3.515                          
----------------------------------------------------------------------------------------------------
 Slack (MET)                                                         0.157                          
====================================================================================================

====================================================================================================

Startpoint  : u_CORES/u_debug_core_0/DATA_ff[0][16]/opit_0/CLK
Endpoint    : u_CORES/u_debug_core_0/u_Data_Capture_Memory/block_ram.ram_data_8/gopdrm_36k/DA0[1]
Path Group  : sys_clk
Path Type   : min
Path Class  : sequential timing path
Clock Skew :    0.202  (Capture Clock Delay - Launch Clock Delay + Clock Pessimism Removal)
  Capture Clock Delay     :  3.726
  Launch Clock Delay      :  3.191
  Clock Pessimism Removal :  -0.333

 Location                          Delay Type             Incr        Path         Logical Resource 
----------------------------------------------------------------------------------------------------

 Clock sys_clk (rising edge)                             0.000       0.000 r                        
 R3                                                      0.000       0.000 r       sys_clk (port)   
                                   net (fanout=1)        0.096       0.096         sys_clk          
 IOBD_372_450/DIN                  td                    0.953       1.049 r       sys_clk_ibuf/opit_0/O
                                   net (fanout=1)        0.000       1.049         sys_clk_ibuf/ntD 
 IOLHR_364_450/DI_TO_CLK           td                    0.091       1.140 r       sys_clk_ibuf/opit_1/DI_TO_CLK
                                   net (fanout=1)        0.746       1.886         nt_sys_clk       
 USCM_215_576/CLKOUT               td                    0.143       2.029 r       clkbufg_5/gopclkbufg/CLKOUT
                                   net (fanout=2)        0.530       2.559         ntclkbufg_2      
 HCKB_213_506/CLKOUT               td                    0.245       2.804 r       HCKBROUTE_207/CLKOUT
                                   net (fanout=386)      0.387       3.191         _N297            
 CLMS_33_913/CLK                                                           r       u_CORES/u_debug_core_0/DATA_ff[0][16]/opit_0/CLK

 CLMS_33_913/Q1                    tco                   0.158       3.349 f       u_CORES/u_debug_core_0/DATA_ff[0][16]/opit_0/Q
                                   net (fanout=1)        0.237       3.586         u_CORES/u_debug_core_0/DATA_ff[0] [16]
 DRM_40_918/DA0[1]                                                         f       u_CORES/u_debug_core_0/u_Data_Capture_Memory/block_ram.ram_data_8/gopdrm_36k/DA0[1]

 Data arrival time                                                   3.586         Logic Levels: 0  
                                                                                   Logic: 0.158ns(40.000%), Route: 0.237ns(60.000%)
----------------------------------------------------------------------------------------------------

 Clock sys_clk (rising edge)                             0.000       0.000 r                        
 R3                                                      0.000       0.000 r       sys_clk (port)   
                                   net (fanout=1)        0.096       0.096         sys_clk          
 IOBD_372_450/DIN                  td                    1.117       1.213 r       sys_clk_ibuf/opit_0/O
                                   net (fanout=1)        0.000       1.213         sys_clk_ibuf/ntD 
 IOLHR_364_450/DI_TO_CLK           td                    0.105       1.318 r       sys_clk_ibuf/opit_1/DI_TO_CLK
                                   net (fanout=1)        0.876       2.194         nt_sys_clk       
 USCM_215_576/CLKOUT               td                    0.168       2.362 r       clkbufg_5/gopclkbufg/CLKOUT
                                   net (fanout=2)        0.620       2.982         ntclkbufg_2      
 HCKB_213_1079/CLKOUT              td                    0.287       3.269 r       HCKBROUTE_208/CLKOUT
                                   net (fanout=13)       0.457       3.726         _N298            
 DRM_40_918/CLKA[0]                                                        r       u_CORES/u_debug_core_0/u_Data_Capture_Memory/block_ram.ram_data_8/gopdrm_36k/CLKA[0]
 clock pessimism                                        -0.333       3.393                          
 clock uncertainty                                       0.000       3.393                          

 Hold time                                               0.016       3.409                          

 Data required time                                                  3.409                          
----------------------------------------------------------------------------------------------------
 Data required time                                                  3.409                          
 Data arrival time                                                  -3.586                          
----------------------------------------------------------------------------------------------------
 Slack (MET)                                                         0.177                          
====================================================================================================

====================================================================================================

Startpoint  : u_CORES/u_debug_core_0/DATA_ff[0][15]/opit_0/CLK
Endpoint    : u_CORES/u_debug_core_0/u_Data_Capture_Memory/block_ram.ram_data_8/gopdrm_36k/DA0[0]
Path Group  : sys_clk
Path Type   : min
Path Class  : sequential timing path
Clock Skew :    0.202  (Capture Clock Delay - Launch Clock Delay + Clock Pessimism Removal)
  Capture Clock Delay     :  3.726
  Launch Clock Delay      :  3.191
  Clock Pessimism Removal :  -0.333

 Location                          Delay Type             Incr        Path         Logical Resource 
----------------------------------------------------------------------------------------------------

 Clock sys_clk (rising edge)                             0.000       0.000 r                        
 R3                                                      0.000       0.000 r       sys_clk (port)   
                                   net (fanout=1)        0.096       0.096         sys_clk          
 IOBD_372_450/DIN                  td                    0.953       1.049 r       sys_clk_ibuf/opit_0/O
                                   net (fanout=1)        0.000       1.049         sys_clk_ibuf/ntD 
 IOLHR_364_450/DI_TO_CLK           td                    0.091       1.140 r       sys_clk_ibuf/opit_1/DI_TO_CLK
                                   net (fanout=1)        0.746       1.886         nt_sys_clk       
 USCM_215_576/CLKOUT               td                    0.143       2.029 r       clkbufg_5/gopclkbufg/CLKOUT
                                   net (fanout=2)        0.530       2.559         ntclkbufg_2      
 HCKB_213_506/CLKOUT               td                    0.245       2.804 r       HCKBROUTE_207/CLKOUT
                                   net (fanout=386)      0.387       3.191         _N297            
 CLMS_33_913/CLK                                                           r       u_CORES/u_debug_core_0/DATA_ff[0][15]/opit_0/CLK

 CLMS_33_913/Q0                    tco                   0.158       3.349 f       u_CORES/u_debug_core_0/DATA_ff[0][15]/opit_0/Q
                                   net (fanout=1)        0.237       3.586         u_CORES/u_debug_core_0/DATA_ff[0] [15]
 DRM_40_918/DA0[0]                                                         f       u_CORES/u_debug_core_0/u_Data_Capture_Memory/block_ram.ram_data_8/gopdrm_36k/DA0[0]

 Data arrival time                                                   3.586         Logic Levels: 0  
                                                                                   Logic: 0.158ns(40.000%), Route: 0.237ns(60.000%)
----------------------------------------------------------------------------------------------------

 Clock sys_clk (rising edge)                             0.000       0.000 r                        
 R3                                                      0.000       0.000 r       sys_clk (port)   
                                   net (fanout=1)        0.096       0.096         sys_clk          
 IOBD_372_450/DIN                  td                    1.117       1.213 r       sys_clk_ibuf/opit_0/O
                                   net (fanout=1)        0.000       1.213         sys_clk_ibuf/ntD 
 IOLHR_364_450/DI_TO_CLK           td                    0.105       1.318 r       sys_clk_ibuf/opit_1/DI_TO_CLK
                                   net (fanout=1)        0.876       2.194         nt_sys_clk       
 USCM_215_576/CLKOUT               td                    0.168       2.362 r       clkbufg_5/gopclkbufg/CLKOUT
                                   net (fanout=2)        0.620       2.982         ntclkbufg_2      
 HCKB_213_1079/CLKOUT              td                    0.287       3.269 r       HCKBROUTE_208/CLKOUT
                                   net (fanout=13)       0.457       3.726         _N298            
 DRM_40_918/CLKA[0]                                                        r       u_CORES/u_debug_core_0/u_Data_Capture_Memory/block_ram.ram_data_8/gopdrm_36k/CLKA[0]
 clock pessimism                                        -0.333       3.393                          
 clock uncertainty                                       0.000       3.393                          

 Hold time                                               0.016       3.409                          

 Data required time                                                  3.409                          
----------------------------------------------------------------------------------------------------
 Data required time                                                  3.409                          
 Data arrival time                                                  -3.586                          
----------------------------------------------------------------------------------------------------
 Slack (MET)                                                         0.177                          
====================================================================================================

====================================================================================================

Startpoint  : hdmi_i2c_inst/i2c_ctrl_inst/cnt_bit[2]/opit_0_inv_L6QL5Q_perm/CLK
Endpoint    : hdmi_i2c_inst/i2c_ctrl_inst/state_15/opit_0_inv_L6QL5Q_perm/CE
Path Group  : hdmi_i2c_inst/i2c_ctrl_inst/i2c_clk/Q[0]_Inferred
Path Type   : max
Path Class  : sequential timing path
Clock Skew :    -0.345  (Capture Clock Delay - Launch Clock Delay + Clock Pessimism Removal)
  Capture Clock Delay     :  0.481
  Launch Clock Delay      :  0.826
  Clock Pessimism Removal :  0.000

 Location                          Delay Type             Incr        Path         Logical Resource 
----------------------------------------------------------------------------------------------------

 Clock hdmi_i2c_inst/i2c_ctrl_inst/i2c_clk/Q[0]_Inferred (rising edge)
                                                         0.000       0.000 r                        
 CLMA_27_666/CR0                                         0.000       0.000 r       hdmi_i2c_inst/i2c_ctrl_inst/i2c_clk/opit_0_inv/Q
                                   net (fanout=31)       0.826       0.826         hdmi_i2c_inst/cfg_clk
 CLMS_27_637/CLK                                                           r       hdmi_i2c_inst/i2c_ctrl_inst/cnt_bit[2]/opit_0_inv_L6QL5Q_perm/CLK

 CLMS_27_637/Q0                    tco                   0.203       1.029 r       hdmi_i2c_inst/i2c_ctrl_inst/cnt_bit[2]/opit_0_inv_L6QL5Q_perm/L6Q
                                   net (fanout=15)       0.411       1.440         hdmi_i2c_inst/i2c_ctrl_inst/cnt_bit [1]
 CLMA_21_648/CR1                   td                    0.316       1.756 r       hdmi_i2c_inst/i2c_ctrl_inst/cnt_i2c_clk[1]/opit_0_inv_L6QL5_perm/L5
                                   net (fanout=2)        0.389       2.145         hdmi_i2c_inst/i2c_ctrl_inst/_N342
 CLMA_21_654/Y1                    td                    0.108       2.253 r       hdmi_i2c_inst/i2c_ctrl_inst/N736_6_8/LUT6_inst_perm/L6
                                   net (fanout=1)        0.248       2.501         hdmi_i2c_inst/i2c_ctrl_inst/_N375
 CLMA_21_643/Y3                    td                    0.179       2.680 r       hdmi_i2c_inst/i2c_ctrl_inst/N736_6_9/LUT6_inst_perm/L6
                                   net (fanout=7)        0.376       3.056         hdmi_i2c_inst/i2c_ctrl_inst/N736
 CLMA_21_643/CE                                                            r       hdmi_i2c_inst/i2c_ctrl_inst/state_15/opit_0_inv_L6QL5Q_perm/CE

 Data arrival time                                                   3.056         Logic Levels: 3  
                                                                                   Logic: 0.806ns(36.143%), Route: 1.424ns(63.857%)
----------------------------------------------------------------------------------------------------

 Clock hdmi_i2c_inst/i2c_ctrl_inst/i2c_clk/Q[0]_Inferred (rising edge)
                                                      1000.000    1000.000 r                        
 CLMA_27_666/CR0                                         0.000    1000.000 r       hdmi_i2c_inst/i2c_ctrl_inst/i2c_clk/opit_0_inv/Q
                                   net (fanout=31)       0.481    1000.481         hdmi_i2c_inst/cfg_clk
 CLMA_21_643/CLK                                                           r       hdmi_i2c_inst/i2c_ctrl_inst/state_15/opit_0_inv_L6QL5Q_perm/CLK
 clock pessimism                                         0.000    1000.481                          
 clock uncertainty                                      -0.050    1000.431                          

 Setup time                                             -0.226    1000.205                          

 Data required time                                               1000.205                          
----------------------------------------------------------------------------------------------------
 Data required time                                               1000.205                          
 Data arrival time                                                  -3.056                          
----------------------------------------------------------------------------------------------------
 Slack (MET)                                                       997.149                          
====================================================================================================

====================================================================================================

Startpoint  : hdmi_i2c_inst/i2c_ctrl_inst/cnt_bit[2]/opit_0_inv_L6QL5Q_perm/CLK
Endpoint    : hdmi_i2c_inst/i2c_ctrl_inst/state_3/opit_0_inv_L6Q_perm/CE
Path Group  : hdmi_i2c_inst/i2c_ctrl_inst/i2c_clk/Q[0]_Inferred
Path Type   : max
Path Class  : sequential timing path
Clock Skew :    -0.345  (Capture Clock Delay - Launch Clock Delay + Clock Pessimism Removal)
  Capture Clock Delay     :  0.481
  Launch Clock Delay      :  0.826
  Clock Pessimism Removal :  0.000

 Location                          Delay Type             Incr        Path         Logical Resource 
----------------------------------------------------------------------------------------------------

 Clock hdmi_i2c_inst/i2c_ctrl_inst/i2c_clk/Q[0]_Inferred (rising edge)
                                                         0.000       0.000 r                        
 CLMA_27_666/CR0                                         0.000       0.000 r       hdmi_i2c_inst/i2c_ctrl_inst/i2c_clk/opit_0_inv/Q
                                   net (fanout=31)       0.826       0.826         hdmi_i2c_inst/cfg_clk
 CLMS_27_637/CLK                                                           r       hdmi_i2c_inst/i2c_ctrl_inst/cnt_bit[2]/opit_0_inv_L6QL5Q_perm/CLK

 CLMS_27_637/Q0                    tco                   0.203       1.029 r       hdmi_i2c_inst/i2c_ctrl_inst/cnt_bit[2]/opit_0_inv_L6QL5Q_perm/L6Q
                                   net (fanout=15)       0.411       1.440         hdmi_i2c_inst/i2c_ctrl_inst/cnt_bit [1]
 CLMA_21_648/CR1                   td                    0.316       1.756 r       hdmi_i2c_inst/i2c_ctrl_inst/cnt_i2c_clk[1]/opit_0_inv_L6QL5_perm/L5
                                   net (fanout=2)        0.389       2.145         hdmi_i2c_inst/i2c_ctrl_inst/_N342
 CLMA_21_654/Y1                    td                    0.108       2.253 r       hdmi_i2c_inst/i2c_ctrl_inst/N736_6_8/LUT6_inst_perm/L6
                                   net (fanout=1)        0.248       2.501         hdmi_i2c_inst/i2c_ctrl_inst/_N375
 CLMA_21_643/Y3                    td                    0.179       2.680 r       hdmi_i2c_inst/i2c_ctrl_inst/N736_6_9/LUT6_inst_perm/L6
                                   net (fanout=7)        0.376       3.056         hdmi_i2c_inst/i2c_ctrl_inst/N736
 CLMA_21_643/CE                                                            r       hdmi_i2c_inst/i2c_ctrl_inst/state_3/opit_0_inv_L6Q_perm/CE

 Data arrival time                                                   3.056         Logic Levels: 3  
                                                                                   Logic: 0.806ns(36.143%), Route: 1.424ns(63.857%)
----------------------------------------------------------------------------------------------------

 Clock hdmi_i2c_inst/i2c_ctrl_inst/i2c_clk/Q[0]_Inferred (rising edge)
                                                      1000.000    1000.000 r                        
 CLMA_27_666/CR0                                         0.000    1000.000 r       hdmi_i2c_inst/i2c_ctrl_inst/i2c_clk/opit_0_inv/Q
                                   net (fanout=31)       0.481    1000.481         hdmi_i2c_inst/cfg_clk
 CLMA_21_643/CLK                                                           r       hdmi_i2c_inst/i2c_ctrl_inst/state_3/opit_0_inv_L6Q_perm/CLK
 clock pessimism                                         0.000    1000.481                          
 clock uncertainty                                      -0.050    1000.431                          

 Setup time                                             -0.226    1000.205                          

 Data required time                                               1000.205                          
----------------------------------------------------------------------------------------------------
 Data required time                                               1000.205                          
 Data arrival time                                                  -3.056                          
----------------------------------------------------------------------------------------------------
 Slack (MET)                                                       997.149                          
====================================================================================================

====================================================================================================

Startpoint  : hdmi_i2c_inst/i2c_ctrl_inst/cnt_bit[2]/opit_0_inv_L6QL5Q_perm/CLK
Endpoint    : hdmi_i2c_inst/i2c_ctrl_inst/state_0/opit_0_inv/CE
Path Group  : hdmi_i2c_inst/i2c_ctrl_inst/i2c_clk/Q[0]_Inferred
Path Type   : max
Path Class  : sequential timing path
Clock Skew :    -0.345  (Capture Clock Delay - Launch Clock Delay + Clock Pessimism Removal)
  Capture Clock Delay     :  0.481
  Launch Clock Delay      :  0.826
  Clock Pessimism Removal :  0.000

 Location                          Delay Type             Incr        Path         Logical Resource 
----------------------------------------------------------------------------------------------------

 Clock hdmi_i2c_inst/i2c_ctrl_inst/i2c_clk/Q[0]_Inferred (rising edge)
                                                         0.000       0.000 r                        
 CLMA_27_666/CR0                                         0.000       0.000 r       hdmi_i2c_inst/i2c_ctrl_inst/i2c_clk/opit_0_inv/Q
                                   net (fanout=31)       0.826       0.826         hdmi_i2c_inst/cfg_clk
 CLMS_27_637/CLK                                                           r       hdmi_i2c_inst/i2c_ctrl_inst/cnt_bit[2]/opit_0_inv_L6QL5Q_perm/CLK

 CLMS_27_637/Q0                    tco                   0.203       1.029 r       hdmi_i2c_inst/i2c_ctrl_inst/cnt_bit[2]/opit_0_inv_L6QL5Q_perm/L6Q
                                   net (fanout=15)       0.411       1.440         hdmi_i2c_inst/i2c_ctrl_inst/cnt_bit [1]
 CLMA_21_648/CR1                   td                    0.316       1.756 r       hdmi_i2c_inst/i2c_ctrl_inst/cnt_i2c_clk[1]/opit_0_inv_L6QL5_perm/L5
                                   net (fanout=2)        0.389       2.145         hdmi_i2c_inst/i2c_ctrl_inst/_N342
 CLMA_21_654/Y1                    td                    0.108       2.253 r       hdmi_i2c_inst/i2c_ctrl_inst/N736_6_8/LUT6_inst_perm/L6
                                   net (fanout=1)        0.248       2.501         hdmi_i2c_inst/i2c_ctrl_inst/_N375
 CLMA_21_643/Y3                    td                    0.179       2.680 r       hdmi_i2c_inst/i2c_ctrl_inst/N736_6_9/LUT6_inst_perm/L6
                                   net (fanout=7)        0.376       3.056         hdmi_i2c_inst/i2c_ctrl_inst/N736
 CLMA_21_643/CE                                                            r       hdmi_i2c_inst/i2c_ctrl_inst/state_0/opit_0_inv/CE

 Data arrival time                                                   3.056         Logic Levels: 3  
                                                                                   Logic: 0.806ns(36.143%), Route: 1.424ns(63.857%)
----------------------------------------------------------------------------------------------------

 Clock hdmi_i2c_inst/i2c_ctrl_inst/i2c_clk/Q[0]_Inferred (rising edge)
                                                      1000.000    1000.000 r                        
 CLMA_27_666/CR0                                         0.000    1000.000 r       hdmi_i2c_inst/i2c_ctrl_inst/i2c_clk/opit_0_inv/Q
                                   net (fanout=31)       0.481    1000.481         hdmi_i2c_inst/cfg_clk
 CLMA_21_643/CLK                                                           r       hdmi_i2c_inst/i2c_ctrl_inst/state_0/opit_0_inv/CLK
 clock pessimism                                         0.000    1000.481                          
 clock uncertainty                                      -0.050    1000.431                          

 Setup time                                             -0.226    1000.205                          

 Data required time                                               1000.205                          
----------------------------------------------------------------------------------------------------
 Data required time                                               1000.205                          
 Data arrival time                                                  -3.056                          
----------------------------------------------------------------------------------------------------
 Slack (MET)                                                       997.149                          
====================================================================================================

====================================================================================================

Startpoint  : hdmi_i2c_inst/i2c_ctrl_inst/cnt_i2c_clk[1]/opit_0_inv_L6QL5_perm/CLK
Endpoint    : hdmi_i2c_inst/i2c_ctrl_inst/state_15/opit_0_inv_L6QL5Q_perm/I3
Path Group  : hdmi_i2c_inst/i2c_ctrl_inst/i2c_clk/Q[0]_Inferred
Path Type   : min
Path Class  : sequential timing path
Clock Skew :    0.364  (Capture Clock Delay - Launch Clock Delay + Clock Pessimism Removal)
  Capture Clock Delay     :  0.672
  Launch Clock Delay      :  0.308
  Clock Pessimism Removal :  0.000

 Location                          Delay Type             Incr        Path         Logical Resource 
----------------------------------------------------------------------------------------------------

 Clock hdmi_i2c_inst/i2c_ctrl_inst/i2c_clk/Q[0]_Inferred (rising edge)
                                                         0.000       0.000 r                        
 CLMA_27_666/CR0                                         0.000       0.000 r       hdmi_i2c_inst/i2c_ctrl_inst/i2c_clk/opit_0_inv/Q
                                   net (fanout=31)       0.308       0.308         hdmi_i2c_inst/cfg_clk
 CLMA_21_648/CLK                                                           r       hdmi_i2c_inst/i2c_ctrl_inst/cnt_i2c_clk[1]/opit_0_inv_L6QL5_perm/CLK

 CLMA_21_648/Q1                    tco                   0.158       0.466 f       hdmi_i2c_inst/i2c_ctrl_inst/cnt_i2c_clk[1]/opit_0_inv_L6QL5_perm/L6Q
                                   net (fanout=12)       0.160       0.626         hdmi_i2c_inst/i2c_ctrl_inst/N390
 CLMA_21_643/A3                                                            f       hdmi_i2c_inst/i2c_ctrl_inst/state_15/opit_0_inv_L6QL5Q_perm/I3

 Data arrival time                                                   0.626         Logic Levels: 0  
                                                                                   Logic: 0.158ns(49.686%), Route: 0.160ns(50.314%)
----------------------------------------------------------------------------------------------------

 Clock hdmi_i2c_inst/i2c_ctrl_inst/i2c_clk/Q[0]_Inferred (rising edge)
                                                         0.000       0.000 r                        
 CLMA_27_666/CR0                                         0.000       0.000 r       hdmi_i2c_inst/i2c_ctrl_inst/i2c_clk/opit_0_inv/Q
                                   net (fanout=31)       0.672       0.672         hdmi_i2c_inst/cfg_clk
 CLMA_21_643/CLK                                                           r       hdmi_i2c_inst/i2c_ctrl_inst/state_15/opit_0_inv_L6QL5Q_perm/CLK
 clock pessimism                                         0.000       0.672                          
 clock uncertainty                                       0.000       0.672                          

 Hold time                                              -0.034       0.638                          

 Data required time                                                  0.638                          
----------------------------------------------------------------------------------------------------
 Data required time                                                  0.638                          
 Data arrival time                                                  -0.626                          
----------------------------------------------------------------------------------------------------
 Slack (VIOLATED)                                                   -0.012                          
====================================================================================================

====================================================================================================

Startpoint  : hdmi_i2c_inst/i2c_ctrl_inst/cnt_i2c_clk[1]/opit_0_inv_L6QL5_perm/CLK
Endpoint    : hdmi_i2c_inst/i2c_ctrl_inst/state_6/opit_0_inv_L6QL5Q_perm/I2
Path Group  : hdmi_i2c_inst/i2c_ctrl_inst/i2c_clk/Q[0]_Inferred
Path Type   : min
Path Class  : sequential timing path
Clock Skew :    0.364  (Capture Clock Delay - Launch Clock Delay + Clock Pessimism Removal)
  Capture Clock Delay     :  0.672
  Launch Clock Delay      :  0.308
  Clock Pessimism Removal :  0.000

 Location                          Delay Type             Incr        Path         Logical Resource 
----------------------------------------------------------------------------------------------------

 Clock hdmi_i2c_inst/i2c_ctrl_inst/i2c_clk/Q[0]_Inferred (rising edge)
                                                         0.000       0.000 r                        
 CLMA_27_666/CR0                                         0.000       0.000 r       hdmi_i2c_inst/i2c_ctrl_inst/i2c_clk/opit_0_inv/Q
                                   net (fanout=31)       0.308       0.308         hdmi_i2c_inst/cfg_clk
 CLMA_21_648/CLK                                                           r       hdmi_i2c_inst/i2c_ctrl_inst/cnt_i2c_clk[1]/opit_0_inv_L6QL5_perm/CLK

 CLMA_21_648/Q1                    tco                   0.158       0.466 f       hdmi_i2c_inst/i2c_ctrl_inst/cnt_i2c_clk[1]/opit_0_inv_L6QL5_perm/L6Q
                                   net (fanout=12)       0.159       0.625         hdmi_i2c_inst/i2c_ctrl_inst/N390
 CLMA_21_643/B2                                                            f       hdmi_i2c_inst/i2c_ctrl_inst/state_6/opit_0_inv_L6QL5Q_perm/I2

 Data arrival time                                                   0.625         Logic Levels: 0  
                                                                                   Logic: 0.158ns(49.842%), Route: 0.159ns(50.158%)
----------------------------------------------------------------------------------------------------

 Clock hdmi_i2c_inst/i2c_ctrl_inst/i2c_clk/Q[0]_Inferred (rising edge)
                                                         0.000       0.000 r                        
 CLMA_27_666/CR0                                         0.000       0.000 r       hdmi_i2c_inst/i2c_ctrl_inst/i2c_clk/opit_0_inv/Q
                                   net (fanout=31)       0.672       0.672         hdmi_i2c_inst/cfg_clk
 CLMA_21_643/CLK                                                           r       hdmi_i2c_inst/i2c_ctrl_inst/state_6/opit_0_inv_L6QL5Q_perm/CLK
 clock pessimism                                         0.000       0.672                          
 clock uncertainty                                       0.000       0.672                          

 Hold time                                              -0.074       0.598                          

 Data required time                                                  0.598                          
----------------------------------------------------------------------------------------------------
 Data required time                                                  0.598                          
 Data arrival time                                                  -0.625                          
----------------------------------------------------------------------------------------------------
 Slack (MET)                                                         0.027                          
====================================================================================================

====================================================================================================

Startpoint  : hdmi_i2c_inst/i2c_ctrl_inst/cnt_i2c_clk[0]/opit_0_inv_L5Q_perm/CLK
Endpoint    : hdmi_i2c_inst/i2c_ctrl_inst/state_6/opit_0_inv_L6QL5Q_perm/I1
Path Group  : hdmi_i2c_inst/i2c_ctrl_inst/i2c_clk/Q[0]_Inferred
Path Type   : min
Path Class  : sequential timing path
Clock Skew :    0.364  (Capture Clock Delay - Launch Clock Delay + Clock Pessimism Removal)
  Capture Clock Delay     :  0.672
  Launch Clock Delay      :  0.308
  Clock Pessimism Removal :  0.000

 Location                          Delay Type             Incr        Path         Logical Resource 
----------------------------------------------------------------------------------------------------

 Clock hdmi_i2c_inst/i2c_ctrl_inst/i2c_clk/Q[0]_Inferred (rising edge)
                                                         0.000       0.000 r                        
 CLMA_27_666/CR0                                         0.000       0.000 r       hdmi_i2c_inst/i2c_ctrl_inst/i2c_clk/opit_0_inv/Q
                                   net (fanout=31)       0.308       0.308         hdmi_i2c_inst/cfg_clk
 CLMA_21_648/CLK                                                           r       hdmi_i2c_inst/i2c_ctrl_inst/cnt_i2c_clk[0]/opit_0_inv_L5Q_perm/CLK

 CLMA_21_648/CR0                   tco                   0.173       0.481 f       hdmi_i2c_inst/i2c_ctrl_inst/cnt_i2c_clk[0]/opit_0_inv_L5Q_perm/L5Q
                                   net (fanout=12)       0.159       0.640         hdmi_i2c_inst/i2c_ctrl_inst/cnt_i2c_clk [0]
 CLMA_21_643/B1                                                            f       hdmi_i2c_inst/i2c_ctrl_inst/state_6/opit_0_inv_L6QL5Q_perm/I1

 Data arrival time                                                   0.640         Logic Levels: 0  
                                                                                   Logic: 0.173ns(52.108%), Route: 0.159ns(47.892%)
----------------------------------------------------------------------------------------------------

 Clock hdmi_i2c_inst/i2c_ctrl_inst/i2c_clk/Q[0]_Inferred (rising edge)
                                                         0.000       0.000 r                        
 CLMA_27_666/CR0                                         0.000       0.000 r       hdmi_i2c_inst/i2c_ctrl_inst/i2c_clk/opit_0_inv/Q
                                   net (fanout=31)       0.672       0.672         hdmi_i2c_inst/cfg_clk
 CLMA_21_643/CLK                                                           r       hdmi_i2c_inst/i2c_ctrl_inst/state_6/opit_0_inv_L6QL5Q_perm/CLK
 clock pessimism                                         0.000       0.672                          
 clock uncertainty                                       0.000       0.672                          

 Hold time                                              -0.097       0.575                          

 Data required time                                                  0.575                          
----------------------------------------------------------------------------------------------------
 Data required time                                                  0.575                          
 Data arrival time                                                  -0.640                          
----------------------------------------------------------------------------------------------------
 Slack (MET)                                                         0.065                          
====================================================================================================

====================================================================================================

Startpoint  : u_CORES/u_jtag_hub/data_ctrl/opit_0_inv_L6Q/CLK
Endpoint    : u_CORES/u_jtag_hub/id_o[4]/opit_0_inv_L6QL5_perm/I2
Path Group  : DebugCore_JCLK
Path Type   : max
Path Class  : sequential timing path
Clock Skew :    -0.091  (Capture Clock Delay - Launch Clock Delay + Clock Pessimism Removal)
  Capture Clock Delay     :  3.127
  Launch Clock Delay      :  4.111
  Clock Pessimism Removal :  0.893

 Location                          Delay Type             Incr        Path         Logical Resource 
----------------------------------------------------------------------------------------------------

 Clock DebugCore_JCLK (rising edge)
                                                         0.000       0.000 r                        
 SCANCHAIN_88_312/TCK1                                   0.000       0.000 r       u_CORES/u_GTP_SCANCHAIN_PG/scanchain/TCK1
                                   net (fanout=1)        2.543       2.543         u_CORES/drck_o   
 USCM_215_669/CLKOUT               td                    0.168       2.711 r       clkbufg_4/gopclkbufg/CLKOUT
                                   net (fanout=2)        0.620       3.331         ntclkbufg_1      
 HCKB_213_516/CLKOUT               td                    0.287       3.618 r       HCKBROUTE_205/CLKOUT
                                   net (fanout=134)      0.493       4.111         _N295            
 CLMA_63_732/CLK                                                           r       u_CORES/u_jtag_hub/data_ctrl/opit_0_inv_L6Q/CLK

 CLMA_63_732/Q0                    tco                   0.203       4.314 r       u_CORES/u_jtag_hub/data_ctrl/opit_0_inv_L6Q/L6Q
                                   net (fanout=7)        0.790       5.104         u_CORES/u_jtag_hub/data_ctrl
 CLMS_45_799/D2                                                            r       u_CORES/u_jtag_hub/id_o[4]/opit_0_inv_L6QL5_perm/I2

 Data arrival time                                                   5.104         Logic Levels: 0  
                                                                                   Logic: 0.203ns(20.443%), Route: 0.790ns(79.557%)
----------------------------------------------------------------------------------------------------

 Clock DebugCore_JCLK (falling edge)
                                                        25.000      25.000 f                        
 SCANCHAIN_88_312/TCK1                                   0.000      25.000 f       u_CORES/u_GTP_SCANCHAIN_PG/scanchain/TCK1
                                   net (fanout=1)        1.807      26.807         u_CORES/drck_o   
 USCM_215_669/CLKOUT               td                    0.143      26.950 f       clkbufg_4/gopclkbufg/CLKOUT
                                   net (fanout=2)        0.530      27.480         ntclkbufg_1      
 HCKB_213_516/CLKOUT               td                    0.245      27.725 f       HCKBROUTE_205/CLKOUT
                                   net (fanout=134)      0.402      28.127         _N295            
 CLMS_45_799/CLK                                                           f       u_CORES/u_jtag_hub/id_o[4]/opit_0_inv_L6QL5_perm/CLK
 clock pessimism                                         0.893      29.020                          
 clock uncertainty                                      -0.050      28.970                          

 Setup time                                             -0.233      28.737                          

 Data required time                                                 28.737                          
----------------------------------------------------------------------------------------------------
 Data required time                                                 28.737                          
 Data arrival time                                                  -5.104                          
----------------------------------------------------------------------------------------------------
 Slack (MET)                                                        23.633                          
====================================================================================================

====================================================================================================

Startpoint  : u_CORES/u_jtag_hub/data_ctrl/opit_0_inv_L6Q/CLK
Endpoint    : u_CORES/u_jtag_hub/conf_sel[0]/opit_0_inv_L6Q_perm/I1
Path Group  : DebugCore_JCLK
Path Type   : max
Path Class  : sequential timing path
Clock Skew :    -0.089  (Capture Clock Delay - Launch Clock Delay + Clock Pessimism Removal)
  Capture Clock Delay     :  3.129
  Launch Clock Delay      :  4.111
  Clock Pessimism Removal :  0.893

 Location                          Delay Type             Incr        Path         Logical Resource 
----------------------------------------------------------------------------------------------------

 Clock DebugCore_JCLK (rising edge)
                                                         0.000       0.000 r                        
 SCANCHAIN_88_312/TCK1                                   0.000       0.000 r       u_CORES/u_GTP_SCANCHAIN_PG/scanchain/TCK1
                                   net (fanout=1)        2.543       2.543         u_CORES/drck_o   
 USCM_215_669/CLKOUT               td                    0.168       2.711 r       clkbufg_4/gopclkbufg/CLKOUT
                                   net (fanout=2)        0.620       3.331         ntclkbufg_1      
 HCKB_213_516/CLKOUT               td                    0.287       3.618 r       HCKBROUTE_205/CLKOUT
                                   net (fanout=134)      0.493       4.111         _N295            
 CLMA_63_732/CLK                                                           r       u_CORES/u_jtag_hub/data_ctrl/opit_0_inv_L6Q/CLK

 CLMA_63_732/Q0                    tco                   0.203       4.314 r       u_CORES/u_jtag_hub/data_ctrl/opit_0_inv_L6Q/L6Q
                                   net (fanout=7)        0.733       5.047         u_CORES/u_jtag_hub/data_ctrl
 CLMA_51_792/A1                                                            r       u_CORES/u_jtag_hub/conf_sel[0]/opit_0_inv_L6Q_perm/I1

 Data arrival time                                                   5.047         Logic Levels: 0  
                                                                                   Logic: 0.203ns(21.688%), Route: 0.733ns(78.312%)
----------------------------------------------------------------------------------------------------

 Clock DebugCore_JCLK (falling edge)
                                                        25.000      25.000 f                        
 SCANCHAIN_88_312/TCK1                                   0.000      25.000 f       u_CORES/u_GTP_SCANCHAIN_PG/scanchain/TCK1
                                   net (fanout=1)        1.807      26.807         u_CORES/drck_o   
 USCM_215_669/CLKOUT               td                    0.143      26.950 f       clkbufg_4/gopclkbufg/CLKOUT
                                   net (fanout=2)        0.530      27.480         ntclkbufg_1      
 HCKB_213_516/CLKOUT               td                    0.245      27.725 f       HCKBROUTE_205/CLKOUT
                                   net (fanout=134)      0.404      28.129         _N295            
 CLMA_51_792/CLK                                                           f       u_CORES/u_jtag_hub/conf_sel[0]/opit_0_inv_L6Q_perm/CLK
 clock pessimism                                         0.893      29.022                          
 clock uncertainty                                      -0.050      28.972                          

 Setup time                                             -0.283      28.689                          

 Data required time                                                 28.689                          
----------------------------------------------------------------------------------------------------
 Data required time                                                 28.689                          
 Data arrival time                                                  -5.047                          
----------------------------------------------------------------------------------------------------
 Slack (MET)                                                        23.642                          
====================================================================================================

====================================================================================================

Startpoint  : u_CORES/u_jtag_hub/data_ctrl/opit_0_inv_L6Q/CLK
Endpoint    : u_CORES/u_jtag_hub/id_o[1]/opit_0_inv_L6Q_LUT6DQL5Q_perm/I1
Path Group  : DebugCore_JCLK
Path Type   : max
Path Class  : sequential timing path
Clock Skew :    -0.091  (Capture Clock Delay - Launch Clock Delay + Clock Pessimism Removal)
  Capture Clock Delay     :  3.127
  Launch Clock Delay      :  4.111
  Clock Pessimism Removal :  0.893

 Location                          Delay Type             Incr        Path         Logical Resource 
----------------------------------------------------------------------------------------------------

 Clock DebugCore_JCLK (rising edge)
                                                         0.000       0.000 r                        
 SCANCHAIN_88_312/TCK1                                   0.000       0.000 r       u_CORES/u_GTP_SCANCHAIN_PG/scanchain/TCK1
                                   net (fanout=1)        2.543       2.543         u_CORES/drck_o   
 USCM_215_669/CLKOUT               td                    0.168       2.711 r       clkbufg_4/gopclkbufg/CLKOUT
                                   net (fanout=2)        0.620       3.331         ntclkbufg_1      
 HCKB_213_516/CLKOUT               td                    0.287       3.618 r       HCKBROUTE_205/CLKOUT
                                   net (fanout=134)      0.493       4.111         _N295            
 CLMA_63_732/CLK                                                           r       u_CORES/u_jtag_hub/data_ctrl/opit_0_inv_L6Q/CLK

 CLMA_63_732/Q0                    tco                   0.203       4.314 r       u_CORES/u_jtag_hub/data_ctrl/opit_0_inv_L6Q/L6Q
                                   net (fanout=7)        0.683       4.997         u_CORES/u_jtag_hub/data_ctrl
 CLMS_45_799/A1                                                            r       u_CORES/u_jtag_hub/id_o[1]/opit_0_inv_L6Q_LUT6DQL5Q_perm/I1

 Data arrival time                                                   4.997         Logic Levels: 0  
                                                                                   Logic: 0.203ns(22.912%), Route: 0.683ns(77.088%)
----------------------------------------------------------------------------------------------------

 Clock DebugCore_JCLK (falling edge)
                                                        25.000      25.000 f                        
 SCANCHAIN_88_312/TCK1                                   0.000      25.000 f       u_CORES/u_GTP_SCANCHAIN_PG/scanchain/TCK1
                                   net (fanout=1)        1.807      26.807         u_CORES/drck_o   
 USCM_215_669/CLKOUT               td                    0.143      26.950 f       clkbufg_4/gopclkbufg/CLKOUT
                                   net (fanout=2)        0.530      27.480         ntclkbufg_1      
 HCKB_213_516/CLKOUT               td                    0.245      27.725 f       HCKBROUTE_205/CLKOUT
                                   net (fanout=134)      0.402      28.127         _N295            
 CLMS_45_799/CLK                                                           f       u_CORES/u_jtag_hub/id_o[1]/opit_0_inv_L6Q_LUT6DQL5Q_perm/CLK
 clock pessimism                                         0.893      29.020                          
 clock uncertainty                                      -0.050      28.970                          

 Setup time                                             -0.283      28.687                          

 Data required time                                                 28.687                          
----------------------------------------------------------------------------------------------------
 Data required time                                                 28.687                          
 Data arrival time                                                  -4.997                          
----------------------------------------------------------------------------------------------------
 Slack (MET)                                                        23.690                          
====================================================================================================

====================================================================================================

Startpoint  : u_CORES/u_debug_core_0/u_hub_data_decode/conf_rst/opit_0_inv_L6Q_perm/CLK
Endpoint    : u_CORES/u_debug_core_0/u_rd_addr_gen/ram_radr[2]/opit_0_inv_AQ_perm/I3
Path Group  : DebugCore_JCLK
Path Type   : min
Path Class  : sequential timing path
Clock Skew :    0.058  (Capture Clock Delay - Launch Clock Delay + Clock Pessimism Removal)
  Capture Clock Delay     :  4.097
  Launch Clock Delay      :  3.249
  Clock Pessimism Removal :  -0.790

 Location                          Delay Type             Incr        Path         Logical Resource 
----------------------------------------------------------------------------------------------------

 Clock DebugCore_JCLK (rising edge)
                                                         0.000       0.000 r                        
 SCANCHAIN_88_312/TCK1                                   0.000       0.000 r       u_CORES/u_GTP_SCANCHAIN_PG/scanchain/TCK1
                                   net (fanout=1)        1.922       1.922         u_CORES/drck_o   
 USCM_215_669/CLKOUT               td                    0.143       2.065 r       clkbufg_4/gopclkbufg/CLKOUT
                                   net (fanout=2)        0.530       2.595         ntclkbufg_1      
 HCKB_213_516/CLKOUT               td                    0.245       2.840 r       HCKBROUTE_205/CLKOUT
                                   net (fanout=134)      0.409       3.249         _N295            
 CLMS_45_793/CLK                                                           r       u_CORES/u_debug_core_0/u_hub_data_decode/conf_rst/opit_0_inv_L6Q_perm/CLK

 CLMS_45_793/Q1                    tco                   0.158       3.407 f       u_CORES/u_debug_core_0/u_hub_data_decode/conf_rst/opit_0_inv_L6Q_perm/L6Q
                                   net (fanout=77)       0.092       3.499         u_CORES/u_debug_core_0/conf_rst
 CLMA_45_792/C3                                                            f       u_CORES/u_debug_core_0/u_rd_addr_gen/ram_radr[2]/opit_0_inv_AQ_perm/I3

 Data arrival time                                                   3.499         Logic Levels: 0  
                                                                                   Logic: 0.158ns(63.200%), Route: 0.092ns(36.800%)
----------------------------------------------------------------------------------------------------

 Clock DebugCore_JCLK (rising edge)
                                                         0.000       0.000 r                        
 SCANCHAIN_88_312/TCK1                                   0.000       0.000 r       u_CORES/u_GTP_SCANCHAIN_PG/scanchain/TCK1
                                   net (fanout=1)        2.543       2.543         u_CORES/drck_o   
 USCM_215_669/CLKOUT               td                    0.168       2.711 r       clkbufg_4/gopclkbufg/CLKOUT
                                   net (fanout=2)        0.620       3.331         ntclkbufg_1      
 HCKB_213_516/CLKOUT               td                    0.287       3.618 r       HCKBROUTE_205/CLKOUT
                                   net (fanout=134)      0.479       4.097         _N295            
 CLMA_45_792/CLK                                                           r       u_CORES/u_debug_core_0/u_rd_addr_gen/ram_radr[3]/opit_0_inv_AQ_perm/CLK
 clock pessimism                                        -0.790       3.307                          
 clock uncertainty                                       0.000       3.307                          

 Hold time                                              -0.042       3.265                          

 Data required time                                                  3.265                          
----------------------------------------------------------------------------------------------------
 Data required time                                                  3.265                          
 Data arrival time                                                  -3.499                          
----------------------------------------------------------------------------------------------------
 Slack (MET)                                                         0.234                          
====================================================================================================

====================================================================================================

Startpoint  : u_CORES/u_debug_core_0/u_rd_addr_gen/ram_radr[11]/opit_0_inv_AQ_perm/CLK
Endpoint    : u_CORES/u_debug_core_0/u_Data_Capture_Memory/block_ram.ram_data_12/gopdrm_36k/ADB0[9]
Path Group  : DebugCore_JCLK
Path Type   : min
Path Class  : sequential timing path
Clock Skew :    0.028  (Capture Clock Delay - Launch Clock Delay + Clock Pessimism Removal)
  Capture Clock Delay     :  4.094
  Launch Clock Delay      :  3.247
  Clock Pessimism Removal :  -0.819

 Location                          Delay Type             Incr        Path         Logical Resource 
----------------------------------------------------------------------------------------------------

 Clock DebugCore_JCLK (rising edge)
                                                         0.000       0.000 r                        
 SCANCHAIN_88_312/TCK1                                   0.000       0.000 r       u_CORES/u_GTP_SCANCHAIN_PG/scanchain/TCK1
                                   net (fanout=1)        1.922       1.922         u_CORES/drck_o   
 USCM_215_669/CLKOUT               td                    0.143       2.065 r       clkbufg_4/gopclkbufg/CLKOUT
                                   net (fanout=2)        0.530       2.595         ntclkbufg_1      
 HCKB_213_516/CLKOUT               td                    0.245       2.840 r       HCKBROUTE_205/CLKOUT
                                   net (fanout=134)      0.407       3.247         _N295            
 CLMA_45_804/CLK                                                           r       u_CORES/u_debug_core_0/u_rd_addr_gen/ram_radr[11]/opit_0_inv_AQ_perm/CLK

 CLMA_45_804/Q0                    tco                   0.158       3.405 f       u_CORES/u_debug_core_0/u_rd_addr_gen/ram_radr[8]/opit_0_inv_AQ_perm/Q
                                   net (fanout=16)       0.181       3.586         u_CORES/u_debug_core_0/ram_radr [8]
 DRM_40_798/ADB0[9]                                                        f       u_CORES/u_debug_core_0/u_Data_Capture_Memory/block_ram.ram_data_12/gopdrm_36k/ADB0[9]

 Data arrival time                                                   3.586         Logic Levels: 0  
                                                                                   Logic: 0.158ns(46.608%), Route: 0.181ns(53.392%)
----------------------------------------------------------------------------------------------------

 Clock DebugCore_JCLK (rising edge)
                                                         0.000       0.000 r                        
 SCANCHAIN_88_312/TCK1                                   0.000       0.000 r       u_CORES/u_GTP_SCANCHAIN_PG/scanchain/TCK1
                                   net (fanout=1)        2.543       2.543         u_CORES/drck_o   
 USCM_215_669/CLKOUT               td                    0.168       2.711 r       clkbufg_4/gopclkbufg/CLKOUT
                                   net (fanout=2)        0.620       3.331         ntclkbufg_1      
 HCKB_213_516/CLKOUT               td                    0.287       3.618 r       HCKBROUTE_205/CLKOUT
                                   net (fanout=134)      0.476       4.094         _N295            
 DRM_40_798/CLKB[0]                                                        r       u_CORES/u_debug_core_0/u_Data_Capture_Memory/block_ram.ram_data_12/gopdrm_36k/CLKB[0]
 clock pessimism                                        -0.819       3.275                          
 clock uncertainty                                       0.000       3.275                          

 Hold time                                               0.071       3.346                          

 Data required time                                                  3.346                          
----------------------------------------------------------------------------------------------------
 Data required time                                                  3.346                          
 Data arrival time                                                  -3.586                          
----------------------------------------------------------------------------------------------------
 Slack (MET)                                                         0.240                          
====================================================================================================

====================================================================================================

Startpoint  : u_CORES/u_debug_core_0/u_rd_addr_gen/ram_radr[7]/opit_0_inv_AQ_perm/CLK
Endpoint    : u_CORES/u_debug_core_0/u_Data_Capture_Memory/block_ram.ram_data_12/gopdrm_36k/ADB0[5]
Path Group  : DebugCore_JCLK
Path Type   : min
Path Class  : sequential timing path
Clock Skew :    0.027  (Capture Clock Delay - Launch Clock Delay + Clock Pessimism Removal)
  Capture Clock Delay     :  4.094
  Launch Clock Delay      :  3.248
  Clock Pessimism Removal :  -0.819

 Location                          Delay Type             Incr        Path         Logical Resource 
----------------------------------------------------------------------------------------------------

 Clock DebugCore_JCLK (rising edge)
                                                         0.000       0.000 r                        
 SCANCHAIN_88_312/TCK1                                   0.000       0.000 r       u_CORES/u_GTP_SCANCHAIN_PG/scanchain/TCK1
                                   net (fanout=1)        1.922       1.922         u_CORES/drck_o   
 USCM_215_669/CLKOUT               td                    0.143       2.065 r       clkbufg_4/gopclkbufg/CLKOUT
                                   net (fanout=2)        0.530       2.595         ntclkbufg_1      
 HCKB_213_516/CLKOUT               td                    0.245       2.840 r       HCKBROUTE_205/CLKOUT
                                   net (fanout=134)      0.408       3.248         _N295            
 CLMA_45_798/CLK                                                           r       u_CORES/u_debug_core_0/u_rd_addr_gen/ram_radr[7]/opit_0_inv_AQ_perm/CLK

 CLMA_45_798/Q0                    tco                   0.158       3.406 f       u_CORES/u_debug_core_0/u_rd_addr_gen/ram_radr[4]/opit_0_inv_AQ_perm/Q
                                   net (fanout=16)       0.193       3.599         u_CORES/u_debug_core_0/ram_radr [4]
 DRM_40_798/ADB0[5]                                                        f       u_CORES/u_debug_core_0/u_Data_Capture_Memory/block_ram.ram_data_12/gopdrm_36k/ADB0[5]

 Data arrival time                                                   3.599         Logic Levels: 0  
                                                                                   Logic: 0.158ns(45.014%), Route: 0.193ns(54.986%)
----------------------------------------------------------------------------------------------------

 Clock DebugCore_JCLK (rising edge)
                                                         0.000       0.000 r                        
 SCANCHAIN_88_312/TCK1                                   0.000       0.000 r       u_CORES/u_GTP_SCANCHAIN_PG/scanchain/TCK1
                                   net (fanout=1)        2.543       2.543         u_CORES/drck_o   
 USCM_215_669/CLKOUT               td                    0.168       2.711 r       clkbufg_4/gopclkbufg/CLKOUT
                                   net (fanout=2)        0.620       3.331         ntclkbufg_1      
 HCKB_213_516/CLKOUT               td                    0.287       3.618 r       HCKBROUTE_205/CLKOUT
                                   net (fanout=134)      0.476       4.094         _N295            
 DRM_40_798/CLKB[0]                                                        r       u_CORES/u_debug_core_0/u_Data_Capture_Memory/block_ram.ram_data_12/gopdrm_36k/CLKB[0]
 clock pessimism                                        -0.819       3.275                          
 clock uncertainty                                       0.000       3.275                          

 Hold time                                               0.071       3.346                          

 Data required time                                                  3.346                          
----------------------------------------------------------------------------------------------------
 Data required time                                                  3.346                          
 Data arrival time                                                  -3.599                          
----------------------------------------------------------------------------------------------------
 Slack (MET)                                                         0.253                          
====================================================================================================

====================================================================================================

Startpoint  : u_CORES/u_debug_core_0/u_hub_data_decode/conf_id[3]/opit_0_inv/CLK
Endpoint    : u_CORES/u_debug_core_0/u_hub_data_decode/conf_rden[16]/opit_0_inv_L6Q_LUT6DQL5Q/I2
Path Group  : DebugCore_JCLK
Path Type   : max
Path Class  : sequential timing path
Clock Skew :    0.384  (Capture Clock Delay - Launch Clock Delay + Clock Pessimism Removal)
  Capture Clock Delay     :  3.245
  Launch Clock Delay      :  2.861
  Clock Pessimism Removal :  0.000

 Location                          Delay Type             Incr        Path         Logical Resource 
----------------------------------------------------------------------------------------------------

 Clock DebugCore_CAPTURE (rising edge)
                                                        25.000      25.000 r                        
 SCANCHAIN_88_312/CAPTUREDR                              0.000      25.000 r       u_CORES/u_GTP_SCANCHAIN_PG/scanchain/CAPTUREDR
                                   net (fanout=1)        1.306      26.306         u_CORES/capt_o   
 USCM_215_666/CLKOUT               td                    0.168      26.474 r       clkbufg_3/gopclkbufg/CLKOUT
                                   net (fanout=1)        0.620      27.094         ntclkbufg_0      
 HCKB_213_517/CLKOUT               td                    0.287      27.381 r       HCKBROUTE_204/CLKOUT
                                   net (fanout=11)       0.480      27.861         _N294            
 CLMS_45_787/CLK                                                           r       u_CORES/u_debug_core_0/u_hub_data_decode/conf_id[3]/opit_0_inv/CLK

 CLMS_45_787/Q0                    tco                   0.203      28.064 r       u_CORES/u_debug_core_0/u_hub_data_decode/conf_id[3]/opit_0_inv/Q
                                   net (fanout=11)       0.412      28.476         u_CORES/u_debug_core_0/conf_id_o [3]
 CLMS_45_805/Y2                    td                    0.229      28.705 r       u_CORES/u_debug_core_0/u_hub_data_decode/N401_8_7/gateop_perm/L6
                                   net (fanout=1)        0.269      28.974         u_CORES/u_debug_core_0/u_hub_data_decode/_N1827
 CLMS_45_799/Y1                    td                    0.229      29.203 r       u_CORES/u_debug_core_0/u_hub_data_decode/N401_7/gateop_perm/L6
                                   net (fanout=1)        0.556      29.759         u_CORES/u_debug_core_0/u_hub_data_decode/_N1303
 CLMA_33_804/Y3                    td                    0.212      29.971 r       u_CORES/u_debug_core_0/u_hub_data_decode/conf_reg_rb[3]/opit_0_inv_L5Q_perm/L6
                                   net (fanout=2)        0.397      30.368         u_CORES/u_debug_core_0/u_hub_data_decode/N401
 CLMS_27_799/A2                                                            r       u_CORES/u_debug_core_0/u_hub_data_decode/conf_rden[16]/opit_0_inv_L6Q_LUT6DQL5Q/I2

 Data arrival time                                                  30.368         Logic Levels: 3  
                                                                                   Logic: 0.873ns(34.822%), Route: 1.634ns(65.178%)
----------------------------------------------------------------------------------------------------

 Clock DebugCore_JCLK (rising edge)
                                                        50.000      50.000 r                        
 SCANCHAIN_88_312/TCK1                                   0.000      50.000 r       u_CORES/u_GTP_SCANCHAIN_PG/scanchain/TCK1
                                   net (fanout=1)        1.922      51.922         u_CORES/drck_o   
 USCM_215_669/CLKOUT               td                    0.143      52.065 r       clkbufg_4/gopclkbufg/CLKOUT
                                   net (fanout=2)        0.530      52.595         ntclkbufg_1      
 HCKB_213_516/CLKOUT               td                    0.245      52.840 r       HCKBROUTE_205/CLKOUT
                                   net (fanout=134)      0.405      53.245         _N295            
 CLMS_27_799/CLK                                                           r       u_CORES/u_debug_core_0/u_hub_data_decode/conf_rden[16]/opit_0_inv_L6Q_LUT6DQL5Q/CLK
 clock pessimism                                         0.000      53.245                          
 clock uncertainty                                      -0.050      53.195                          

 Setup time                                             -0.222      52.973                          

 Data required time                                                 52.973                          
----------------------------------------------------------------------------------------------------
 Data required time                                                 52.973                          
 Data arrival time                                                 -30.368                          
----------------------------------------------------------------------------------------------------
 Slack (MET)                                                        22.605                          
====================================================================================================

====================================================================================================

Startpoint  : u_CORES/u_debug_core_0/u_hub_data_decode/conf_id[3]/opit_0_inv/CLK
Endpoint    : u_CORES/u_debug_core_0/u_hub_data_decode/conf_rden[18]/opit_0_inv_L6Q_perm/I5
Path Group  : DebugCore_JCLK
Path Type   : max
Path Class  : sequential timing path
Clock Skew :    0.384  (Capture Clock Delay - Launch Clock Delay + Clock Pessimism Removal)
  Capture Clock Delay     :  3.245
  Launch Clock Delay      :  2.861
  Clock Pessimism Removal :  0.000

 Location                          Delay Type             Incr        Path         Logical Resource 
----------------------------------------------------------------------------------------------------

 Clock DebugCore_CAPTURE (rising edge)
                                                        25.000      25.000 r                        
 SCANCHAIN_88_312/CAPTUREDR                              0.000      25.000 r       u_CORES/u_GTP_SCANCHAIN_PG/scanchain/CAPTUREDR
                                   net (fanout=1)        1.306      26.306         u_CORES/capt_o   
 USCM_215_666/CLKOUT               td                    0.168      26.474 r       clkbufg_3/gopclkbufg/CLKOUT
                                   net (fanout=1)        0.620      27.094         ntclkbufg_0      
 HCKB_213_517/CLKOUT               td                    0.287      27.381 r       HCKBROUTE_204/CLKOUT
                                   net (fanout=11)       0.480      27.861         _N294            
 CLMS_45_787/CLK                                                           r       u_CORES/u_debug_core_0/u_hub_data_decode/conf_id[3]/opit_0_inv/CLK

 CLMS_45_787/Q0                    tco                   0.203      28.064 r       u_CORES/u_debug_core_0/u_hub_data_decode/conf_id[3]/opit_0_inv/Q
                                   net (fanout=11)       0.412      28.476         u_CORES/u_debug_core_0/conf_id_o [3]
 CLMS_45_805/Y2                    td                    0.229      28.705 r       u_CORES/u_debug_core_0/u_hub_data_decode/N401_8_7/gateop_perm/L6
                                   net (fanout=1)        0.269      28.974         u_CORES/u_debug_core_0/u_hub_data_decode/_N1827
 CLMS_45_799/Y1                    td                    0.229      29.203 r       u_CORES/u_debug_core_0/u_hub_data_decode/N401_7/gateop_perm/L6
                                   net (fanout=1)        0.556      29.759         u_CORES/u_debug_core_0/u_hub_data_decode/_N1303
 CLMA_33_804/Y3                    td                    0.212      29.971 r       u_CORES/u_debug_core_0/u_hub_data_decode/conf_reg_rb[3]/opit_0_inv_L5Q_perm/L6
                                   net (fanout=2)        0.281      30.252         u_CORES/u_debug_core_0/u_hub_data_decode/N401
 CLMS_27_799/B5                                                            r       u_CORES/u_debug_core_0/u_hub_data_decode/conf_rden[18]/opit_0_inv_L6Q_perm/I5

 Data arrival time                                                  30.252         Logic Levels: 3  
                                                                                   Logic: 0.873ns(36.512%), Route: 1.518ns(63.488%)
----------------------------------------------------------------------------------------------------

 Clock DebugCore_JCLK (rising edge)
                                                        50.000      50.000 r                        
 SCANCHAIN_88_312/TCK1                                   0.000      50.000 r       u_CORES/u_GTP_SCANCHAIN_PG/scanchain/TCK1
                                   net (fanout=1)        1.922      51.922         u_CORES/drck_o   
 USCM_215_669/CLKOUT               td                    0.143      52.065 r       clkbufg_4/gopclkbufg/CLKOUT
                                   net (fanout=2)        0.530      52.595         ntclkbufg_1      
 HCKB_213_516/CLKOUT               td                    0.245      52.840 r       HCKBROUTE_205/CLKOUT
                                   net (fanout=134)      0.405      53.245         _N295            
 CLMS_27_799/CLK                                                           r       u_CORES/u_debug_core_0/u_hub_data_decode/conf_rden[18]/opit_0_inv_L6Q_perm/CLK
 clock pessimism                                         0.000      53.245                          
 clock uncertainty                                      -0.050      53.195                          

 Setup time                                             -0.113      53.082                          

 Data required time                                                 53.082                          
----------------------------------------------------------------------------------------------------
 Data required time                                                 53.082                          
 Data arrival time                                                 -30.252                          
----------------------------------------------------------------------------------------------------
 Slack (MET)                                                        22.830                          
====================================================================================================

====================================================================================================

Startpoint  : u_CORES/u_debug_core_0/u_hub_data_decode/conf_id[3]/opit_0_inv/CLK
Endpoint    : u_CORES/u_debug_core_0/u_rd_addr_gen/ram_radr[12]/opit_0_inv_AQ_perm/CIN
Path Group  : DebugCore_JCLK
Path Type   : max
Path Class  : sequential timing path
Clock Skew :    0.385  (Capture Clock Delay - Launch Clock Delay + Clock Pessimism Removal)
  Capture Clock Delay     :  3.246
  Launch Clock Delay      :  2.861
  Clock Pessimism Removal :  0.000

 Location                          Delay Type             Incr        Path         Logical Resource 
----------------------------------------------------------------------------------------------------

 Clock DebugCore_CAPTURE (rising edge)
                                                        25.000      25.000 r                        
 SCANCHAIN_88_312/CAPTUREDR                              0.000      25.000 r       u_CORES/u_GTP_SCANCHAIN_PG/scanchain/CAPTUREDR
                                   net (fanout=1)        1.306      26.306         u_CORES/capt_o   
 USCM_215_666/CLKOUT               td                    0.168      26.474 r       clkbufg_3/gopclkbufg/CLKOUT
                                   net (fanout=1)        0.620      27.094         ntclkbufg_0      
 HCKB_213_517/CLKOUT               td                    0.287      27.381 r       HCKBROUTE_204/CLKOUT
                                   net (fanout=11)       0.480      27.861         _N294            
 CLMS_45_787/CLK                                                           r       u_CORES/u_debug_core_0/u_hub_data_decode/conf_id[3]/opit_0_inv/CLK

 CLMS_45_787/Q0                    tco                   0.203      28.064 r       u_CORES/u_debug_core_0/u_hub_data_decode/conf_id[3]/opit_0_inv/Q
                                   net (fanout=11)       0.564      28.628         u_CORES/u_debug_core_0/conf_id_o [3]
 CLMS_45_811/Y1                    td                    0.096      28.724 r       u_CORES/u_debug_core_0/u_hub_data_decode/N114[22]_3/LUT6_inst_perm/L6
                                   net (fanout=4)        0.239      28.963         u_CORES/u_debug_core_0/conf_sel_int [22]
 CLMS_45_811/Y0                    td                    0.224      29.187 r       u_CORES/u_debug_core_0/u_rd_addr_gen/N733/LUT6D_inst_perm/L6
                                   net (fanout=14)       0.577      29.764         u_CORES/u_debug_core_0/u_rd_addr_gen/N733
 CLMA_45_792/COUT                  td                    0.299      30.063 f       u_CORES/u_debug_core_0/u_rd_addr_gen/ram_radr[3]/opit_0_inv_AQ_perm/COUT
                                   net (fanout=1)        0.000      30.063         u_CORES/u_debug_core_0/u_rd_addr_gen/_N77
 CLMA_45_798/COUT                  td                    0.085      30.148 f       u_CORES/u_debug_core_0/u_rd_addr_gen/ram_radr[7]/opit_0_inv_AQ_perm/COUT
                                   net (fanout=1)        0.000      30.148         u_CORES/u_debug_core_0/u_rd_addr_gen/_N81
 CLMA_45_804/COUT                  td                    0.078      30.226 r       u_CORES/u_debug_core_0/u_rd_addr_gen/ram_radr[11]/opit_0_inv_AQ_perm/COUT
                                   net (fanout=1)        0.000      30.226         u_CORES/u_debug_core_0/u_rd_addr_gen/_N85
 CLMA_45_810/CIN                                                           r       u_CORES/u_debug_core_0/u_rd_addr_gen/ram_radr[12]/opit_0_inv_AQ_perm/CIN

 Data arrival time                                                  30.226         Logic Levels: 5  
                                                                                   Logic: 0.985ns(41.649%), Route: 1.380ns(58.351%)
----------------------------------------------------------------------------------------------------

 Clock DebugCore_JCLK (rising edge)
                                                        50.000      50.000 r                        
 SCANCHAIN_88_312/TCK1                                   0.000      50.000 r       u_CORES/u_GTP_SCANCHAIN_PG/scanchain/TCK1
                                   net (fanout=1)        1.922      51.922         u_CORES/drck_o   
 USCM_215_669/CLKOUT               td                    0.143      52.065 r       clkbufg_4/gopclkbufg/CLKOUT
                                   net (fanout=2)        0.530      52.595         ntclkbufg_1      
 HCKB_213_516/CLKOUT               td                    0.245      52.840 r       HCKBROUTE_205/CLKOUT
                                   net (fanout=134)      0.406      53.246         _N295            
 CLMA_45_810/CLK                                                           r       u_CORES/u_debug_core_0/u_rd_addr_gen/ram_radr[13]/opit_0_inv_AQ_perm/CLK
 clock pessimism                                         0.000      53.246                          
 clock uncertainty                                      -0.050      53.196                          

 Setup time                                             -0.111      53.085                          

 Data required time                                                 53.085                          
----------------------------------------------------------------------------------------------------
 Data required time                                                 53.085                          
 Data arrival time                                                 -30.226                          
----------------------------------------------------------------------------------------------------
 Slack (MET)                                                        22.859                          
====================================================================================================

====================================================================================================

Startpoint  : u_CORES/u_debug_core_0/u_hub_data_decode/conf_id_ini[2]/opit_0_inv/CLK
Endpoint    : u_CORES/u_debug_core_0/u_hub_data_decode/conf_rst/opit_0_inv_L6Q_perm/I5
Path Group  : DebugCore_JCLK
Path Type   : min
Path Class  : sequential timing path
Clock Skew :    1.805  (Capture Clock Delay - Launch Clock Delay + Clock Pessimism Removal)
  Capture Clock Delay     :  4.097
  Launch Clock Delay      :  2.292
  Clock Pessimism Removal :  0.000

 Location                          Delay Type             Incr        Path         Logical Resource 
----------------------------------------------------------------------------------------------------

 Clock DebugCore_CAPTURE (rising edge)
                                                        25.000      25.000 r                        
 SCANCHAIN_88_312/CAPTUREDR                              0.000      25.000 r       u_CORES/u_GTP_SCANCHAIN_PG/scanchain/CAPTUREDR
                                   net (fanout=1)        0.967      25.967         u_CORES/capt_o   
 USCM_215_666/CLKOUT               td                    0.143      26.110 r       clkbufg_3/gopclkbufg/CLKOUT
                                   net (fanout=1)        0.530      26.640         ntclkbufg_0      
 HCKB_213_517/CLKOUT               td                    0.245      26.885 r       HCKBROUTE_204/CLKOUT
                                   net (fanout=11)       0.407      27.292         _N294            
 CLMS_45_805/CLK                                                           r       u_CORES/u_debug_core_0/u_hub_data_decode/conf_id_ini[2]/opit_0_inv/CLK

 CLMS_45_805/Q2                    tco                   0.158      27.450 f       u_CORES/u_debug_core_0/u_hub_data_decode/conf_id_ini[2]/opit_0_inv/Q
                                   net (fanout=3)        0.165      27.615         u_CORES/u_debug_core_0/u_hub_data_decode/conf_id_ini [2]
 CLMS_45_793/B5                                                            f       u_CORES/u_debug_core_0/u_hub_data_decode/conf_rst/opit_0_inv_L6Q_perm/I5

 Data arrival time                                                  27.615         Logic Levels: 0  
                                                                                   Logic: 0.158ns(48.916%), Route: 0.165ns(51.084%)
----------------------------------------------------------------------------------------------------

 Clock DebugCore_JCLK (rising edge)
                                                         0.000       0.000 r                        
 SCANCHAIN_88_312/TCK1                                   0.000       0.000 r       u_CORES/u_GTP_SCANCHAIN_PG/scanchain/TCK1
                                   net (fanout=1)        2.543       2.543         u_CORES/drck_o   
 USCM_215_669/CLKOUT               td                    0.168       2.711 r       clkbufg_4/gopclkbufg/CLKOUT
                                   net (fanout=2)        0.620       3.331         ntclkbufg_1      
 HCKB_213_516/CLKOUT               td                    0.287       3.618 r       HCKBROUTE_205/CLKOUT
                                   net (fanout=134)      0.479       4.097         _N295            
 CLMS_45_793/CLK                                                           r       u_CORES/u_debug_core_0/u_hub_data_decode/conf_rst/opit_0_inv_L6Q_perm/CLK
 clock pessimism                                         0.000       4.097                          
 clock uncertainty                                       0.050       4.147                          

 Hold time                                              -0.014       4.133                          

 Data required time                                                  4.133                          
----------------------------------------------------------------------------------------------------
 Data required time                                                  4.133                          
 Data arrival time                                                 -27.615                          
----------------------------------------------------------------------------------------------------
 Slack (MET)                                                        23.482                          
====================================================================================================

====================================================================================================

Startpoint  : u_CORES/u_debug_core_0/u_hub_data_decode/conf_sel_ini/opit_0_inv/CLK
Endpoint    : u_CORES/u_debug_core_0/u_hub_data_decode/conf_sel_ini_d1/opit_0_inv/D
Path Group  : DebugCore_JCLK
Path Type   : min
Path Class  : sequential timing path
Clock Skew :    1.803  (Capture Clock Delay - Launch Clock Delay + Clock Pessimism Removal)
  Capture Clock Delay     :  4.097
  Launch Clock Delay      :  2.294
  Clock Pessimism Removal :  0.000

 Location                          Delay Type             Incr        Path         Logical Resource 
----------------------------------------------------------------------------------------------------

 Clock DebugCore_CAPTURE (rising edge)
                                                        25.000      25.000 r                        
 SCANCHAIN_88_312/CAPTUREDR                              0.000      25.000 r       u_CORES/u_GTP_SCANCHAIN_PG/scanchain/CAPTUREDR
                                   net (fanout=1)        0.967      25.967         u_CORES/capt_o   
 USCM_215_666/CLKOUT               td                    0.143      26.110 r       clkbufg_3/gopclkbufg/CLKOUT
                                   net (fanout=1)        0.530      26.640         ntclkbufg_0      
 HCKB_213_517/CLKOUT               td                    0.245      26.885 r       HCKBROUTE_204/CLKOUT
                                   net (fanout=11)       0.409      27.294         _N294            
 CLMA_51_798/CLK                                                           r       u_CORES/u_debug_core_0/u_hub_data_decode/conf_sel_ini/opit_0_inv/CLK

 CLMA_51_798/Q1                    tco                   0.158      27.452 f       u_CORES/u_debug_core_0/u_hub_data_decode/conf_sel_ini/opit_0_inv/Q
                                   net (fanout=10)       0.239      27.691         u_CORES/u_debug_core_0/conf_sel_o
 CLMS_45_793/M3                                                            f       u_CORES/u_debug_core_0/u_hub_data_decode/conf_sel_ini_d1/opit_0_inv/D

 Data arrival time                                                  27.691         Logic Levels: 0  
                                                                                   Logic: 0.158ns(39.798%), Route: 0.239ns(60.202%)
----------------------------------------------------------------------------------------------------

 Clock DebugCore_JCLK (rising edge)
                                                         0.000       0.000 r                        
 SCANCHAIN_88_312/TCK1                                   0.000       0.000 r       u_CORES/u_GTP_SCANCHAIN_PG/scanchain/TCK1
                                   net (fanout=1)        2.543       2.543         u_CORES/drck_o   
 USCM_215_669/CLKOUT               td                    0.168       2.711 r       clkbufg_4/gopclkbufg/CLKOUT
                                   net (fanout=2)        0.620       3.331         ntclkbufg_1      
 HCKB_213_516/CLKOUT               td                    0.287       3.618 r       HCKBROUTE_205/CLKOUT
                                   net (fanout=134)      0.479       4.097         _N295            
 CLMS_45_793/CLK                                                           r       u_CORES/u_debug_core_0/u_hub_data_decode/conf_sel_ini_d1/opit_0_inv/CLK
 clock pessimism                                         0.000       4.097                          
 clock uncertainty                                       0.050       4.147                          

 Hold time                                               0.044       4.191                          

 Data required time                                                  4.191                          
----------------------------------------------------------------------------------------------------
 Data required time                                                  4.191                          
 Data arrival time                                                 -27.691                          
----------------------------------------------------------------------------------------------------
 Slack (MET)                                                        23.500                          
====================================================================================================

====================================================================================================

Startpoint  : u_CORES/u_debug_core_0/u_hub_data_decode/conf_id_ini[4]/opit_0_inv/CLK
Endpoint    : u_CORES/u_debug_core_0/u_hub_data_decode/conf_rst/opit_0_inv_L6Q_perm/I4
Path Group  : DebugCore_JCLK
Path Type   : min
Path Class  : sequential timing path
Clock Skew :    1.803  (Capture Clock Delay - Launch Clock Delay + Clock Pessimism Removal)
  Capture Clock Delay     :  4.097
  Launch Clock Delay      :  2.294
  Clock Pessimism Removal :  0.000

 Location                          Delay Type             Incr        Path         Logical Resource 
----------------------------------------------------------------------------------------------------

 Clock DebugCore_CAPTURE (rising edge)
                                                        25.000      25.000 r                        
 SCANCHAIN_88_312/CAPTUREDR                              0.000      25.000 r       u_CORES/u_GTP_SCANCHAIN_PG/scanchain/CAPTUREDR
                                   net (fanout=1)        0.967      25.967         u_CORES/capt_o   
 USCM_215_666/CLKOUT               td                    0.143      26.110 r       clkbufg_3/gopclkbufg/CLKOUT
                                   net (fanout=1)        0.530      26.640         ntclkbufg_0      
 HCKB_213_517/CLKOUT               td                    0.245      26.885 r       HCKBROUTE_204/CLKOUT
                                   net (fanout=11)       0.409      27.294         _N294            
 CLMA_51_798/CLK                                                           r       u_CORES/u_debug_core_0/u_hub_data_decode/conf_id_ini[4]/opit_0_inv/CLK

 CLMA_51_798/Q0                    tco                   0.158      27.452 f       u_CORES/u_debug_core_0/u_hub_data_decode/conf_id_ini[4]/opit_0_inv/Q
                                   net (fanout=3)        0.166      27.618         u_CORES/u_debug_core_0/u_hub_data_decode/conf_id_ini [4]
 CLMS_45_793/B4                                                            f       u_CORES/u_debug_core_0/u_hub_data_decode/conf_rst/opit_0_inv_L6Q_perm/I4

 Data arrival time                                                  27.618         Logic Levels: 0  
                                                                                   Logic: 0.158ns(48.765%), Route: 0.166ns(51.235%)
----------------------------------------------------------------------------------------------------

 Clock DebugCore_JCLK (rising edge)
                                                         0.000       0.000 r                        
 SCANCHAIN_88_312/TCK1                                   0.000       0.000 r       u_CORES/u_GTP_SCANCHAIN_PG/scanchain/TCK1
                                   net (fanout=1)        2.543       2.543         u_CORES/drck_o   
 USCM_215_669/CLKOUT               td                    0.168       2.711 r       clkbufg_4/gopclkbufg/CLKOUT
                                   net (fanout=2)        0.620       3.331         ntclkbufg_1      
 HCKB_213_516/CLKOUT               td                    0.287       3.618 r       HCKBROUTE_205/CLKOUT
                                   net (fanout=134)      0.479       4.097         _N295            
 CLMS_45_793/CLK                                                           r       u_CORES/u_debug_core_0/u_hub_data_decode/conf_rst/opit_0_inv_L6Q_perm/CLK
 clock pessimism                                         0.000       4.097                          
 clock uncertainty                                       0.050       4.147                          

 Hold time                                              -0.032       4.115                          

 Data required time                                                  4.115                          
----------------------------------------------------------------------------------------------------
 Data required time                                                  4.115                          
 Data arrival time                                                 -27.618                          
----------------------------------------------------------------------------------------------------
 Slack (MET)                                                        23.503                          
====================================================================================================

====================================================================================================

Startpoint  : u_CORES/u_jtag_hub/id_o[1]/opit_0_inv_L6Q_LUT6DQL5Q_perm/CLK
Endpoint    : u_CORES/u_debug_core_0/u_hub_data_decode/conf_id[0]/opit_0_inv/D
Path Group  : DebugCore_CAPTURE
Path Type   : max
Path Class  : sequential timing path
Clock Skew :    -1.807  (Capture Clock Delay - Launch Clock Delay + Clock Pessimism Removal)
  Capture Clock Delay     :  2.293
  Launch Clock Delay      :  4.100
  Clock Pessimism Removal :  0.000

 Location                          Delay Type             Incr        Path         Logical Resource 
----------------------------------------------------------------------------------------------------

 Clock DebugCore_JCLK (falling edge)
                                                        75.000      75.000 f                        
 SCANCHAIN_88_312/TCK1                                   0.000      75.000 f       u_CORES/u_GTP_SCANCHAIN_PG/scanchain/TCK1
                                   net (fanout=1)        2.554      77.554         u_CORES/drck_o   
 USCM_215_669/CLKOUT               td                    0.168      77.722 f       clkbufg_4/gopclkbufg/CLKOUT
                                   net (fanout=2)        0.620      78.342         ntclkbufg_1      
 HCKB_213_516/CLKOUT               td                    0.287      78.629 f       HCKBROUTE_205/CLKOUT
                                   net (fanout=134)      0.471      79.100         _N295            
 CLMS_45_799/CLK                                                           f       u_CORES/u_jtag_hub/id_o[1]/opit_0_inv_L6Q_LUT6DQL5Q_perm/CLK

 CLMS_45_799/CR0                   tco                   0.227      79.327 r       u_CORES/u_jtag_hub/id_o[1]/opit_0_inv_L6Q_LUT6DQL5Q_perm/L5Q
                                   net (fanout=2)        0.658      79.985         u_CORES/id_o [0] 
 CLMS_51_805/M0                                                            r       u_CORES/u_debug_core_0/u_hub_data_decode/conf_id[0]/opit_0_inv/D

 Data arrival time                                                  79.985         Logic Levels: 0  
                                                                                   Logic: 0.227ns(25.650%), Route: 0.658ns(74.350%)
----------------------------------------------------------------------------------------------------

 Clock DebugCore_CAPTURE (rising edge)
                                                       125.000     125.000 r                        
 SCANCHAIN_88_312/CAPTUREDR                              0.000     125.000 r       u_CORES/u_GTP_SCANCHAIN_PG/scanchain/CAPTUREDR
                                   net (fanout=1)        0.967     125.967         u_CORES/capt_o   
 USCM_215_666/CLKOUT               td                    0.143     126.110 r       clkbufg_3/gopclkbufg/CLKOUT
                                   net (fanout=1)        0.530     126.640         ntclkbufg_0      
 HCKB_213_517/CLKOUT               td                    0.245     126.885 r       HCKBROUTE_204/CLKOUT
                                   net (fanout=11)       0.408     127.293         _N294            
 CLMS_51_805/CLK                                                           r       u_CORES/u_debug_core_0/u_hub_data_decode/conf_id[0]/opit_0_inv/CLK
 clock pessimism                                         0.000     127.293                          
 clock uncertainty                                      -0.050     127.243                          

 Setup time                                             -0.136     127.107                          

 Data required time                                                127.107                          
----------------------------------------------------------------------------------------------------
 Data required time                                                127.107                          
 Data arrival time                                                 -79.985                          
----------------------------------------------------------------------------------------------------
 Slack (MET)                                                        47.122                          
====================================================================================================

====================================================================================================

Startpoint  : u_CORES/u_jtag_hub/id_o[1]/opit_0_inv_L6Q_LUT6DQL5Q_perm/CLK
Endpoint    : u_CORES/u_debug_core_0/u_hub_data_decode/conf_id_ini[1]/opit_0_inv/D
Path Group  : DebugCore_CAPTURE
Path Type   : max
Path Class  : sequential timing path
Clock Skew :    -1.808  (Capture Clock Delay - Launch Clock Delay + Clock Pessimism Removal)
  Capture Clock Delay     :  2.292
  Launch Clock Delay      :  4.100
  Clock Pessimism Removal :  0.000

 Location                          Delay Type             Incr        Path         Logical Resource 
----------------------------------------------------------------------------------------------------

 Clock DebugCore_JCLK (falling edge)
                                                        75.000      75.000 f                        
 SCANCHAIN_88_312/TCK1                                   0.000      75.000 f       u_CORES/u_GTP_SCANCHAIN_PG/scanchain/TCK1
                                   net (fanout=1)        2.554      77.554         u_CORES/drck_o   
 USCM_215_669/CLKOUT               td                    0.168      77.722 f       clkbufg_4/gopclkbufg/CLKOUT
                                   net (fanout=2)        0.620      78.342         ntclkbufg_1      
 HCKB_213_516/CLKOUT               td                    0.287      78.629 f       HCKBROUTE_205/CLKOUT
                                   net (fanout=134)      0.471      79.100         _N295            
 CLMS_45_799/CLK                                                           f       u_CORES/u_jtag_hub/id_o[1]/opit_0_inv_L6Q_LUT6DQL5Q_perm/CLK

 CLMS_45_799/Q0                    tco                   0.204      79.304 r       u_CORES/u_jtag_hub/id_o[1]/opit_0_inv_L6Q_LUT6DQL5Q_perm/L6Q
                                   net (fanout=2)        0.656      79.960         u_CORES/id_o [1] 
 CLMS_45_805/M1                                                            r       u_CORES/u_debug_core_0/u_hub_data_decode/conf_id_ini[1]/opit_0_inv/D

 Data arrival time                                                  79.960         Logic Levels: 0  
                                                                                   Logic: 0.204ns(23.721%), Route: 0.656ns(76.279%)
----------------------------------------------------------------------------------------------------

 Clock DebugCore_CAPTURE (rising edge)
                                                       125.000     125.000 r                        
 SCANCHAIN_88_312/CAPTUREDR                              0.000     125.000 r       u_CORES/u_GTP_SCANCHAIN_PG/scanchain/CAPTUREDR
                                   net (fanout=1)        0.967     125.967         u_CORES/capt_o   
 USCM_215_666/CLKOUT               td                    0.143     126.110 r       clkbufg_3/gopclkbufg/CLKOUT
                                   net (fanout=1)        0.530     126.640         ntclkbufg_0      
 HCKB_213_517/CLKOUT               td                    0.245     126.885 r       HCKBROUTE_204/CLKOUT
                                   net (fanout=11)       0.407     127.292         _N294            
 CLMS_45_805/CLK                                                           r       u_CORES/u_debug_core_0/u_hub_data_decode/conf_id_ini[1]/opit_0_inv/CLK
 clock pessimism                                         0.000     127.292                          
 clock uncertainty                                      -0.050     127.242                          

 Setup time                                             -0.136     127.106                          

 Data required time                                                127.106                          
----------------------------------------------------------------------------------------------------
 Data required time                                                127.106                          
 Data arrival time                                                 -79.960                          
----------------------------------------------------------------------------------------------------
 Slack (MET)                                                        47.146                          
====================================================================================================

====================================================================================================

Startpoint  : u_CORES/u_jtag_hub/id_o[3]/opit_0_inv_L6Q_LUT6DQL5Q_perm/CLK
Endpoint    : u_CORES/u_debug_core_0/u_hub_data_decode/conf_id_ini[2]/opit_0_inv/D
Path Group  : DebugCore_CAPTURE
Path Type   : max
Path Class  : sequential timing path
Clock Skew :    -1.808  (Capture Clock Delay - Launch Clock Delay + Clock Pessimism Removal)
  Capture Clock Delay     :  2.292
  Launch Clock Delay      :  4.100
  Clock Pessimism Removal :  0.000

 Location                          Delay Type             Incr        Path         Logical Resource 
----------------------------------------------------------------------------------------------------

 Clock DebugCore_JCLK (falling edge)
                                                        75.000      75.000 f                        
 SCANCHAIN_88_312/TCK1                                   0.000      75.000 f       u_CORES/u_GTP_SCANCHAIN_PG/scanchain/TCK1
                                   net (fanout=1)        2.554      77.554         u_CORES/drck_o   
 USCM_215_669/CLKOUT               td                    0.168      77.722 f       clkbufg_4/gopclkbufg/CLKOUT
                                   net (fanout=2)        0.620      78.342         ntclkbufg_1      
 HCKB_213_516/CLKOUT               td                    0.287      78.629 f       HCKBROUTE_205/CLKOUT
                                   net (fanout=134)      0.471      79.100         _N295            
 CLMS_45_799/CLK                                                           f       u_CORES/u_jtag_hub/id_o[3]/opit_0_inv_L6Q_LUT6DQL5Q_perm/CLK

 CLMS_45_799/CR2                   tco                   0.227      79.327 r       u_CORES/u_jtag_hub/id_o[3]/opit_0_inv_L6Q_LUT6DQL5Q_perm/L5Q
                                   net (fanout=2)        0.620      79.947         u_CORES/id_o [2] 
 CLMS_45_805/M2                                                            r       u_CORES/u_debug_core_0/u_hub_data_decode/conf_id_ini[2]/opit_0_inv/D

 Data arrival time                                                  79.947         Logic Levels: 0  
                                                                                   Logic: 0.227ns(26.800%), Route: 0.620ns(73.200%)
----------------------------------------------------------------------------------------------------

 Clock DebugCore_CAPTURE (rising edge)
                                                       125.000     125.000 r                        
 SCANCHAIN_88_312/CAPTUREDR                              0.000     125.000 r       u_CORES/u_GTP_SCANCHAIN_PG/scanchain/CAPTUREDR
                                   net (fanout=1)        0.967     125.967         u_CORES/capt_o   
 USCM_215_666/CLKOUT               td                    0.143     126.110 r       clkbufg_3/gopclkbufg/CLKOUT
                                   net (fanout=1)        0.530     126.640         ntclkbufg_0      
 HCKB_213_517/CLKOUT               td                    0.245     126.885 r       HCKBROUTE_204/CLKOUT
                                   net (fanout=11)       0.407     127.292         _N294            
 CLMS_45_805/CLK                                                           r       u_CORES/u_debug_core_0/u_hub_data_decode/conf_id_ini[2]/opit_0_inv/CLK
 clock pessimism                                         0.000     127.292                          
 clock uncertainty                                      -0.050     127.242                          

 Setup time                                             -0.136     127.106                          

 Data required time                                                127.106                          
----------------------------------------------------------------------------------------------------
 Data required time                                                127.106                          
 Data arrival time                                                 -79.947                          
----------------------------------------------------------------------------------------------------
 Slack (MET)                                                        47.159                          
====================================================================================================

====================================================================================================

Startpoint  : u_CORES/u_jtag_hub/conf_sel[0]/opit_0_inv_L6Q_perm/CLK
Endpoint    : u_CORES/u_debug_core_0/u_hub_data_decode/conf_sel_ini/opit_0_inv/D
Path Group  : DebugCore_CAPTURE
Path Type   : min
Path Class  : sequential timing path
Clock Skew :    -0.269  (Capture Clock Delay - Launch Clock Delay + Clock Pessimism Removal)
  Capture Clock Delay     :  2.860
  Launch Clock Delay      :  3.129
  Clock Pessimism Removal :  0.000

 Location                          Delay Type             Incr        Path         Logical Resource 
----------------------------------------------------------------------------------------------------

 Clock DebugCore_JCLK (falling edge)
                                                       125.000     125.000 f                        
 SCANCHAIN_88_312/TCK1                                   0.000     125.000 f       u_CORES/u_GTP_SCANCHAIN_PG/scanchain/TCK1
                                   net (fanout=1)        1.807     126.807         u_CORES/drck_o   
 USCM_215_669/CLKOUT               td                    0.143     126.950 f       clkbufg_4/gopclkbufg/CLKOUT
                                   net (fanout=2)        0.530     127.480         ntclkbufg_1      
 HCKB_213_516/CLKOUT               td                    0.245     127.725 f       HCKBROUTE_205/CLKOUT
                                   net (fanout=134)      0.404     128.129         _N295            
 CLMA_51_792/CLK                                                           f       u_CORES/u_jtag_hub/conf_sel[0]/opit_0_inv_L6Q_perm/CLK

 CLMA_51_792/Q0                    tco                   0.159     128.288 f       u_CORES/u_jtag_hub/conf_sel[0]/opit_0_inv_L6Q_perm/L6Q
                                   net (fanout=6)        0.160     128.448         u_CORES/conf_sel [0]
 CLMA_51_798/M1                                                            f       u_CORES/u_debug_core_0/u_hub_data_decode/conf_sel_ini/opit_0_inv/D

 Data arrival time                                                 128.448         Logic Levels: 0  
                                                                                   Logic: 0.159ns(49.843%), Route: 0.160ns(50.157%)
----------------------------------------------------------------------------------------------------

 Clock DebugCore_CAPTURE (rising edge)
                                                       125.000     125.000 r                        
 SCANCHAIN_88_312/CAPTUREDR                              0.000     125.000 r       u_CORES/u_GTP_SCANCHAIN_PG/scanchain/CAPTUREDR
                                   net (fanout=1)        1.306     126.306         u_CORES/capt_o   
 USCM_215_666/CLKOUT               td                    0.168     126.474 r       clkbufg_3/gopclkbufg/CLKOUT
                                   net (fanout=1)        0.620     127.094         ntclkbufg_0      
 HCKB_213_517/CLKOUT               td                    0.287     127.381 r       HCKBROUTE_204/CLKOUT
                                   net (fanout=11)       0.479     127.860         _N294            
 CLMA_51_798/CLK                                                           r       u_CORES/u_debug_core_0/u_hub_data_decode/conf_sel_ini/opit_0_inv/CLK
 clock pessimism                                         0.000     127.860                          
 clock uncertainty                                       0.050     127.910                          

 Hold time                                              -0.044     127.866                          

 Data required time                                                127.866                          
----------------------------------------------------------------------------------------------------
 Data required time                                                127.866                          
 Data arrival time                                                -128.448                          
----------------------------------------------------------------------------------------------------
 Slack (MET)                                                         0.582                          
====================================================================================================

====================================================================================================

Startpoint  : u_CORES/u_jtag_hub/id_o[4]/opit_0_inv_L6QL5_perm/CLK
Endpoint    : u_CORES/u_debug_core_0/u_hub_data_decode/conf_id[4]/opit_0_inv/D
Path Group  : DebugCore_CAPTURE
Path Type   : min
Path Class  : sequential timing path
Clock Skew :    -0.266  (Capture Clock Delay - Launch Clock Delay + Clock Pessimism Removal)
  Capture Clock Delay     :  2.861
  Launch Clock Delay      :  3.127
  Clock Pessimism Removal :  0.000

 Location                          Delay Type             Incr        Path         Logical Resource 
----------------------------------------------------------------------------------------------------

 Clock DebugCore_JCLK (falling edge)
                                                       125.000     125.000 f                        
 SCANCHAIN_88_312/TCK1                                   0.000     125.000 f       u_CORES/u_GTP_SCANCHAIN_PG/scanchain/TCK1
                                   net (fanout=1)        1.807     126.807         u_CORES/drck_o   
 USCM_215_669/CLKOUT               td                    0.143     126.950 f       clkbufg_4/gopclkbufg/CLKOUT
                                   net (fanout=2)        0.530     127.480         ntclkbufg_1      
 HCKB_213_516/CLKOUT               td                    0.245     127.725 f       HCKBROUTE_205/CLKOUT
                                   net (fanout=134)      0.402     128.127         _N295            
 CLMS_45_799/CLK                                                           f       u_CORES/u_jtag_hub/id_o[4]/opit_0_inv_L6QL5_perm/CLK

 CLMS_45_799/Q3                    tco                   0.159     128.286 f       u_CORES/u_jtag_hub/id_o[4]/opit_0_inv_L6QL5_perm/L6Q
                                   net (fanout=2)        0.169     128.455         u_CORES/id_o [4] 
 CLMS_45_787/M1                                                            f       u_CORES/u_debug_core_0/u_hub_data_decode/conf_id[4]/opit_0_inv/D

 Data arrival time                                                 128.455         Logic Levels: 0  
                                                                                   Logic: 0.159ns(48.476%), Route: 0.169ns(51.524%)
----------------------------------------------------------------------------------------------------

 Clock DebugCore_CAPTURE (rising edge)
                                                       125.000     125.000 r                        
 SCANCHAIN_88_312/CAPTUREDR                              0.000     125.000 r       u_CORES/u_GTP_SCANCHAIN_PG/scanchain/CAPTUREDR
                                   net (fanout=1)        1.306     126.306         u_CORES/capt_o   
 USCM_215_666/CLKOUT               td                    0.168     126.474 r       clkbufg_3/gopclkbufg/CLKOUT
                                   net (fanout=1)        0.620     127.094         ntclkbufg_0      
 HCKB_213_517/CLKOUT               td                    0.287     127.381 r       HCKBROUTE_204/CLKOUT
                                   net (fanout=11)       0.480     127.861         _N294            
 CLMS_45_787/CLK                                                           r       u_CORES/u_debug_core_0/u_hub_data_decode/conf_id[4]/opit_0_inv/CLK
 clock pessimism                                         0.000     127.861                          
 clock uncertainty                                       0.050     127.911                          

 Hold time                                              -0.044     127.867                          

 Data required time                                                127.867                          
----------------------------------------------------------------------------------------------------
 Data required time                                                127.867                          
 Data arrival time                                                -128.455                          
----------------------------------------------------------------------------------------------------
 Slack (MET)                                                         0.588                          
====================================================================================================

====================================================================================================

Startpoint  : u_CORES/u_jtag_hub/id_o[3]/opit_0_inv_L6Q_LUT6DQL5Q_perm/CLK
Endpoint    : u_CORES/u_debug_core_0/u_hub_data_decode/conf_id_ini[3]/opit_0_inv/D
Path Group  : DebugCore_CAPTURE
Path Type   : min
Path Class  : sequential timing path
Clock Skew :    -0.269  (Capture Clock Delay - Launch Clock Delay + Clock Pessimism Removal)
  Capture Clock Delay     :  2.858
  Launch Clock Delay      :  3.127
  Clock Pessimism Removal :  0.000

 Location                          Delay Type             Incr        Path         Logical Resource 
----------------------------------------------------------------------------------------------------

 Clock DebugCore_JCLK (falling edge)
                                                       125.000     125.000 f                        
 SCANCHAIN_88_312/TCK1                                   0.000     125.000 f       u_CORES/u_GTP_SCANCHAIN_PG/scanchain/TCK1
                                   net (fanout=1)        1.807     126.807         u_CORES/drck_o   
 USCM_215_669/CLKOUT               td                    0.143     126.950 f       clkbufg_4/gopclkbufg/CLKOUT
                                   net (fanout=2)        0.530     127.480         ntclkbufg_1      
 HCKB_213_516/CLKOUT               td                    0.245     127.725 f       HCKBROUTE_205/CLKOUT
                                   net (fanout=134)      0.402     128.127         _N295            
 CLMS_45_799/CLK                                                           f       u_CORES/u_jtag_hub/id_o[3]/opit_0_inv_L6Q_LUT6DQL5Q_perm/CLK

 CLMS_45_799/Q2                    tco                   0.159     128.286 f       u_CORES/u_jtag_hub/id_o[3]/opit_0_inv_L6Q_LUT6DQL5Q_perm/L6Q
                                   net (fanout=2)        0.317     128.603         u_CORES/id_o [3] 
 CLMS_45_805/M3                                                            f       u_CORES/u_debug_core_0/u_hub_data_decode/conf_id_ini[3]/opit_0_inv/D

 Data arrival time                                                 128.603         Logic Levels: 0  
                                                                                   Logic: 0.159ns(33.403%), Route: 0.317ns(66.597%)
----------------------------------------------------------------------------------------------------

 Clock DebugCore_CAPTURE (rising edge)
                                                       125.000     125.000 r                        
 SCANCHAIN_88_312/CAPTUREDR                              0.000     125.000 r       u_CORES/u_GTP_SCANCHAIN_PG/scanchain/CAPTUREDR
                                   net (fanout=1)        1.306     126.306         u_CORES/capt_o   
 USCM_215_666/CLKOUT               td                    0.168     126.474 r       clkbufg_3/gopclkbufg/CLKOUT
                                   net (fanout=1)        0.620     127.094         ntclkbufg_0      
 HCKB_213_517/CLKOUT               td                    0.287     127.381 r       HCKBROUTE_204/CLKOUT
                                   net (fanout=11)       0.477     127.858         _N294            
 CLMS_45_805/CLK                                                           r       u_CORES/u_debug_core_0/u_hub_data_decode/conf_id_ini[3]/opit_0_inv/CLK
 clock pessimism                                         0.000     127.858                          
 clock uncertainty                                       0.050     127.908                          

 Hold time                                               0.043     127.951                          

 Data required time                                                127.951                          
----------------------------------------------------------------------------------------------------
 Data required time                                                127.951                          
 Data arrival time                                                -128.603                          
----------------------------------------------------------------------------------------------------
 Slack (MET)                                                         0.652                          
====================================================================================================

====================================================================================================

Startpoint  : u_CORES/u_debug_core_0/resetn/opit_0/CLK
Endpoint    : u_CORES/u_debug_core_0/status[7]/opit_0_inv_L6QL5Q_perm/RS
Path Group  : sys_clk
Path Type   : max
Path Class  : async timing path
Clock Skew :    -0.078  (Capture Clock Delay - Launch Clock Delay + Clock Pessimism Removal)
  Capture Clock Delay     :  3.200
  Launch Clock Delay      :  3.755
  Clock Pessimism Removal :  0.477

 Location                          Delay Type             Incr        Path         Logical Resource 
----------------------------------------------------------------------------------------------------

 Clock sys_clk (rising edge)                             0.000       0.000 r                        
 R3                                                      0.000       0.000 r       sys_clk (port)   
                                   net (fanout=1)        0.096       0.096         sys_clk          
 IOBD_372_450/DIN                  td                    1.117       1.213 r       sys_clk_ibuf/opit_0/O
                                   net (fanout=1)        0.000       1.213         sys_clk_ibuf/ntD 
 IOLHR_364_450/DI_TO_CLK           td                    0.105       1.318 r       sys_clk_ibuf/opit_1/DI_TO_CLK
                                   net (fanout=1)        0.876       2.194         nt_sys_clk       
 USCM_215_576/CLKOUT               td                    0.168       2.362 r       clkbufg_5/gopclkbufg/CLKOUT
                                   net (fanout=2)        0.620       2.982         ntclkbufg_2      
 HCKB_213_506/CLKOUT               td                    0.287       3.269 r       HCKBROUTE_207/CLKOUT
                                   net (fanout=386)      0.486       3.755         _N297            
 CLMS_27_733/CLK                                                           r       u_CORES/u_debug_core_0/resetn/opit_0/CLK

 CLMS_27_733/Q1                    tco                   0.185       3.940 f       u_CORES/u_debug_core_0/resetn/opit_0/Q
                                   net (fanout=98)       0.772       4.712         u_CORES/u_debug_core_0/resetn
 CLMA_33_810/RSCO                  td                    0.094       4.806 r       u_CORES/u_debug_core_0/u_Trigger_Condition/conf_reg[2]/opit_0_inv/RSCO
                                   net (fanout=4)        0.000       4.806         _N62             
 CLMA_33_816/RSCO                  td                    0.075       4.881 r       u_CORES/u_debug_core_0/data_start_d1/opit_0_inv/RSCO
                                   net (fanout=4)        0.000       4.881         _N61             
 CLMA_33_822/RSCO                  td                    0.075       4.956 r       u_CORES/u_debug_core_0/data_pipe[3][26]/opit_0_inv_L6QL5Q_perm/RSCO
                                   net (fanout=1)        0.000       4.956         _N60             
 CLMA_33_828/RSCO                  td                    0.075       5.031 r       u_CORES/u_debug_core_0/u_Storage_Condition/trig_mask_nsa/opit_0_inv_L5Q_perm/RSCO
                                   net (fanout=4)        0.000       5.031         _N59             
 CLMA_33_834/RSCO                  td                    0.075       5.106 r       u_CORES/u_debug_core_0/u_Storage_Condition/trigger_nsa_d1/opit_0_inv_L6QL5_perm/RSCO
                                   net (fanout=7)        0.000       5.106         _N58             
 CLMA_33_840/RSCO                  td                    0.075       5.181 r       u_CORES/u_debug_core_0/u_Storage_Condition/counter_win[14]/opit_0_inv/RSCO
                                   net (fanout=4)        0.000       5.181         _N57             
 CLMA_33_846/RSCO                  td                    0.075       5.256 r       u_CORES/u_debug_core_0/status[11]/opit_0_inv_L6QL5Q_perm/RSCO
                                   net (fanout=4)        0.000       5.256         _N56             
 CLMA_33_852/RSCO                  td                    0.075       5.331 r       u_CORES/u_debug_core_0/u_Storage_Condition/counter_win[9]/opit_0_inv/RSCO
                                   net (fanout=3)        0.000       5.331         _N55             
 CLMA_33_858/RSCI                                                          r       u_CORES/u_debug_core_0/status[7]/opit_0_inv_L6QL5Q_perm/RS

 Data arrival time                                                   5.331         Logic Levels: 8  
                                                                                   Logic: 0.804ns(51.015%), Route: 0.772ns(48.985%)
----------------------------------------------------------------------------------------------------

 Clock sys_clk (rising edge)                            20.000      20.000 r                        
 R3                                                      0.000      20.000 r       sys_clk (port)   
                                   net (fanout=1)        0.096      20.096         sys_clk          
 IOBD_372_450/DIN                  td                    0.953      21.049 r       sys_clk_ibuf/opit_0/O
                                   net (fanout=1)        0.000      21.049         sys_clk_ibuf/ntD 
 IOLHR_364_450/DI_TO_CLK           td                    0.091      21.140 r       sys_clk_ibuf/opit_1/DI_TO_CLK
                                   net (fanout=1)        0.746      21.886         nt_sys_clk       
 USCM_215_576/CLKOUT               td                    0.143      22.029 r       clkbufg_5/gopclkbufg/CLKOUT
                                   net (fanout=2)        0.530      22.559         ntclkbufg_2      
 HCKB_213_506/CLKOUT               td                    0.245      22.804 r       HCKBROUTE_207/CLKOUT
                                   net (fanout=386)      0.396      23.200         _N297            
 CLMA_33_858/CLK                                                           r       u_CORES/u_debug_core_0/status[7]/opit_0_inv_L6QL5Q_perm/CLK
 clock pessimism                                         0.477      23.677                          
 clock uncertainty                                      -0.050      23.627                          

 Recovery time                                          -0.226      23.401                          

 Data required time                                                 23.401                          
----------------------------------------------------------------------------------------------------
 Data required time                                                 23.401                          
 Data arrival time                                                  -5.331                          
----------------------------------------------------------------------------------------------------
 Slack (MET)                                                        18.070                          
====================================================================================================

====================================================================================================

Startpoint  : u_CORES/u_debug_core_0/resetn/opit_0/CLK
Endpoint    : u_CORES/u_debug_core_0/data_pipe[4][25]/opit_0_inv_L6QL5Q_perm/RS
Path Group  : sys_clk
Path Type   : max
Path Class  : async timing path
Clock Skew :    -0.078  (Capture Clock Delay - Launch Clock Delay + Clock Pessimism Removal)
  Capture Clock Delay     :  3.200
  Launch Clock Delay      :  3.755
  Clock Pessimism Removal :  0.477

 Location                          Delay Type             Incr        Path         Logical Resource 
----------------------------------------------------------------------------------------------------

 Clock sys_clk (rising edge)                             0.000       0.000 r                        
 R3                                                      0.000       0.000 r       sys_clk (port)   
                                   net (fanout=1)        0.096       0.096         sys_clk          
 IOBD_372_450/DIN                  td                    1.117       1.213 r       sys_clk_ibuf/opit_0/O
                                   net (fanout=1)        0.000       1.213         sys_clk_ibuf/ntD 
 IOLHR_364_450/DI_TO_CLK           td                    0.105       1.318 r       sys_clk_ibuf/opit_1/DI_TO_CLK
                                   net (fanout=1)        0.876       2.194         nt_sys_clk       
 USCM_215_576/CLKOUT               td                    0.168       2.362 r       clkbufg_5/gopclkbufg/CLKOUT
                                   net (fanout=2)        0.620       2.982         ntclkbufg_2      
 HCKB_213_506/CLKOUT               td                    0.287       3.269 r       HCKBROUTE_207/CLKOUT
                                   net (fanout=386)      0.486       3.755         _N297            
 CLMS_27_733/CLK                                                           r       u_CORES/u_debug_core_0/resetn/opit_0/CLK

 CLMS_27_733/Q1                    tco                   0.185       3.940 f       u_CORES/u_debug_core_0/resetn/opit_0/Q
                                   net (fanout=98)       0.772       4.712         u_CORES/u_debug_core_0/resetn
 CLMA_33_810/RSCO                  td                    0.094       4.806 r       u_CORES/u_debug_core_0/u_Trigger_Condition/conf_reg[2]/opit_0_inv/RSCO
                                   net (fanout=4)        0.000       4.806         _N62             
 CLMA_33_816/RSCO                  td                    0.075       4.881 r       u_CORES/u_debug_core_0/data_start_d1/opit_0_inv/RSCO
                                   net (fanout=4)        0.000       4.881         _N61             
 CLMA_33_822/RSCO                  td                    0.075       4.956 r       u_CORES/u_debug_core_0/data_pipe[3][26]/opit_0_inv_L6QL5Q_perm/RSCO
                                   net (fanout=1)        0.000       4.956         _N60             
 CLMA_33_828/RSCO                  td                    0.075       5.031 r       u_CORES/u_debug_core_0/u_Storage_Condition/trig_mask_nsa/opit_0_inv_L5Q_perm/RSCO
                                   net (fanout=4)        0.000       5.031         _N59             
 CLMA_33_834/RSCO                  td                    0.075       5.106 r       u_CORES/u_debug_core_0/u_Storage_Condition/trigger_nsa_d1/opit_0_inv_L6QL5_perm/RSCO
                                   net (fanout=7)        0.000       5.106         _N58             
 CLMA_33_840/RSCO                  td                    0.075       5.181 r       u_CORES/u_debug_core_0/u_Storage_Condition/counter_win[14]/opit_0_inv/RSCO
                                   net (fanout=4)        0.000       5.181         _N57             
 CLMA_33_846/RSCO                  td                    0.075       5.256 r       u_CORES/u_debug_core_0/status[11]/opit_0_inv_L6QL5Q_perm/RSCO
                                   net (fanout=4)        0.000       5.256         _N56             
 CLMA_33_852/RSCO                  td                    0.075       5.331 r       u_CORES/u_debug_core_0/u_Storage_Condition/counter_win[9]/opit_0_inv/RSCO
                                   net (fanout=3)        0.000       5.331         _N55             
 CLMA_33_858/RSCI                                                          r       u_CORES/u_debug_core_0/data_pipe[4][25]/opit_0_inv_L6QL5Q_perm/RS

 Data arrival time                                                   5.331         Logic Levels: 8  
                                                                                   Logic: 0.804ns(51.015%), Route: 0.772ns(48.985%)
----------------------------------------------------------------------------------------------------

 Clock sys_clk (rising edge)                            20.000      20.000 r                        
 R3                                                      0.000      20.000 r       sys_clk (port)   
                                   net (fanout=1)        0.096      20.096         sys_clk          
 IOBD_372_450/DIN                  td                    0.953      21.049 r       sys_clk_ibuf/opit_0/O
                                   net (fanout=1)        0.000      21.049         sys_clk_ibuf/ntD 
 IOLHR_364_450/DI_TO_CLK           td                    0.091      21.140 r       sys_clk_ibuf/opit_1/DI_TO_CLK
                                   net (fanout=1)        0.746      21.886         nt_sys_clk       
 USCM_215_576/CLKOUT               td                    0.143      22.029 r       clkbufg_5/gopclkbufg/CLKOUT
                                   net (fanout=2)        0.530      22.559         ntclkbufg_2      
 HCKB_213_506/CLKOUT               td                    0.245      22.804 r       HCKBROUTE_207/CLKOUT
                                   net (fanout=386)      0.396      23.200         _N297            
 CLMA_33_858/CLK                                                           r       u_CORES/u_debug_core_0/data_pipe[4][25]/opit_0_inv_L6QL5Q_perm/CLK
 clock pessimism                                         0.477      23.677                          
 clock uncertainty                                      -0.050      23.627                          

 Recovery time                                          -0.226      23.401                          

 Data required time                                                 23.401                          
----------------------------------------------------------------------------------------------------
 Data required time                                                 23.401                          
 Data arrival time                                                  -5.331                          
----------------------------------------------------------------------------------------------------
 Slack (MET)                                                        18.070                          
====================================================================================================

====================================================================================================

Startpoint  : u_CORES/u_debug_core_0/resetn/opit_0/CLK
Endpoint    : u_CORES/u_debug_core_0/data_pipe[4][15]/opit_0_inv_L6QL5Q_perm/RS
Path Group  : sys_clk
Path Type   : max
Path Class  : async timing path
Clock Skew :    -0.078  (Capture Clock Delay - Launch Clock Delay + Clock Pessimism Removal)
  Capture Clock Delay     :  3.200
  Launch Clock Delay      :  3.755
  Clock Pessimism Removal :  0.477

 Location                          Delay Type             Incr        Path         Logical Resource 
----------------------------------------------------------------------------------------------------

 Clock sys_clk (rising edge)                             0.000       0.000 r                        
 R3                                                      0.000       0.000 r       sys_clk (port)   
                                   net (fanout=1)        0.096       0.096         sys_clk          
 IOBD_372_450/DIN                  td                    1.117       1.213 r       sys_clk_ibuf/opit_0/O
                                   net (fanout=1)        0.000       1.213         sys_clk_ibuf/ntD 
 IOLHR_364_450/DI_TO_CLK           td                    0.105       1.318 r       sys_clk_ibuf/opit_1/DI_TO_CLK
                                   net (fanout=1)        0.876       2.194         nt_sys_clk       
 USCM_215_576/CLKOUT               td                    0.168       2.362 r       clkbufg_5/gopclkbufg/CLKOUT
                                   net (fanout=2)        0.620       2.982         ntclkbufg_2      
 HCKB_213_506/CLKOUT               td                    0.287       3.269 r       HCKBROUTE_207/CLKOUT
                                   net (fanout=386)      0.486       3.755         _N297            
 CLMS_27_733/CLK                                                           r       u_CORES/u_debug_core_0/resetn/opit_0/CLK

 CLMS_27_733/Q1                    tco                   0.185       3.940 f       u_CORES/u_debug_core_0/resetn/opit_0/Q
                                   net (fanout=98)       0.772       4.712         u_CORES/u_debug_core_0/resetn
 CLMA_33_810/RSCO                  td                    0.094       4.806 r       u_CORES/u_debug_core_0/u_Trigger_Condition/conf_reg[2]/opit_0_inv/RSCO
                                   net (fanout=4)        0.000       4.806         _N62             
 CLMA_33_816/RSCO                  td                    0.075       4.881 r       u_CORES/u_debug_core_0/data_start_d1/opit_0_inv/RSCO
                                   net (fanout=4)        0.000       4.881         _N61             
 CLMA_33_822/RSCO                  td                    0.075       4.956 r       u_CORES/u_debug_core_0/data_pipe[3][26]/opit_0_inv_L6QL5Q_perm/RSCO
                                   net (fanout=1)        0.000       4.956         _N60             
 CLMA_33_828/RSCO                  td                    0.075       5.031 r       u_CORES/u_debug_core_0/u_Storage_Condition/trig_mask_nsa/opit_0_inv_L5Q_perm/RSCO
                                   net (fanout=4)        0.000       5.031         _N59             
 CLMA_33_834/RSCO                  td                    0.075       5.106 r       u_CORES/u_debug_core_0/u_Storage_Condition/trigger_nsa_d1/opit_0_inv_L6QL5_perm/RSCO
                                   net (fanout=7)        0.000       5.106         _N58             
 CLMA_33_840/RSCO                  td                    0.075       5.181 r       u_CORES/u_debug_core_0/u_Storage_Condition/counter_win[14]/opit_0_inv/RSCO
                                   net (fanout=4)        0.000       5.181         _N57             
 CLMA_33_846/RSCO                  td                    0.075       5.256 r       u_CORES/u_debug_core_0/status[11]/opit_0_inv_L6QL5Q_perm/RSCO
                                   net (fanout=4)        0.000       5.256         _N56             
 CLMA_33_852/RSCO                  td                    0.075       5.331 r       u_CORES/u_debug_core_0/u_Storage_Condition/counter_win[9]/opit_0_inv/RSCO
                                   net (fanout=3)        0.000       5.331         _N55             
 CLMA_33_858/RSCI                                                          r       u_CORES/u_debug_core_0/data_pipe[4][15]/opit_0_inv_L6QL5Q_perm/RS

 Data arrival time                                                   5.331         Logic Levels: 8  
                                                                                   Logic: 0.804ns(51.015%), Route: 0.772ns(48.985%)
----------------------------------------------------------------------------------------------------

 Clock sys_clk (rising edge)                            20.000      20.000 r                        
 R3                                                      0.000      20.000 r       sys_clk (port)   
                                   net (fanout=1)        0.096      20.096         sys_clk          
 IOBD_372_450/DIN                  td                    0.953      21.049 r       sys_clk_ibuf/opit_0/O
                                   net (fanout=1)        0.000      21.049         sys_clk_ibuf/ntD 
 IOLHR_364_450/DI_TO_CLK           td                    0.091      21.140 r       sys_clk_ibuf/opit_1/DI_TO_CLK
                                   net (fanout=1)        0.746      21.886         nt_sys_clk       
 USCM_215_576/CLKOUT               td                    0.143      22.029 r       clkbufg_5/gopclkbufg/CLKOUT
                                   net (fanout=2)        0.530      22.559         ntclkbufg_2      
 HCKB_213_506/CLKOUT               td                    0.245      22.804 r       HCKBROUTE_207/CLKOUT
                                   net (fanout=386)      0.396      23.200         _N297            
 CLMA_33_858/CLK                                                           r       u_CORES/u_debug_core_0/data_pipe[4][15]/opit_0_inv_L6QL5Q_perm/CLK
 clock pessimism                                         0.477      23.677                          
 clock uncertainty                                      -0.050      23.627                          

 Recovery time                                          -0.226      23.401                          

 Data required time                                                 23.401                          
----------------------------------------------------------------------------------------------------
 Data required time                                                 23.401                          
 Data arrival time                                                  -5.331                          
----------------------------------------------------------------------------------------------------
 Slack (MET)                                                        18.070                          
====================================================================================================

====================================================================================================

Startpoint  : u_CORES/u_debug_core_0/resetn/opit_0/CLK
Endpoint    : u_CORES/u_debug_core_0/TRIG0_ff[0][6]/opit_0_inv/RS
Path Group  : sys_clk
Path Type   : min
Path Class  : async timing path
Clock Skew :    0.050  (Capture Clock Delay - Launch Clock Delay + Clock Pessimism Removal)
  Capture Clock Delay     :  3.748
  Launch Clock Delay      :  3.221
  Clock Pessimism Removal :  -0.477

 Location                          Delay Type             Incr        Path         Logical Resource 
----------------------------------------------------------------------------------------------------

 Clock sys_clk (rising edge)                             0.000       0.000 r                        
 R3                                                      0.000       0.000 r       sys_clk (port)   
                                   net (fanout=1)        0.096       0.096         sys_clk          
 IOBD_372_450/DIN                  td                    0.953       1.049 r       sys_clk_ibuf/opit_0/O
                                   net (fanout=1)        0.000       1.049         sys_clk_ibuf/ntD 
 IOLHR_364_450/DI_TO_CLK           td                    0.091       1.140 r       sys_clk_ibuf/opit_1/DI_TO_CLK
                                   net (fanout=1)        0.746       1.886         nt_sys_clk       
 USCM_215_576/CLKOUT               td                    0.143       2.029 r       clkbufg_5/gopclkbufg/CLKOUT
                                   net (fanout=2)        0.530       2.559         ntclkbufg_2      
 HCKB_213_506/CLKOUT               td                    0.245       2.804 r       HCKBROUTE_207/CLKOUT
                                   net (fanout=386)      0.417       3.221         _N297            
 CLMS_27_733/CLK                                                           r       u_CORES/u_debug_core_0/resetn/opit_0/CLK

 CLMS_27_733/Q1                    tco                   0.158       3.379 f       u_CORES/u_debug_core_0/resetn/opit_0/Q
                                   net (fanout=98)       0.227       3.606         u_CORES/u_debug_core_0/resetn
 CLMA_27_774/RS                                                            f       u_CORES/u_debug_core_0/TRIG0_ff[0][6]/opit_0_inv/RS

 Data arrival time                                                   3.606         Logic Levels: 0  
                                                                                   Logic: 0.158ns(41.039%), Route: 0.227ns(58.961%)
----------------------------------------------------------------------------------------------------

 Clock sys_clk (rising edge)                             0.000       0.000 r                        
 R3                                                      0.000       0.000 r       sys_clk (port)   
                                   net (fanout=1)        0.096       0.096         sys_clk          
 IOBD_372_450/DIN                  td                    1.117       1.213 r       sys_clk_ibuf/opit_0/O
                                   net (fanout=1)        0.000       1.213         sys_clk_ibuf/ntD 
 IOLHR_364_450/DI_TO_CLK           td                    0.105       1.318 r       sys_clk_ibuf/opit_1/DI_TO_CLK
                                   net (fanout=1)        0.876       2.194         nt_sys_clk       
 USCM_215_576/CLKOUT               td                    0.168       2.362 r       clkbufg_5/gopclkbufg/CLKOUT
                                   net (fanout=2)        0.620       2.982         ntclkbufg_2      
 HCKB_213_506/CLKOUT               td                    0.287       3.269 r       HCKBROUTE_207/CLKOUT
                                   net (fanout=386)      0.479       3.748         _N297            
 CLMA_27_774/CLK                                                           r       u_CORES/u_debug_core_0/TRIG0_ff[0][6]/opit_0_inv/CLK
 clock pessimism                                        -0.477       3.271                          
 clock uncertainty                                       0.000       3.271                          

 Removal time                                           -0.057       3.214                          

 Data required time                                                  3.214                          
----------------------------------------------------------------------------------------------------
 Data required time                                                  3.214                          
 Data arrival time                                                  -3.606                          
----------------------------------------------------------------------------------------------------
 Slack (MET)                                                         0.392                          
====================================================================================================

====================================================================================================

Startpoint  : u_CORES/u_debug_core_0/resetn/opit_0/CLK
Endpoint    : u_CORES/u_debug_core_0/u0_trig_unit/match_single[5]/opit_0_inv_L6Q_perm/RS
Path Group  : sys_clk
Path Type   : min
Path Class  : async timing path
Clock Skew :    0.050  (Capture Clock Delay - Launch Clock Delay + Clock Pessimism Removal)
  Capture Clock Delay     :  3.748
  Launch Clock Delay      :  3.221
  Clock Pessimism Removal :  -0.477

 Location                          Delay Type             Incr        Path         Logical Resource 
----------------------------------------------------------------------------------------------------

 Clock sys_clk (rising edge)                             0.000       0.000 r                        
 R3                                                      0.000       0.000 r       sys_clk (port)   
                                   net (fanout=1)        0.096       0.096         sys_clk          
 IOBD_372_450/DIN                  td                    0.953       1.049 r       sys_clk_ibuf/opit_0/O
                                   net (fanout=1)        0.000       1.049         sys_clk_ibuf/ntD 
 IOLHR_364_450/DI_TO_CLK           td                    0.091       1.140 r       sys_clk_ibuf/opit_1/DI_TO_CLK
                                   net (fanout=1)        0.746       1.886         nt_sys_clk       
 USCM_215_576/CLKOUT               td                    0.143       2.029 r       clkbufg_5/gopclkbufg/CLKOUT
                                   net (fanout=2)        0.530       2.559         ntclkbufg_2      
 HCKB_213_506/CLKOUT               td                    0.245       2.804 r       HCKBROUTE_207/CLKOUT
                                   net (fanout=386)      0.417       3.221         _N297            
 CLMS_27_733/CLK                                                           r       u_CORES/u_debug_core_0/resetn/opit_0/CLK

 CLMS_27_733/Q1                    tco                   0.158       3.379 f       u_CORES/u_debug_core_0/resetn/opit_0/Q
                                   net (fanout=98)       0.227       3.606         u_CORES/u_debug_core_0/resetn
 CLMA_27_774/RS                                                            f       u_CORES/u_debug_core_0/u0_trig_unit/match_single[5]/opit_0_inv_L6Q_perm/RS

 Data arrival time                                                   3.606         Logic Levels: 0  
                                                                                   Logic: 0.158ns(41.039%), Route: 0.227ns(58.961%)
----------------------------------------------------------------------------------------------------

 Clock sys_clk (rising edge)                             0.000       0.000 r                        
 R3                                                      0.000       0.000 r       sys_clk (port)   
                                   net (fanout=1)        0.096       0.096         sys_clk          
 IOBD_372_450/DIN                  td                    1.117       1.213 r       sys_clk_ibuf/opit_0/O
                                   net (fanout=1)        0.000       1.213         sys_clk_ibuf/ntD 
 IOLHR_364_450/DI_TO_CLK           td                    0.105       1.318 r       sys_clk_ibuf/opit_1/DI_TO_CLK
                                   net (fanout=1)        0.876       2.194         nt_sys_clk       
 USCM_215_576/CLKOUT               td                    0.168       2.362 r       clkbufg_5/gopclkbufg/CLKOUT
                                   net (fanout=2)        0.620       2.982         ntclkbufg_2      
 HCKB_213_506/CLKOUT               td                    0.287       3.269 r       HCKBROUTE_207/CLKOUT
                                   net (fanout=386)      0.479       3.748         _N297            
 CLMA_27_774/CLK                                                           r       u_CORES/u_debug_core_0/u0_trig_unit/match_single[5]/opit_0_inv_L6Q_perm/CLK
 clock pessimism                                        -0.477       3.271                          
 clock uncertainty                                       0.000       3.271                          

 Removal time                                           -0.057       3.214                          

 Data required time                                                  3.214                          
----------------------------------------------------------------------------------------------------
 Data required time                                                  3.214                          
 Data arrival time                                                  -3.606                          
----------------------------------------------------------------------------------------------------
 Slack (MET)                                                         0.392                          
====================================================================================================

====================================================================================================

Startpoint  : u_CORES/u_debug_core_0/resetn/opit_0/CLK
Endpoint    : u_CORES/u_debug_core_0/TRIG0_ff[1][5]/opit_0_inv/RS
Path Group  : sys_clk
Path Type   : min
Path Class  : async timing path
Clock Skew :    0.050  (Capture Clock Delay - Launch Clock Delay + Clock Pessimism Removal)
  Capture Clock Delay     :  3.748
  Launch Clock Delay      :  3.221
  Clock Pessimism Removal :  -0.477

 Location                          Delay Type             Incr        Path         Logical Resource 
----------------------------------------------------------------------------------------------------

 Clock sys_clk (rising edge)                             0.000       0.000 r                        
 R3                                                      0.000       0.000 r       sys_clk (port)   
                                   net (fanout=1)        0.096       0.096         sys_clk          
 IOBD_372_450/DIN                  td                    0.953       1.049 r       sys_clk_ibuf/opit_0/O
                                   net (fanout=1)        0.000       1.049         sys_clk_ibuf/ntD 
 IOLHR_364_450/DI_TO_CLK           td                    0.091       1.140 r       sys_clk_ibuf/opit_1/DI_TO_CLK
                                   net (fanout=1)        0.746       1.886         nt_sys_clk       
 USCM_215_576/CLKOUT               td                    0.143       2.029 r       clkbufg_5/gopclkbufg/CLKOUT
                                   net (fanout=2)        0.530       2.559         ntclkbufg_2      
 HCKB_213_506/CLKOUT               td                    0.245       2.804 r       HCKBROUTE_207/CLKOUT
                                   net (fanout=386)      0.417       3.221         _N297            
 CLMS_27_733/CLK                                                           r       u_CORES/u_debug_core_0/resetn/opit_0/CLK

 CLMS_27_733/Q1                    tco                   0.158       3.379 f       u_CORES/u_debug_core_0/resetn/opit_0/Q
                                   net (fanout=98)       0.227       3.606         u_CORES/u_debug_core_0/resetn
 CLMA_27_774/RS                                                            f       u_CORES/u_debug_core_0/TRIG0_ff[1][5]/opit_0_inv/RS

 Data arrival time                                                   3.606         Logic Levels: 0  
                                                                                   Logic: 0.158ns(41.039%), Route: 0.227ns(58.961%)
----------------------------------------------------------------------------------------------------

 Clock sys_clk (rising edge)                             0.000       0.000 r                        
 R3                                                      0.000       0.000 r       sys_clk (port)   
                                   net (fanout=1)        0.096       0.096         sys_clk          
 IOBD_372_450/DIN                  td                    1.117       1.213 r       sys_clk_ibuf/opit_0/O
                                   net (fanout=1)        0.000       1.213         sys_clk_ibuf/ntD 
 IOLHR_364_450/DI_TO_CLK           td                    0.105       1.318 r       sys_clk_ibuf/opit_1/DI_TO_CLK
                                   net (fanout=1)        0.876       2.194         nt_sys_clk       
 USCM_215_576/CLKOUT               td                    0.168       2.362 r       clkbufg_5/gopclkbufg/CLKOUT
                                   net (fanout=2)        0.620       2.982         ntclkbufg_2      
 HCKB_213_506/CLKOUT               td                    0.287       3.269 r       HCKBROUTE_207/CLKOUT
                                   net (fanout=386)      0.479       3.748         _N297            
 CLMA_27_774/CLK                                                           r       u_CORES/u_debug_core_0/TRIG0_ff[1][5]/opit_0_inv/CLK
 clock pessimism                                        -0.477       3.271                          
 clock uncertainty                                       0.000       3.271                          

 Removal time                                           -0.057       3.214                          

 Data required time                                                  3.214                          
----------------------------------------------------------------------------------------------------
 Data required time                                                  3.214                          
 Data arrival time                                                  -3.606                          
----------------------------------------------------------------------------------------------------
 Slack (MET)                                                         0.392                          
====================================================================================================

====================================================================================================

Startpoint  : hdmi_i2c_inst/i2c_ctrl_inst/state_6/opit_0_inv_L6QL5Q_perm/CLK
Endpoint    : ddc_scl (port)
Path Group  : **default**
Path Type   : max
Path Class  : combinational timing path

 Location                          Delay Type             Incr        Path         Logical Resource 
----------------------------------------------------------------------------------------------------

 Clock hdmi_i2c_inst/i2c_ctrl_inst/i2c_clk/Q[0]_Inferred (rising edge)
                                                         0.000       0.000 r                        
 CLMA_27_666/CR0                                         0.000       0.000 r       hdmi_i2c_inst/i2c_ctrl_inst/i2c_clk/opit_0_inv/Q
                                   net (fanout=31)       0.672       0.672         hdmi_i2c_inst/cfg_clk
 CLMA_21_643/CLK                                                           r       hdmi_i2c_inst/i2c_ctrl_inst/state_6/opit_0_inv_L6QL5Q_perm/CLK

 CLMA_21_643/CR1                   tco                   0.251       0.923 r       hdmi_i2c_inst/i2c_ctrl_inst/state_6/opit_0_inv_L6QL5Q_perm/L5Q
                                   net (fanout=6)        0.122       1.045         hdmi_i2c_inst/i2c_ctrl_inst/state_6
 CLMA_21_642/Y0                    td                    0.229       1.274 r       hdmi_i2c_inst/i2c_ctrl_inst/N796_5/LUT6_inst_perm/L6
                                   net (fanout=1)        0.519       1.793         hdmi_i2c_inst/i2c_ctrl_inst/N796
 CLMA_21_636/Y1                    td                    0.108       1.901 r       hdmi_i2c_inst/i2c_ctrl_inst/i2c_scl_3/LUT6_inst_perm/L6
                                   net (fanout=1)        1.351       3.252         _N223            
 IOLHR_16_480/DO_P                 td                    1.172       4.424 r       ddc_scl_obuf/opit_1/DO_P
                                   net (fanout=1)        0.000       4.424         ddc_scl_obuf/ntO 
 IOBD_0_480/PAD                    td                    2.410       6.834 r       ddc_scl_obuf/opit_0/O
                                   net (fanout=1)        0.131       6.965         ddc_scl          
 L22                                                                       r       ddc_scl (port)   

 Data arrival time                                                   6.965         Logic Levels: 4  
                                                                                   Logic: 4.170ns(66.264%), Route: 2.123ns(33.736%)
====================================================================================================

====================================================================================================

Startpoint  : hdmi_i2c_inst/i2c_ctrl_inst/state_3/opit_0_inv_L6Q_perm/CLK
Endpoint    : ddc_sda (port)
Path Group  : **default**
Path Type   : max
Path Class  : combinational timing path

 Location                          Delay Type             Incr        Path         Logical Resource 
----------------------------------------------------------------------------------------------------

 Clock hdmi_i2c_inst/i2c_ctrl_inst/i2c_clk/Q[0]_Inferred (rising edge)
                                                         0.000       0.000 r                        
 CLMA_27_666/CR0                                         0.000       0.000 r       hdmi_i2c_inst/i2c_ctrl_inst/i2c_clk/opit_0_inv/Q
                                   net (fanout=31)       0.672       0.672         hdmi_i2c_inst/cfg_clk
 CLMA_21_643/CLK                                                           r       hdmi_i2c_inst/i2c_ctrl_inst/state_3/opit_0_inv_L6Q_perm/CLK

 CLMA_21_643/Q2                    tco                   0.203       0.875 r       hdmi_i2c_inst/i2c_ctrl_inst/state_3/opit_0_inv_L6Q_perm/L6Q
                                   net (fanout=7)        0.272       1.147         hdmi_i2c_inst/i2c_ctrl_inst/state_3
 CLMA_21_636/CR0                   td                    0.290       1.437 r       hdmi_i2c_inst/i2c_ctrl_inst/N743_3/LUT6D_inst_perm/L5
                                   net (fanout=1)        1.498       2.935         _N299            
 IOLHR_16_474/DO_N                 td                    1.067       4.002 r       hdmi_i2c_inst.i2c_ctrl_inst.i2c_sda_tri/opit_1/DO_N
                                   net (fanout=1)        0.000       4.002         hdmi_i2c_inst.i2c_ctrl_inst.i2c_sda_tri/ntT
 IOBS_0_474/PAD                    tse                   2.618       6.620 f       hdmi_i2c_inst.i2c_ctrl_inst.i2c_sda_tri/opit_0/IO
                                   net (fanout=1)        0.129       6.749         nt_ddc_sda       
 L23                                                                       f       ddc_sda (port)   

 Data arrival time                                                   6.749         Logic Levels: 3  
                                                                                   Logic: 4.178ns(68.751%), Route: 1.899ns(31.249%)
====================================================================================================

====================================================================================================

Startpoint  : sys_rst_n (port)
Endpoint    : hdmi_in_rst_n (port)
Path Group  : **default**
Path Type   : max
Path Class  : combinational timing path

 Location                          Delay Type             Incr        Path         Logical Resource 
----------------------------------------------------------------------------------------------------


 G25                                                     0.000       0.000 f       sys_rst_n (port) 
                                   net (fanout=1)        0.145       0.145         sys_rst_n        
 IOBD_0_636/DIN                    td                    0.756       0.901 f       sys_rst_n_ibuf/opit_0/O
                                   net (fanout=1)        0.000       0.901         sys_rst_n_ibuf/ntD
 IOLHR_16_636/DI_TO_CLK            td                    0.105       1.006 f       sys_rst_n_ibuf/opit_1/DI_TO_CLK
                                   net (fanout=30)       1.845       2.851         nt_sys_rst_n     
 IOLHR_16_912/DO_P                 td                    1.172       4.023 f       hdmi_in_rst_n_obuf/opit_1/DO_P
                                   net (fanout=1)        0.000       4.023         hdmi_in_rst_n_obuf/ntO
 IOBS_0_912/PAD                    td                    2.618       6.641 f       hdmi_in_rst_n_obuf/opit_0/O
                                   net (fanout=1)        0.039       6.680         hdmi_in_rst_n    
 K18                                                                       f       hdmi_in_rst_n (port)

 Data arrival time                                                   6.680         Logic Levels: 4  
                                                                                   Logic: 4.651ns(69.626%), Route: 2.029ns(30.374%)
====================================================================================================

====================================================================================================

Startpoint  : hdmi_in_rgb[7] (port)
Endpoint    : u_CORES/u_debug_core_0/TRIG0_ff[0][10]/opit_0_inv/D
Path Group  : **default**
Path Type   : min
Path Class  : combinational timing path

 Location                          Delay Type             Incr        Path         Logical Resource 
----------------------------------------------------------------------------------------------------


 J21                                                     0.000       0.000 f       hdmi_in_rgb[7] (port)
                                   net (fanout=1)        0.091       0.091         hdmi_in_rgb[7]   
 IOBS_0_768/DIN                    td                    0.646       0.737 f       hdmi_in_rgb_ibuf[7]/opit_0/O
                                   net (fanout=1)        0.000       0.737         hdmi_in_rgb_ibuf[7]/ntD
 IOLHR_16_768/DI_TO_CLK            td                    0.091       0.828 f       hdmi_in_rgb_ibuf[7]/opit_1/DI_TO_CLK
                                   net (fanout=3)        0.313       1.141         nt_hdmi_in_rgb[7]
 CLMS_33_769/M2                                                            f       u_CORES/u_debug_core_0/TRIG0_ff[0][10]/opit_0_inv/D

 Data arrival time                                                   1.141         Logic Levels: 2  
                                                                                   Logic: 0.737ns(64.592%), Route: 0.404ns(35.408%)
====================================================================================================

====================================================================================================

Startpoint  : hdmi_in_rgb[6] (port)
Endpoint    : u_CORES/u_debug_core_0/trig0_d1[9]/opit_0/D
Path Group  : **default**
Path Type   : min
Path Class  : combinational timing path

 Location                          Delay Type             Incr        Path         Logical Resource 
----------------------------------------------------------------------------------------------------


 K21                                                     0.000       0.000 f       hdmi_in_rgb[6] (port)
                                   net (fanout=1)        0.094       0.094         hdmi_in_rgb[6]   
 IOBD_0_774/DIN                    td                    0.646       0.740 f       hdmi_in_rgb_ibuf[6]/opit_0/O
                                   net (fanout=1)        0.000       0.740         hdmi_in_rgb_ibuf[6]/ntD
 IOLHR_16_774/DI_TO_CLK            td                    0.091       0.831 f       hdmi_in_rgb_ibuf[6]/opit_1/DI_TO_CLK
                                   net (fanout=3)        0.318       1.149         nt_hdmi_in_rgb[6]
 CLMA_33_768/M3                                                            f       u_CORES/u_debug_core_0/trig0_d1[9]/opit_0/D

 Data arrival time                                                   1.149         Logic Levels: 2  
                                                                                   Logic: 0.737ns(64.143%), Route: 0.412ns(35.857%)
====================================================================================================

====================================================================================================

Startpoint  : sys_rst_n (port)
Endpoint    : hdmi_i2c_inst/i2c_ctrl_inst/state_6/opit_0_inv_L6QL5Q_perm/RS
Path Group  : **default**
Path Type   : min
Path Class  : combinational timing path

 Location                          Delay Type             Incr        Path         Logical Resource 
----------------------------------------------------------------------------------------------------


 G25                                                     0.000       0.000 f       sys_rst_n (port) 
                                   net (fanout=1)        0.145       0.145         sys_rst_n        
 IOBD_0_636/DIN                    td                    0.646       0.791 f       sys_rst_n_ibuf/opit_0/O
                                   net (fanout=1)        0.000       0.791         sys_rst_n_ibuf/ntD
 IOLHR_16_636/DI_TO_CLK            td                    0.091       0.882 f       sys_rst_n_ibuf/opit_1/DI_TO_CLK
                                   net (fanout=30)       0.296       1.178         nt_sys_rst_n     
 CLMA_21_643/RS                                                            f       hdmi_i2c_inst/i2c_ctrl_inst/state_6/opit_0_inv_L6QL5Q_perm/RS

 Data arrival time                                                   1.178         Logic Levels: 2  
                                                                                   Logic: 0.737ns(62.564%), Route: 0.441ns(37.436%)
====================================================================================================

====================================================================================================
Fast Corner: 1050mV -40C
****************************************************************************************************
====================================================================================================

Startpoint  : u_CORES/u_debug_core_0/u_Storage_Condition/address_nsa[12]/opit_0_inv_L6Q_perm/CLK
Endpoint    : u_CORES/u_debug_core_0/ram_wdat0/opit_0_inv_L6Q_perm/I5
Path Group  : sys_clk
Path Type   : max
Path Class  : sequential timing path
Clock Skew :    -0.034  (Capture Clock Delay - Launch Clock Delay + Clock Pessimism Removal)
  Capture Clock Delay     :  2.143
  Launch Clock Delay      :  2.501
  Clock Pessimism Removal :  0.324

 Location                          Delay Type             Incr        Path         Logical Resource 
----------------------------------------------------------------------------------------------------

 Clock sys_clk (rising edge)                             0.000       0.000 r                        
 R3                                                      0.000       0.000 r       sys_clk (port)   
                                   net (fanout=1)        0.096       0.096         sys_clk          
 IOBD_372_450/DIN                  td                    0.659       0.755 r       sys_clk_ibuf/opit_0/O
                                   net (fanout=1)        0.000       0.755         sys_clk_ibuf/ntD 
 IOLHR_364_450/DI_TO_CLK           td                    0.087       0.842 r       sys_clk_ibuf/opit_1/DI_TO_CLK
                                   net (fanout=1)        0.588       1.430         nt_sys_clk       
 USCM_215_576/CLKOUT               td                    0.115       1.545 r       clkbufg_5/gopclkbufg/CLKOUT
                                   net (fanout=2)        0.397       1.942         ntclkbufg_2      
 HCKB_213_506/CLKOUT               td                    0.233       2.175 r       HCKBROUTE_207/CLKOUT
                                   net (fanout=386)      0.326       2.501         _N297            
 CLMA_45_858/CLK                                                           r       u_CORES/u_debug_core_0/u_Storage_Condition/address_nsa[12]/opit_0_inv_L6Q_perm/CLK

 CLMA_45_858/Q3                    tco                   0.125       2.626 f       u_CORES/u_debug_core_0/u_Storage_Condition/address_nsa[12]/opit_0_inv_L6Q_perm/L6Q
                                   net (fanout=4)        0.316       2.942         u_CORES/u_debug_core_0/u_Storage_Condition/address_nsa [12]
 CLMS_45_841/Y2                    td                    0.066       3.008 f       u_CORES/u_debug_core_0/u_Storage_Condition/N332_7_12/LUT6_inst_perm/L6
                                   net (fanout=1)        0.227       3.235         u_CORES/u_debug_core_0/u_Storage_Condition/_N1838
 CLMS_45_847/Y3                    td                    0.066       3.301 f       u_CORES/u_debug_core_0/u_Storage_Condition/N332_7_14/LUT6_inst_perm/L6
                                   net (fanout=1)        0.598       3.899         u_CORES/u_debug_core_0/u_Storage_Condition/_N1257
 CLMS_33_769/B5                                                            f       u_CORES/u_debug_core_0/ram_wdat0/opit_0_inv_L6Q_perm/I5

 Data arrival time                                                   3.899         Logic Levels: 2  
                                                                                   Logic: 0.257ns(18.383%), Route: 1.141ns(81.617%)
----------------------------------------------------------------------------------------------------

 Clock sys_clk (rising edge)                            20.000      20.000 r                        
 R3                                                      0.000      20.000 r       sys_clk (port)   
                                   net (fanout=1)        0.096      20.096         sys_clk          
 IOBD_372_450/DIN                  td                    0.563      20.659 r       sys_clk_ibuf/opit_0/O
                                   net (fanout=1)        0.000      20.659         sys_clk_ibuf/ntD 
 IOLHR_364_450/DI_TO_CLK           td                    0.073      20.732 r       sys_clk_ibuf/opit_1/DI_TO_CLK
                                   net (fanout=1)        0.493      21.225         nt_sys_clk       
 USCM_215_576/CLKOUT               td                    0.097      21.322 r       clkbufg_5/gopclkbufg/CLKOUT
                                   net (fanout=2)        0.334      21.656         ntclkbufg_2      
 HCKB_213_506/CLKOUT               td                    0.195      21.851 r       HCKBROUTE_207/CLKOUT
                                   net (fanout=386)      0.292      22.143         _N297            
 CLMS_33_769/CLK                                                           r       u_CORES/u_debug_core_0/ram_wdat0/opit_0_inv_L6Q_perm/CLK
 clock pessimism                                         0.324      22.467                          
 clock uncertainty                                      -0.050      22.417                          

 Setup time                                             -0.049      22.368                          

 Data required time                                                 22.368                          
----------------------------------------------------------------------------------------------------
 Data required time                                                 22.368                          
 Data arrival time                                                  -3.899                          
----------------------------------------------------------------------------------------------------
 Slack (MET)                                                        18.469                          
====================================================================================================

====================================================================================================

Startpoint  : u_CORES/u_debug_core_0/status[0]/opit_0_inv_L6QL5Q_perm/CLK
Endpoint    : u_CORES/u_debug_core_0/u_Data_Capture_Memory/block_ram.ram_data_10/gopdrm_36k/ADA0[1]
Path Group  : sys_clk
Path Type   : max
Path Class  : sequential timing path
Clock Skew :    -0.184  (Capture Clock Delay - Launch Clock Delay + Clock Pessimism Removal)
  Capture Clock Delay     :  2.096
  Launch Clock Delay      :  2.503
  Clock Pessimism Removal :  0.223

 Location                          Delay Type             Incr        Path         Logical Resource 
----------------------------------------------------------------------------------------------------

 Clock sys_clk (rising edge)                             0.000       0.000 r                        
 R3                                                      0.000       0.000 r       sys_clk (port)   
                                   net (fanout=1)        0.096       0.096         sys_clk          
 IOBD_372_450/DIN                  td                    0.659       0.755 r       sys_clk_ibuf/opit_0/O
                                   net (fanout=1)        0.000       0.755         sys_clk_ibuf/ntD 
 IOLHR_364_450/DI_TO_CLK           td                    0.087       0.842 r       sys_clk_ibuf/opit_1/DI_TO_CLK
                                   net (fanout=1)        0.588       1.430         nt_sys_clk       
 USCM_215_576/CLKOUT               td                    0.115       1.545 r       clkbufg_5/gopclkbufg/CLKOUT
                                   net (fanout=2)        0.397       1.942         ntclkbufg_2      
 HCKB_213_506/CLKOUT               td                    0.233       2.175 r       HCKBROUTE_207/CLKOUT
                                   net (fanout=386)      0.328       2.503         _N297            
 CLMS_33_835/CLK                                                           r       u_CORES/u_debug_core_0/status[0]/opit_0_inv_L6QL5Q_perm/CLK

 CLMS_33_835/Q2                    tco                   0.125       2.628 f       u_CORES/u_debug_core_0/status[0]/opit_0_inv_L6QL5Q_perm/L6Q
                                   net (fanout=15)       1.006       3.634         u_CORES/u_debug_core_0/ram_wadr [0]
 DRM_40_1038/ADA0[1]                                                       f       u_CORES/u_debug_core_0/u_Data_Capture_Memory/block_ram.ram_data_10/gopdrm_36k/ADA0[1]

 Data arrival time                                                   3.634         Logic Levels: 0  
                                                                                   Logic: 0.125ns(11.052%), Route: 1.006ns(88.948%)
----------------------------------------------------------------------------------------------------

 Clock sys_clk (rising edge)                            20.000      20.000 r                        
 R3                                                      0.000      20.000 r       sys_clk (port)   
                                   net (fanout=1)        0.096      20.096         sys_clk          
 IOBD_372_450/DIN                  td                    0.563      20.659 r       sys_clk_ibuf/opit_0/O
                                   net (fanout=1)        0.000      20.659         sys_clk_ibuf/ntD 
 IOLHR_364_450/DI_TO_CLK           td                    0.073      20.732 r       sys_clk_ibuf/opit_1/DI_TO_CLK
                                   net (fanout=1)        0.493      21.225         nt_sys_clk       
 USCM_215_576/CLKOUT               td                    0.097      21.322 r       clkbufg_5/gopclkbufg/CLKOUT
                                   net (fanout=2)        0.334      21.656         ntclkbufg_2      
 HCKB_213_1079/CLKOUT              td                    0.195      21.851 r       HCKBROUTE_208/CLKOUT
                                   net (fanout=13)       0.245      22.096         _N298            
 DRM_40_1038/CLKA[0]                                                       r       u_CORES/u_debug_core_0/u_Data_Capture_Memory/block_ram.ram_data_10/gopdrm_36k/CLKA[0]
 clock pessimism                                         0.223      22.319                          
 clock uncertainty                                      -0.050      22.269                          

 Setup time                                              0.043      22.312                          

 Data required time                                                 22.312                          
----------------------------------------------------------------------------------------------------
 Data required time                                                 22.312                          
 Data arrival time                                                  -3.634                          
----------------------------------------------------------------------------------------------------
 Slack (MET)                                                        18.678                          
====================================================================================================

====================================================================================================

Startpoint  : u_CORES/u_debug_core_0/data_pipe[4][19]/opit_0_inv_L6QL5Q_perm/CLK
Endpoint    : u_CORES/u_debug_core_0/DATA_ff[0][19]/opit_0/D
Path Group  : sys_clk
Path Type   : max
Path Class  : sequential timing path
Clock Skew :    -0.178  (Capture Clock Delay - Launch Clock Delay + Clock Pessimism Removal)
  Capture Clock Delay     :  2.102
  Launch Clock Delay      :  2.503
  Clock Pessimism Removal :  0.223

 Location                          Delay Type             Incr        Path         Logical Resource 
----------------------------------------------------------------------------------------------------

 Clock sys_clk (rising edge)                             0.000       0.000 r                        
 R3                                                      0.000       0.000 r       sys_clk (port)   
                                   net (fanout=1)        0.096       0.096         sys_clk          
 IOBD_372_450/DIN                  td                    0.659       0.755 r       sys_clk_ibuf/opit_0/O
                                   net (fanout=1)        0.000       0.755         sys_clk_ibuf/ntD 
 IOLHR_364_450/DI_TO_CLK           td                    0.087       0.842 r       sys_clk_ibuf/opit_1/DI_TO_CLK
                                   net (fanout=1)        0.588       1.430         nt_sys_clk       
 USCM_215_576/CLKOUT               td                    0.115       1.545 r       clkbufg_5/gopclkbufg/CLKOUT
                                   net (fanout=2)        0.397       1.942         ntclkbufg_2      
 HCKB_213_506/CLKOUT               td                    0.233       2.175 r       HCKBROUTE_207/CLKOUT
                                   net (fanout=386)      0.328       2.503         _N297            
 CLMA_33_834/CLK                                                           r       u_CORES/u_debug_core_0/data_pipe[4][19]/opit_0_inv_L6QL5Q_perm/CLK

 CLMA_33_834/CR2                   tco                   0.141       2.644 f       u_CORES/u_debug_core_0/data_pipe[4][19]/opit_0_inv_L6QL5Q_perm/L5Q
                                   net (fanout=1)        0.867       3.511         u_CORES/u_debug_core_0/data_pipe[4] [19]
 CLMS_33_997/M0                                                            f       u_CORES/u_debug_core_0/DATA_ff[0][19]/opit_0/D

 Data arrival time                                                   3.511         Logic Levels: 0  
                                                                                   Logic: 0.141ns(13.988%), Route: 0.867ns(86.012%)
----------------------------------------------------------------------------------------------------

 Clock sys_clk (rising edge)                            20.000      20.000 r                        
 R3                                                      0.000      20.000 r       sys_clk (port)   
                                   net (fanout=1)        0.096      20.096         sys_clk          
 IOBD_372_450/DIN                  td                    0.563      20.659 r       sys_clk_ibuf/opit_0/O
                                   net (fanout=1)        0.000      20.659         sys_clk_ibuf/ntD 
 IOLHR_364_450/DI_TO_CLK           td                    0.073      20.732 r       sys_clk_ibuf/opit_1/DI_TO_CLK
                                   net (fanout=1)        0.493      21.225         nt_sys_clk       
 USCM_215_576/CLKOUT               td                    0.097      21.322 r       clkbufg_5/gopclkbufg/CLKOUT
                                   net (fanout=2)        0.334      21.656         ntclkbufg_2      
 HCKB_213_1079/CLKOUT              td                    0.195      21.851 r       HCKBROUTE_208/CLKOUT
                                   net (fanout=13)       0.251      22.102         _N298            
 CLMS_33_997/CLK                                                           r       u_CORES/u_debug_core_0/DATA_ff[0][19]/opit_0/CLK
 clock pessimism                                         0.223      22.325                          
 clock uncertainty                                      -0.050      22.275                          

 Setup time                                             -0.074      22.201                          

 Data required time                                                 22.201                          
----------------------------------------------------------------------------------------------------
 Data required time                                                 22.201                          
 Data arrival time                                                  -3.511                          
----------------------------------------------------------------------------------------------------
 Slack (MET)                                                        18.690                          
====================================================================================================

====================================================================================================

Startpoint  : u_CORES/u_debug_core_0/status[7]/opit_0_inv_L6QL5Q_perm/CLK
Endpoint    : u_CORES/u_debug_core_0/u_Data_Capture_Memory/block_ram.ram_data_2/gopdrm_36k/ADA0[8]
Path Group  : sys_clk
Path Type   : min
Path Class  : sequential timing path
Clock Skew :    0.049  (Capture Clock Delay - Launch Clock Delay + Clock Pessimism Removal)
  Capture Clock Delay     :  2.500
  Launch Clock Delay      :  2.127
  Clock Pessimism Removal :  -0.324

 Location                          Delay Type             Incr        Path         Logical Resource 
----------------------------------------------------------------------------------------------------

 Clock sys_clk (rising edge)                             0.000       0.000 r                        
 R3                                                      0.000       0.000 r       sys_clk (port)   
                                   net (fanout=1)        0.096       0.096         sys_clk          
 IOBD_372_450/DIN                  td                    0.563       0.659 r       sys_clk_ibuf/opit_0/O
                                   net (fanout=1)        0.000       0.659         sys_clk_ibuf/ntD 
 IOLHR_364_450/DI_TO_CLK           td                    0.073       0.732 r       sys_clk_ibuf/opit_1/DI_TO_CLK
                                   net (fanout=1)        0.493       1.225         nt_sys_clk       
 USCM_215_576/CLKOUT               td                    0.097       1.322 r       clkbufg_5/gopclkbufg/CLKOUT
                                   net (fanout=2)        0.334       1.656         ntclkbufg_2      
 HCKB_213_506/CLKOUT               td                    0.195       1.851 r       HCKBROUTE_207/CLKOUT
                                   net (fanout=386)      0.276       2.127         _N297            
 CLMA_33_858/CLK                                                           r       u_CORES/u_debug_core_0/status[7]/opit_0_inv_L6QL5Q_perm/CLK

 CLMA_33_858/Q1                    tco                   0.103       2.230 r       u_CORES/u_debug_core_0/status[7]/opit_0_inv_L6QL5Q_perm/L6Q
                                   net (fanout=15)       0.118       2.348         u_CORES/u_debug_core_0/ram_wadr [7]
 DRM_40_858/ADA0[8]                                                        r       u_CORES/u_debug_core_0/u_Data_Capture_Memory/block_ram.ram_data_2/gopdrm_36k/ADA0[8]

 Data arrival time                                                   2.348         Logic Levels: 0  
                                                                                   Logic: 0.103ns(46.606%), Route: 0.118ns(53.394%)
----------------------------------------------------------------------------------------------------

 Clock sys_clk (rising edge)                             0.000       0.000 r                        
 R3                                                      0.000       0.000 r       sys_clk (port)   
                                   net (fanout=1)        0.096       0.096         sys_clk          
 IOBD_372_450/DIN                  td                    0.659       0.755 r       sys_clk_ibuf/opit_0/O
                                   net (fanout=1)        0.000       0.755         sys_clk_ibuf/ntD 
 IOLHR_364_450/DI_TO_CLK           td                    0.087       0.842 r       sys_clk_ibuf/opit_1/DI_TO_CLK
                                   net (fanout=1)        0.588       1.430         nt_sys_clk       
 USCM_215_576/CLKOUT               td                    0.115       1.545 r       clkbufg_5/gopclkbufg/CLKOUT
                                   net (fanout=2)        0.397       1.942         ntclkbufg_2      
 HCKB_213_506/CLKOUT               td                    0.233       2.175 r       HCKBROUTE_207/CLKOUT
                                   net (fanout=386)      0.325       2.500         _N297            
 DRM_40_858/CLKA[0]                                                        r       u_CORES/u_debug_core_0/u_Data_Capture_Memory/block_ram.ram_data_2/gopdrm_36k/CLKA[0]
 clock pessimism                                        -0.324       2.176                          
 clock uncertainty                                       0.000       2.176                          

 Hold time                                               0.064       2.240                          

 Data required time                                                  2.240                          
----------------------------------------------------------------------------------------------------
 Data required time                                                  2.240                          
 Data arrival time                                                  -2.348                          
----------------------------------------------------------------------------------------------------
 Slack (MET)                                                         0.108                          
====================================================================================================

====================================================================================================

Startpoint  : u_CORES/u_debug_core_0/DATA_ff[0][16]/opit_0/CLK
Endpoint    : u_CORES/u_debug_core_0/u_Data_Capture_Memory/block_ram.ram_data_8/gopdrm_36k/DA0[1]
Path Group  : sys_clk
Path Type   : min
Path Class  : sequential timing path
Clock Skew :    0.149  (Capture Clock Delay - Launch Clock Delay + Clock Pessimism Removal)
  Capture Clock Delay     :  2.489
  Launch Clock Delay      :  2.117
  Clock Pessimism Removal :  -0.223

 Location                          Delay Type             Incr        Path         Logical Resource 
----------------------------------------------------------------------------------------------------

 Clock sys_clk (rising edge)                             0.000       0.000 r                        
 R3                                                      0.000       0.000 r       sys_clk (port)   
                                   net (fanout=1)        0.096       0.096         sys_clk          
 IOBD_372_450/DIN                  td                    0.563       0.659 r       sys_clk_ibuf/opit_0/O
                                   net (fanout=1)        0.000       0.659         sys_clk_ibuf/ntD 
 IOLHR_364_450/DI_TO_CLK           td                    0.073       0.732 r       sys_clk_ibuf/opit_1/DI_TO_CLK
                                   net (fanout=1)        0.493       1.225         nt_sys_clk       
 USCM_215_576/CLKOUT               td                    0.097       1.322 r       clkbufg_5/gopclkbufg/CLKOUT
                                   net (fanout=2)        0.334       1.656         ntclkbufg_2      
 HCKB_213_506/CLKOUT               td                    0.195       1.851 r       HCKBROUTE_207/CLKOUT
                                   net (fanout=386)      0.266       2.117         _N297            
 CLMS_33_913/CLK                                                           r       u_CORES/u_debug_core_0/DATA_ff[0][16]/opit_0/CLK

 CLMS_33_913/Q1                    tco                   0.103       2.220 r       u_CORES/u_debug_core_0/DATA_ff[0][16]/opit_0/Q
                                   net (fanout=1)        0.175       2.395         u_CORES/u_debug_core_0/DATA_ff[0] [16]
 DRM_40_918/DA0[1]                                                         r       u_CORES/u_debug_core_0/u_Data_Capture_Memory/block_ram.ram_data_8/gopdrm_36k/DA0[1]

 Data arrival time                                                   2.395         Logic Levels: 0  
                                                                                   Logic: 0.103ns(37.050%), Route: 0.175ns(62.950%)
----------------------------------------------------------------------------------------------------

 Clock sys_clk (rising edge)                             0.000       0.000 r                        
 R3                                                      0.000       0.000 r       sys_clk (port)   
                                   net (fanout=1)        0.096       0.096         sys_clk          
 IOBD_372_450/DIN                  td                    0.659       0.755 r       sys_clk_ibuf/opit_0/O
                                   net (fanout=1)        0.000       0.755         sys_clk_ibuf/ntD 
 IOLHR_364_450/DI_TO_CLK           td                    0.087       0.842 r       sys_clk_ibuf/opit_1/DI_TO_CLK
                                   net (fanout=1)        0.588       1.430         nt_sys_clk       
 USCM_215_576/CLKOUT               td                    0.115       1.545 r       clkbufg_5/gopclkbufg/CLKOUT
                                   net (fanout=2)        0.397       1.942         ntclkbufg_2      
 HCKB_213_1079/CLKOUT              td                    0.233       2.175 r       HCKBROUTE_208/CLKOUT
                                   net (fanout=13)       0.314       2.489         _N298            
 DRM_40_918/CLKA[0]                                                        r       u_CORES/u_debug_core_0/u_Data_Capture_Memory/block_ram.ram_data_8/gopdrm_36k/CLKA[0]
 clock pessimism                                        -0.223       2.266                          
 clock uncertainty                                       0.000       2.266                          

 Hold time                                               0.014       2.280                          

 Data required time                                                  2.280                          
----------------------------------------------------------------------------------------------------
 Data required time                                                  2.280                          
 Data arrival time                                                  -2.395                          
----------------------------------------------------------------------------------------------------
 Slack (MET)                                                         0.115                          
====================================================================================================

====================================================================================================

Startpoint  : u_CORES/u_debug_core_0/DATA_ff[0][15]/opit_0/CLK
Endpoint    : u_CORES/u_debug_core_0/u_Data_Capture_Memory/block_ram.ram_data_8/gopdrm_36k/DA0[0]
Path Group  : sys_clk
Path Type   : min
Path Class  : sequential timing path
Clock Skew :    0.149  (Capture Clock Delay - Launch Clock Delay + Clock Pessimism Removal)
  Capture Clock Delay     :  2.489
  Launch Clock Delay      :  2.117
  Clock Pessimism Removal :  -0.223

 Location                          Delay Type             Incr        Path         Logical Resource 
----------------------------------------------------------------------------------------------------

 Clock sys_clk (rising edge)                             0.000       0.000 r                        
 R3                                                      0.000       0.000 r       sys_clk (port)   
                                   net (fanout=1)        0.096       0.096         sys_clk          
 IOBD_372_450/DIN                  td                    0.563       0.659 r       sys_clk_ibuf/opit_0/O
                                   net (fanout=1)        0.000       0.659         sys_clk_ibuf/ntD 
 IOLHR_364_450/DI_TO_CLK           td                    0.073       0.732 r       sys_clk_ibuf/opit_1/DI_TO_CLK
                                   net (fanout=1)        0.493       1.225         nt_sys_clk       
 USCM_215_576/CLKOUT               td                    0.097       1.322 r       clkbufg_5/gopclkbufg/CLKOUT
                                   net (fanout=2)        0.334       1.656         ntclkbufg_2      
 HCKB_213_506/CLKOUT               td                    0.195       1.851 r       HCKBROUTE_207/CLKOUT
                                   net (fanout=386)      0.266       2.117         _N297            
 CLMS_33_913/CLK                                                           r       u_CORES/u_debug_core_0/DATA_ff[0][15]/opit_0/CLK

 CLMS_33_913/Q0                    tco                   0.103       2.220 r       u_CORES/u_debug_core_0/DATA_ff[0][15]/opit_0/Q
                                   net (fanout=1)        0.175       2.395         u_CORES/u_debug_core_0/DATA_ff[0] [15]
 DRM_40_918/DA0[0]                                                         r       u_CORES/u_debug_core_0/u_Data_Capture_Memory/block_ram.ram_data_8/gopdrm_36k/DA0[0]

 Data arrival time                                                   2.395         Logic Levels: 0  
                                                                                   Logic: 0.103ns(37.050%), Route: 0.175ns(62.950%)
----------------------------------------------------------------------------------------------------

 Clock sys_clk (rising edge)                             0.000       0.000 r                        
 R3                                                      0.000       0.000 r       sys_clk (port)   
                                   net (fanout=1)        0.096       0.096         sys_clk          
 IOBD_372_450/DIN                  td                    0.659       0.755 r       sys_clk_ibuf/opit_0/O
                                   net (fanout=1)        0.000       0.755         sys_clk_ibuf/ntD 
 IOLHR_364_450/DI_TO_CLK           td                    0.087       0.842 r       sys_clk_ibuf/opit_1/DI_TO_CLK
                                   net (fanout=1)        0.588       1.430         nt_sys_clk       
 USCM_215_576/CLKOUT               td                    0.115       1.545 r       clkbufg_5/gopclkbufg/CLKOUT
                                   net (fanout=2)        0.397       1.942         ntclkbufg_2      
 HCKB_213_1079/CLKOUT              td                    0.233       2.175 r       HCKBROUTE_208/CLKOUT
                                   net (fanout=13)       0.314       2.489         _N298            
 DRM_40_918/CLKA[0]                                                        r       u_CORES/u_debug_core_0/u_Data_Capture_Memory/block_ram.ram_data_8/gopdrm_36k/CLKA[0]
 clock pessimism                                        -0.223       2.266                          
 clock uncertainty                                       0.000       2.266                          

 Hold time                                               0.014       2.280                          

 Data required time                                                  2.280                          
----------------------------------------------------------------------------------------------------
 Data required time                                                  2.280                          
 Data arrival time                                                  -2.395                          
----------------------------------------------------------------------------------------------------
 Slack (MET)                                                         0.115                          
====================================================================================================

====================================================================================================

Startpoint  : hdmi_i2c_inst/i2c_ctrl_inst/cnt_bit[2]/opit_0_inv_L6QL5Q_perm/CLK
Endpoint    : hdmi_i2c_inst/i2c_ctrl_inst/state_15/opit_0_inv_L6QL5Q_perm/CE
Path Group  : hdmi_i2c_inst/i2c_ctrl_inst/i2c_clk/Q[0]_Inferred
Path Type   : max
Path Class  : sequential timing path
Clock Skew :    -0.183  (Capture Clock Delay - Launch Clock Delay + Clock Pessimism Removal)
  Capture Clock Delay     :  0.297
  Launch Clock Delay      :  0.480
  Clock Pessimism Removal :  0.000

 Location                          Delay Type             Incr        Path         Logical Resource 
----------------------------------------------------------------------------------------------------

 Clock hdmi_i2c_inst/i2c_ctrl_inst/i2c_clk/Q[0]_Inferred (rising edge)
                                                         0.000       0.000 r                        
 CLMA_27_666/CR0                                         0.000       0.000 r       hdmi_i2c_inst/i2c_ctrl_inst/i2c_clk/opit_0_inv/Q
                                   net (fanout=31)       0.480       0.480         hdmi_i2c_inst/cfg_clk
 CLMS_27_637/CLK                                                           r       hdmi_i2c_inst/i2c_ctrl_inst/cnt_bit[2]/opit_0_inv_L6QL5Q_perm/CLK

 CLMS_27_637/Q0                    tco                   0.125       0.605 f       hdmi_i2c_inst/i2c_ctrl_inst/cnt_bit[2]/opit_0_inv_L6QL5Q_perm/L6Q
                                   net (fanout=15)       0.243       0.848         hdmi_i2c_inst/i2c_ctrl_inst/cnt_bit [1]
 CLMA_21_648/CR1                   td                    0.186       1.034 r       hdmi_i2c_inst/i2c_ctrl_inst/cnt_i2c_clk[1]/opit_0_inv_L6QL5_perm/L5
                                   net (fanout=2)        0.233       1.267         hdmi_i2c_inst/i2c_ctrl_inst/_N342
 CLMA_21_654/Y1                    td                    0.070       1.337 f       hdmi_i2c_inst/i2c_ctrl_inst/N736_6_8/LUT6_inst_perm/L6
                                   net (fanout=1)        0.161       1.498         hdmi_i2c_inst/i2c_ctrl_inst/_N375
 CLMA_21_643/Y3                    td                    0.104       1.602 r       hdmi_i2c_inst/i2c_ctrl_inst/N736_6_9/LUT6_inst_perm/L6
                                   net (fanout=7)        0.210       1.812         hdmi_i2c_inst/i2c_ctrl_inst/N736
 CLMA_21_643/CE                                                            r       hdmi_i2c_inst/i2c_ctrl_inst/state_15/opit_0_inv_L6QL5Q_perm/CE

 Data arrival time                                                   1.812         Logic Levels: 3  
                                                                                   Logic: 0.485ns(36.411%), Route: 0.847ns(63.589%)
----------------------------------------------------------------------------------------------------

 Clock hdmi_i2c_inst/i2c_ctrl_inst/i2c_clk/Q[0]_Inferred (rising edge)
                                                      1000.000    1000.000 r                        
 CLMA_27_666/CR0                                         0.000    1000.000 r       hdmi_i2c_inst/i2c_ctrl_inst/i2c_clk/opit_0_inv/Q
                                   net (fanout=31)       0.297    1000.297         hdmi_i2c_inst/cfg_clk
 CLMA_21_643/CLK                                                           r       hdmi_i2c_inst/i2c_ctrl_inst/state_15/opit_0_inv_L6QL5Q_perm/CLK
 clock pessimism                                         0.000    1000.297                          
 clock uncertainty                                      -0.050    1000.247                          

 Setup time                                             -0.116    1000.131                          

 Data required time                                               1000.131                          
----------------------------------------------------------------------------------------------------
 Data required time                                               1000.131                          
 Data arrival time                                                  -1.812                          
----------------------------------------------------------------------------------------------------
 Slack (MET)                                                       998.319                          
====================================================================================================

====================================================================================================

Startpoint  : hdmi_i2c_inst/i2c_ctrl_inst/cnt_bit[2]/opit_0_inv_L6QL5Q_perm/CLK
Endpoint    : hdmi_i2c_inst/i2c_ctrl_inst/state_3/opit_0_inv_L6Q_perm/CE
Path Group  : hdmi_i2c_inst/i2c_ctrl_inst/i2c_clk/Q[0]_Inferred
Path Type   : max
Path Class  : sequential timing path
Clock Skew :    -0.183  (Capture Clock Delay - Launch Clock Delay + Clock Pessimism Removal)
  Capture Clock Delay     :  0.297
  Launch Clock Delay      :  0.480
  Clock Pessimism Removal :  0.000

 Location                          Delay Type             Incr        Path         Logical Resource 
----------------------------------------------------------------------------------------------------

 Clock hdmi_i2c_inst/i2c_ctrl_inst/i2c_clk/Q[0]_Inferred (rising edge)
                                                         0.000       0.000 r                        
 CLMA_27_666/CR0                                         0.000       0.000 r       hdmi_i2c_inst/i2c_ctrl_inst/i2c_clk/opit_0_inv/Q
                                   net (fanout=31)       0.480       0.480         hdmi_i2c_inst/cfg_clk
 CLMS_27_637/CLK                                                           r       hdmi_i2c_inst/i2c_ctrl_inst/cnt_bit[2]/opit_0_inv_L6QL5Q_perm/CLK

 CLMS_27_637/Q0                    tco                   0.125       0.605 f       hdmi_i2c_inst/i2c_ctrl_inst/cnt_bit[2]/opit_0_inv_L6QL5Q_perm/L6Q
                                   net (fanout=15)       0.243       0.848         hdmi_i2c_inst/i2c_ctrl_inst/cnt_bit [1]
 CLMA_21_648/CR1                   td                    0.186       1.034 r       hdmi_i2c_inst/i2c_ctrl_inst/cnt_i2c_clk[1]/opit_0_inv_L6QL5_perm/L5
                                   net (fanout=2)        0.233       1.267         hdmi_i2c_inst/i2c_ctrl_inst/_N342
 CLMA_21_654/Y1                    td                    0.070       1.337 f       hdmi_i2c_inst/i2c_ctrl_inst/N736_6_8/LUT6_inst_perm/L6
                                   net (fanout=1)        0.161       1.498         hdmi_i2c_inst/i2c_ctrl_inst/_N375
 CLMA_21_643/Y3                    td                    0.104       1.602 r       hdmi_i2c_inst/i2c_ctrl_inst/N736_6_9/LUT6_inst_perm/L6
                                   net (fanout=7)        0.210       1.812         hdmi_i2c_inst/i2c_ctrl_inst/N736
 CLMA_21_643/CE                                                            r       hdmi_i2c_inst/i2c_ctrl_inst/state_3/opit_0_inv_L6Q_perm/CE

 Data arrival time                                                   1.812         Logic Levels: 3  
                                                                                   Logic: 0.485ns(36.411%), Route: 0.847ns(63.589%)
----------------------------------------------------------------------------------------------------

 Clock hdmi_i2c_inst/i2c_ctrl_inst/i2c_clk/Q[0]_Inferred (rising edge)
                                                      1000.000    1000.000 r                        
 CLMA_27_666/CR0                                         0.000    1000.000 r       hdmi_i2c_inst/i2c_ctrl_inst/i2c_clk/opit_0_inv/Q
                                   net (fanout=31)       0.297    1000.297         hdmi_i2c_inst/cfg_clk
 CLMA_21_643/CLK                                                           r       hdmi_i2c_inst/i2c_ctrl_inst/state_3/opit_0_inv_L6Q_perm/CLK
 clock pessimism                                         0.000    1000.297                          
 clock uncertainty                                      -0.050    1000.247                          

 Setup time                                             -0.116    1000.131                          

 Data required time                                               1000.131                          
----------------------------------------------------------------------------------------------------
 Data required time                                               1000.131                          
 Data arrival time                                                  -1.812                          
----------------------------------------------------------------------------------------------------
 Slack (MET)                                                       998.319                          
====================================================================================================

====================================================================================================

Startpoint  : hdmi_i2c_inst/i2c_ctrl_inst/cnt_bit[2]/opit_0_inv_L6QL5Q_perm/CLK
Endpoint    : hdmi_i2c_inst/i2c_ctrl_inst/state_0/opit_0_inv/CE
Path Group  : hdmi_i2c_inst/i2c_ctrl_inst/i2c_clk/Q[0]_Inferred
Path Type   : max
Path Class  : sequential timing path
Clock Skew :    -0.183  (Capture Clock Delay - Launch Clock Delay + Clock Pessimism Removal)
  Capture Clock Delay     :  0.297
  Launch Clock Delay      :  0.480
  Clock Pessimism Removal :  0.000

 Location                          Delay Type             Incr        Path         Logical Resource 
----------------------------------------------------------------------------------------------------

 Clock hdmi_i2c_inst/i2c_ctrl_inst/i2c_clk/Q[0]_Inferred (rising edge)
                                                         0.000       0.000 r                        
 CLMA_27_666/CR0                                         0.000       0.000 r       hdmi_i2c_inst/i2c_ctrl_inst/i2c_clk/opit_0_inv/Q
                                   net (fanout=31)       0.480       0.480         hdmi_i2c_inst/cfg_clk
 CLMS_27_637/CLK                                                           r       hdmi_i2c_inst/i2c_ctrl_inst/cnt_bit[2]/opit_0_inv_L6QL5Q_perm/CLK

 CLMS_27_637/Q0                    tco                   0.125       0.605 f       hdmi_i2c_inst/i2c_ctrl_inst/cnt_bit[2]/opit_0_inv_L6QL5Q_perm/L6Q
                                   net (fanout=15)       0.243       0.848         hdmi_i2c_inst/i2c_ctrl_inst/cnt_bit [1]
 CLMA_21_648/CR1                   td                    0.186       1.034 r       hdmi_i2c_inst/i2c_ctrl_inst/cnt_i2c_clk[1]/opit_0_inv_L6QL5_perm/L5
                                   net (fanout=2)        0.233       1.267         hdmi_i2c_inst/i2c_ctrl_inst/_N342
 CLMA_21_654/Y1                    td                    0.070       1.337 f       hdmi_i2c_inst/i2c_ctrl_inst/N736_6_8/LUT6_inst_perm/L6
                                   net (fanout=1)        0.161       1.498         hdmi_i2c_inst/i2c_ctrl_inst/_N375
 CLMA_21_643/Y3                    td                    0.104       1.602 r       hdmi_i2c_inst/i2c_ctrl_inst/N736_6_9/LUT6_inst_perm/L6
                                   net (fanout=7)        0.210       1.812         hdmi_i2c_inst/i2c_ctrl_inst/N736
 CLMA_21_643/CE                                                            r       hdmi_i2c_inst/i2c_ctrl_inst/state_0/opit_0_inv/CE

 Data arrival time                                                   1.812         Logic Levels: 3  
                                                                                   Logic: 0.485ns(36.411%), Route: 0.847ns(63.589%)
----------------------------------------------------------------------------------------------------

 Clock hdmi_i2c_inst/i2c_ctrl_inst/i2c_clk/Q[0]_Inferred (rising edge)
                                                      1000.000    1000.000 r                        
 CLMA_27_666/CR0                                         0.000    1000.000 r       hdmi_i2c_inst/i2c_ctrl_inst/i2c_clk/opit_0_inv/Q
                                   net (fanout=31)       0.297    1000.297         hdmi_i2c_inst/cfg_clk
 CLMA_21_643/CLK                                                           r       hdmi_i2c_inst/i2c_ctrl_inst/state_0/opit_0_inv/CLK
 clock pessimism                                         0.000    1000.297                          
 clock uncertainty                                      -0.050    1000.247                          

 Setup time                                             -0.116    1000.131                          

 Data required time                                               1000.131                          
----------------------------------------------------------------------------------------------------
 Data required time                                               1000.131                          
 Data arrival time                                                  -1.812                          
----------------------------------------------------------------------------------------------------
 Slack (MET)                                                       998.319                          
====================================================================================================

====================================================================================================

Startpoint  : hdmi_i2c_inst/i2c_ctrl_inst/cnt_i2c_clk[1]/opit_0_inv_L6QL5_perm/CLK
Endpoint    : hdmi_i2c_inst/i2c_ctrl_inst/state_15/opit_0_inv_L6QL5Q_perm/I3
Path Group  : hdmi_i2c_inst/i2c_ctrl_inst/i2c_clk/Q[0]_Inferred
Path Type   : min
Path Class  : sequential timing path
Clock Skew :    0.199  (Capture Clock Delay - Launch Clock Delay + Clock Pessimism Removal)
  Capture Clock Delay     :  0.388
  Launch Clock Delay      :  0.189
  Clock Pessimism Removal :  0.000

 Location                          Delay Type             Incr        Path         Logical Resource 
----------------------------------------------------------------------------------------------------

 Clock hdmi_i2c_inst/i2c_ctrl_inst/i2c_clk/Q[0]_Inferred (rising edge)
                                                         0.000       0.000 r                        
 CLMA_27_666/CR0                                         0.000       0.000 r       hdmi_i2c_inst/i2c_ctrl_inst/i2c_clk/opit_0_inv/Q
                                   net (fanout=31)       0.189       0.189         hdmi_i2c_inst/cfg_clk
 CLMA_21_648/CLK                                                           r       hdmi_i2c_inst/i2c_ctrl_inst/cnt_i2c_clk[1]/opit_0_inv_L6QL5_perm/CLK

 CLMA_21_648/Q1                    tco                   0.103       0.292 r       hdmi_i2c_inst/i2c_ctrl_inst/cnt_i2c_clk[1]/opit_0_inv_L6QL5_perm/L6Q
                                   net (fanout=12)       0.122       0.414         hdmi_i2c_inst/i2c_ctrl_inst/N390
 CLMA_21_643/A3                                                            r       hdmi_i2c_inst/i2c_ctrl_inst/state_15/opit_0_inv_L6QL5Q_perm/I3

 Data arrival time                                                   0.414         Logic Levels: 0  
                                                                                   Logic: 0.103ns(45.778%), Route: 0.122ns(54.222%)
----------------------------------------------------------------------------------------------------

 Clock hdmi_i2c_inst/i2c_ctrl_inst/i2c_clk/Q[0]_Inferred (rising edge)
                                                         0.000       0.000 r                        
 CLMA_27_666/CR0                                         0.000       0.000 r       hdmi_i2c_inst/i2c_ctrl_inst/i2c_clk/opit_0_inv/Q
                                   net (fanout=31)       0.388       0.388         hdmi_i2c_inst/cfg_clk
 CLMA_21_643/CLK                                                           r       hdmi_i2c_inst/i2c_ctrl_inst/state_15/opit_0_inv_L6QL5Q_perm/CLK
 clock pessimism                                         0.000       0.388                          
 clock uncertainty                                       0.000       0.388                          

 Hold time                                              -0.024       0.364                          

 Data required time                                                  0.364                          
----------------------------------------------------------------------------------------------------
 Data required time                                                  0.364                          
 Data arrival time                                                  -0.414                          
----------------------------------------------------------------------------------------------------
 Slack (MET)                                                         0.050                          
====================================================================================================

====================================================================================================

Startpoint  : hdmi_i2c_inst/i2c_ctrl_inst/cnt_i2c_clk[1]/opit_0_inv_L6QL5_perm/CLK
Endpoint    : hdmi_i2c_inst/i2c_ctrl_inst/state_6/opit_0_inv_L6QL5Q_perm/I2
Path Group  : hdmi_i2c_inst/i2c_ctrl_inst/i2c_clk/Q[0]_Inferred
Path Type   : min
Path Class  : sequential timing path
Clock Skew :    0.199  (Capture Clock Delay - Launch Clock Delay + Clock Pessimism Removal)
  Capture Clock Delay     :  0.388
  Launch Clock Delay      :  0.189
  Clock Pessimism Removal :  0.000

 Location                          Delay Type             Incr        Path         Logical Resource 
----------------------------------------------------------------------------------------------------

 Clock hdmi_i2c_inst/i2c_ctrl_inst/i2c_clk/Q[0]_Inferred (rising edge)
                                                         0.000       0.000 r                        
 CLMA_27_666/CR0                                         0.000       0.000 r       hdmi_i2c_inst/i2c_ctrl_inst/i2c_clk/opit_0_inv/Q
                                   net (fanout=31)       0.189       0.189         hdmi_i2c_inst/cfg_clk
 CLMA_21_648/CLK                                                           r       hdmi_i2c_inst/i2c_ctrl_inst/cnt_i2c_clk[1]/opit_0_inv_L6QL5_perm/CLK

 CLMA_21_648/Q1                    tco                   0.109       0.298 f       hdmi_i2c_inst/i2c_ctrl_inst/cnt_i2c_clk[1]/opit_0_inv_L6QL5_perm/L6Q
                                   net (fanout=12)       0.112       0.410         hdmi_i2c_inst/i2c_ctrl_inst/N390
 CLMA_21_643/B2                                                            f       hdmi_i2c_inst/i2c_ctrl_inst/state_6/opit_0_inv_L6QL5Q_perm/I2

 Data arrival time                                                   0.410         Logic Levels: 0  
                                                                                   Logic: 0.109ns(49.321%), Route: 0.112ns(50.679%)
----------------------------------------------------------------------------------------------------

 Clock hdmi_i2c_inst/i2c_ctrl_inst/i2c_clk/Q[0]_Inferred (rising edge)
                                                         0.000       0.000 r                        
 CLMA_27_666/CR0                                         0.000       0.000 r       hdmi_i2c_inst/i2c_ctrl_inst/i2c_clk/opit_0_inv/Q
                                   net (fanout=31)       0.388       0.388         hdmi_i2c_inst/cfg_clk
 CLMA_21_643/CLK                                                           r       hdmi_i2c_inst/i2c_ctrl_inst/state_6/opit_0_inv_L6QL5Q_perm/CLK
 clock pessimism                                         0.000       0.388                          
 clock uncertainty                                       0.000       0.388                          

 Hold time                                              -0.055       0.333                          

 Data required time                                                  0.333                          
----------------------------------------------------------------------------------------------------
 Data required time                                                  0.333                          
 Data arrival time                                                  -0.410                          
----------------------------------------------------------------------------------------------------
 Slack (MET)                                                         0.077                          
====================================================================================================

====================================================================================================

Startpoint  : hdmi_i2c_inst/i2c_ctrl_inst/cnt_i2c_clk[0]/opit_0_inv_L5Q_perm/CLK
Endpoint    : hdmi_i2c_inst/i2c_ctrl_inst/state_6/opit_0_inv_L6QL5Q_perm/I1
Path Group  : hdmi_i2c_inst/i2c_ctrl_inst/i2c_clk/Q[0]_Inferred
Path Type   : min
Path Class  : sequential timing path
Clock Skew :    0.199  (Capture Clock Delay - Launch Clock Delay + Clock Pessimism Removal)
  Capture Clock Delay     :  0.388
  Launch Clock Delay      :  0.189
  Clock Pessimism Removal :  0.000

 Location                          Delay Type             Incr        Path         Logical Resource 
----------------------------------------------------------------------------------------------------

 Clock hdmi_i2c_inst/i2c_ctrl_inst/i2c_clk/Q[0]_Inferred (rising edge)
                                                         0.000       0.000 r                        
 CLMA_27_666/CR0                                         0.000       0.000 r       hdmi_i2c_inst/i2c_ctrl_inst/i2c_clk/opit_0_inv/Q
                                   net (fanout=31)       0.189       0.189         hdmi_i2c_inst/cfg_clk
 CLMA_21_648/CLK                                                           r       hdmi_i2c_inst/i2c_ctrl_inst/cnt_i2c_clk[0]/opit_0_inv_L5Q_perm/CLK

 CLMA_21_648/CR0                   tco                   0.123       0.312 f       hdmi_i2c_inst/i2c_ctrl_inst/cnt_i2c_clk[0]/opit_0_inv_L5Q_perm/L5Q
                                   net (fanout=12)       0.112       0.424         hdmi_i2c_inst/i2c_ctrl_inst/cnt_i2c_clk [0]
 CLMA_21_643/B1                                                            f       hdmi_i2c_inst/i2c_ctrl_inst/state_6/opit_0_inv_L6QL5Q_perm/I1

 Data arrival time                                                   0.424         Logic Levels: 0  
                                                                                   Logic: 0.123ns(52.340%), Route: 0.112ns(47.660%)
----------------------------------------------------------------------------------------------------

 Clock hdmi_i2c_inst/i2c_ctrl_inst/i2c_clk/Q[0]_Inferred (rising edge)
                                                         0.000       0.000 r                        
 CLMA_27_666/CR0                                         0.000       0.000 r       hdmi_i2c_inst/i2c_ctrl_inst/i2c_clk/opit_0_inv/Q
                                   net (fanout=31)       0.388       0.388         hdmi_i2c_inst/cfg_clk
 CLMA_21_643/CLK                                                           r       hdmi_i2c_inst/i2c_ctrl_inst/state_6/opit_0_inv_L6QL5Q_perm/CLK
 clock pessimism                                         0.000       0.388                          
 clock uncertainty                                       0.000       0.388                          

 Hold time                                              -0.070       0.318                          

 Data required time                                                  0.318                          
----------------------------------------------------------------------------------------------------
 Data required time                                                  0.318                          
 Data arrival time                                                  -0.424                          
----------------------------------------------------------------------------------------------------
 Slack (MET)                                                         0.106                          
====================================================================================================

====================================================================================================

Startpoint  : u_CORES/u_jtag_hub/data_ctrl/opit_0_inv_L6Q/CLK
Endpoint    : u_CORES/u_jtag_hub/id_o[4]/opit_0_inv_L6QL5_perm/I2
Path Group  : DebugCore_JCLK
Path Type   : max
Path Class  : sequential timing path
Clock Skew :    -0.061  (Capture Clock Delay - Launch Clock Delay + Clock Pessimism Removal)
  Capture Clock Delay     :  2.201
  Launch Clock Delay      :  2.616
  Clock Pessimism Removal :  0.354

 Location                          Delay Type             Incr        Path         Logical Resource 
----------------------------------------------------------------------------------------------------

 Clock DebugCore_JCLK (rising edge)
                                                         0.000       0.000 r                        
 SCANCHAIN_88_312/TCK1                                   0.000       0.000 r       u_CORES/u_GTP_SCANCHAIN_PG/scanchain/TCK1
                                   net (fanout=1)        1.519       1.519         u_CORES/drck_o   
 USCM_215_669/CLKOUT               td                    0.115       1.634 r       clkbufg_4/gopclkbufg/CLKOUT
                                   net (fanout=2)        0.397       2.031         ntclkbufg_1      
 HCKB_213_516/CLKOUT               td                    0.233       2.264 r       HCKBROUTE_205/CLKOUT
                                   net (fanout=134)      0.352       2.616         _N295            
 CLMA_63_732/CLK                                                           r       u_CORES/u_jtag_hub/data_ctrl/opit_0_inv_L6Q/CLK

 CLMA_63_732/Q0                    tco                   0.125       2.741 f       u_CORES/u_jtag_hub/data_ctrl/opit_0_inv_L6Q/L6Q
                                   net (fanout=7)        0.497       3.238         u_CORES/u_jtag_hub/data_ctrl
 CLMS_45_799/D2                                                            f       u_CORES/u_jtag_hub/id_o[4]/opit_0_inv_L6QL5_perm/I2

 Data arrival time                                                   3.238         Logic Levels: 0  
                                                                                   Logic: 0.125ns(20.096%), Route: 0.497ns(79.904%)
----------------------------------------------------------------------------------------------------

 Clock DebugCore_JCLK (falling edge)
                                                        25.000      25.000 f                        
 SCANCHAIN_88_312/TCK1                                   0.000      25.000 f       u_CORES/u_GTP_SCANCHAIN_PG/scanchain/TCK1
                                   net (fanout=1)        1.284      26.284         u_CORES/drck_o   
 USCM_215_669/CLKOUT               td                    0.097      26.381 f       clkbufg_4/gopclkbufg/CLKOUT
                                   net (fanout=2)        0.334      26.715         ntclkbufg_1      
 HCKB_213_516/CLKOUT               td                    0.195      26.910 f       HCKBROUTE_205/CLKOUT
                                   net (fanout=134)      0.291      27.201         _N295            
 CLMS_45_799/CLK                                                           f       u_CORES/u_jtag_hub/id_o[4]/opit_0_inv_L6QL5_perm/CLK
 clock pessimism                                         0.354      27.555                          
 clock uncertainty                                      -0.050      27.505                          

 Setup time                                             -0.125      27.380                          

 Data required time                                                 27.380                          
----------------------------------------------------------------------------------------------------
 Data required time                                                 27.380                          
 Data arrival time                                                  -3.238                          
----------------------------------------------------------------------------------------------------
 Slack (MET)                                                        24.142                          
====================================================================================================

====================================================================================================

Startpoint  : u_CORES/u_jtag_hub/data_ctrl/opit_0_inv_L6Q/CLK
Endpoint    : u_CORES/u_jtag_hub/conf_sel[0]/opit_0_inv_L6Q_perm/I1
Path Group  : DebugCore_JCLK
Path Type   : max
Path Class  : sequential timing path
Clock Skew :    -0.059  (Capture Clock Delay - Launch Clock Delay + Clock Pessimism Removal)
  Capture Clock Delay     :  2.203
  Launch Clock Delay      :  2.616
  Clock Pessimism Removal :  0.354

 Location                          Delay Type             Incr        Path         Logical Resource 
----------------------------------------------------------------------------------------------------

 Clock DebugCore_JCLK (rising edge)
                                                         0.000       0.000 r                        
 SCANCHAIN_88_312/TCK1                                   0.000       0.000 r       u_CORES/u_GTP_SCANCHAIN_PG/scanchain/TCK1
                                   net (fanout=1)        1.519       1.519         u_CORES/drck_o   
 USCM_215_669/CLKOUT               td                    0.115       1.634 r       clkbufg_4/gopclkbufg/CLKOUT
                                   net (fanout=2)        0.397       2.031         ntclkbufg_1      
 HCKB_213_516/CLKOUT               td                    0.233       2.264 r       HCKBROUTE_205/CLKOUT
                                   net (fanout=134)      0.352       2.616         _N295            
 CLMA_63_732/CLK                                                           r       u_CORES/u_jtag_hub/data_ctrl/opit_0_inv_L6Q/CLK

 CLMA_63_732/Q0                    tco                   0.125       2.741 f       u_CORES/u_jtag_hub/data_ctrl/opit_0_inv_L6Q/L6Q
                                   net (fanout=7)        0.466       3.207         u_CORES/u_jtag_hub/data_ctrl
 CLMA_51_792/A1                                                            f       u_CORES/u_jtag_hub/conf_sel[0]/opit_0_inv_L6Q_perm/I1

 Data arrival time                                                   3.207         Logic Levels: 0  
                                                                                   Logic: 0.125ns(21.151%), Route: 0.466ns(78.849%)
----------------------------------------------------------------------------------------------------

 Clock DebugCore_JCLK (falling edge)
                                                        25.000      25.000 f                        
 SCANCHAIN_88_312/TCK1                                   0.000      25.000 f       u_CORES/u_GTP_SCANCHAIN_PG/scanchain/TCK1
                                   net (fanout=1)        1.284      26.284         u_CORES/drck_o   
 USCM_215_669/CLKOUT               td                    0.097      26.381 f       clkbufg_4/gopclkbufg/CLKOUT
                                   net (fanout=2)        0.334      26.715         ntclkbufg_1      
 HCKB_213_516/CLKOUT               td                    0.195      26.910 f       HCKBROUTE_205/CLKOUT
                                   net (fanout=134)      0.293      27.203         _N295            
 CLMA_51_792/CLK                                                           f       u_CORES/u_jtag_hub/conf_sel[0]/opit_0_inv_L6Q_perm/CLK
 clock pessimism                                         0.354      27.557                          
 clock uncertainty                                      -0.050      27.507                          

 Setup time                                             -0.148      27.359                          

 Data required time                                                 27.359                          
----------------------------------------------------------------------------------------------------
 Data required time                                                 27.359                          
 Data arrival time                                                  -3.207                          
----------------------------------------------------------------------------------------------------
 Slack (MET)                                                        24.152                          
====================================================================================================

====================================================================================================

Startpoint  : u_CORES/u_jtag_hub/data_ctrl/opit_0_inv_L6Q/CLK
Endpoint    : u_CORES/u_jtag_hub/id_o[1]/opit_0_inv_L6Q_LUT6DQL5Q_perm/I1
Path Group  : DebugCore_JCLK
Path Type   : max
Path Class  : sequential timing path
Clock Skew :    -0.061  (Capture Clock Delay - Launch Clock Delay + Clock Pessimism Removal)
  Capture Clock Delay     :  2.201
  Launch Clock Delay      :  2.616
  Clock Pessimism Removal :  0.354

 Location                          Delay Type             Incr        Path         Logical Resource 
----------------------------------------------------------------------------------------------------

 Clock DebugCore_JCLK (rising edge)
                                                         0.000       0.000 r                        
 SCANCHAIN_88_312/TCK1                                   0.000       0.000 r       u_CORES/u_GTP_SCANCHAIN_PG/scanchain/TCK1
                                   net (fanout=1)        1.519       1.519         u_CORES/drck_o   
 USCM_215_669/CLKOUT               td                    0.115       1.634 r       clkbufg_4/gopclkbufg/CLKOUT
                                   net (fanout=2)        0.397       2.031         ntclkbufg_1      
 HCKB_213_516/CLKOUT               td                    0.233       2.264 r       HCKBROUTE_205/CLKOUT
                                   net (fanout=134)      0.352       2.616         _N295            
 CLMA_63_732/CLK                                                           r       u_CORES/u_jtag_hub/data_ctrl/opit_0_inv_L6Q/CLK

 CLMA_63_732/Q0                    tco                   0.125       2.741 f       u_CORES/u_jtag_hub/data_ctrl/opit_0_inv_L6Q/L6Q
                                   net (fanout=7)        0.429       3.170         u_CORES/u_jtag_hub/data_ctrl
 CLMS_45_799/A1                                                            f       u_CORES/u_jtag_hub/id_o[1]/opit_0_inv_L6Q_LUT6DQL5Q_perm/I1

 Data arrival time                                                   3.170         Logic Levels: 0  
                                                                                   Logic: 0.125ns(22.563%), Route: 0.429ns(77.437%)
----------------------------------------------------------------------------------------------------

 Clock DebugCore_JCLK (falling edge)
                                                        25.000      25.000 f                        
 SCANCHAIN_88_312/TCK1                                   0.000      25.000 f       u_CORES/u_GTP_SCANCHAIN_PG/scanchain/TCK1
                                   net (fanout=1)        1.284      26.284         u_CORES/drck_o   
 USCM_215_669/CLKOUT               td                    0.097      26.381 f       clkbufg_4/gopclkbufg/CLKOUT
                                   net (fanout=2)        0.334      26.715         ntclkbufg_1      
 HCKB_213_516/CLKOUT               td                    0.195      26.910 f       HCKBROUTE_205/CLKOUT
                                   net (fanout=134)      0.291      27.201         _N295            
 CLMS_45_799/CLK                                                           f       u_CORES/u_jtag_hub/id_o[1]/opit_0_inv_L6Q_LUT6DQL5Q_perm/CLK
 clock pessimism                                         0.354      27.555                          
 clock uncertainty                                      -0.050      27.505                          

 Setup time                                             -0.148      27.357                          

 Data required time                                                 27.357                          
----------------------------------------------------------------------------------------------------
 Data required time                                                 27.357                          
 Data arrival time                                                  -3.170                          
----------------------------------------------------------------------------------------------------
 Slack (MET)                                                        24.187                          
====================================================================================================

====================================================================================================

Startpoint  : u_CORES/u_debug_core_0/u_hub_data_decode/conf_rst/opit_0_inv_L6Q_perm/CLK
Endpoint    : u_CORES/u_debug_core_0/u_rd_addr_gen/ram_radr[2]/opit_0_inv_AQ_perm/I3
Path Group  : DebugCore_JCLK
Path Type   : min
Path Class  : sequential timing path
Clock Skew :    0.038  (Capture Clock Delay - Launch Clock Delay + Clock Pessimism Removal)
  Capture Clock Delay     :  2.602
  Launch Clock Delay      :  2.128
  Clock Pessimism Removal :  -0.436

 Location                          Delay Type             Incr        Path         Logical Resource 
----------------------------------------------------------------------------------------------------

 Clock DebugCore_JCLK (rising edge)
                                                         0.000       0.000 r                        
 SCANCHAIN_88_312/TCK1                                   0.000       0.000 r       u_CORES/u_GTP_SCANCHAIN_PG/scanchain/TCK1
                                   net (fanout=1)        1.212       1.212         u_CORES/drck_o   
 USCM_215_669/CLKOUT               td                    0.097       1.309 r       clkbufg_4/gopclkbufg/CLKOUT
                                   net (fanout=2)        0.334       1.643         ntclkbufg_1      
 HCKB_213_516/CLKOUT               td                    0.195       1.838 r       HCKBROUTE_205/CLKOUT
                                   net (fanout=134)      0.290       2.128         _N295            
 CLMS_45_793/CLK                                                           r       u_CORES/u_debug_core_0/u_hub_data_decode/conf_rst/opit_0_inv_L6Q_perm/CLK

 CLMS_45_793/Q1                    tco                   0.103       2.231 r       u_CORES/u_debug_core_0/u_hub_data_decode/conf_rst/opit_0_inv_L6Q_perm/L6Q
                                   net (fanout=77)       0.063       2.294         u_CORES/u_debug_core_0/conf_rst
 CLMA_45_792/C3                                                            r       u_CORES/u_debug_core_0/u_rd_addr_gen/ram_radr[2]/opit_0_inv_AQ_perm/I3

 Data arrival time                                                   2.294         Logic Levels: 0  
                                                                                   Logic: 0.103ns(62.048%), Route: 0.063ns(37.952%)
----------------------------------------------------------------------------------------------------

 Clock DebugCore_JCLK (rising edge)
                                                         0.000       0.000 r                        
 SCANCHAIN_88_312/TCK1                                   0.000       0.000 r       u_CORES/u_GTP_SCANCHAIN_PG/scanchain/TCK1
                                   net (fanout=1)        1.519       1.519         u_CORES/drck_o   
 USCM_215_669/CLKOUT               td                    0.115       1.634 r       clkbufg_4/gopclkbufg/CLKOUT
                                   net (fanout=2)        0.397       2.031         ntclkbufg_1      
 HCKB_213_516/CLKOUT               td                    0.233       2.264 r       HCKBROUTE_205/CLKOUT
                                   net (fanout=134)      0.338       2.602         _N295            
 CLMA_45_792/CLK                                                           r       u_CORES/u_debug_core_0/u_rd_addr_gen/ram_radr[3]/opit_0_inv_AQ_perm/CLK
 clock pessimism                                        -0.436       2.166                          
 clock uncertainty                                       0.000       2.166                          

 Hold time                                              -0.033       2.133                          

 Data required time                                                  2.133                          
----------------------------------------------------------------------------------------------------
 Data required time                                                  2.133                          
 Data arrival time                                                  -2.294                          
----------------------------------------------------------------------------------------------------
 Slack (MET)                                                         0.161                          
====================================================================================================

====================================================================================================

Startpoint  : u_CORES/u_debug_core_0/u_rd_addr_gen/ram_radr[11]/opit_0_inv_AQ_perm/CLK
Endpoint    : u_CORES/u_debug_core_0/u_Data_Capture_Memory/block_ram.ram_data_12/gopdrm_36k/ADB0[9]
Path Group  : DebugCore_JCLK
Path Type   : min
Path Class  : sequential timing path
Clock Skew :    0.014  (Capture Clock Delay - Launch Clock Delay + Clock Pessimism Removal)
  Capture Clock Delay     :  2.599
  Launch Clock Delay      :  2.126
  Clock Pessimism Removal :  -0.459

 Location                          Delay Type             Incr        Path         Logical Resource 
----------------------------------------------------------------------------------------------------

 Clock DebugCore_JCLK (rising edge)
                                                         0.000       0.000 r                        
 SCANCHAIN_88_312/TCK1                                   0.000       0.000 r       u_CORES/u_GTP_SCANCHAIN_PG/scanchain/TCK1
                                   net (fanout=1)        1.212       1.212         u_CORES/drck_o   
 USCM_215_669/CLKOUT               td                    0.097       1.309 r       clkbufg_4/gopclkbufg/CLKOUT
                                   net (fanout=2)        0.334       1.643         ntclkbufg_1      
 HCKB_213_516/CLKOUT               td                    0.195       1.838 r       HCKBROUTE_205/CLKOUT
                                   net (fanout=134)      0.288       2.126         _N295            
 CLMA_45_804/CLK                                                           r       u_CORES/u_debug_core_0/u_rd_addr_gen/ram_radr[11]/opit_0_inv_AQ_perm/CLK

 CLMA_45_804/Q0                    tco                   0.109       2.235 f       u_CORES/u_debug_core_0/u_rd_addr_gen/ram_radr[8]/opit_0_inv_AQ_perm/Q
                                   net (fanout=16)       0.130       2.365         u_CORES/u_debug_core_0/ram_radr [8]
 DRM_40_798/ADB0[9]                                                        f       u_CORES/u_debug_core_0/u_Data_Capture_Memory/block_ram.ram_data_12/gopdrm_36k/ADB0[9]

 Data arrival time                                                   2.365         Logic Levels: 0  
                                                                                   Logic: 0.109ns(45.607%), Route: 0.130ns(54.393%)
----------------------------------------------------------------------------------------------------

 Clock DebugCore_JCLK (rising edge)
                                                         0.000       0.000 r                        
 SCANCHAIN_88_312/TCK1                                   0.000       0.000 r       u_CORES/u_GTP_SCANCHAIN_PG/scanchain/TCK1
                                   net (fanout=1)        1.519       1.519         u_CORES/drck_o   
 USCM_215_669/CLKOUT               td                    0.115       1.634 r       clkbufg_4/gopclkbufg/CLKOUT
                                   net (fanout=2)        0.397       2.031         ntclkbufg_1      
 HCKB_213_516/CLKOUT               td                    0.233       2.264 r       HCKBROUTE_205/CLKOUT
                                   net (fanout=134)      0.335       2.599         _N295            
 DRM_40_798/CLKB[0]                                                        r       u_CORES/u_debug_core_0/u_Data_Capture_Memory/block_ram.ram_data_12/gopdrm_36k/CLKB[0]
 clock pessimism                                        -0.459       2.140                          
 clock uncertainty                                       0.000       2.140                          

 Hold time                                               0.048       2.188                          

 Data required time                                                  2.188                          
----------------------------------------------------------------------------------------------------
 Data required time                                                  2.188                          
 Data arrival time                                                  -2.365                          
----------------------------------------------------------------------------------------------------
 Slack (MET)                                                         0.177                          
====================================================================================================

====================================================================================================

Startpoint  : u_CORES/u_debug_core_0/u_Storage_Condition/u_cfg_reg_file/bit_cnt[2]/opit_0_inv_L6QL5Q_perm/CLK
Endpoint    : u_CORES/u_debug_core_0/u_Storage_Condition/u_cfg_reg_file/bit_cnt[3]/opit_0_inv_L6Q_perm/I3
Path Group  : DebugCore_JCLK
Path Type   : min
Path Class  : sequential timing path
Clock Skew :    0.015  (Capture Clock Delay - Launch Clock Delay + Clock Pessimism Removal)
  Capture Clock Delay     :  2.591
  Launch Clock Delay      :  2.117
  Clock Pessimism Removal :  -0.459

 Location                          Delay Type             Incr        Path         Logical Resource 
----------------------------------------------------------------------------------------------------

 Clock DebugCore_JCLK (rising edge)
                                                         0.000       0.000 r                        
 SCANCHAIN_88_312/TCK1                                   0.000       0.000 r       u_CORES/u_GTP_SCANCHAIN_PG/scanchain/TCK1
                                   net (fanout=1)        1.212       1.212         u_CORES/drck_o   
 USCM_215_669/CLKOUT               td                    0.097       1.309 r       clkbufg_4/gopclkbufg/CLKOUT
                                   net (fanout=2)        0.334       1.643         ntclkbufg_1      
 HCKB_213_516/CLKOUT               td                    0.195       1.838 r       HCKBROUTE_205/CLKOUT
                                   net (fanout=134)      0.279       2.117         _N295            
 CLMA_21_829/CLK                                                           r       u_CORES/u_debug_core_0/u_Storage_Condition/u_cfg_reg_file/bit_cnt[2]/opit_0_inv_L6QL5Q_perm/CLK

 CLMA_21_829/Q3                    tco                   0.103       2.220 r       u_CORES/u_debug_core_0/u_Storage_Condition/u_cfg_reg_file/bit_cnt[2]/opit_0_inv_L6QL5Q_perm/L6Q
                                   net (fanout=9)        0.059       2.279         u_CORES/u_debug_core_0/u_Storage_Condition/u_cfg_reg_file/bit_cnt [1]
 CLMA_21_828/A3                                                            r       u_CORES/u_debug_core_0/u_Storage_Condition/u_cfg_reg_file/bit_cnt[3]/opit_0_inv_L6Q_perm/I3

 Data arrival time                                                   2.279         Logic Levels: 0  
                                                                                   Logic: 0.103ns(63.580%), Route: 0.059ns(36.420%)
----------------------------------------------------------------------------------------------------

 Clock DebugCore_JCLK (rising edge)
                                                         0.000       0.000 r                        
 SCANCHAIN_88_312/TCK1                                   0.000       0.000 r       u_CORES/u_GTP_SCANCHAIN_PG/scanchain/TCK1
                                   net (fanout=1)        1.519       1.519         u_CORES/drck_o   
 USCM_215_669/CLKOUT               td                    0.115       1.634 r       clkbufg_4/gopclkbufg/CLKOUT
                                   net (fanout=2)        0.397       2.031         ntclkbufg_1      
 HCKB_213_516/CLKOUT               td                    0.233       2.264 r       HCKBROUTE_205/CLKOUT
                                   net (fanout=134)      0.327       2.591         _N295            
 CLMA_21_828/CLK                                                           r       u_CORES/u_debug_core_0/u_Storage_Condition/u_cfg_reg_file/bit_cnt[3]/opit_0_inv_L6Q_perm/CLK
 clock pessimism                                        -0.459       2.132                          
 clock uncertainty                                       0.000       2.132                          

 Hold time                                              -0.033       2.099                          

 Data required time                                                  2.099                          
----------------------------------------------------------------------------------------------------
 Data required time                                                  2.099                          
 Data arrival time                                                  -2.279                          
----------------------------------------------------------------------------------------------------
 Slack (MET)                                                         0.180                          
====================================================================================================

====================================================================================================

Startpoint  : u_CORES/u_debug_core_0/u_hub_data_decode/conf_id[3]/opit_0_inv/CLK
Endpoint    : u_CORES/u_debug_core_0/u_hub_data_decode/conf_rden[16]/opit_0_inv_L6Q_LUT6DQL5Q/I2
Path Group  : DebugCore_JCLK
Path Type   : max
Path Class  : sequential timing path
Clock Skew :    0.282  (Capture Clock Delay - Launch Clock Delay + Clock Pessimism Removal)
  Capture Clock Delay     :  2.123
  Launch Clock Delay      :  1.841
  Clock Pessimism Removal :  0.000

 Location                          Delay Type             Incr        Path         Logical Resource 
----------------------------------------------------------------------------------------------------

 Clock DebugCore_CAPTURE (rising edge)
                                                        25.000      25.000 r                        
 SCANCHAIN_88_312/CAPTUREDR                              0.000      25.000 r       u_CORES/u_GTP_SCANCHAIN_PG/scanchain/CAPTUREDR
                                   net (fanout=1)        0.757      25.757         u_CORES/capt_o   
 USCM_215_666/CLKOUT               td                    0.115      25.872 r       clkbufg_3/gopclkbufg/CLKOUT
                                   net (fanout=1)        0.397      26.269         ntclkbufg_0      
 HCKB_213_517/CLKOUT               td                    0.233      26.502 r       HCKBROUTE_204/CLKOUT
                                   net (fanout=11)       0.339      26.841         _N294            
 CLMS_45_787/CLK                                                           r       u_CORES/u_debug_core_0/u_hub_data_decode/conf_id[3]/opit_0_inv/CLK

 CLMS_45_787/Q0                    tco                   0.125      26.966 f       u_CORES/u_debug_core_0/u_hub_data_decode/conf_id[3]/opit_0_inv/Q
                                   net (fanout=11)       0.243      27.209         u_CORES/u_debug_core_0/conf_id_o [3]
 CLMS_45_805/Y2                    td                    0.125      27.334 f       u_CORES/u_debug_core_0/u_hub_data_decode/N401_8_7/gateop_perm/L6
                                   net (fanout=1)        0.160      27.494         u_CORES/u_debug_core_0/u_hub_data_decode/_N1827
 CLMS_45_799/Y1                    td                    0.125      27.619 f       u_CORES/u_debug_core_0/u_hub_data_decode/N401_7/gateop_perm/L6
                                   net (fanout=1)        0.334      27.953         u_CORES/u_debug_core_0/u_hub_data_decode/_N1303
 CLMA_33_804/Y3                    td                    0.125      28.078 f       u_CORES/u_debug_core_0/u_hub_data_decode/conf_reg_rb[3]/opit_0_inv_L5Q_perm/L6
                                   net (fanout=2)        0.236      28.314         u_CORES/u_debug_core_0/u_hub_data_decode/N401
 CLMS_27_799/A2                                                            f       u_CORES/u_debug_core_0/u_hub_data_decode/conf_rden[16]/opit_0_inv_L6Q_LUT6DQL5Q/I2

 Data arrival time                                                  28.314         Logic Levels: 3  
                                                                                   Logic: 0.500ns(33.944%), Route: 0.973ns(66.056%)
----------------------------------------------------------------------------------------------------

 Clock DebugCore_JCLK (rising edge)
                                                        50.000      50.000 r                        
 SCANCHAIN_88_312/TCK1                                   0.000      50.000 r       u_CORES/u_GTP_SCANCHAIN_PG/scanchain/TCK1
                                   net (fanout=1)        1.212      51.212         u_CORES/drck_o   
 USCM_215_669/CLKOUT               td                    0.097      51.309 r       clkbufg_4/gopclkbufg/CLKOUT
                                   net (fanout=2)        0.334      51.643         ntclkbufg_1      
 HCKB_213_516/CLKOUT               td                    0.195      51.838 r       HCKBROUTE_205/CLKOUT
                                   net (fanout=134)      0.285      52.123         _N295            
 CLMS_27_799/CLK                                                           r       u_CORES/u_debug_core_0/u_hub_data_decode/conf_rden[16]/opit_0_inv_L6Q_LUT6DQL5Q/CLK
 clock pessimism                                         0.000      52.123                          
 clock uncertainty                                      -0.050      52.073                          

 Setup time                                             -0.112      51.961                          

 Data required time                                                 51.961                          
----------------------------------------------------------------------------------------------------
 Data required time                                                 51.961                          
 Data arrival time                                                 -28.314                          
----------------------------------------------------------------------------------------------------
 Slack (MET)                                                        23.647                          
====================================================================================================

====================================================================================================

Startpoint  : u_CORES/u_debug_core_0/u_hub_data_decode/conf_id[3]/opit_0_inv/CLK
Endpoint    : u_CORES/u_debug_core_0/u_rd_addr_gen/ram_radr[12]/opit_0_inv_AQ_perm/CIN
Path Group  : DebugCore_JCLK
Path Type   : max
Path Class  : sequential timing path
Clock Skew :    0.283  (Capture Clock Delay - Launch Clock Delay + Clock Pessimism Removal)
  Capture Clock Delay     :  2.124
  Launch Clock Delay      :  1.841
  Clock Pessimism Removal :  0.000

 Location                          Delay Type             Incr        Path         Logical Resource 
----------------------------------------------------------------------------------------------------

 Clock DebugCore_CAPTURE (rising edge)
                                                        25.000      25.000 r                        
 SCANCHAIN_88_312/CAPTUREDR                              0.000      25.000 r       u_CORES/u_GTP_SCANCHAIN_PG/scanchain/CAPTUREDR
                                   net (fanout=1)        0.757      25.757         u_CORES/capt_o   
 USCM_215_666/CLKOUT               td                    0.115      25.872 r       clkbufg_3/gopclkbufg/CLKOUT
                                   net (fanout=1)        0.397      26.269         ntclkbufg_0      
 HCKB_213_517/CLKOUT               td                    0.233      26.502 r       HCKBROUTE_204/CLKOUT
                                   net (fanout=11)       0.339      26.841         _N294            
 CLMS_45_787/CLK                                                           r       u_CORES/u_debug_core_0/u_hub_data_decode/conf_id[3]/opit_0_inv/CLK

 CLMS_45_787/Q0                    tco                   0.125      26.966 f       u_CORES/u_debug_core_0/u_hub_data_decode/conf_id[3]/opit_0_inv/Q
                                   net (fanout=11)       0.323      27.289         u_CORES/u_debug_core_0/conf_id_o [3]
 CLMS_45_811/Y1                    td                    0.066      27.355 f       u_CORES/u_debug_core_0/u_hub_data_decode/N114[22]_3/LUT6_inst_perm/L6
                                   net (fanout=4)        0.143      27.498         u_CORES/u_debug_core_0/conf_sel_int [22]
 CLMS_45_811/Y0                    td                    0.123      27.621 r       u_CORES/u_debug_core_0/u_rd_addr_gen/N733/LUT6D_inst_perm/L6
                                   net (fanout=14)       0.319      27.940         u_CORES/u_debug_core_0/u_rd_addr_gen/N733
 CLMA_45_792/COUT                  td                    0.198      28.138 f       u_CORES/u_debug_core_0/u_rd_addr_gen/ram_radr[3]/opit_0_inv_AQ_perm/COUT
                                   net (fanout=1)        0.000      28.138         u_CORES/u_debug_core_0/u_rd_addr_gen/_N77
 CLMA_45_798/COUT                  td                    0.056      28.194 f       u_CORES/u_debug_core_0/u_rd_addr_gen/ram_radr[7]/opit_0_inv_AQ_perm/COUT
                                   net (fanout=1)        0.000      28.194         u_CORES/u_debug_core_0/u_rd_addr_gen/_N81
 CLMA_45_804/COUT                  td                    0.046      28.240 r       u_CORES/u_debug_core_0/u_rd_addr_gen/ram_radr[11]/opit_0_inv_AQ_perm/COUT
                                   net (fanout=1)        0.000      28.240         u_CORES/u_debug_core_0/u_rd_addr_gen/_N85
 CLMA_45_810/CIN                                                           r       u_CORES/u_debug_core_0/u_rd_addr_gen/ram_radr[12]/opit_0_inv_AQ_perm/CIN

 Data arrival time                                                  28.240         Logic Levels: 5  
                                                                                   Logic: 0.614ns(43.888%), Route: 0.785ns(56.112%)
----------------------------------------------------------------------------------------------------

 Clock DebugCore_JCLK (rising edge)
                                                        50.000      50.000 r                        
 SCANCHAIN_88_312/TCK1                                   0.000      50.000 r       u_CORES/u_GTP_SCANCHAIN_PG/scanchain/TCK1
                                   net (fanout=1)        1.212      51.212         u_CORES/drck_o   
 USCM_215_669/CLKOUT               td                    0.097      51.309 r       clkbufg_4/gopclkbufg/CLKOUT
                                   net (fanout=2)        0.334      51.643         ntclkbufg_1      
 HCKB_213_516/CLKOUT               td                    0.195      51.838 r       HCKBROUTE_205/CLKOUT
                                   net (fanout=134)      0.286      52.124         _N295            
 CLMA_45_810/CLK                                                           r       u_CORES/u_debug_core_0/u_rd_addr_gen/ram_radr[13]/opit_0_inv_AQ_perm/CLK
 clock pessimism                                         0.000      52.124                          
 clock uncertainty                                      -0.050      52.074                          

 Setup time                                             -0.057      52.017                          

 Data required time                                                 52.017                          
----------------------------------------------------------------------------------------------------
 Data required time                                                 52.017                          
 Data arrival time                                                 -28.240                          
----------------------------------------------------------------------------------------------------
 Slack (MET)                                                        23.777                          
====================================================================================================

====================================================================================================

Startpoint  : u_CORES/u_debug_core_0/u_hub_data_decode/conf_id[3]/opit_0_inv/CLK
Endpoint    : u_CORES/u_debug_core_0/u_hub_data_decode/conf_rden[18]/opit_0_inv_L6Q_perm/I5
Path Group  : DebugCore_JCLK
Path Type   : max
Path Class  : sequential timing path
Clock Skew :    0.282  (Capture Clock Delay - Launch Clock Delay + Clock Pessimism Removal)
  Capture Clock Delay     :  2.123
  Launch Clock Delay      :  1.841
  Clock Pessimism Removal :  0.000

 Location                          Delay Type             Incr        Path         Logical Resource 
----------------------------------------------------------------------------------------------------

 Clock DebugCore_CAPTURE (rising edge)
                                                        25.000      25.000 r                        
 SCANCHAIN_88_312/CAPTUREDR                              0.000      25.000 r       u_CORES/u_GTP_SCANCHAIN_PG/scanchain/CAPTUREDR
                                   net (fanout=1)        0.757      25.757         u_CORES/capt_o   
 USCM_215_666/CLKOUT               td                    0.115      25.872 r       clkbufg_3/gopclkbufg/CLKOUT
                                   net (fanout=1)        0.397      26.269         ntclkbufg_0      
 HCKB_213_517/CLKOUT               td                    0.233      26.502 r       HCKBROUTE_204/CLKOUT
                                   net (fanout=11)       0.339      26.841         _N294            
 CLMS_45_787/CLK                                                           r       u_CORES/u_debug_core_0/u_hub_data_decode/conf_id[3]/opit_0_inv/CLK

 CLMS_45_787/Q0                    tco                   0.125      26.966 f       u_CORES/u_debug_core_0/u_hub_data_decode/conf_id[3]/opit_0_inv/Q
                                   net (fanout=11)       0.243      27.209         u_CORES/u_debug_core_0/conf_id_o [3]
 CLMS_45_805/Y2                    td                    0.125      27.334 f       u_CORES/u_debug_core_0/u_hub_data_decode/N401_8_7/gateop_perm/L6
                                   net (fanout=1)        0.160      27.494         u_CORES/u_debug_core_0/u_hub_data_decode/_N1827
 CLMS_45_799/Y1                    td                    0.125      27.619 f       u_CORES/u_debug_core_0/u_hub_data_decode/N401_7/gateop_perm/L6
                                   net (fanout=1)        0.334      27.953         u_CORES/u_debug_core_0/u_hub_data_decode/_N1303
 CLMA_33_804/Y3                    td                    0.125      28.078 f       u_CORES/u_debug_core_0/u_hub_data_decode/conf_reg_rb[3]/opit_0_inv_L5Q_perm/L6
                                   net (fanout=2)        0.164      28.242         u_CORES/u_debug_core_0/u_hub_data_decode/N401
 CLMS_27_799/B5                                                            f       u_CORES/u_debug_core_0/u_hub_data_decode/conf_rden[18]/opit_0_inv_L6Q_perm/I5

 Data arrival time                                                  28.242         Logic Levels: 3  
                                                                                   Logic: 0.500ns(35.689%), Route: 0.901ns(64.311%)
----------------------------------------------------------------------------------------------------

 Clock DebugCore_JCLK (rising edge)
                                                        50.000      50.000 r                        
 SCANCHAIN_88_312/TCK1                                   0.000      50.000 r       u_CORES/u_GTP_SCANCHAIN_PG/scanchain/TCK1
                                   net (fanout=1)        1.212      51.212         u_CORES/drck_o   
 USCM_215_669/CLKOUT               td                    0.097      51.309 r       clkbufg_4/gopclkbufg/CLKOUT
                                   net (fanout=2)        0.334      51.643         ntclkbufg_1      
 HCKB_213_516/CLKOUT               td                    0.195      51.838 r       HCKBROUTE_205/CLKOUT
                                   net (fanout=134)      0.285      52.123         _N295            
 CLMS_27_799/CLK                                                           r       u_CORES/u_debug_core_0/u_hub_data_decode/conf_rden[18]/opit_0_inv_L6Q_perm/CLK
 clock pessimism                                         0.000      52.123                          
 clock uncertainty                                      -0.050      52.073                          

 Setup time                                             -0.049      52.024                          

 Data required time                                                 52.024                          
----------------------------------------------------------------------------------------------------
 Data required time                                                 52.024                          
 Data arrival time                                                 -28.242                          
----------------------------------------------------------------------------------------------------
 Slack (MET)                                                        23.782                          
====================================================================================================

====================================================================================================

Startpoint  : u_CORES/u_debug_core_0/u_hub_data_decode/conf_id_ini[2]/opit_0_inv/CLK
Endpoint    : u_CORES/u_debug_core_0/u_hub_data_decode/conf_rst/opit_0_inv_L6Q_perm/I5
Path Group  : DebugCore_JCLK
Path Type   : min
Path Class  : sequential timing path
Clock Skew :    1.101  (Capture Clock Delay - Launch Clock Delay + Clock Pessimism Removal)
  Capture Clock Delay     :  2.602
  Launch Clock Delay      :  1.501
  Clock Pessimism Removal :  0.000

 Location                          Delay Type             Incr        Path         Logical Resource 
----------------------------------------------------------------------------------------------------

 Clock DebugCore_CAPTURE (rising edge)
                                                        25.000      25.000 r                        
 SCANCHAIN_88_312/CAPTUREDR                              0.000      25.000 r       u_CORES/u_GTP_SCANCHAIN_PG/scanchain/CAPTUREDR
                                   net (fanout=1)        0.587      25.587         u_CORES/capt_o   
 USCM_215_666/CLKOUT               td                    0.097      25.684 r       clkbufg_3/gopclkbufg/CLKOUT
                                   net (fanout=1)        0.334      26.018         ntclkbufg_0      
 HCKB_213_517/CLKOUT               td                    0.195      26.213 r       HCKBROUTE_204/CLKOUT
                                   net (fanout=11)       0.288      26.501         _N294            
 CLMS_45_805/CLK                                                           r       u_CORES/u_debug_core_0/u_hub_data_decode/conf_id_ini[2]/opit_0_inv/CLK

 CLMS_45_805/Q2                    tco                   0.109      26.610 f       u_CORES/u_debug_core_0/u_hub_data_decode/conf_id_ini[2]/opit_0_inv/Q
                                   net (fanout=3)        0.116      26.726         u_CORES/u_debug_core_0/u_hub_data_decode/conf_id_ini [2]
 CLMS_45_793/B5                                                            f       u_CORES/u_debug_core_0/u_hub_data_decode/conf_rst/opit_0_inv_L6Q_perm/I5

 Data arrival time                                                  26.726         Logic Levels: 0  
                                                                                   Logic: 0.109ns(48.444%), Route: 0.116ns(51.556%)
----------------------------------------------------------------------------------------------------

 Clock DebugCore_JCLK (rising edge)
                                                         0.000       0.000 r                        
 SCANCHAIN_88_312/TCK1                                   0.000       0.000 r       u_CORES/u_GTP_SCANCHAIN_PG/scanchain/TCK1
                                   net (fanout=1)        1.519       1.519         u_CORES/drck_o   
 USCM_215_669/CLKOUT               td                    0.115       1.634 r       clkbufg_4/gopclkbufg/CLKOUT
                                   net (fanout=2)        0.397       2.031         ntclkbufg_1      
 HCKB_213_516/CLKOUT               td                    0.233       2.264 r       HCKBROUTE_205/CLKOUT
                                   net (fanout=134)      0.338       2.602         _N295            
 CLMS_45_793/CLK                                                           r       u_CORES/u_debug_core_0/u_hub_data_decode/conf_rst/opit_0_inv_L6Q_perm/CLK
 clock pessimism                                         0.000       2.602                          
 clock uncertainty                                       0.050       2.652                          

 Hold time                                              -0.009       2.643                          

 Data required time                                                  2.643                          
----------------------------------------------------------------------------------------------------
 Data required time                                                  2.643                          
 Data arrival time                                                 -26.726                          
----------------------------------------------------------------------------------------------------
 Slack (MET)                                                        24.083                          
====================================================================================================

====================================================================================================

Startpoint  : u_CORES/u_debug_core_0/u_hub_data_decode/conf_id_ini[4]/opit_0_inv/CLK
Endpoint    : u_CORES/u_debug_core_0/u_hub_data_decode/conf_rst/opit_0_inv_L6Q_perm/I4
Path Group  : DebugCore_JCLK
Path Type   : min
Path Class  : sequential timing path
Clock Skew :    1.099  (Capture Clock Delay - Launch Clock Delay + Clock Pessimism Removal)
  Capture Clock Delay     :  2.602
  Launch Clock Delay      :  1.503
  Clock Pessimism Removal :  0.000

 Location                          Delay Type             Incr        Path         Logical Resource 
----------------------------------------------------------------------------------------------------

 Clock DebugCore_CAPTURE (rising edge)
                                                        25.000      25.000 r                        
 SCANCHAIN_88_312/CAPTUREDR                              0.000      25.000 r       u_CORES/u_GTP_SCANCHAIN_PG/scanchain/CAPTUREDR
                                   net (fanout=1)        0.587      25.587         u_CORES/capt_o   
 USCM_215_666/CLKOUT               td                    0.097      25.684 r       clkbufg_3/gopclkbufg/CLKOUT
                                   net (fanout=1)        0.334      26.018         ntclkbufg_0      
 HCKB_213_517/CLKOUT               td                    0.195      26.213 r       HCKBROUTE_204/CLKOUT
                                   net (fanout=11)       0.290      26.503         _N294            
 CLMA_51_798/CLK                                                           r       u_CORES/u_debug_core_0/u_hub_data_decode/conf_id_ini[4]/opit_0_inv/CLK

 CLMA_51_798/Q0                    tco                   0.103      26.606 r       u_CORES/u_debug_core_0/u_hub_data_decode/conf_id_ini[4]/opit_0_inv/Q
                                   net (fanout=3)        0.122      26.728         u_CORES/u_debug_core_0/u_hub_data_decode/conf_id_ini [4]
 CLMS_45_793/B4                                                            r       u_CORES/u_debug_core_0/u_hub_data_decode/conf_rst/opit_0_inv_L6Q_perm/I4

 Data arrival time                                                  26.728         Logic Levels: 0  
                                                                                   Logic: 0.103ns(45.778%), Route: 0.122ns(54.222%)
----------------------------------------------------------------------------------------------------

 Clock DebugCore_JCLK (rising edge)
                                                         0.000       0.000 r                        
 SCANCHAIN_88_312/TCK1                                   0.000       0.000 r       u_CORES/u_GTP_SCANCHAIN_PG/scanchain/TCK1
                                   net (fanout=1)        1.519       1.519         u_CORES/drck_o   
 USCM_215_669/CLKOUT               td                    0.115       1.634 r       clkbufg_4/gopclkbufg/CLKOUT
                                   net (fanout=2)        0.397       2.031         ntclkbufg_1      
 HCKB_213_516/CLKOUT               td                    0.233       2.264 r       HCKBROUTE_205/CLKOUT
                                   net (fanout=134)      0.338       2.602         _N295            
 CLMS_45_793/CLK                                                           r       u_CORES/u_debug_core_0/u_hub_data_decode/conf_rst/opit_0_inv_L6Q_perm/CLK
 clock pessimism                                         0.000       2.602                          
 clock uncertainty                                       0.050       2.652                          

 Hold time                                              -0.025       2.627                          

 Data required time                                                  2.627                          
----------------------------------------------------------------------------------------------------
 Data required time                                                  2.627                          
 Data arrival time                                                 -26.728                          
----------------------------------------------------------------------------------------------------
 Slack (MET)                                                        24.101                          
====================================================================================================

====================================================================================================

Startpoint  : u_CORES/u_debug_core_0/u_hub_data_decode/conf_id_ini[0]/opit_0_inv/CLK
Endpoint    : u_CORES/u_debug_core_0/u_hub_data_decode/conf_rst/opit_0_inv_L6Q_perm/I3
Path Group  : DebugCore_JCLK
Path Type   : min
Path Class  : sequential timing path
Clock Skew :    1.101  (Capture Clock Delay - Launch Clock Delay + Clock Pessimism Removal)
  Capture Clock Delay     :  2.602
  Launch Clock Delay      :  1.501
  Clock Pessimism Removal :  0.000

 Location                          Delay Type             Incr        Path         Logical Resource 
----------------------------------------------------------------------------------------------------

 Clock DebugCore_CAPTURE (rising edge)
                                                        25.000      25.000 r                        
 SCANCHAIN_88_312/CAPTUREDR                              0.000      25.000 r       u_CORES/u_GTP_SCANCHAIN_PG/scanchain/CAPTUREDR
                                   net (fanout=1)        0.587      25.587         u_CORES/capt_o   
 USCM_215_666/CLKOUT               td                    0.097      25.684 r       clkbufg_3/gopclkbufg/CLKOUT
                                   net (fanout=1)        0.334      26.018         ntclkbufg_0      
 HCKB_213_517/CLKOUT               td                    0.195      26.213 r       HCKBROUTE_204/CLKOUT
                                   net (fanout=11)       0.288      26.501         _N294            
 CLMS_45_805/CLK                                                           r       u_CORES/u_debug_core_0/u_hub_data_decode/conf_id_ini[0]/opit_0_inv/CLK

 CLMS_45_805/Q0                    tco                   0.103      26.604 r       u_CORES/u_debug_core_0/u_hub_data_decode/conf_id_ini[0]/opit_0_inv/Q
                                   net (fanout=3)        0.119      26.723         u_CORES/u_debug_core_0/u_hub_data_decode/conf_id_ini [0]
 CLMS_45_793/B3                                                            r       u_CORES/u_debug_core_0/u_hub_data_decode/conf_rst/opit_0_inv_L6Q_perm/I3

 Data arrival time                                                  26.723         Logic Levels: 0  
                                                                                   Logic: 0.103ns(46.396%), Route: 0.119ns(53.604%)
----------------------------------------------------------------------------------------------------

 Clock DebugCore_JCLK (rising edge)
                                                         0.000       0.000 r                        
 SCANCHAIN_88_312/TCK1                                   0.000       0.000 r       u_CORES/u_GTP_SCANCHAIN_PG/scanchain/TCK1
                                   net (fanout=1)        1.519       1.519         u_CORES/drck_o   
 USCM_215_669/CLKOUT               td                    0.115       1.634 r       clkbufg_4/gopclkbufg/CLKOUT
                                   net (fanout=2)        0.397       2.031         ntclkbufg_1      
 HCKB_213_516/CLKOUT               td                    0.233       2.264 r       HCKBROUTE_205/CLKOUT
                                   net (fanout=134)      0.338       2.602         _N295            
 CLMS_45_793/CLK                                                           r       u_CORES/u_debug_core_0/u_hub_data_decode/conf_rst/opit_0_inv_L6Q_perm/CLK
 clock pessimism                                         0.000       2.602                          
 clock uncertainty                                       0.050       2.652                          

 Hold time                                              -0.031       2.621                          

 Data required time                                                  2.621                          
----------------------------------------------------------------------------------------------------
 Data required time                                                  2.621                          
 Data arrival time                                                 -26.723                          
----------------------------------------------------------------------------------------------------
 Slack (MET)                                                        24.102                          
====================================================================================================

====================================================================================================

Startpoint  : u_CORES/u_jtag_hub/id_o[3]/opit_0_inv_L6Q_LUT6DQL5Q_perm/CLK
Endpoint    : u_CORES/u_debug_core_0/u_hub_data_decode/conf_id_ini[2]/opit_0_inv/D
Path Group  : DebugCore_CAPTURE
Path Type   : max
Path Class  : sequential timing path
Clock Skew :    -1.280  (Capture Clock Delay - Launch Clock Delay + Clock Pessimism Removal)
  Capture Clock Delay     :  1.501
  Launch Clock Delay      :  2.781
  Clock Pessimism Removal :  0.000

 Location                          Delay Type             Incr        Path         Logical Resource 
----------------------------------------------------------------------------------------------------

 Clock DebugCore_JCLK (falling edge)
                                                        75.000      75.000 f                        
 SCANCHAIN_88_312/TCK1                                   0.000      75.000 f       u_CORES/u_GTP_SCANCHAIN_PG/scanchain/TCK1
                                   net (fanout=1)        1.698      76.698         u_CORES/drck_o   
 USCM_215_669/CLKOUT               td                    0.115      76.813 f       clkbufg_4/gopclkbufg/CLKOUT
                                   net (fanout=2)        0.397      77.210         ntclkbufg_1      
 HCKB_213_516/CLKOUT               td                    0.233      77.443 f       HCKBROUTE_205/CLKOUT
                                   net (fanout=134)      0.338      77.781         _N295            
 CLMS_45_799/CLK                                                           f       u_CORES/u_jtag_hub/id_o[3]/opit_0_inv_L6Q_LUT6DQL5Q_perm/CLK

 CLMS_45_799/CR2                   tco                   0.140      77.921 f       u_CORES/u_jtag_hub/id_o[3]/opit_0_inv_L6Q_LUT6DQL5Q_perm/L5Q
                                   net (fanout=2)        0.383      78.304         u_CORES/id_o [2] 
 CLMS_45_805/M2                                                            f       u_CORES/u_debug_core_0/u_hub_data_decode/conf_id_ini[2]/opit_0_inv/D

 Data arrival time                                                  78.304         Logic Levels: 0  
                                                                                   Logic: 0.140ns(26.769%), Route: 0.383ns(73.231%)
----------------------------------------------------------------------------------------------------

 Clock DebugCore_CAPTURE (rising edge)
                                                       125.000     125.000 r                        
 SCANCHAIN_88_312/CAPTUREDR                              0.000     125.000 r       u_CORES/u_GTP_SCANCHAIN_PG/scanchain/CAPTUREDR
                                   net (fanout=1)        0.587     125.587         u_CORES/capt_o   
 USCM_215_666/CLKOUT               td                    0.097     125.684 r       clkbufg_3/gopclkbufg/CLKOUT
                                   net (fanout=1)        0.334     126.018         ntclkbufg_0      
 HCKB_213_517/CLKOUT               td                    0.195     126.213 r       HCKBROUTE_204/CLKOUT
                                   net (fanout=11)       0.288     126.501         _N294            
 CLMS_45_805/CLK                                                           r       u_CORES/u_debug_core_0/u_hub_data_decode/conf_id_ini[2]/opit_0_inv/CLK
 clock pessimism                                         0.000     126.501                          
 clock uncertainty                                      -0.050     126.451                          

 Setup time                                             -0.074     126.377                          

 Data required time                                                126.377                          
----------------------------------------------------------------------------------------------------
 Data required time                                                126.377                          
 Data arrival time                                                 -78.304                          
----------------------------------------------------------------------------------------------------
 Slack (MET)                                                        48.073                          
====================================================================================================

====================================================================================================

Startpoint  : u_CORES/u_jtag_hub/id_o[1]/opit_0_inv_L6Q_LUT6DQL5Q_perm/CLK
Endpoint    : u_CORES/u_debug_core_0/u_hub_data_decode/conf_id[0]/opit_0_inv/D
Path Group  : DebugCore_CAPTURE
Path Type   : max
Path Class  : sequential timing path
Clock Skew :    -1.279  (Capture Clock Delay - Launch Clock Delay + Clock Pessimism Removal)
  Capture Clock Delay     :  1.502
  Launch Clock Delay      :  2.781
  Clock Pessimism Removal :  0.000

 Location                          Delay Type             Incr        Path         Logical Resource 
----------------------------------------------------------------------------------------------------

 Clock DebugCore_JCLK (falling edge)
                                                        75.000      75.000 f                        
 SCANCHAIN_88_312/TCK1                                   0.000      75.000 f       u_CORES/u_GTP_SCANCHAIN_PG/scanchain/TCK1
                                   net (fanout=1)        1.698      76.698         u_CORES/drck_o   
 USCM_215_669/CLKOUT               td                    0.115      76.813 f       clkbufg_4/gopclkbufg/CLKOUT
                                   net (fanout=2)        0.397      77.210         ntclkbufg_1      
 HCKB_213_516/CLKOUT               td                    0.233      77.443 f       HCKBROUTE_205/CLKOUT
                                   net (fanout=134)      0.338      77.781         _N295            
 CLMS_45_799/CLK                                                           f       u_CORES/u_jtag_hub/id_o[1]/opit_0_inv_L6Q_LUT6DQL5Q_perm/CLK

 CLMS_45_799/CR0                   tco                   0.140      77.921 f       u_CORES/u_jtag_hub/id_o[1]/opit_0_inv_L6Q_LUT6DQL5Q_perm/L5Q
                                   net (fanout=2)        0.377      78.298         u_CORES/id_o [0] 
 CLMS_51_805/M0                                                            f       u_CORES/u_debug_core_0/u_hub_data_decode/conf_id[0]/opit_0_inv/D

 Data arrival time                                                  78.298         Logic Levels: 0  
                                                                                   Logic: 0.140ns(27.079%), Route: 0.377ns(72.921%)
----------------------------------------------------------------------------------------------------

 Clock DebugCore_CAPTURE (rising edge)
                                                       125.000     125.000 r                        
 SCANCHAIN_88_312/CAPTUREDR                              0.000     125.000 r       u_CORES/u_GTP_SCANCHAIN_PG/scanchain/CAPTUREDR
                                   net (fanout=1)        0.587     125.587         u_CORES/capt_o   
 USCM_215_666/CLKOUT               td                    0.097     125.684 r       clkbufg_3/gopclkbufg/CLKOUT
                                   net (fanout=1)        0.334     126.018         ntclkbufg_0      
 HCKB_213_517/CLKOUT               td                    0.195     126.213 r       HCKBROUTE_204/CLKOUT
                                   net (fanout=11)       0.289     126.502         _N294            
 CLMS_51_805/CLK                                                           r       u_CORES/u_debug_core_0/u_hub_data_decode/conf_id[0]/opit_0_inv/CLK
 clock pessimism                                         0.000     126.502                          
 clock uncertainty                                      -0.050     126.452                          

 Setup time                                             -0.074     126.378                          

 Data required time                                                126.378                          
----------------------------------------------------------------------------------------------------
 Data required time                                                126.378                          
 Data arrival time                                                 -78.298                          
----------------------------------------------------------------------------------------------------
 Slack (MET)                                                        48.080                          
====================================================================================================

====================================================================================================

Startpoint  : u_CORES/u_jtag_hub/id_o[1]/opit_0_inv_L6Q_LUT6DQL5Q_perm/CLK
Endpoint    : u_CORES/u_debug_core_0/u_hub_data_decode/conf_id_ini[1]/opit_0_inv/D
Path Group  : DebugCore_CAPTURE
Path Type   : max
Path Class  : sequential timing path
Clock Skew :    -1.280  (Capture Clock Delay - Launch Clock Delay + Clock Pessimism Removal)
  Capture Clock Delay     :  1.501
  Launch Clock Delay      :  2.781
  Clock Pessimism Removal :  0.000

 Location                          Delay Type             Incr        Path         Logical Resource 
----------------------------------------------------------------------------------------------------

 Clock DebugCore_JCLK (falling edge)
                                                        75.000      75.000 f                        
 SCANCHAIN_88_312/TCK1                                   0.000      75.000 f       u_CORES/u_GTP_SCANCHAIN_PG/scanchain/TCK1
                                   net (fanout=1)        1.698      76.698         u_CORES/drck_o   
 USCM_215_669/CLKOUT               td                    0.115      76.813 f       clkbufg_4/gopclkbufg/CLKOUT
                                   net (fanout=2)        0.397      77.210         ntclkbufg_1      
 HCKB_213_516/CLKOUT               td                    0.233      77.443 f       HCKBROUTE_205/CLKOUT
                                   net (fanout=134)      0.338      77.781         _N295            
 CLMS_45_799/CLK                                                           f       u_CORES/u_jtag_hub/id_o[1]/opit_0_inv_L6Q_LUT6DQL5Q_perm/CLK

 CLMS_45_799/Q0                    tco                   0.125      77.906 f       u_CORES/u_jtag_hub/id_o[1]/opit_0_inv_L6Q_LUT6DQL5Q_perm/L6Q
                                   net (fanout=2)        0.369      78.275         u_CORES/id_o [1] 
 CLMS_45_805/M1                                                            f       u_CORES/u_debug_core_0/u_hub_data_decode/conf_id_ini[1]/opit_0_inv/D

 Data arrival time                                                  78.275         Logic Levels: 0  
                                                                                   Logic: 0.125ns(25.304%), Route: 0.369ns(74.696%)
----------------------------------------------------------------------------------------------------

 Clock DebugCore_CAPTURE (rising edge)
                                                       125.000     125.000 r                        
 SCANCHAIN_88_312/CAPTUREDR                              0.000     125.000 r       u_CORES/u_GTP_SCANCHAIN_PG/scanchain/CAPTUREDR
                                   net (fanout=1)        0.587     125.587         u_CORES/capt_o   
 USCM_215_666/CLKOUT               td                    0.097     125.684 r       clkbufg_3/gopclkbufg/CLKOUT
                                   net (fanout=1)        0.334     126.018         ntclkbufg_0      
 HCKB_213_517/CLKOUT               td                    0.195     126.213 r       HCKBROUTE_204/CLKOUT
                                   net (fanout=11)       0.288     126.501         _N294            
 CLMS_45_805/CLK                                                           r       u_CORES/u_debug_core_0/u_hub_data_decode/conf_id_ini[1]/opit_0_inv/CLK
 clock pessimism                                         0.000     126.501                          
 clock uncertainty                                      -0.050     126.451                          

 Setup time                                             -0.074     126.377                          

 Data required time                                                126.377                          
----------------------------------------------------------------------------------------------------
 Data required time                                                126.377                          
 Data arrival time                                                 -78.275                          
----------------------------------------------------------------------------------------------------
 Slack (MET)                                                        48.102                          
====================================================================================================

====================================================================================================

Startpoint  : u_CORES/u_jtag_hub/conf_sel[0]/opit_0_inv_L6Q_perm/CLK
Endpoint    : u_CORES/u_debug_core_0/u_hub_data_decode/conf_sel_ini/opit_0_inv/D
Path Group  : DebugCore_CAPTURE
Path Type   : min
Path Class  : sequential timing path
Clock Skew :    -0.363  (Capture Clock Delay - Launch Clock Delay + Clock Pessimism Removal)
  Capture Clock Delay     :  1.840
  Launch Clock Delay      :  2.203
  Clock Pessimism Removal :  0.000

 Location                          Delay Type             Incr        Path         Logical Resource 
----------------------------------------------------------------------------------------------------

 Clock DebugCore_JCLK (falling edge)
                                                       125.000     125.000 f                        
 SCANCHAIN_88_312/TCK1                                   0.000     125.000 f       u_CORES/u_GTP_SCANCHAIN_PG/scanchain/TCK1
                                   net (fanout=1)        1.284     126.284         u_CORES/drck_o   
 USCM_215_669/CLKOUT               td                    0.097     126.381 f       clkbufg_4/gopclkbufg/CLKOUT
                                   net (fanout=2)        0.334     126.715         ntclkbufg_1      
 HCKB_213_516/CLKOUT               td                    0.195     126.910 f       HCKBROUTE_205/CLKOUT
                                   net (fanout=134)      0.293     127.203         _N295            
 CLMA_51_792/CLK                                                           f       u_CORES/u_jtag_hub/conf_sel[0]/opit_0_inv_L6Q_perm/CLK

 CLMA_51_792/Q0                    tco                   0.104     127.307 r       u_CORES/u_jtag_hub/conf_sel[0]/opit_0_inv_L6Q_perm/L6Q
                                   net (fanout=6)        0.120     127.427         u_CORES/conf_sel [0]
 CLMA_51_798/M1                                                            r       u_CORES/u_debug_core_0/u_hub_data_decode/conf_sel_ini/opit_0_inv/D

 Data arrival time                                                 127.427         Logic Levels: 0  
                                                                                   Logic: 0.104ns(46.429%), Route: 0.120ns(53.571%)
----------------------------------------------------------------------------------------------------

 Clock DebugCore_CAPTURE (rising edge)
                                                       125.000     125.000 r                        
 SCANCHAIN_88_312/CAPTUREDR                              0.000     125.000 r       u_CORES/u_GTP_SCANCHAIN_PG/scanchain/CAPTUREDR
                                   net (fanout=1)        0.757     125.757         u_CORES/capt_o   
 USCM_215_666/CLKOUT               td                    0.115     125.872 r       clkbufg_3/gopclkbufg/CLKOUT
                                   net (fanout=1)        0.397     126.269         ntclkbufg_0      
 HCKB_213_517/CLKOUT               td                    0.233     126.502 r       HCKBROUTE_204/CLKOUT
                                   net (fanout=11)       0.338     126.840         _N294            
 CLMA_51_798/CLK                                                           r       u_CORES/u_debug_core_0/u_hub_data_decode/conf_sel_ini/opit_0_inv/CLK
 clock pessimism                                         0.000     126.840                          
 clock uncertainty                                       0.050     126.890                          

 Hold time                                              -0.028     126.862                          

 Data required time                                                126.862                          
----------------------------------------------------------------------------------------------------
 Data required time                                                126.862                          
 Data arrival time                                                -127.427                          
----------------------------------------------------------------------------------------------------
 Slack (MET)                                                         0.565                          
====================================================================================================

====================================================================================================

Startpoint  : u_CORES/u_jtag_hub/id_o[4]/opit_0_inv_L6QL5_perm/CLK
Endpoint    : u_CORES/u_debug_core_0/u_hub_data_decode/conf_id[4]/opit_0_inv/D
Path Group  : DebugCore_CAPTURE
Path Type   : min
Path Class  : sequential timing path
Clock Skew :    -0.360  (Capture Clock Delay - Launch Clock Delay + Clock Pessimism Removal)
  Capture Clock Delay     :  1.841
  Launch Clock Delay      :  2.201
  Clock Pessimism Removal :  0.000

 Location                          Delay Type             Incr        Path         Logical Resource 
----------------------------------------------------------------------------------------------------

 Clock DebugCore_JCLK (falling edge)
                                                       125.000     125.000 f                        
 SCANCHAIN_88_312/TCK1                                   0.000     125.000 f       u_CORES/u_GTP_SCANCHAIN_PG/scanchain/TCK1
                                   net (fanout=1)        1.284     126.284         u_CORES/drck_o   
 USCM_215_669/CLKOUT               td                    0.097     126.381 f       clkbufg_4/gopclkbufg/CLKOUT
                                   net (fanout=2)        0.334     126.715         ntclkbufg_1      
 HCKB_213_516/CLKOUT               td                    0.195     126.910 f       HCKBROUTE_205/CLKOUT
                                   net (fanout=134)      0.291     127.201         _N295            
 CLMS_45_799/CLK                                                           f       u_CORES/u_jtag_hub/id_o[4]/opit_0_inv_L6QL5_perm/CLK

 CLMS_45_799/Q3                    tco                   0.104     127.305 r       u_CORES/u_jtag_hub/id_o[4]/opit_0_inv_L6QL5_perm/L6Q
                                   net (fanout=2)        0.123     127.428         u_CORES/id_o [4] 
 CLMS_45_787/M1                                                            r       u_CORES/u_debug_core_0/u_hub_data_decode/conf_id[4]/opit_0_inv/D

 Data arrival time                                                 127.428         Logic Levels: 0  
                                                                                   Logic: 0.104ns(45.815%), Route: 0.123ns(54.185%)
----------------------------------------------------------------------------------------------------

 Clock DebugCore_CAPTURE (rising edge)
                                                       125.000     125.000 r                        
 SCANCHAIN_88_312/CAPTUREDR                              0.000     125.000 r       u_CORES/u_GTP_SCANCHAIN_PG/scanchain/CAPTUREDR
                                   net (fanout=1)        0.757     125.757         u_CORES/capt_o   
 USCM_215_666/CLKOUT               td                    0.115     125.872 r       clkbufg_3/gopclkbufg/CLKOUT
                                   net (fanout=1)        0.397     126.269         ntclkbufg_0      
 HCKB_213_517/CLKOUT               td                    0.233     126.502 r       HCKBROUTE_204/CLKOUT
                                   net (fanout=11)       0.339     126.841         _N294            
 CLMS_45_787/CLK                                                           r       u_CORES/u_debug_core_0/u_hub_data_decode/conf_id[4]/opit_0_inv/CLK
 clock pessimism                                         0.000     126.841                          
 clock uncertainty                                       0.050     126.891                          

 Hold time                                              -0.028     126.863                          

 Data required time                                                126.863                          
----------------------------------------------------------------------------------------------------
 Data required time                                                126.863                          
 Data arrival time                                                -127.428                          
----------------------------------------------------------------------------------------------------
 Slack (MET)                                                         0.565                          
====================================================================================================

====================================================================================================

Startpoint  : u_CORES/u_jtag_hub/id_o[1]/opit_0_inv_L6Q_LUT6DQL5Q_perm/CLK
Endpoint    : u_CORES/u_debug_core_0/u_hub_data_decode/conf_id[1]/opit_0_inv/D
Path Group  : DebugCore_CAPTURE
Path Type   : min
Path Class  : sequential timing path
Clock Skew :    -0.360  (Capture Clock Delay - Launch Clock Delay + Clock Pessimism Removal)
  Capture Clock Delay     :  1.841
  Launch Clock Delay      :  2.201
  Clock Pessimism Removal :  0.000

 Location                          Delay Type             Incr        Path         Logical Resource 
----------------------------------------------------------------------------------------------------

 Clock DebugCore_JCLK (falling edge)
                                                       125.000     125.000 f                        
 SCANCHAIN_88_312/TCK1                                   0.000     125.000 f       u_CORES/u_GTP_SCANCHAIN_PG/scanchain/TCK1
                                   net (fanout=1)        1.284     126.284         u_CORES/drck_o   
 USCM_215_669/CLKOUT               td                    0.097     126.381 f       clkbufg_4/gopclkbufg/CLKOUT
                                   net (fanout=2)        0.334     126.715         ntclkbufg_1      
 HCKB_213_516/CLKOUT               td                    0.195     126.910 f       HCKBROUTE_205/CLKOUT
                                   net (fanout=134)      0.291     127.201         _N295            
 CLMS_45_799/CLK                                                           f       u_CORES/u_jtag_hub/id_o[1]/opit_0_inv_L6Q_LUT6DQL5Q_perm/CLK

 CLMS_45_799/Q0                    tco                   0.104     127.305 r       u_CORES/u_jtag_hub/id_o[1]/opit_0_inv_L6Q_LUT6DQL5Q_perm/L6Q
                                   net (fanout=2)        0.177     127.482         u_CORES/id_o [1] 
 CLMS_45_787/M2                                                            r       u_CORES/u_debug_core_0/u_hub_data_decode/conf_id[1]/opit_0_inv/D

 Data arrival time                                                 127.482         Logic Levels: 0  
                                                                                   Logic: 0.104ns(37.011%), Route: 0.177ns(62.989%)
----------------------------------------------------------------------------------------------------

 Clock DebugCore_CAPTURE (rising edge)
                                                       125.000     125.000 r                        
 SCANCHAIN_88_312/CAPTUREDR                              0.000     125.000 r       u_CORES/u_GTP_SCANCHAIN_PG/scanchain/CAPTUREDR
                                   net (fanout=1)        0.757     125.757         u_CORES/capt_o   
 USCM_215_666/CLKOUT               td                    0.115     125.872 r       clkbufg_3/gopclkbufg/CLKOUT
                                   net (fanout=1)        0.397     126.269         ntclkbufg_0      
 HCKB_213_517/CLKOUT               td                    0.233     126.502 r       HCKBROUTE_204/CLKOUT
                                   net (fanout=11)       0.339     126.841         _N294            
 CLMS_45_787/CLK                                                           r       u_CORES/u_debug_core_0/u_hub_data_decode/conf_id[1]/opit_0_inv/CLK
 clock pessimism                                         0.000     126.841                          
 clock uncertainty                                       0.050     126.891                          

 Hold time                                              -0.028     126.863                          

 Data required time                                                126.863                          
----------------------------------------------------------------------------------------------------
 Data required time                                                126.863                          
 Data arrival time                                                -127.482                          
----------------------------------------------------------------------------------------------------
 Slack (MET)                                                         0.619                          
====================================================================================================

====================================================================================================

Startpoint  : u_CORES/u_debug_core_0/resetn/opit_0/CLK
Endpoint    : u_CORES/u_debug_core_0/data_pipe[4][15]/opit_0_inv_L6QL5Q_perm/RS
Path Group  : sys_clk
Path Type   : max
Path Class  : async timing path
Clock Skew :    -0.060  (Capture Clock Delay - Launch Clock Delay + Clock Pessimism Removal)
  Capture Clock Delay     :  2.127
  Launch Clock Delay      :  2.521
  Clock Pessimism Removal :  0.334

 Location                          Delay Type             Incr        Path         Logical Resource 
----------------------------------------------------------------------------------------------------

 Clock sys_clk (rising edge)                             0.000       0.000 r                        
 R3                                                      0.000       0.000 r       sys_clk (port)   
                                   net (fanout=1)        0.096       0.096         sys_clk          
 IOBD_372_450/DIN                  td                    0.659       0.755 r       sys_clk_ibuf/opit_0/O
                                   net (fanout=1)        0.000       0.755         sys_clk_ibuf/ntD 
 IOLHR_364_450/DI_TO_CLK           td                    0.087       0.842 r       sys_clk_ibuf/opit_1/DI_TO_CLK
                                   net (fanout=1)        0.588       1.430         nt_sys_clk       
 USCM_215_576/CLKOUT               td                    0.115       1.545 r       clkbufg_5/gopclkbufg/CLKOUT
                                   net (fanout=2)        0.397       1.942         ntclkbufg_2      
 HCKB_213_506/CLKOUT               td                    0.233       2.175 r       HCKBROUTE_207/CLKOUT
                                   net (fanout=386)      0.346       2.521         _N297            
 CLMS_27_733/CLK                                                           r       u_CORES/u_debug_core_0/resetn/opit_0/CLK

 CLMS_27_733/Q1                    tco                   0.125       2.646 f       u_CORES/u_debug_core_0/resetn/opit_0/Q
                                   net (fanout=98)       0.501       3.147         u_CORES/u_debug_core_0/resetn
 CLMA_33_810/RSCO                  td                    0.052       3.199 r       u_CORES/u_debug_core_0/u_Trigger_Condition/conf_reg[2]/opit_0_inv/RSCO
                                   net (fanout=4)        0.000       3.199         _N62             
 CLMA_33_816/RSCO                  td                    0.049       3.248 r       u_CORES/u_debug_core_0/data_start_d1/opit_0_inv/RSCO
                                   net (fanout=4)        0.000       3.248         _N61             
 CLMA_33_822/RSCO                  td                    0.049       3.297 r       u_CORES/u_debug_core_0/data_pipe[3][26]/opit_0_inv_L6QL5Q_perm/RSCO
                                   net (fanout=1)        0.000       3.297         _N60             
 CLMA_33_828/RSCO                  td                    0.049       3.346 r       u_CORES/u_debug_core_0/u_Storage_Condition/trig_mask_nsa/opit_0_inv_L5Q_perm/RSCO
                                   net (fanout=4)        0.000       3.346         _N59             
 CLMA_33_834/RSCO                  td                    0.049       3.395 r       u_CORES/u_debug_core_0/u_Storage_Condition/trigger_nsa_d1/opit_0_inv_L6QL5_perm/RSCO
                                   net (fanout=7)        0.000       3.395         _N58             
 CLMA_33_840/RSCO                  td                    0.049       3.444 r       u_CORES/u_debug_core_0/u_Storage_Condition/counter_win[14]/opit_0_inv/RSCO
                                   net (fanout=4)        0.000       3.444         _N57             
 CLMA_33_846/RSCO                  td                    0.049       3.493 r       u_CORES/u_debug_core_0/status[11]/opit_0_inv_L6QL5Q_perm/RSCO
                                   net (fanout=4)        0.000       3.493         _N56             
 CLMA_33_852/RSCO                  td                    0.049       3.542 r       u_CORES/u_debug_core_0/u_Storage_Condition/counter_win[9]/opit_0_inv/RSCO
                                   net (fanout=3)        0.000       3.542         _N55             
 CLMA_33_858/RSCI                                                          r       u_CORES/u_debug_core_0/data_pipe[4][15]/opit_0_inv_L6QL5Q_perm/RS

 Data arrival time                                                   3.542         Logic Levels: 8  
                                                                                   Logic: 0.520ns(50.930%), Route: 0.501ns(49.070%)
----------------------------------------------------------------------------------------------------

 Clock sys_clk (rising edge)                            20.000      20.000 r                        
 R3                                                      0.000      20.000 r       sys_clk (port)   
                                   net (fanout=1)        0.096      20.096         sys_clk          
 IOBD_372_450/DIN                  td                    0.563      20.659 r       sys_clk_ibuf/opit_0/O
                                   net (fanout=1)        0.000      20.659         sys_clk_ibuf/ntD 
 IOLHR_364_450/DI_TO_CLK           td                    0.073      20.732 r       sys_clk_ibuf/opit_1/DI_TO_CLK
                                   net (fanout=1)        0.493      21.225         nt_sys_clk       
 USCM_215_576/CLKOUT               td                    0.097      21.322 r       clkbufg_5/gopclkbufg/CLKOUT
                                   net (fanout=2)        0.334      21.656         ntclkbufg_2      
 HCKB_213_506/CLKOUT               td                    0.195      21.851 r       HCKBROUTE_207/CLKOUT
                                   net (fanout=386)      0.276      22.127         _N297            
 CLMA_33_858/CLK                                                           r       u_CORES/u_debug_core_0/data_pipe[4][15]/opit_0_inv_L6QL5Q_perm/CLK
 clock pessimism                                         0.334      22.461                          
 clock uncertainty                                      -0.050      22.411                          

 Recovery time                                          -0.116      22.295                          

 Data required time                                                 22.295                          
----------------------------------------------------------------------------------------------------
 Data required time                                                 22.295                          
 Data arrival time                                                  -3.542                          
----------------------------------------------------------------------------------------------------
 Slack (MET)                                                        18.753                          
====================================================================================================

====================================================================================================

Startpoint  : u_CORES/u_debug_core_0/resetn/opit_0/CLK
Endpoint    : u_CORES/u_debug_core_0/status[7]/opit_0_inv_L6QL5Q_perm/RS
Path Group  : sys_clk
Path Type   : max
Path Class  : async timing path
Clock Skew :    -0.060  (Capture Clock Delay - Launch Clock Delay + Clock Pessimism Removal)
  Capture Clock Delay     :  2.127
  Launch Clock Delay      :  2.521
  Clock Pessimism Removal :  0.334

 Location                          Delay Type             Incr        Path         Logical Resource 
----------------------------------------------------------------------------------------------------

 Clock sys_clk (rising edge)                             0.000       0.000 r                        
 R3                                                      0.000       0.000 r       sys_clk (port)   
                                   net (fanout=1)        0.096       0.096         sys_clk          
 IOBD_372_450/DIN                  td                    0.659       0.755 r       sys_clk_ibuf/opit_0/O
                                   net (fanout=1)        0.000       0.755         sys_clk_ibuf/ntD 
 IOLHR_364_450/DI_TO_CLK           td                    0.087       0.842 r       sys_clk_ibuf/opit_1/DI_TO_CLK
                                   net (fanout=1)        0.588       1.430         nt_sys_clk       
 USCM_215_576/CLKOUT               td                    0.115       1.545 r       clkbufg_5/gopclkbufg/CLKOUT
                                   net (fanout=2)        0.397       1.942         ntclkbufg_2      
 HCKB_213_506/CLKOUT               td                    0.233       2.175 r       HCKBROUTE_207/CLKOUT
                                   net (fanout=386)      0.346       2.521         _N297            
 CLMS_27_733/CLK                                                           r       u_CORES/u_debug_core_0/resetn/opit_0/CLK

 CLMS_27_733/Q1                    tco                   0.125       2.646 f       u_CORES/u_debug_core_0/resetn/opit_0/Q
                                   net (fanout=98)       0.501       3.147         u_CORES/u_debug_core_0/resetn
 CLMA_33_810/RSCO                  td                    0.052       3.199 r       u_CORES/u_debug_core_0/u_Trigger_Condition/conf_reg[2]/opit_0_inv/RSCO
                                   net (fanout=4)        0.000       3.199         _N62             
 CLMA_33_816/RSCO                  td                    0.049       3.248 r       u_CORES/u_debug_core_0/data_start_d1/opit_0_inv/RSCO
                                   net (fanout=4)        0.000       3.248         _N61             
 CLMA_33_822/RSCO                  td                    0.049       3.297 r       u_CORES/u_debug_core_0/data_pipe[3][26]/opit_0_inv_L6QL5Q_perm/RSCO
                                   net (fanout=1)        0.000       3.297         _N60             
 CLMA_33_828/RSCO                  td                    0.049       3.346 r       u_CORES/u_debug_core_0/u_Storage_Condition/trig_mask_nsa/opit_0_inv_L5Q_perm/RSCO
                                   net (fanout=4)        0.000       3.346         _N59             
 CLMA_33_834/RSCO                  td                    0.049       3.395 r       u_CORES/u_debug_core_0/u_Storage_Condition/trigger_nsa_d1/opit_0_inv_L6QL5_perm/RSCO
                                   net (fanout=7)        0.000       3.395         _N58             
 CLMA_33_840/RSCO                  td                    0.049       3.444 r       u_CORES/u_debug_core_0/u_Storage_Condition/counter_win[14]/opit_0_inv/RSCO
                                   net (fanout=4)        0.000       3.444         _N57             
 CLMA_33_846/RSCO                  td                    0.049       3.493 r       u_CORES/u_debug_core_0/status[11]/opit_0_inv_L6QL5Q_perm/RSCO
                                   net (fanout=4)        0.000       3.493         _N56             
 CLMA_33_852/RSCO                  td                    0.049       3.542 r       u_CORES/u_debug_core_0/u_Storage_Condition/counter_win[9]/opit_0_inv/RSCO
                                   net (fanout=3)        0.000       3.542         _N55             
 CLMA_33_858/RSCI                                                          r       u_CORES/u_debug_core_0/status[7]/opit_0_inv_L6QL5Q_perm/RS

 Data arrival time                                                   3.542         Logic Levels: 8  
                                                                                   Logic: 0.520ns(50.930%), Route: 0.501ns(49.070%)
----------------------------------------------------------------------------------------------------

 Clock sys_clk (rising edge)                            20.000      20.000 r                        
 R3                                                      0.000      20.000 r       sys_clk (port)   
                                   net (fanout=1)        0.096      20.096         sys_clk          
 IOBD_372_450/DIN                  td                    0.563      20.659 r       sys_clk_ibuf/opit_0/O
                                   net (fanout=1)        0.000      20.659         sys_clk_ibuf/ntD 
 IOLHR_364_450/DI_TO_CLK           td                    0.073      20.732 r       sys_clk_ibuf/opit_1/DI_TO_CLK
                                   net (fanout=1)        0.493      21.225         nt_sys_clk       
 USCM_215_576/CLKOUT               td                    0.097      21.322 r       clkbufg_5/gopclkbufg/CLKOUT
                                   net (fanout=2)        0.334      21.656         ntclkbufg_2      
 HCKB_213_506/CLKOUT               td                    0.195      21.851 r       HCKBROUTE_207/CLKOUT
                                   net (fanout=386)      0.276      22.127         _N297            
 CLMA_33_858/CLK                                                           r       u_CORES/u_debug_core_0/status[7]/opit_0_inv_L6QL5Q_perm/CLK
 clock pessimism                                         0.334      22.461                          
 clock uncertainty                                      -0.050      22.411                          

 Recovery time                                          -0.116      22.295                          

 Data required time                                                 22.295                          
----------------------------------------------------------------------------------------------------
 Data required time                                                 22.295                          
 Data arrival time                                                  -3.542                          
----------------------------------------------------------------------------------------------------
 Slack (MET)                                                        18.753                          
====================================================================================================

====================================================================================================

Startpoint  : u_CORES/u_debug_core_0/resetn/opit_0/CLK
Endpoint    : u_CORES/u_debug_core_0/data_pipe[4][25]/opit_0_inv_L6QL5Q_perm/RS
Path Group  : sys_clk
Path Type   : max
Path Class  : async timing path
Clock Skew :    -0.060  (Capture Clock Delay - Launch Clock Delay + Clock Pessimism Removal)
  Capture Clock Delay     :  2.127
  Launch Clock Delay      :  2.521
  Clock Pessimism Removal :  0.334

 Location                          Delay Type             Incr        Path         Logical Resource 
----------------------------------------------------------------------------------------------------

 Clock sys_clk (rising edge)                             0.000       0.000 r                        
 R3                                                      0.000       0.000 r       sys_clk (port)   
                                   net (fanout=1)        0.096       0.096         sys_clk          
 IOBD_372_450/DIN                  td                    0.659       0.755 r       sys_clk_ibuf/opit_0/O
                                   net (fanout=1)        0.000       0.755         sys_clk_ibuf/ntD 
 IOLHR_364_450/DI_TO_CLK           td                    0.087       0.842 r       sys_clk_ibuf/opit_1/DI_TO_CLK
                                   net (fanout=1)        0.588       1.430         nt_sys_clk       
 USCM_215_576/CLKOUT               td                    0.115       1.545 r       clkbufg_5/gopclkbufg/CLKOUT
                                   net (fanout=2)        0.397       1.942         ntclkbufg_2      
 HCKB_213_506/CLKOUT               td                    0.233       2.175 r       HCKBROUTE_207/CLKOUT
                                   net (fanout=386)      0.346       2.521         _N297            
 CLMS_27_733/CLK                                                           r       u_CORES/u_debug_core_0/resetn/opit_0/CLK

 CLMS_27_733/Q1                    tco                   0.125       2.646 f       u_CORES/u_debug_core_0/resetn/opit_0/Q
                                   net (fanout=98)       0.501       3.147         u_CORES/u_debug_core_0/resetn
 CLMA_33_810/RSCO                  td                    0.052       3.199 r       u_CORES/u_debug_core_0/u_Trigger_Condition/conf_reg[2]/opit_0_inv/RSCO
                                   net (fanout=4)        0.000       3.199         _N62             
 CLMA_33_816/RSCO                  td                    0.049       3.248 r       u_CORES/u_debug_core_0/data_start_d1/opit_0_inv/RSCO
                                   net (fanout=4)        0.000       3.248         _N61             
 CLMA_33_822/RSCO                  td                    0.049       3.297 r       u_CORES/u_debug_core_0/data_pipe[3][26]/opit_0_inv_L6QL5Q_perm/RSCO
                                   net (fanout=1)        0.000       3.297         _N60             
 CLMA_33_828/RSCO                  td                    0.049       3.346 r       u_CORES/u_debug_core_0/u_Storage_Condition/trig_mask_nsa/opit_0_inv_L5Q_perm/RSCO
                                   net (fanout=4)        0.000       3.346         _N59             
 CLMA_33_834/RSCO                  td                    0.049       3.395 r       u_CORES/u_debug_core_0/u_Storage_Condition/trigger_nsa_d1/opit_0_inv_L6QL5_perm/RSCO
                                   net (fanout=7)        0.000       3.395         _N58             
 CLMA_33_840/RSCO                  td                    0.049       3.444 r       u_CORES/u_debug_core_0/u_Storage_Condition/counter_win[14]/opit_0_inv/RSCO
                                   net (fanout=4)        0.000       3.444         _N57             
 CLMA_33_846/RSCO                  td                    0.049       3.493 r       u_CORES/u_debug_core_0/status[11]/opit_0_inv_L6QL5Q_perm/RSCO
                                   net (fanout=4)        0.000       3.493         _N56             
 CLMA_33_852/RSCO                  td                    0.049       3.542 r       u_CORES/u_debug_core_0/u_Storage_Condition/counter_win[9]/opit_0_inv/RSCO
                                   net (fanout=3)        0.000       3.542         _N55             
 CLMA_33_858/RSCI                                                          r       u_CORES/u_debug_core_0/data_pipe[4][25]/opit_0_inv_L6QL5Q_perm/RS

 Data arrival time                                                   3.542         Logic Levels: 8  
                                                                                   Logic: 0.520ns(50.930%), Route: 0.501ns(49.070%)
----------------------------------------------------------------------------------------------------

 Clock sys_clk (rising edge)                            20.000      20.000 r                        
 R3                                                      0.000      20.000 r       sys_clk (port)   
                                   net (fanout=1)        0.096      20.096         sys_clk          
 IOBD_372_450/DIN                  td                    0.563      20.659 r       sys_clk_ibuf/opit_0/O
                                   net (fanout=1)        0.000      20.659         sys_clk_ibuf/ntD 
 IOLHR_364_450/DI_TO_CLK           td                    0.073      20.732 r       sys_clk_ibuf/opit_1/DI_TO_CLK
                                   net (fanout=1)        0.493      21.225         nt_sys_clk       
 USCM_215_576/CLKOUT               td                    0.097      21.322 r       clkbufg_5/gopclkbufg/CLKOUT
                                   net (fanout=2)        0.334      21.656         ntclkbufg_2      
 HCKB_213_506/CLKOUT               td                    0.195      21.851 r       HCKBROUTE_207/CLKOUT
                                   net (fanout=386)      0.276      22.127         _N297            
 CLMA_33_858/CLK                                                           r       u_CORES/u_debug_core_0/data_pipe[4][25]/opit_0_inv_L6QL5Q_perm/CLK
 clock pessimism                                         0.334      22.461                          
 clock uncertainty                                      -0.050      22.411                          

 Recovery time                                          -0.116      22.295                          

 Data required time                                                 22.295                          
----------------------------------------------------------------------------------------------------
 Data required time                                                 22.295                          
 Data arrival time                                                  -3.542                          
----------------------------------------------------------------------------------------------------
 Slack (MET)                                                        18.753                          
====================================================================================================

====================================================================================================

Startpoint  : u_CORES/u_debug_core_0/resetn/opit_0/CLK
Endpoint    : u_CORES/u_debug_core_0/TRIG0_ff[0][6]/opit_0_inv/RS
Path Group  : sys_clk
Path Type   : min
Path Class  : async timing path
Clock Skew :    0.031  (Capture Clock Delay - Launch Clock Delay + Clock Pessimism Removal)
  Capture Clock Delay     :  2.513
  Launch Clock Delay      :  2.148
  Clock Pessimism Removal :  -0.334

 Location                          Delay Type             Incr        Path         Logical Resource 
----------------------------------------------------------------------------------------------------

 Clock sys_clk (rising edge)                             0.000       0.000 r                        
 R3                                                      0.000       0.000 r       sys_clk (port)   
                                   net (fanout=1)        0.096       0.096         sys_clk          
 IOBD_372_450/DIN                  td                    0.563       0.659 r       sys_clk_ibuf/opit_0/O
                                   net (fanout=1)        0.000       0.659         sys_clk_ibuf/ntD 
 IOLHR_364_450/DI_TO_CLK           td                    0.073       0.732 r       sys_clk_ibuf/opit_1/DI_TO_CLK
                                   net (fanout=1)        0.493       1.225         nt_sys_clk       
 USCM_215_576/CLKOUT               td                    0.097       1.322 r       clkbufg_5/gopclkbufg/CLKOUT
                                   net (fanout=2)        0.334       1.656         ntclkbufg_2      
 HCKB_213_506/CLKOUT               td                    0.195       1.851 r       HCKBROUTE_207/CLKOUT
                                   net (fanout=386)      0.297       2.148         _N297            
 CLMS_27_733/CLK                                                           r       u_CORES/u_debug_core_0/resetn/opit_0/CLK

 CLMS_27_733/Q1                    tco                   0.109       2.257 f       u_CORES/u_debug_core_0/resetn/opit_0/Q
                                   net (fanout=98)       0.164       2.421         u_CORES/u_debug_core_0/resetn
 CLMA_27_774/RS                                                            f       u_CORES/u_debug_core_0/TRIG0_ff[0][6]/opit_0_inv/RS

 Data arrival time                                                   2.421         Logic Levels: 0  
                                                                                   Logic: 0.109ns(39.927%), Route: 0.164ns(60.073%)
----------------------------------------------------------------------------------------------------

 Clock sys_clk (rising edge)                             0.000       0.000 r                        
 R3                                                      0.000       0.000 r       sys_clk (port)   
                                   net (fanout=1)        0.096       0.096         sys_clk          
 IOBD_372_450/DIN                  td                    0.659       0.755 r       sys_clk_ibuf/opit_0/O
                                   net (fanout=1)        0.000       0.755         sys_clk_ibuf/ntD 
 IOLHR_364_450/DI_TO_CLK           td                    0.087       0.842 r       sys_clk_ibuf/opit_1/DI_TO_CLK
                                   net (fanout=1)        0.588       1.430         nt_sys_clk       
 USCM_215_576/CLKOUT               td                    0.115       1.545 r       clkbufg_5/gopclkbufg/CLKOUT
                                   net (fanout=2)        0.397       1.942         ntclkbufg_2      
 HCKB_213_506/CLKOUT               td                    0.233       2.175 r       HCKBROUTE_207/CLKOUT
                                   net (fanout=386)      0.338       2.513         _N297            
 CLMA_27_774/CLK                                                           r       u_CORES/u_debug_core_0/TRIG0_ff[0][6]/opit_0_inv/CLK
 clock pessimism                                        -0.334       2.179                          
 clock uncertainty                                       0.000       2.179                          

 Removal time                                           -0.043       2.136                          

 Data required time                                                  2.136                          
----------------------------------------------------------------------------------------------------
 Data required time                                                  2.136                          
 Data arrival time                                                  -2.421                          
----------------------------------------------------------------------------------------------------
 Slack (MET)                                                         0.285                          
====================================================================================================

====================================================================================================

Startpoint  : u_CORES/u_debug_core_0/resetn/opit_0/CLK
Endpoint    : u_CORES/u_debug_core_0/TRIG0_ff[1][5]/opit_0_inv/RS
Path Group  : sys_clk
Path Type   : min
Path Class  : async timing path
Clock Skew :    0.031  (Capture Clock Delay - Launch Clock Delay + Clock Pessimism Removal)
  Capture Clock Delay     :  2.513
  Launch Clock Delay      :  2.148
  Clock Pessimism Removal :  -0.334

 Location                          Delay Type             Incr        Path         Logical Resource 
----------------------------------------------------------------------------------------------------

 Clock sys_clk (rising edge)                             0.000       0.000 r                        
 R3                                                      0.000       0.000 r       sys_clk (port)   
                                   net (fanout=1)        0.096       0.096         sys_clk          
 IOBD_372_450/DIN                  td                    0.563       0.659 r       sys_clk_ibuf/opit_0/O
                                   net (fanout=1)        0.000       0.659         sys_clk_ibuf/ntD 
 IOLHR_364_450/DI_TO_CLK           td                    0.073       0.732 r       sys_clk_ibuf/opit_1/DI_TO_CLK
                                   net (fanout=1)        0.493       1.225         nt_sys_clk       
 USCM_215_576/CLKOUT               td                    0.097       1.322 r       clkbufg_5/gopclkbufg/CLKOUT
                                   net (fanout=2)        0.334       1.656         ntclkbufg_2      
 HCKB_213_506/CLKOUT               td                    0.195       1.851 r       HCKBROUTE_207/CLKOUT
                                   net (fanout=386)      0.297       2.148         _N297            
 CLMS_27_733/CLK                                                           r       u_CORES/u_debug_core_0/resetn/opit_0/CLK

 CLMS_27_733/Q1                    tco                   0.109       2.257 f       u_CORES/u_debug_core_0/resetn/opit_0/Q
                                   net (fanout=98)       0.164       2.421         u_CORES/u_debug_core_0/resetn
 CLMA_27_774/RS                                                            f       u_CORES/u_debug_core_0/TRIG0_ff[1][5]/opit_0_inv/RS

 Data arrival time                                                   2.421         Logic Levels: 0  
                                                                                   Logic: 0.109ns(39.927%), Route: 0.164ns(60.073%)
----------------------------------------------------------------------------------------------------

 Clock sys_clk (rising edge)                             0.000       0.000 r                        
 R3                                                      0.000       0.000 r       sys_clk (port)   
                                   net (fanout=1)        0.096       0.096         sys_clk          
 IOBD_372_450/DIN                  td                    0.659       0.755 r       sys_clk_ibuf/opit_0/O
                                   net (fanout=1)        0.000       0.755         sys_clk_ibuf/ntD 
 IOLHR_364_450/DI_TO_CLK           td                    0.087       0.842 r       sys_clk_ibuf/opit_1/DI_TO_CLK
                                   net (fanout=1)        0.588       1.430         nt_sys_clk       
 USCM_215_576/CLKOUT               td                    0.115       1.545 r       clkbufg_5/gopclkbufg/CLKOUT
                                   net (fanout=2)        0.397       1.942         ntclkbufg_2      
 HCKB_213_506/CLKOUT               td                    0.233       2.175 r       HCKBROUTE_207/CLKOUT
                                   net (fanout=386)      0.338       2.513         _N297            
 CLMA_27_774/CLK                                                           r       u_CORES/u_debug_core_0/TRIG0_ff[1][5]/opit_0_inv/CLK
 clock pessimism                                        -0.334       2.179                          
 clock uncertainty                                       0.000       2.179                          

 Removal time                                           -0.043       2.136                          

 Data required time                                                  2.136                          
----------------------------------------------------------------------------------------------------
 Data required time                                                  2.136                          
 Data arrival time                                                  -2.421                          
----------------------------------------------------------------------------------------------------
 Slack (MET)                                                         0.285                          
====================================================================================================

====================================================================================================

Startpoint  : u_CORES/u_debug_core_0/resetn/opit_0/CLK
Endpoint    : u_CORES/u_debug_core_0/u0_trig_unit/signal_ff_dly[5]/opit_0_inv/RS
Path Group  : sys_clk
Path Type   : min
Path Class  : async timing path
Clock Skew :    0.031  (Capture Clock Delay - Launch Clock Delay + Clock Pessimism Removal)
  Capture Clock Delay     :  2.513
  Launch Clock Delay      :  2.148
  Clock Pessimism Removal :  -0.334

 Location                          Delay Type             Incr        Path         Logical Resource 
----------------------------------------------------------------------------------------------------

 Clock sys_clk (rising edge)                             0.000       0.000 r                        
 R3                                                      0.000       0.000 r       sys_clk (port)   
                                   net (fanout=1)        0.096       0.096         sys_clk          
 IOBD_372_450/DIN                  td                    0.563       0.659 r       sys_clk_ibuf/opit_0/O
                                   net (fanout=1)        0.000       0.659         sys_clk_ibuf/ntD 
 IOLHR_364_450/DI_TO_CLK           td                    0.073       0.732 r       sys_clk_ibuf/opit_1/DI_TO_CLK
                                   net (fanout=1)        0.493       1.225         nt_sys_clk       
 USCM_215_576/CLKOUT               td                    0.097       1.322 r       clkbufg_5/gopclkbufg/CLKOUT
                                   net (fanout=2)        0.334       1.656         ntclkbufg_2      
 HCKB_213_506/CLKOUT               td                    0.195       1.851 r       HCKBROUTE_207/CLKOUT
                                   net (fanout=386)      0.297       2.148         _N297            
 CLMS_27_733/CLK                                                           r       u_CORES/u_debug_core_0/resetn/opit_0/CLK

 CLMS_27_733/Q1                    tco                   0.109       2.257 f       u_CORES/u_debug_core_0/resetn/opit_0/Q
                                   net (fanout=98)       0.164       2.421         u_CORES/u_debug_core_0/resetn
 CLMA_27_774/RS                                                            f       u_CORES/u_debug_core_0/u0_trig_unit/signal_ff_dly[5]/opit_0_inv/RS

 Data arrival time                                                   2.421         Logic Levels: 0  
                                                                                   Logic: 0.109ns(39.927%), Route: 0.164ns(60.073%)
----------------------------------------------------------------------------------------------------

 Clock sys_clk (rising edge)                             0.000       0.000 r                        
 R3                                                      0.000       0.000 r       sys_clk (port)   
                                   net (fanout=1)        0.096       0.096         sys_clk          
 IOBD_372_450/DIN                  td                    0.659       0.755 r       sys_clk_ibuf/opit_0/O
                                   net (fanout=1)        0.000       0.755         sys_clk_ibuf/ntD 
 IOLHR_364_450/DI_TO_CLK           td                    0.087       0.842 r       sys_clk_ibuf/opit_1/DI_TO_CLK
                                   net (fanout=1)        0.588       1.430         nt_sys_clk       
 USCM_215_576/CLKOUT               td                    0.115       1.545 r       clkbufg_5/gopclkbufg/CLKOUT
                                   net (fanout=2)        0.397       1.942         ntclkbufg_2      
 HCKB_213_506/CLKOUT               td                    0.233       2.175 r       HCKBROUTE_207/CLKOUT
                                   net (fanout=386)      0.338       2.513         _N297            
 CLMA_27_774/CLK                                                           r       u_CORES/u_debug_core_0/u0_trig_unit/signal_ff_dly[5]/opit_0_inv/CLK
 clock pessimism                                        -0.334       2.179                          
 clock uncertainty                                       0.000       2.179                          

 Removal time                                           -0.043       2.136                          

 Data required time                                                  2.136                          
----------------------------------------------------------------------------------------------------
 Data required time                                                  2.136                          
 Data arrival time                                                  -2.421                          
----------------------------------------------------------------------------------------------------
 Slack (MET)                                                         0.285                          
====================================================================================================

====================================================================================================

Startpoint  : hdmi_i2c_inst/i2c_ctrl_inst/state_6/opit_0_inv_L6QL5Q_perm/CLK
Endpoint    : ddc_scl (port)
Path Group  : **default**
Path Type   : max
Path Class  : combinational timing path

 Location                          Delay Type             Incr        Path         Logical Resource 
----------------------------------------------------------------------------------------------------

 Clock hdmi_i2c_inst/i2c_ctrl_inst/i2c_clk/Q[0]_Inferred (rising edge)
                                                         0.000       0.000 r                        
 CLMA_27_666/CR0                                         0.000       0.000 r       hdmi_i2c_inst/i2c_ctrl_inst/i2c_clk/opit_0_inv/Q
                                   net (fanout=31)       0.388       0.388         hdmi_i2c_inst/cfg_clk
 CLMA_21_643/CLK                                                           r       hdmi_i2c_inst/i2c_ctrl_inst/state_6/opit_0_inv_L6QL5Q_perm/CLK

 CLMA_21_643/CR1                   tco                   0.142       0.530 f       hdmi_i2c_inst/i2c_ctrl_inst/state_6/opit_0_inv_L6QL5Q_perm/L5Q
                                   net (fanout=6)        0.076       0.606         hdmi_i2c_inst/i2c_ctrl_inst/state_6
 CLMA_21_642/Y0                    td                    0.125       0.731 r       hdmi_i2c_inst/i2c_ctrl_inst/N796_5/LUT6_inst_perm/L6
                                   net (fanout=1)        0.313       1.044         hdmi_i2c_inst/i2c_ctrl_inst/N796
 CLMA_21_636/Y1                    td                    0.062       1.106 r       hdmi_i2c_inst/i2c_ctrl_inst/i2c_scl_3/LUT6_inst_perm/L6
                                   net (fanout=1)        0.764       1.870         _N223            
 IOLHR_16_480/DO_P                 td                    0.488       2.358 r       ddc_scl_obuf/opit_1/DO_P
                                   net (fanout=1)        0.000       2.358         ddc_scl_obuf/ntO 
 IOBD_0_480/PAD                    td                    1.954       4.312 r       ddc_scl_obuf/opit_0/O
                                   net (fanout=1)        0.131       4.443         ddc_scl          
 L22                                                                       r       ddc_scl (port)   

 Data arrival time                                                   4.443         Logic Levels: 4  
                                                                                   Logic: 2.771ns(68.335%), Route: 1.284ns(31.665%)
====================================================================================================

====================================================================================================

Startpoint  : hdmi_in_hsync (port)
Endpoint    : hdmi_out_hsync (port)
Path Group  : **default**
Path Type   : max
Path Class  : combinational timing path

 Location                          Delay Type             Incr        Path         Logical Resource 
----------------------------------------------------------------------------------------------------


 N21                                                     0.000       0.000 f       hdmi_in_hsync (port)
                                   net (fanout=1)        0.135       0.135         hdmi_in_hsync    
 IOBD_0_450/DIN                    td                    0.515       0.650 f       hdmi_in_hsync_ibuf/opit_0/O
                                   net (fanout=1)        0.000       0.650         hdmi_in_hsync_ibuf/ntD
 IOLHR_16_450/DI_TO_CLK            td                    0.087       0.737 f       hdmi_in_hsync_ibuf/opit_1/DI_TO_CLK
                                   net (fanout=3)        1.303       2.040         nt_hdmi_in_hsync 
 IOLHR_16_822/DO_P                 td                    0.488       2.528 f       hdmi_out_hsync_obuf/opit_1/DO_P
                                   net (fanout=1)        0.000       2.528         hdmi_out_hsync_obuf/ntO
 IOBD_0_822/PAD                    td                    1.546       4.074 f       hdmi_out_hsync_obuf/opit_0/O
                                   net (fanout=1)        0.084       4.158         hdmi_out_hsync   
 L17                                                                       f       hdmi_out_hsync (port)

 Data arrival time                                                   4.158         Logic Levels: 4  
                                                                                   Logic: 2.636ns(63.396%), Route: 1.522ns(36.604%)
====================================================================================================

====================================================================================================

Startpoint  : hdmi_in_rgb[22] (port)
Endpoint    : hdmi_out_rgb[22] (port)
Path Group  : **default**
Path Type   : max
Path Class  : combinational timing path

 Location                          Delay Type             Incr        Path         Logical Resource 
----------------------------------------------------------------------------------------------------


 F20                                                     0.000       0.000 f       hdmi_in_rgb[22] (port)
                                   net (fanout=1)        0.092       0.092         hdmi_in_rgb[22]  
 IOBS_0_1158/DIN                   td                    0.515       0.607 f       hdmi_in_rgb_ibuf[22]/opit_0/O
                                   net (fanout=1)        0.000       0.607         hdmi_in_rgb_ibuf[22]/ntD
 IOLHR_16_1158/DI_TO_CLK           td                    0.087       0.694 f       hdmi_in_rgb_ibuf[22]/opit_1/DI_TO_CLK
                                   net (fanout=3)        0.935       1.629         nt_hdmi_in_rgb[22]
 IOLHR_16_978/DO_P                 td                    0.488       2.117 f       hdmi_out_rgb_obuf[22]/opit_1/DO_P
                                   net (fanout=1)        0.000       2.117         hdmi_out_rgb_obuf[22]/ntO
 IOBD_0_978/PAD                    td                    1.546       3.663 f       hdmi_out_rgb_obuf[22]/opit_0/O
                                   net (fanout=1)        0.166       3.829         hdmi_out_rgb[22] 
 B25                                                                       f       hdmi_out_rgb[22] (port)

 Data arrival time                                                   3.829         Logic Levels: 4  
                                                                                   Logic: 2.636ns(68.843%), Route: 1.193ns(31.157%)
====================================================================================================

====================================================================================================

Startpoint  : hdmi_in_rgb[7] (port)
Endpoint    : u_CORES/u_debug_core_0/TRIG0_ff[0][10]/opit_0_inv/D
Path Group  : **default**
Path Type   : min
Path Class  : combinational timing path

 Location                          Delay Type             Incr        Path         Logical Resource 
----------------------------------------------------------------------------------------------------


 J21                                                     0.000       0.000 f       hdmi_in_rgb[7] (port)
                                   net (fanout=1)        0.091       0.091         hdmi_in_rgb[7]   
 IOBS_0_768/DIN                    td                    0.440       0.531 f       hdmi_in_rgb_ibuf[7]/opit_0/O
                                   net (fanout=1)        0.000       0.531         hdmi_in_rgb_ibuf[7]/ntD
 IOLHR_16_768/DI_TO_CLK            td                    0.073       0.604 f       hdmi_in_rgb_ibuf[7]/opit_1/DI_TO_CLK
                                   net (fanout=3)        0.224       0.828         nt_hdmi_in_rgb[7]
 CLMS_33_769/M2                                                            f       u_CORES/u_debug_core_0/TRIG0_ff[0][10]/opit_0_inv/D

 Data arrival time                                                   0.828         Logic Levels: 2  
                                                                                   Logic: 0.513ns(61.957%), Route: 0.315ns(38.043%)
====================================================================================================

====================================================================================================

Startpoint  : hdmi_in_rgb[6] (port)
Endpoint    : u_CORES/u_debug_core_0/trig0_d1[9]/opit_0/D
Path Group  : **default**
Path Type   : min
Path Class  : combinational timing path

 Location                          Delay Type             Incr        Path         Logical Resource 
----------------------------------------------------------------------------------------------------


 K21                                                     0.000       0.000 f       hdmi_in_rgb[6] (port)
                                   net (fanout=1)        0.094       0.094         hdmi_in_rgb[6]   
 IOBD_0_774/DIN                    td                    0.440       0.534 f       hdmi_in_rgb_ibuf[6]/opit_0/O
                                   net (fanout=1)        0.000       0.534         hdmi_in_rgb_ibuf[6]/ntD
 IOLHR_16_774/DI_TO_CLK            td                    0.073       0.607 f       hdmi_in_rgb_ibuf[6]/opit_1/DI_TO_CLK
                                   net (fanout=3)        0.229       0.836         nt_hdmi_in_rgb[6]
 CLMA_33_768/M3                                                            f       u_CORES/u_debug_core_0/trig0_d1[9]/opit_0/D

 Data arrival time                                                   0.836         Logic Levels: 2  
                                                                                   Logic: 0.513ns(61.364%), Route: 0.323ns(38.636%)
====================================================================================================

====================================================================================================

Startpoint  : hdmi_in_rgb[13] (port)
Endpoint    : u_CORES/u_debug_core_0/TRIG0_ff[0][16]/opit_0_inv/D
Path Group  : **default**
Path Type   : min
Path Class  : combinational timing path

 Location                          Delay Type             Incr        Path         Logical Resource 
----------------------------------------------------------------------------------------------------


 H22                                                     0.000       0.000 f       hdmi_in_rgb[13] (port)
                                   net (fanout=1)        0.123       0.123         hdmi_in_rgb[13]  
 IOBS_0_750/DIN                    td                    0.440       0.563 f       hdmi_in_rgb_ibuf[13]/opit_0/O
                                   net (fanout=1)        0.000       0.563         hdmi_in_rgb_ibuf[13]/ntD
 IOLHR_16_750/DI_TO_CLK            td                    0.073       0.636 f       hdmi_in_rgb_ibuf[13]/opit_1/DI_TO_CLK
                                   net (fanout=3)        0.232       0.868         nt_hdmi_in_rgb[13]
 CLMS_27_739/M3                                                            f       u_CORES/u_debug_core_0/TRIG0_ff[0][16]/opit_0_inv/D

 Data arrival time                                                   0.868         Logic Levels: 2  
                                                                                   Logic: 0.513ns(59.101%), Route: 0.355ns(40.899%)
====================================================================================================

====================================================================================================

0. checking no_clock
--------------------

1. checking virtual_clock
--------------------

2. checking unexpandable_clocks
--------------------

3. checking no_input_delay
--------------------

4. checking no_output_delay
--------------------

5. checking partial_input_delay
--------------------

6. checking partial_output_delay
--------------------

7. checking io_min_max_delay_consistency
--------------------

8. checking input_delay_assigned_to_clock
--------------------

9. checking loops
--------------------

10. checking latches
--------------------
Action report_timing: Real time elapsed is 17.000 sec
Action report_timing: CPU time elapsed is 15.016 sec
Current time: Fri Aug 11 14:59:44 2023
Action report_timing: Peak memory pool usage is 579,981,312 bytes
Report timing is finished successfully.
Process "Report Timing" done.


Process "Generate Bitstream" started.
Current time: Fri Aug 11 14:59:48 2023
Compiling architecture definition.
Compiling verification operator library.
Compiling common defs.
Compiling prim grid devices.
Compiling gate devices.
Compiling gate operators.
Building architecture model.
Loading device packaging model 'FBG676'.
Reading design from DB.
Start Generating Programming File...
Reading design from DB takes 1.578125 sec.
Generating architecture configuration.
The bitstream file is "D:/pango_fire/demo/9_hdmi_loop/hdmi_loop_pango/generate_bitstream/hdmi_loop.sbit"
Generate programming file takes 18.453125 sec.
Generating Programming File done.
Action gen_bit_stream: Real time elapsed is 32.000 sec
Action gen_bit_stream: CPU time elapsed is 29.813 sec
Current time: Fri Aug 11 15:00:19 2023
Action gen_bit_stream: Peak memory pool usage is 1,078,444,032 bytes
Process "Generate Bitstream" done.
Process exit normally.
Process exit normally.
Process exit normally.
Process exit normally.
Process exit normally.
Process exit normally.
Process exit normally.
Process exit normally.
Process exit normally.
