#Build: Fabric Compiler 2025.2, Build 211867, Jan 16 16:10 2026
#Install: E:\work\pango\PDS_2025.2-ads\bin
#Application name: pds.exe
#OS: Windows 11 10.0.26200
#CPU: Unknown
#RAM(GB): 32
#Hostname: dionirpyC
#Generated by Fabric Compiler (version 2025.2 build 211867) at Fri Sep 18 19:08:33 2026
Parse module hierarchy of project 'E:/code/PangoWork/Works/uart/temp_projects/Main_Flow/Main_Flow.pds' (TEXT Parser)
Open IP Compiler ...
IP Compiler initialization started successfully.
C: Flow-2008: IP file modified: 'E:/code/PangoWork/Works/uart/ipcore/pll_50mhz/pll_50mhz.idf'. 
Parse module hierarchy of project 'E:/code/PangoWork/Works/uart/temp_projects/Main_Flow/Main_Flow.pds' (TEXT Parser)
C: Flow-2008: IP file modified: 'E:/code/PangoWork/Works/uart/ipcore/pll_50mhz/pll_50mhz.idf'. 
Parse module hierarchy of project 'E:/code/PangoWork/Works/uart/temp_projects/Main_Flow/Main_Flow.pds' (ADS Parser)
File "E:/code/PangoWork/Works/uart/Designs/led/led.v" has been added to project successfully. 
File "E:/code/PangoWork/Works/uart/Designs/uart/uart_rx.v" has been added to project successfully. 
Parse module hierarchy of project 'E:/code/PangoWork/Works/uart/temp_projects/Main_Flow/Main_Flow.pds' (ADS Parser)
File "E:/code/PangoWork/Works/uart/Designs/uart_rx_top.v" has been added to project successfully. 
Parse module hierarchy of project 'E:/code/PangoWork/Works/uart/temp_projects/Main_Flow/Main_Flow.pds' (ADS Parser)
E: Verilog-4261: [E:/code/PangoWork/Works/uart/Designs/uart_rx_top.v(line number: 1)] Syntax error near # in verilog, Enable SystemVerilog features first.
E: Verilog-4261: [E:/code/PangoWork/Works/uart/Designs/uart_rx_top.v(line number: 17)] Syntax error near # in verilog, Enable SystemVerilog features first.
E: Verilog-4261: [E:/code/PangoWork/Works/uart/Designs/uart_rx_top.v(line number: 25)] Syntax error near # in verilog, Enable SystemVerilog features first.
E: Parsing ERROR.
 
Command: set_option -options { top_module {uart_rx_top} top_library {work}} [get_filesets design_1]
launch_tasks [get_tasks {syn_1}] -to_action compile
wait_on_tasks [get_tasks {syn_1}] -to_action compile
Process "Compile" started.
Current time: Fri Sep 18 19:46:25 2026
E: Verilog-4261: [E:/code/PangoWork/Works/uart/Designs/uart_rx_top.v(line number: 1)] Syntax error near # in verilog, Enable SystemVerilog features first. [syn_1::Compile]
E: Verilog-4261: [E:/code/PangoWork/Works/uart/Designs/uart_rx_top.v(line number: 17)] Syntax error near # in verilog, Enable SystemVerilog features first. [syn_1::Compile]
E: Verilog-4261: [E:/code/PangoWork/Works/uart/Designs/uart_rx_top.v(line number: 25)] Syntax error near # in verilog, Enable SystemVerilog features first. [syn_1::Compile]
E: Parsing ERROR. [syn_1::Compile]
Run process "Compile" failed, exit code: 1.
Parse module hierarchy of project 'E:/code/PangoWork/Works/uart/temp_projects/Main_Flow/Main_Flow.pds' (ADS Parser)
I: Flow-6004: Design file modified: 'E:/code/PangoWork/Works/uart/Designs/uart_rx_top.v'. 
 
Command: set_option -options { top_module {uart_rx_top} top_library {work}} [get_filesets design_1]
launch_tasks [get_tasks {syn_1}] -to_action compile
wait_on_tasks [get_tasks {syn_1}] -to_action compile
Process "Compile" started.
Current time: Fri Sep 18 19:46:45 2026
E: Verilog-4261: [E:/code/PangoWork/Works/uart/Designs/uart_rx_top.v(line number: 1)] Syntax error near # in verilog, Enable SystemVerilog features first.
E: Parsing ERROR.
E: Verilog-4261: [E:/code/PangoWork/Works/uart/Designs/uart_rx_top.v(line number: 1)] Syntax error near # in verilog, Enable SystemVerilog features first. [syn_1::Compile]
E: Parsing ERROR. [syn_1::Compile]
Run process "Compile" failed, exit code: 1.
Parse module hierarchy of project 'E:/code/PangoWork/Works/uart/temp_projects/Main_Flow/Main_Flow.pds' (ADS Parser)
I: Flow-6004: Design file modified: 'E:/code/PangoWork/Works/uart/Designs/uart_rx_top.v'. 
 
Command: set_option -options { top_module {uart_rx_top} top_library {work}} [get_filesets design_1]
launch_tasks [get_tasks {syn_1}] -to_action compile
wait_on_tasks [get_tasks {syn_1}] -to_action compile
Process "Compile" started.
Current time: Fri Sep 18 19:47:10 2026
E: Verilog-4119: [E:/code/PangoWork/Works/uart/Designs/uart_rx_top.v(line number: 7)] Referenced port 'clk_in1' was not defined in module 'pll_50mhz'.
E: Verilog-4119: [E:/code/PangoWork/Works/uart/Designs/uart_rx_top.v(line number: 7)] Referenced port 'clk_out1' was not defined in module 'pll_50mhz'.
E: Verilog-4119: [E:/code/PangoWork/Works/uart/Designs/uart_rx_top.v(line number: 7)] Referenced port 'clk_out2' was not defined in module 'pll_50mhz'.
E: Verilog-4119: [E:/code/PangoWork/Works/uart/Designs/uart_rx_top.v(line number: 7)] Referenced port 'resetn' was not defined in module 'pll_50mhz'.
E: Verilog-4119: [E:/code/PangoWork/Works/uart/Designs/uart_rx_top.v(line number: 7)] Referenced port 'locked' was not defined in module 'pll_50mhz'.
E: Verilog-4119: [E:/code/PangoWork/Works/uart/Designs/uart_rx_top.v(line number: 7)] Referenced port 'clk_in1' was not defined in module 'pll_50mhz'. [syn_1::Compile]
E: Verilog-4119: [E:/code/PangoWork/Works/uart/Designs/uart_rx_top.v(line number: 7)] Referenced port 'clk_out1' was not defined in module 'pll_50mhz'. [syn_1::Compile]
E: Verilog-4119: [E:/code/PangoWork/Works/uart/Designs/uart_rx_top.v(line number: 7)] Referenced port 'clk_out2' was not defined in module 'pll_50mhz'. [syn_1::Compile]
E: Verilog-4119: [E:/code/PangoWork/Works/uart/Designs/uart_rx_top.v(line number: 7)] Referenced port 'resetn' was not defined in module 'pll_50mhz'. [syn_1::Compile]
E: Verilog-4119: [E:/code/PangoWork/Works/uart/Designs/uart_rx_top.v(line number: 7)] Referenced port 'locked' was not defined in module 'pll_50mhz'. [syn_1::Compile]
Run process "Compile" failed, exit code: 1.
Parse module hierarchy of project 'E:/code/PangoWork/Works/uart/temp_projects/Main_Flow/Main_Flow.pds' (ADS Parser)
I: Flow-6004: Design file modified: 'E:/code/PangoWork/Works/uart/Designs/uart_rx_top.v'. 
Parse module hierarchy of project 'E:/code/PangoWork/Works/uart/temp_projects/Main_Flow/Main_Flow.pds' (ADS Parser)
I: Flow-6004: Design file modified: 'E:/code/PangoWork/Works/uart/Designs/uart_rx_top.v'. 
E: Verilog-4119: [E:/code/PangoWork/Works/uart/Designs/uart_rx_top.v(line number: 7)] Referenced port 'clkout2' was not defined in module 'pll_50mhz'.
E: Verilog-4119: [E:/code/PangoWork/Works/uart/Designs/uart_rx_top.v(line number: 7)] Referenced port 'locked' was not defined in module 'pll_50mhz'.
Parse module hierarchy of project 'E:/code/PangoWork/Works/uart/temp_projects/Main_Flow/Main_Flow.pds' (ADS Parser)
I: Flow-6004: Design file modified: 'E:/code/PangoWork/Works/uart/Designs/uart_rx_top.v'. 
Parse module hierarchy of project 'E:/code/PangoWork/Works/uart/temp_projects/Main_Flow/Main_Flow.pds' (ADS Parser)
I: Flow-6004: Design file modified: 'E:/code/PangoWork/Works/uart/Designs/uart_rx_top.v'. 
E: Verilog-4119: [E:/code/PangoWork/Works/uart/Designs/uart_rx_top.v(line number: 7)] Referenced port 'clkout2' was not defined in module 'pll_50mhz'.
E: Verilog-4119: [E:/code/PangoWork/Works/uart/Designs/uart_rx_top.v(line number: 7)] Referenced port 'locked' was not defined in module 'pll_50mhz'.
Parse module hierarchy of project 'E:/code/PangoWork/Works/uart/temp_projects/Main_Flow/Main_Flow.pds' (ADS Parser)
I: Flow-6004: Design file modified: 'E:/code/PangoWork/Works/uart/Designs/uart_rx_top.v'. 
E: Verilog-4119: [E:/code/PangoWork/Works/uart/Designs/uart_rx_top.v(line number: 7)] Referenced port 'clkout2' was not defined in module 'pll_50mhz'.
E: Verilog-4119: [E:/code/PangoWork/Works/uart/Designs/uart_rx_top.v(line number: 7)] Referenced port 'locked' was not defined in module 'pll_50mhz'.
Parse module hierarchy of project 'E:/code/PangoWork/Works/uart/temp_projects/Main_Flow/Main_Flow.pds' (ADS Parser)
I: Flow-6004: Design file modified: 'E:/code/PangoWork/Works/uart/Designs/uart_rx_top.v'. 
E: Verilog-4119: [E:/code/PangoWork/Works/uart/Designs/uart_rx_top.v(line number: 7)] Referenced port 'clkout2' was not defined in module 'pll_50mhz'.
E: Verilog-4119: [E:/code/PangoWork/Works/uart/Designs/uart_rx_top.v(line number: 7)] Referenced port 'locked' was not defined in module 'pll_50mhz'.
Parse module hierarchy of project 'E:/code/PangoWork/Works/uart/temp_projects/Main_Flow/Main_Flow.pds' (ADS Parser)
I: Flow-6004: Design file modified: 'E:/code/PangoWork/Works/uart/Designs/uart_rx_top.v'. 
E: Verilog-4119: [E:/code/PangoWork/Works/uart/Designs/uart_rx_top.v(line number: 7)] Referenced port 'clkout2' was not defined in module 'pll_50mhz'.
E: Verilog-4119: [E:/code/PangoWork/Works/uart/Designs/uart_rx_top.v(line number: 7)] Referenced port 'locked' was not defined in module 'pll_50mhz'.
Parse module hierarchy of project 'E:/code/PangoWork/Works/uart/temp_projects/Main_Flow/Main_Flow.pds' (ADS Parser)
I: Flow-6004: Design file modified: 'E:/code/PangoWork/Works/uart/Designs/uart_rx_top.v'. 
E: Verilog-4119: [E:/code/PangoWork/Works/uart/Designs/uart_rx_top.v(line number: 7)] Referenced port 'clkout2' was not defined in module 'pll_50mhz'.
E: Verilog-4119: [E:/code/PangoWork/Works/uart/Designs/uart_rx_top.v(line number: 7)] Referenced port 'locked' was not defined in module 'pll_50mhz'.
Parse module hierarchy of project 'E:/code/PangoWork/Works/uart/temp_projects/Main_Flow/Main_Flow.pds' (ADS Parser)
I: Flow-6004: Design file modified: 'E:/code/PangoWork/Works/uart/Designs/uart_rx_top.v'. 
E: Verilog-4119: [E:/code/PangoWork/Works/uart/Designs/uart_rx_top.v(line number: 7)] Referenced port 'clkout2' was not defined in module 'pll_50mhz'.
E: Verilog-4119: [E:/code/PangoWork/Works/uart/Designs/uart_rx_top.v(line number: 7)] Referenced port 'locked' was not defined in module 'pll_50mhz'.
Parse module hierarchy of project 'E:/code/PangoWork/Works/uart/temp_projects/Main_Flow/Main_Flow.pds' (ADS Parser)
I: Flow-6004: Design file modified: 'E:/code/PangoWork/Works/uart/Designs/uart_rx_top.v'. 
Parse module hierarchy of project 'E:/code/PangoWork/Works/uart/temp_projects/Main_Flow/Main_Flow.pds' (ADS Parser)
I: Flow-6004: Design file modified: 'E:/code/PangoWork/Works/uart/Designs/uart_rx_top.v'. 
E: Verilog-4119: [E:/code/PangoWork/Works/uart/Designs/uart_rx_top.v(line number: 7)] Referenced port 'clkout2' was not defined in module 'pll_50mhz'.
E: Verilog-4119: [E:/code/PangoWork/Works/uart/Designs/uart_rx_top.v(line number: 7)] Referenced port 'locked' was not defined in module 'pll_50mhz'.
 
Command: set_option -options { top_module {uart_rx_top} top_library {work}} [get_filesets design_1]
launch_tasks [get_tasks {syn_1}] -to_action compile
wait_on_tasks [get_tasks {syn_1}] -to_action compile
Process "Compile" started.
Current time: Fri Sep 18 19:49:48 2026
E: Verilog-4119: [E:/code/PangoWork/Works/uart/Designs/uart_rx_top.v(line number: 7)] Referenced port 'clkout2' was not defined in module 'pll_50mhz'. [syn_1::Compile]
E: Verilog-4119: [E:/code/PangoWork/Works/uart/Designs/uart_rx_top.v(line number: 7)] Referenced port 'locked' was not defined in module 'pll_50mhz'. [syn_1::Compile]
Run process "Compile" failed, exit code: 1.
Parse module hierarchy of project 'E:/code/PangoWork/Works/uart/temp_projects/Main_Flow/Main_Flow.pds' (ADS Parser)
I: Flow-6004: Design file modified: 'E:/code/PangoWork/Works/uart/Designs/uart_rx_top.v'. 
Parse module hierarchy of project 'E:/code/PangoWork/Works/uart/temp_projects/Main_Flow/Main_Flow.pds' (ADS Parser)
I: Flow-6004: Design file modified: 'E:/code/PangoWork/Works/uart/Designs/led/led.v'. 
E: Verilog-4119: [E:/code/PangoWork/Works/uart/Designs/uart_rx_top.v(line number: 23)] Referenced port 'io_clk' was not defined in module 'led'.
E: Verilog-4119: [E:/code/PangoWork/Works/uart/Designs/uart_rx_top.v(line number: 23)] Referenced port 'io_rst_n' was not defined in module 'led'.
E: Verilog-4119: [E:/code/PangoWork/Works/uart/Designs/uart_rx_top.v(line number: 23)] Referenced port 'io_led_out' was not defined in module 'led'.
Parse module hierarchy of project 'E:/code/PangoWork/Works/uart/temp_projects/Main_Flow/Main_Flow.pds' (ADS Parser)
I: Flow-6004: Design file modified: 'E:/code/PangoWork/Works/uart/Designs/uart/uart_rx.v'. 
Parse module hierarchy of project 'E:/code/PangoWork/Works/uart/temp_projects/Main_Flow/Main_Flow.pds' (ADS Parser)
I: Flow-6004: Design file modified: 'E:/code/PangoWork/Works/uart/Designs/uart_rx_top.v'. 
Parse module hierarchy of project 'E:/code/PangoWork/Works/uart/temp_projects/Main_Flow/Main_Flow.pds' (ADS Parser)
I: Flow-6004: Design file modified: 'E:/code/PangoWork/Works/uart/Designs/uart_rx_top.v'. 
 
Command: set_option -options { top_module {uart_rx_top} top_library {work}} [get_filesets design_1]
launch_tasks [get_tasks {syn_1}] -to_action compile
wait_on_tasks [get_tasks {syn_1}] -to_action compile
Process "Compile" started.
Current time: Fri Sep 18 19:51:07 2026
Process "Compile" done.
Parse module hierarchy of project 'E:/code/PangoWork/Works/uart/temp_projects/Main_Flow/Main_Flow.pds' (ADS Parser)
I: Flow-6004: Design file modified: 'E:/code/PangoWork/Works/uart/Designs/uart_rx_top.v'. 
Parse module hierarchy of project 'E:/code/PangoWork/Works/uart/temp_projects/Main_Flow/Main_Flow.pds' (ADS Parser)
I: Flow-6004: Design file modified: 'E:/code/PangoWork/Works/uart/Designs/uart_rx_top.v'. 
Parse module hierarchy of project 'E:/code/PangoWork/Works/uart/temp_projects/Main_Flow/Main_Flow.pds' (ADS Parser)
I: Flow-6004: Design file modified: 'E:/code/PangoWork/Works/uart/Designs/uart_rx_top.v'. 
Parse module hierarchy of project 'E:/code/PangoWork/Works/uart/temp_projects/Main_Flow/Main_Flow.pds' (ADS Parser)
I: Flow-6004: Design file modified: 'E:/code/PangoWork/Works/uart/Designs/uart_rx_top.v'. 
Parse module hierarchy of project 'E:/code/PangoWork/Works/uart/temp_projects/Main_Flow/Main_Flow.pds' (ADS Parser)
I: Flow-6004: Design file modified: 'E:/code/PangoWork/Works/uart/Designs/uart_rx_top.v'. 
Parse module hierarchy of project 'E:/code/PangoWork/Works/uart/temp_projects/Main_Flow/Main_Flow.pds' (ADS Parser)
I: Flow-6004: Design file modified: 'E:/code/PangoWork/Works/uart/Designs/uart_rx_top.v'. 
Parse module hierarchy of project 'E:/code/PangoWork/Works/uart/temp_projects/Main_Flow/Main_Flow.pds' (ADS Parser)
I: Flow-6004: Design file modified: 'E:/code/PangoWork/Works/uart/Designs/uart_rx_top.v'. 
 
Command: set_option -options { top_module {uart_rx_top} top_library {work}} [get_filesets design_1]
launch_tasks [get_tasks {syn_1}] -to_action compile
wait_on_tasks [get_tasks {syn_1}] -to_action compile
Process "Compile" started.
Current time: Fri Sep 18 19:52:39 2026
Process "Compile" done.
File "E:/code/PangoWork/Works/uart/Constraints/clock/clocks.fdc" has been added to project successfully. 
File "E:/code/PangoWork/Works/uart/Constraints/io/clk.fdc" has been added to project successfully. 
File "E:/code/PangoWork/Works/uart/Constraints/io/key.fdc" has been added to project successfully. 
File "E:/code/PangoWork/Works/uart/Constraints/io/led.fdc" has been added to project successfully. 
File "E:/code/PangoWork/Works/uart/Constraints/io/uart.fdc" has been added to project successfully. 
Parse module hierarchy of project 'E:/code/PangoWork/Works/uart/temp_projects/Main_Flow/Main_Flow.pds' (ADS Parser)
I: Flow-6004: Design file modified: 'E:/code/PangoWork/Works/uart/Designs/uart_rx_top.v'. 
Parse module hierarchy of project 'E:/code/PangoWork/Works/uart/temp_projects/Main_Flow/Main_Flow.pds' (ADS Parser)
I: Flow-6004: Design file modified: 'E:/code/PangoWork/Works/uart/Designs/uart_rx_top.v'. 
C: Flow-2004: Constraint file modified: 'E:/code/PangoWork/Works/uart/Constraints/io/uart.fdc'.
C: Flow-2004: Constraint file modified: 'E:/code/PangoWork/Works/uart/Constraints/io/uart.fdc'.
C: Flow-2004: Constraint file modified: 'E:/code/PangoWork/Works/uart/Constraints/io/uart.fdc'.
C: Flow-2004: Constraint file modified: 'E:/code/PangoWork/Works/uart/Constraints/io/uart.fdc'.
C: Flow-2004: Constraint file modified: 'E:/code/PangoWork/Works/uart/Constraints/io/uart.fdc'.
C: Flow-2004: Constraint file modified: 'E:/code/PangoWork/Works/uart/Constraints/io/uart.fdc'.
C: Flow-2004: Constraint file modified: 'E:/code/PangoWork/Works/uart/Constraints/io/uart.fdc'.
C: Flow-2004: Constraint file modified: 'E:/code/PangoWork/Works/uart/Constraints/io/uart.fdc'.
C: Flow-2004: Constraint file modified: 'E:/code/PangoWork/Works/uart/Constraints/io/uart.fdc'.
C: Flow-2004: Constraint file modified: 'E:/code/PangoWork/Works/uart/Constraints/io/led.fdc'.
Compiling common defs.
Compiling technology operator (valence) library.
Compiling gate operators.
Compiling tech operator impls.
I: Multithreading enabled for Timing using a maximum of 0 processes.
Start load GTP liberty...
Elaborate the liberty model.
Load GTP liberty finished.
Constraint check start.
Compiling gate operators impls.
Compiling gate devices.
Compiling prim grid devices.
Building architecture model.
Loading device packaging model.
Building architecture floorplan logic view.
I: Timing-4125: Removing leading or trailing white spaces for name:  sys_clk_50mhz
E: ConstraintEditor-0046: [E:/code/PangoWork/Works/uart/Constraints/io/clk.fdc(line number: 1)] Parse file error: Option 'p: sys_clk_50mhz' is not defined for command 'define_attribute'.
E: ConstraintEditor-0046: [E:/code/PangoWork/Works/uart/Constraints/io/key.fdc(line number: 1)] Parse file error: Object 'p: key_in[0]' can not be found in current view, please verify the correctness of the argument.
E: ConstraintEditor-0046: [E:/code/PangoWork/Works/uart/Constraints/io/uart.fdc(line number: 1)] Parse file error: Object 'p: uart_rx' can not be found in current view, please verify the correctness of the argument.
E: ConstraintEditor-0046: [E:/code/PangoWork/Works/uart/Constraints/io/led.fdc(line number: 1)] Parse file error: Object 'p: led_out[0]' can not be found in current view, please verify the correctness of the argument.
E: ConstraintEditor-0046: [E:/code/PangoWork/Works/uart/Constraints/io/clk.fdc(line number: 2)] Parse file error: Option 'p: sys_clk_50mhz' is not defined for command 'define_attribute'.
E: ConstraintEditor-0046: [E:/code/PangoWork/Works/uart/Constraints/io/uart.fdc(line number: 2)] Parse file error: Object 'p: uart_rx' can not be found in current view, please verify the correctness of the argument.
E: ConstraintEditor-0046: [E:/code/PangoWork/Works/uart/Constraints/io/key.fdc(line number: 2)] Parse file error: Object 'p: key_in[0]' can not be found in current view, please verify the correctness of the argument.
E: ConstraintEditor-0046: [E:/code/PangoWork/Works/uart/Constraints/io/led.fdc(line number: 2)] Parse file error: Object 'p: led_out[0]' can not be found in current view, please verify the correctness of the argument.
E: ConstraintEditor-0046: [E:/code/PangoWork/Works/uart/Constraints/io/clk.fdc(line number: 3)] Parse file error: Option 'p: sys_clk_50mhz' is not defined for command 'define_attribute'.
E: ConstraintEditor-0046: [E:/code/PangoWork/Works/uart/Constraints/io/uart.fdc(line number: 3)] Parse file error: Object 'p: uart_rx' can not be found in current view, please verify the correctness of the argument.
E: ConstraintEditor-0046: [E:/code/PangoWork/Works/uart/Constraints/io/key.fdc(line number: 3)] Parse file error: Object 'p: key_in[0]' can not be found in current view, please verify the correctness of the argument.
E: ConstraintEditor-0046: [E:/code/PangoWork/Works/uart/Constraints/io/led.fdc(line number: 3)] Parse file error: Object 'p: led_out[0]' can not be found in current view, please verify the correctness of the argument.
E: ConstraintEditor-0046: [E:/code/PangoWork/Works/uart/Constraints/io/clk.fdc(line number: 4)] Parse file error: Option 'p: sys_clk_50mhz' is not defined for command 'define_attribute'.
E: ConstraintEditor-0046: [E:/code/PangoWork/Works/uart/Constraints/io/uart.fdc(line number: 4)] Parse file error: Object 'p: uart_rx' can not be found in current view, please verify the correctness of the argument.
E: ConstraintEditor-0046: [E:/code/PangoWork/Works/uart/Constraints/io/key.fdc(line number: 4)] Parse file error: Object 'p: key_in[0]' can not be found in current view, please verify the correctness of the argument.
E: ConstraintEditor-0046: [E:/code/PangoWork/Works/uart/Constraints/io/led.fdc(line number: 4)] Parse file error: Object 'p: led_out[0]' can not be found in current view, please verify the correctness of the argument.
E: ConstraintEditor-0046: [E:/code/PangoWork/Works/uart/Constraints/io/clk.fdc(line number: 5)] Parse file error: Option 'p: sys_clk_50mhz' is not defined for command 'define_attribute'.
E: ConstraintEditor-0046: [E:/code/PangoWork/Works/uart/Constraints/io/uart.fdc(line number: 5)] Parse file error: Object 'p: uart_rx' can not be found in current view, please verify the correctness of the argument.
E: ConstraintEditor-0046: [E:/code/PangoWork/Works/uart/Constraints/io/led.fdc(line number: 5)] Parse file error: Object 'p: led_out[1]' can not be found in current view, please verify the correctness of the argument.
E: ConstraintEditor-0046: [E:/code/PangoWork/Works/uart/Constraints/io/key.fdc(line number: 5)] Parse file error: Object 'p: key_in[1]' can not be found in current view, please verify the correctness of the argument.
E: ConstraintEditor-0046: [E:/code/PangoWork/Works/uart/Constraints/io/key.fdc(line number: 6)] Parse file error: Object 'p: key_in[1]' can not be found in current view, please verify the correctness of the argument.
E: ConstraintEditor-0046: [E:/code/PangoWork/Works/uart/Constraints/io/led.fdc(line number: 6)] Parse file error: Object 'p: led_out[1]' can not be found in current view, please verify the correctness of the argument.
E: ConstraintEditor-0046: [E:/code/PangoWork/Works/uart/Constraints/io/key.fdc(line number: 7)] Parse file error: Object 'p: key_in[1]' can not be found in current view, please verify the correctness of the argument.
E: ConstraintEditor-0046: [E:/code/PangoWork/Works/uart/Constraints/io/uart.fdc(line number: 7)] Parse file error: Object 'p: uart_tx' can not be found in current view, please verify the correctness of the argument.
E: ConstraintEditor-0046: [E:/code/PangoWork/Works/uart/Constraints/io/clk.fdc(line number: 7)] Parse file error: Option 'p: rst_n' is not defined for command 'define_attribute'.
E: ConstraintEditor-0046: [E:/code/PangoWork/Works/uart/Constraints/io/led.fdc(line number: 7)] Parse file error: Object 'p: led_out[1]' can not be found in current view, please verify the correctness of the argument.
E: ConstraintEditor-0046: [E:/code/PangoWork/Works/uart/Constraints/io/uart.fdc(line number: 8)] Parse file error: Object 'p: uart_tx' can not be found in current view, please verify the correctness of the argument.
E: ConstraintEditor-0046: [E:/code/PangoWork/Works/uart/Constraints/io/clk.fdc(line number: 8)] Parse file error: Option 'p: rst_n' is not defined for command 'define_attribute'.
E: ConstraintEditor-0046: [E:/code/PangoWork/Works/uart/Constraints/io/key.fdc(line number: 8)] Parse file error: Object 'p: key_in[1]' can not be found in current view, please verify the correctness of the argument.
E: ConstraintEditor-0046: [E:/code/PangoWork/Works/uart/Constraints/io/led.fdc(line number: 8)] Parse file error: Object 'p: led_out[1]' can not be found in current view, please verify the correctness of the argument.
E: ConstraintEditor-0046: [E:/code/PangoWork/Works/uart/Constraints/io/uart.fdc(line number: 9)] Parse file error: Object 'p: uart_tx' can not be found in current view, please verify the correctness of the argument.
E: ConstraintEditor-0046: [E:/code/PangoWork/Works/uart/Constraints/io/clk.fdc(line number: 9)] Parse file error: Option 'p: rst_n' is not defined for command 'define_attribute'.
E: ConstraintEditor-0046: [E:/code/PangoWork/Works/uart/Constraints/io/key.fdc(line number: 9)] Parse file error: Object 'p: key_in[2]' can not be found in current view, please verify the correctness of the argument.
E: ConstraintEditor-0046: [E:/code/PangoWork/Works/uart/Constraints/io/led.fdc(line number: 9)] Parse file error: Object 'p: led_out[2]' can not be found in current view, please verify the correctness of the argument.
E: ConstraintEditor-0046: [E:/code/PangoWork/Works/uart/Constraints/io/uart.fdc(line number: 10)] Parse file error: Object 'p: uart_tx' can not be found in current view, please verify the correctness of the argument.
E: ConstraintEditor-0046: [E:/code/PangoWork/Works/uart/Constraints/io/clk.fdc(line number: 10)] Parse file error: Option 'p: rst_n' is not defined for command 'define_attribute'.
E: ConstraintEditor-0046: [E:/code/PangoWork/Works/uart/Constraints/io/led.fdc(line number: 10)] Parse file error: Object 'p: led_out[2]' can not be found in current view, please verify the correctness of the argument.
E: ConstraintEditor-0046: [E:/code/PangoWork/Works/uart/Constraints/io/key.fdc(line number: 10)] Parse file error: Object 'p: key_in[2]' can not be found in current view, please verify the correctness of the argument.
E: ConstraintEditor-0046: [E:/code/PangoWork/Works/uart/Constraints/io/clk.fdc(line number: 11)] Parse file error: Option 'p: rst_n' is not defined for command 'define_attribute'.
E: ConstraintEditor-0046: [E:/code/PangoWork/Works/uart/Constraints/io/key.fdc(line number: 11)] Parse file error: Object 'p: key_in[2]' can not be found in current view, please verify the correctness of the argument.
E: ConstraintEditor-0046: [E:/code/PangoWork/Works/uart/Constraints/io/led.fdc(line number: 11)] Parse file error: Object 'p: led_out[2]' can not be found in current view, please verify the correctness of the argument.
E: ConstraintEditor-0046: [E:/code/PangoWork/Works/uart/Constraints/io/uart.fdc(line number: 11)] Parse file error: Object 'p: uart_tx' can not be found in current view, please verify the correctness of the argument.
E: ConstraintEditor-0046: [E:/code/PangoWork/Works/uart/Constraints/io/key.fdc(line number: 12)] Parse file error: Object 'p: key_in[2]' can not be found in current view, please verify the correctness of the argument.
E: ConstraintEditor-0046: [E:/code/PangoWork/Works/uart/Constraints/io/led.fdc(line number: 12)] Parse file error: Object 'p: led_out[2]' can not be found in current view, please verify the correctness of the argument.
E: ConstraintEditor-0046: [E:/code/PangoWork/Works/uart/Constraints/io/key.fdc(line number: 13)] Parse file error: Object 'p: key_in[3]' can not be found in current view, please verify the correctness of the argument.
E: ConstraintEditor-0046: [E:/code/PangoWork/Works/uart/Constraints/io/led.fdc(line number: 13)] Parse file error: Object 'p: led_out[3]' can not be found in current view, please verify the correctness of the argument.
E: ConstraintEditor-0046: [E:/code/PangoWork/Works/uart/Constraints/io/led.fdc(line number: 14)] Parse file error: Object 'p: led_out[3]' can not be found in current view, please verify the correctness of the argument.
E: ConstraintEditor-0046: [E:/code/PangoWork/Works/uart/Constraints/io/key.fdc(line number: 14)] Parse file error: Object 'p: key_in[3]' can not be found in current view, please verify the correctness of the argument.
E: ConstraintEditor-0046: [E:/code/PangoWork/Works/uart/Constraints/io/key.fdc(line number: 15)] Parse file error: Object 'p: key_in[3]' can not be found in current view, please verify the correctness of the argument.
E: ConstraintEditor-0046: [E:/code/PangoWork/Works/uart/Constraints/io/led.fdc(line number: 15)] Parse file error: Object 'p: led_out[3]' can not be found in current view, please verify the correctness of the argument.
E: ConstraintEditor-0046: [E:/code/PangoWork/Works/uart/Constraints/io/key.fdc(line number: 16)] Parse file error: Object 'p: key_in[3]' can not be found in current view, please verify the correctness of the argument.
E: ConstraintEditor-0046: [E:/code/PangoWork/Works/uart/Constraints/io/led.fdc(line number: 16)] Parse file error: Object 'p: led_out[3]' can not be found in current view, please verify the correctness of the argument.
E: ConstraintEditor-0046: [E:/code/PangoWork/Works/uart/Constraints/io/key.fdc(line number: 17)] Parse file error: Object 'p: key_in[4]' can not be found in current view, please verify the correctness of the argument.
E: ConstraintEditor-0046: [E:/code/PangoWork/Works/uart/Constraints/io/led.fdc(line number: 17)] Parse file error: Object 'p: led_out[4]' can not be found in current view, please verify the correctness of the argument.
E: ConstraintEditor-0046: [E:/code/PangoWork/Works/uart/Constraints/io/key.fdc(line number: 18)] Parse file error: Object 'p: key_in[4]' can not be found in current view, please verify the correctness of the argument.
E: ConstraintEditor-0046: [E:/code/PangoWork/Works/uart/Constraints/io/led.fdc(line number: 18)] Parse file error: Object 'p: led_out[4]' can not be found in current view, please verify the correctness of the argument.
E: ConstraintEditor-0046: [E:/code/PangoWork/Works/uart/Constraints/io/key.fdc(line number: 19)] Parse file error: Object 'p: key_in[4]' can not be found in current view, please verify the correctness of the argument.
E: ConstraintEditor-0046: [E:/code/PangoWork/Works/uart/Constraints/io/led.fdc(line number: 19)] Parse file error: Object 'p: led_out[4]' can not be found in current view, please verify the correctness of the argument.
E: ConstraintEditor-0046: [E:/code/PangoWork/Works/uart/Constraints/io/key.fdc(line number: 20)] Parse file error: Object 'p: key_in[4]' can not be found in current view, please verify the correctness of the argument.
E: ConstraintEditor-0046: [E:/code/PangoWork/Works/uart/Constraints/io/led.fdc(line number: 20)] Parse file error: Object 'p: led_out[4]' can not be found in current view, please verify the correctness of the argument.
E: ConstraintEditor-0046: [E:/code/PangoWork/Works/uart/Constraints/io/key.fdc(line number: 21)] Parse file error: Object 'p: key_in[5]' can not be found in current view, please verify the correctness of the argument.
E: ConstraintEditor-0046: [E:/code/PangoWork/Works/uart/Constraints/io/led.fdc(line number: 21)] Parse file error: Object 'p: led_out[5]' can not be found in current view, please verify the correctness of the argument.
E: ConstraintEditor-0046: [E:/code/PangoWork/Works/uart/Constraints/io/led.fdc(line number: 22)] Parse file error: Object 'p: led_out[5]' can not be found in current view, please verify the correctness of the argument.
E: ConstraintEditor-0046: [E:/code/PangoWork/Works/uart/Constraints/io/key.fdc(line number: 22)] Parse file error: Object 'p: key_in[5]' can not be found in current view, please verify the correctness of the argument.
E: ConstraintEditor-0046: [E:/code/PangoWork/Works/uart/Constraints/io/led.fdc(line number: 23)] Parse file error: Object 'p: led_out[5]' can not be found in current view, please verify the correctness of the argument.
E: ConstraintEditor-0046: [E:/code/PangoWork/Works/uart/Constraints/io/key.fdc(line number: 23)] Parse file error: Object 'p: key_in[5]' can not be found in current view, please verify the correctness of the argument.
E: ConstraintEditor-0046: [E:/code/PangoWork/Works/uart/Constraints/io/key.fdc(line number: 24)] Parse file error: Object 'p: key_in[5]' can not be found in current view, please verify the correctness of the argument.
E: ConstraintEditor-0046: [E:/code/PangoWork/Works/uart/Constraints/io/led.fdc(line number: 24)] Parse file error: Object 'p: led_out[5]' can not be found in current view, please verify the correctness of the argument.
E: ConstraintEditor-0046: [E:/code/PangoWork/Works/uart/Constraints/io/led.fdc(line number: 25)] Parse file error: Object 'p: led_out[6]' can not be found in current view, please verify the correctness of the argument.
E: ConstraintEditor-0046: [E:/code/PangoWork/Works/uart/Constraints/io/key.fdc(line number: 25)] Parse file error: Object 'p: key_in[6]' can not be found in current view, please verify the correctness of the argument.
E: ConstraintEditor-0046: [E:/code/PangoWork/Works/uart/Constraints/io/led.fdc(line number: 26)] Parse file error: Object 'p: led_out[6]' can not be found in current view, please verify the correctness of the argument.
E: ConstraintEditor-0046: [E:/code/PangoWork/Works/uart/Constraints/io/key.fdc(line number: 26)] Parse file error: Object 'p: key_in[6]' can not be found in current view, please verify the correctness of the argument.
E: ConstraintEditor-0046: [E:/code/PangoWork/Works/uart/Constraints/io/key.fdc(line number: 27)] Parse file error: Object 'p: key_in[6]' can not be found in current view, please verify the correctness of the argument.
E: ConstraintEditor-0046: [E:/code/PangoWork/Works/uart/Constraints/io/led.fdc(line number: 27)] Parse file error: Object 'p: led_out[6]' can not be found in current view, please verify the correctness of the argument.
E: ConstraintEditor-0046: [E:/code/PangoWork/Works/uart/Constraints/io/led.fdc(line number: 28)] Parse file error: Object 'p: led_out[6]' can not be found in current view, please verify the correctness of the argument.
E: ConstraintEditor-0046: [E:/code/PangoWork/Works/uart/Constraints/io/key.fdc(line number: 28)] Parse file error: Object 'p: key_in[6]' can not be found in current view, please verify the correctness of the argument.
E: ConstraintEditor-0046: [E:/code/PangoWork/Works/uart/Constraints/io/led.fdc(line number: 29)] Parse file error: Object 'p: led_out[7]' can not be found in current view, please verify the correctness of the argument.
E: ConstraintEditor-0046: [E:/code/PangoWork/Works/uart/Constraints/io/key.fdc(line number: 29)] Parse file error: Object 'p: key_in[7]' can not be found in current view, please verify the correctness of the argument.
E: ConstraintEditor-0046: [E:/code/PangoWork/Works/uart/Constraints/io/led.fdc(line number: 30)] Parse file error: Object 'p: led_out[7]' can not be found in current view, please verify the correctness of the argument.
E: ConstraintEditor-0046: [E:/code/PangoWork/Works/uart/Constraints/io/key.fdc(line number: 30)] Parse file error: Object 'p: key_in[7]' can not be found in current view, please verify the correctness of the argument.
E: ConstraintEditor-0046: [E:/code/PangoWork/Works/uart/Constraints/io/led.fdc(line number: 31)] Parse file error: Object 'p: led_out[7]' can not be found in current view, please verify the correctness of the argument.
E: ConstraintEditor-0046: [E:/code/PangoWork/Works/uart/Constraints/io/key.fdc(line number: 31)] Parse file error: Object 'p: key_in[7]' can not be found in current view, please verify the correctness of the argument.
E: ConstraintEditor-0046: [E:/code/PangoWork/Works/uart/Constraints/io/key.fdc(line number: 32)] Parse file error: Object 'p: key_in[7]' can not be found in current view, please verify the correctness of the argument.
E: ConstraintEditor-0046: [E:/code/PangoWork/Works/uart/Constraints/io/led.fdc(line number: 32)] Parse file error: Object 'p: led_out[7]' can not be found in current view, please verify the correctness of the argument.
Constraint check end.
Total time(hh:mm:ss) of constraint check : 00:00:01
 
Command: set_option -options { top_module {uart_rx_top} top_library {work}} [get_filesets design_1]
launch_tasks [get_tasks {syn_1}] -to_action compile
wait_on_tasks [get_tasks {syn_1}] -to_action compile
Process "Compile" started.
Current time: Fri Sep 18 19:55:43 2026
Process "Compile" done.
Constraint check start.
I: Timing-4125: Removing leading or trailing white spaces for name:  sys_clk_50mhz
E: ConstraintEditor-0046: [E:/code/PangoWork/Works/uart/Constraints/io/clk.fdc(line number: 1)] Parse file error: Option 'p: sys_clk_50mhz' is not defined for command 'define_attribute'.
E: ConstraintEditor-0046: [E:/code/PangoWork/Works/uart/Constraints/io/key.fdc(line number: 1)] Parse file error: Object 'p: key_in[0]' can not be found in current view, please verify the correctness of the argument.
E: ConstraintEditor-0046: [E:/code/PangoWork/Works/uart/Constraints/io/uart.fdc(line number: 1)] Parse file error: Object 'p: uart_rx' can not be found in current view, please verify the correctness of the argument.
E: ConstraintEditor-0046: [E:/code/PangoWork/Works/uart/Constraints/io/led.fdc(line number: 1)] Parse file error: Object 'p: led_out[0]' can not be found in current view, please verify the correctness of the argument.
E: ConstraintEditor-0046: [E:/code/PangoWork/Works/uart/Constraints/io/clk.fdc(line number: 2)] Parse file error: Option 'p: sys_clk_50mhz' is not defined for command 'define_attribute'.
E: ConstraintEditor-0046: [E:/code/PangoWork/Works/uart/Constraints/io/uart.fdc(line number: 2)] Parse file error: Object 'p: uart_rx' can not be found in current view, please verify the correctness of the argument.
E: ConstraintEditor-0046: [E:/code/PangoWork/Works/uart/Constraints/io/key.fdc(line number: 2)] Parse file error: Object 'p: key_in[0]' can not be found in current view, please verify the correctness of the argument.
E: ConstraintEditor-0046: [E:/code/PangoWork/Works/uart/Constraints/io/led.fdc(line number: 2)] Parse file error: Object 'p: led_out[0]' can not be found in current view, please verify the correctness of the argument.
E: ConstraintEditor-0046: [E:/code/PangoWork/Works/uart/Constraints/io/clk.fdc(line number: 3)] Parse file error: Option 'p: sys_clk_50mhz' is not defined for command 'define_attribute'.
E: ConstraintEditor-0046: [E:/code/PangoWork/Works/uart/Constraints/io/uart.fdc(line number: 3)] Parse file error: Object 'p: uart_rx' can not be found in current view, please verify the correctness of the argument.
E: ConstraintEditor-0046: [E:/code/PangoWork/Works/uart/Constraints/io/key.fdc(line number: 3)] Parse file error: Object 'p: key_in[0]' can not be found in current view, please verify the correctness of the argument.
E: ConstraintEditor-0046: [E:/code/PangoWork/Works/uart/Constraints/io/led.fdc(line number: 3)] Parse file error: Object 'p: led_out[0]' can not be found in current view, please verify the correctness of the argument.
E: ConstraintEditor-0046: [E:/code/PangoWork/Works/uart/Constraints/io/clk.fdc(line number: 4)] Parse file error: Option 'p: sys_clk_50mhz' is not defined for command 'define_attribute'.
E: ConstraintEditor-0046: [E:/code/PangoWork/Works/uart/Constraints/io/uart.fdc(line number: 4)] Parse file error: Object 'p: uart_rx' can not be found in current view, please verify the correctness of the argument.
E: ConstraintEditor-0046: [E:/code/PangoWork/Works/uart/Constraints/io/key.fdc(line number: 4)] Parse file error: Object 'p: key_in[0]' can not be found in current view, please verify the correctness of the argument.
E: ConstraintEditor-0046: [E:/code/PangoWork/Works/uart/Constraints/io/led.fdc(line number: 4)] Parse file error: Object 'p: led_out[0]' can not be found in current view, please verify the correctness of the argument.
E: ConstraintEditor-0046: [E:/code/PangoWork/Works/uart/Constraints/io/clk.fdc(line number: 5)] Parse file error: Option 'p: sys_clk_50mhz' is not defined for command 'define_attribute'.
E: ConstraintEditor-0046: [E:/code/PangoWork/Works/uart/Constraints/io/uart.fdc(line number: 5)] Parse file error: Object 'p: uart_rx' can not be found in current view, please verify the correctness of the argument.
E: ConstraintEditor-0046: [E:/code/PangoWork/Works/uart/Constraints/io/led.fdc(line number: 5)] Parse file error: Object 'p: led_out[1]' can not be found in current view, please verify the correctness of the argument.
E: ConstraintEditor-0046: [E:/code/PangoWork/Works/uart/Constraints/io/key.fdc(line number: 5)] Parse file error: Object 'p: key_in[1]' can not be found in current view, please verify the correctness of the argument.
E: ConstraintEditor-0046: [E:/code/PangoWork/Works/uart/Constraints/io/key.fdc(line number: 6)] Parse file error: Object 'p: key_in[1]' can not be found in current view, please verify the correctness of the argument.
E: ConstraintEditor-0046: [E:/code/PangoWork/Works/uart/Constraints/io/led.fdc(line number: 6)] Parse file error: Object 'p: led_out[1]' can not be found in current view, please verify the correctness of the argument.
E: ConstraintEditor-0046: [E:/code/PangoWork/Works/uart/Constraints/io/key.fdc(line number: 7)] Parse file error: Object 'p: key_in[1]' can not be found in current view, please verify the correctness of the argument.
E: ConstraintEditor-0046: [E:/code/PangoWork/Works/uart/Constraints/io/uart.fdc(line number: 7)] Parse file error: Object 'p: uart_tx' can not be found in current view, please verify the correctness of the argument.
E: ConstraintEditor-0046: [E:/code/PangoWork/Works/uart/Constraints/io/clk.fdc(line number: 7)] Parse file error: Option 'p: rst_n' is not defined for command 'define_attribute'.
E: ConstraintEditor-0046: [E:/code/PangoWork/Works/uart/Constraints/io/led.fdc(line number: 7)] Parse file error: Object 'p: led_out[1]' can not be found in current view, please verify the correctness of the argument.
E: ConstraintEditor-0046: [E:/code/PangoWork/Works/uart/Constraints/io/uart.fdc(line number: 8)] Parse file error: Object 'p: uart_tx' can not be found in current view, please verify the correctness of the argument.
E: ConstraintEditor-0046: [E:/code/PangoWork/Works/uart/Constraints/io/clk.fdc(line number: 8)] Parse file error: Option 'p: rst_n' is not defined for command 'define_attribute'.
E: ConstraintEditor-0046: [E:/code/PangoWork/Works/uart/Constraints/io/key.fdc(line number: 8)] Parse file error: Object 'p: key_in[1]' can not be found in current view, please verify the correctness of the argument.
E: ConstraintEditor-0046: [E:/code/PangoWork/Works/uart/Constraints/io/led.fdc(line number: 8)] Parse file error: Object 'p: led_out[1]' can not be found in current view, please verify the correctness of the argument.
E: ConstraintEditor-0046: [E:/code/PangoWork/Works/uart/Constraints/io/uart.fdc(line number: 9)] Parse file error: Object 'p: uart_tx' can not be found in current view, please verify the correctness of the argument.
E: ConstraintEditor-0046: [E:/code/PangoWork/Works/uart/Constraints/io/clk.fdc(line number: 9)] Parse file error: Option 'p: rst_n' is not defined for command 'define_attribute'.
E: ConstraintEditor-0046: [E:/code/PangoWork/Works/uart/Constraints/io/key.fdc(line number: 9)] Parse file error: Object 'p: key_in[2]' can not be found in current view, please verify the correctness of the argument.
E: ConstraintEditor-0046: [E:/code/PangoWork/Works/uart/Constraints/io/led.fdc(line number: 9)] Parse file error: Object 'p: led_out[2]' can not be found in current view, please verify the correctness of the argument.
E: ConstraintEditor-0046: [E:/code/PangoWork/Works/uart/Constraints/io/uart.fdc(line number: 10)] Parse file error: Object 'p: uart_tx' can not be found in current view, please verify the correctness of the argument.
E: ConstraintEditor-0046: [E:/code/PangoWork/Works/uart/Constraints/io/clk.fdc(line number: 10)] Parse file error: Option 'p: rst_n' is not defined for command 'define_attribute'.
E: ConstraintEditor-0046: [E:/code/PangoWork/Works/uart/Constraints/io/led.fdc(line number: 10)] Parse file error: Object 'p: led_out[2]' can not be found in current view, please verify the correctness of the argument.
E: ConstraintEditor-0046: [E:/code/PangoWork/Works/uart/Constraints/io/key.fdc(line number: 10)] Parse file error: Object 'p: key_in[2]' can not be found in current view, please verify the correctness of the argument.
E: ConstraintEditor-0046: [E:/code/PangoWork/Works/uart/Constraints/io/clk.fdc(line number: 11)] Parse file error: Option 'p: rst_n' is not defined for command 'define_attribute'.
E: ConstraintEditor-0046: [E:/code/PangoWork/Works/uart/Constraints/io/key.fdc(line number: 11)] Parse file error: Object 'p: key_in[2]' can not be found in current view, please verify the correctness of the argument.
E: ConstraintEditor-0046: [E:/code/PangoWork/Works/uart/Constraints/io/led.fdc(line number: 11)] Parse file error: Object 'p: led_out[2]' can not be found in current view, please verify the correctness of the argument.
E: ConstraintEditor-0046: [E:/code/PangoWork/Works/uart/Constraints/io/uart.fdc(line number: 11)] Parse file error: Object 'p: uart_tx' can not be found in current view, please verify the correctness of the argument.
E: ConstraintEditor-0046: [E:/code/PangoWork/Works/uart/Constraints/io/key.fdc(line number: 12)] Parse file error: Object 'p: key_in[2]' can not be found in current view, please verify the correctness of the argument.
E: ConstraintEditor-0046: [E:/code/PangoWork/Works/uart/Constraints/io/led.fdc(line number: 12)] Parse file error: Object 'p: led_out[2]' can not be found in current view, please verify the correctness of the argument.
E: ConstraintEditor-0046: [E:/code/PangoWork/Works/uart/Constraints/io/key.fdc(line number: 13)] Parse file error: Object 'p: key_in[3]' can not be found in current view, please verify the correctness of the argument.
E: ConstraintEditor-0046: [E:/code/PangoWork/Works/uart/Constraints/io/led.fdc(line number: 13)] Parse file error: Object 'p: led_out[3]' can not be found in current view, please verify the correctness of the argument.
E: ConstraintEditor-0046: [E:/code/PangoWork/Works/uart/Constraints/io/led.fdc(line number: 14)] Parse file error: Object 'p: led_out[3]' can not be found in current view, please verify the correctness of the argument.
E: ConstraintEditor-0046: [E:/code/PangoWork/Works/uart/Constraints/io/key.fdc(line number: 14)] Parse file error: Object 'p: key_in[3]' can not be found in current view, please verify the correctness of the argument.
E: ConstraintEditor-0046: [E:/code/PangoWork/Works/uart/Constraints/io/key.fdc(line number: 15)] Parse file error: Object 'p: key_in[3]' can not be found in current view, please verify the correctness of the argument.
E: ConstraintEditor-0046: [E:/code/PangoWork/Works/uart/Constraints/io/led.fdc(line number: 15)] Parse file error: Object 'p: led_out[3]' can not be found in current view, please verify the correctness of the argument.
E: ConstraintEditor-0046: [E:/code/PangoWork/Works/uart/Constraints/io/key.fdc(line number: 16)] Parse file error: Object 'p: key_in[3]' can not be found in current view, please verify the correctness of the argument.
E: ConstraintEditor-0046: [E:/code/PangoWork/Works/uart/Constraints/io/led.fdc(line number: 16)] Parse file error: Object 'p: led_out[3]' can not be found in current view, please verify the correctness of the argument.
E: ConstraintEditor-0046: [E:/code/PangoWork/Works/uart/Constraints/io/key.fdc(line number: 17)] Parse file error: Object 'p: key_in[4]' can not be found in current view, please verify the correctness of the argument.
E: ConstraintEditor-0046: [E:/code/PangoWork/Works/uart/Constraints/io/led.fdc(line number: 17)] Parse file error: Object 'p: led_out[4]' can not be found in current view, please verify the correctness of the argument.
E: ConstraintEditor-0046: [E:/code/PangoWork/Works/uart/Constraints/io/key.fdc(line number: 18)] Parse file error: Object 'p: key_in[4]' can not be found in current view, please verify the correctness of the argument.
E: ConstraintEditor-0046: [E:/code/PangoWork/Works/uart/Constraints/io/led.fdc(line number: 18)] Parse file error: Object 'p: led_out[4]' can not be found in current view, please verify the correctness of the argument.
E: ConstraintEditor-0046: [E:/code/PangoWork/Works/uart/Constraints/io/key.fdc(line number: 19)] Parse file error: Object 'p: key_in[4]' can not be found in current view, please verify the correctness of the argument.
E: ConstraintEditor-0046: [E:/code/PangoWork/Works/uart/Constraints/io/led.fdc(line number: 19)] Parse file error: Object 'p: led_out[4]' can not be found in current view, please verify the correctness of the argument.
E: ConstraintEditor-0046: [E:/code/PangoWork/Works/uart/Constraints/io/key.fdc(line number: 20)] Parse file error: Object 'p: key_in[4]' can not be found in current view, please verify the correctness of the argument.
E: ConstraintEditor-0046: [E:/code/PangoWork/Works/uart/Constraints/io/led.fdc(line number: 20)] Parse file error: Object 'p: led_out[4]' can not be found in current view, please verify the correctness of the argument.
E: ConstraintEditor-0046: [E:/code/PangoWork/Works/uart/Constraints/io/key.fdc(line number: 21)] Parse file error: Object 'p: key_in[5]' can not be found in current view, please verify the correctness of the argument.
E: ConstraintEditor-0046: [E:/code/PangoWork/Works/uart/Constraints/io/led.fdc(line number: 21)] Parse file error: Object 'p: led_out[5]' can not be found in current view, please verify the correctness of the argument.
E: ConstraintEditor-0046: [E:/code/PangoWork/Works/uart/Constraints/io/led.fdc(line number: 22)] Parse file error: Object 'p: led_out[5]' can not be found in current view, please verify the correctness of the argument.
E: ConstraintEditor-0046: [E:/code/PangoWork/Works/uart/Constraints/io/key.fdc(line number: 22)] Parse file error: Object 'p: key_in[5]' can not be found in current view, please verify the correctness of the argument.
E: ConstraintEditor-0046: [E:/code/PangoWork/Works/uart/Constraints/io/led.fdc(line number: 23)] Parse file error: Object 'p: led_out[5]' can not be found in current view, please verify the correctness of the argument.
E: ConstraintEditor-0046: [E:/code/PangoWork/Works/uart/Constraints/io/key.fdc(line number: 23)] Parse file error: Object 'p: key_in[5]' can not be found in current view, please verify the correctness of the argument.
E: ConstraintEditor-0046: [E:/code/PangoWork/Works/uart/Constraints/io/key.fdc(line number: 24)] Parse file error: Object 'p: key_in[5]' can not be found in current view, please verify the correctness of the argument.
E: ConstraintEditor-0046: [E:/code/PangoWork/Works/uart/Constraints/io/led.fdc(line number: 24)] Parse file error: Object 'p: led_out[5]' can not be found in current view, please verify the correctness of the argument.
E: ConstraintEditor-0046: [E:/code/PangoWork/Works/uart/Constraints/io/led.fdc(line number: 25)] Parse file error: Object 'p: led_out[6]' can not be found in current view, please verify the correctness of the argument.
E: ConstraintEditor-0046: [E:/code/PangoWork/Works/uart/Constraints/io/key.fdc(line number: 25)] Parse file error: Object 'p: key_in[6]' can not be found in current view, please verify the correctness of the argument.
E: ConstraintEditor-0046: [E:/code/PangoWork/Works/uart/Constraints/io/led.fdc(line number: 26)] Parse file error: Object 'p: led_out[6]' can not be found in current view, please verify the correctness of the argument.
E: ConstraintEditor-0046: [E:/code/PangoWork/Works/uart/Constraints/io/key.fdc(line number: 26)] Parse file error: Object 'p: key_in[6]' can not be found in current view, please verify the correctness of the argument.
E: ConstraintEditor-0046: [E:/code/PangoWork/Works/uart/Constraints/io/key.fdc(line number: 27)] Parse file error: Object 'p: key_in[6]' can not be found in current view, please verify the correctness of the argument.
E: ConstraintEditor-0046: [E:/code/PangoWork/Works/uart/Constraints/io/led.fdc(line number: 27)] Parse file error: Object 'p: led_out[6]' can not be found in current view, please verify the correctness of the argument.
E: ConstraintEditor-0046: [E:/code/PangoWork/Works/uart/Constraints/io/led.fdc(line number: 28)] Parse file error: Object 'p: led_out[6]' can not be found in current view, please verify the correctness of the argument.
E: ConstraintEditor-0046: [E:/code/PangoWork/Works/uart/Constraints/io/key.fdc(line number: 28)] Parse file error: Object 'p: key_in[6]' can not be found in current view, please verify the correctness of the argument.
E: ConstraintEditor-0046: [E:/code/PangoWork/Works/uart/Constraints/io/led.fdc(line number: 29)] Parse file error: Object 'p: led_out[7]' can not be found in current view, please verify the correctness of the argument.
E: ConstraintEditor-0046: [E:/code/PangoWork/Works/uart/Constraints/io/key.fdc(line number: 29)] Parse file error: Object 'p: key_in[7]' can not be found in current view, please verify the correctness of the argument.
E: ConstraintEditor-0046: [E:/code/PangoWork/Works/uart/Constraints/io/led.fdc(line number: 30)] Parse file error: Object 'p: led_out[7]' can not be found in current view, please verify the correctness of the argument.
E: ConstraintEditor-0046: [E:/code/PangoWork/Works/uart/Constraints/io/key.fdc(line number: 30)] Parse file error: Object 'p: key_in[7]' can not be found in current view, please verify the correctness of the argument.
E: ConstraintEditor-0046: [E:/code/PangoWork/Works/uart/Constraints/io/led.fdc(line number: 31)] Parse file error: Object 'p: led_out[7]' can not be found in current view, please verify the correctness of the argument.
E: ConstraintEditor-0046: [E:/code/PangoWork/Works/uart/Constraints/io/key.fdc(line number: 31)] Parse file error: Object 'p: key_in[7]' can not be found in current view, please verify the correctness of the argument.
E: ConstraintEditor-0046: [E:/code/PangoWork/Works/uart/Constraints/io/key.fdc(line number: 32)] Parse file error: Object 'p: key_in[7]' can not be found in current view, please verify the correctness of the argument.
E: ConstraintEditor-0046: [E:/code/PangoWork/Works/uart/Constraints/io/led.fdc(line number: 32)] Parse file error: Object 'p: led_out[7]' can not be found in current view, please verify the correctness of the argument.
Constraint check end.
Total time(hh:mm:ss) of constraint check : 00:00:00
 
Command: launch_tasks [get_tasks {syn_1}] -to_action synthesize
wait_on_tasks [get_tasks {syn_1}] -to_action synthesize
Process "Synthesize" started.
Current time: Fri Sep 18 19:55:56 2026
E: ConstraintEditor-0046: [E:/code/PangoWork/Works/uart/Constraints/io/clk.fdc(line number: 1)] Parse file error: Option 'p: sys_clk_50mhz' is not defined for command 'define_attribute'. [syn_1::Synthesize]
E: ConstraintEditor-0046: [E:/code/PangoWork/Works/uart/Constraints/io/key.fdc(line number: 1)] Parse file error: Object 'p: key_in[0]' can not be found in current view, please verify the correctness of the argument. [syn_1::Synthesize]
E: ConstraintEditor-0046: [E:/code/PangoWork/Works/uart/Constraints/io/uart.fdc(line number: 1)] Parse file error: Object 'p: uart_rx' can not be found in current view, please verify the correctness of the argument. [syn_1::Synthesize]
E: ConstraintEditor-0046: [E:/code/PangoWork/Works/uart/Constraints/io/led.fdc(line number: 1)] Parse file error: Object 'p: led_out[0]' can not be found in current view, please verify the correctness of the argument. [syn_1::Synthesize]
E: ConstraintEditor-0046: [E:/code/PangoWork/Works/uart/Constraints/io/clk.fdc(line number: 2)] Parse file error: Option 'p: sys_clk_50mhz' is not defined for command 'define_attribute'. [syn_1::Synthesize]
E: ConstraintEditor-0046: [E:/code/PangoWork/Works/uart/Constraints/io/uart.fdc(line number: 2)] Parse file error: Object 'p: uart_rx' can not be found in current view, please verify the correctness of the argument. [syn_1::Synthesize]
E: ConstraintEditor-0046: [E:/code/PangoWork/Works/uart/Constraints/io/key.fdc(line number: 2)] Parse file error: Object 'p: key_in[0]' can not be found in current view, please verify the correctness of the argument. [syn_1::Synthesize]
E: ConstraintEditor-0046: [E:/code/PangoWork/Works/uart/Constraints/io/led.fdc(line number: 2)] Parse file error: Object 'p: led_out[0]' can not be found in current view, please verify the correctness of the argument. [syn_1::Synthesize]
E: ConstraintEditor-0046: [E:/code/PangoWork/Works/uart/Constraints/io/clk.fdc(line number: 3)] Parse file error: Option 'p: sys_clk_50mhz' is not defined for command 'define_attribute'. [syn_1::Synthesize]
E: ConstraintEditor-0046: [E:/code/PangoWork/Works/uart/Constraints/io/uart.fdc(line number: 3)] Parse file error: Object 'p: uart_rx' can not be found in current view, please verify the correctness of the argument. [syn_1::Synthesize]
E: ConstraintEditor-0046: [E:/code/PangoWork/Works/uart/Constraints/io/key.fdc(line number: 3)] Parse file error: Object 'p: key_in[0]' can not be found in current view, please verify the correctness of the argument. [syn_1::Synthesize]
E: ConstraintEditor-0046: [E:/code/PangoWork/Works/uart/Constraints/io/led.fdc(line number: 3)] Parse file error: Object 'p: led_out[0]' can not be found in current view, please verify the correctness of the argument. [syn_1::Synthesize]
E: ConstraintEditor-0046: [E:/code/PangoWork/Works/uart/Constraints/io/clk.fdc(line number: 4)] Parse file error: Option 'p: sys_clk_50mhz' is not defined for command 'define_attribute'. [syn_1::Synthesize]
E: ConstraintEditor-0046: [E:/code/PangoWork/Works/uart/Constraints/io/uart.fdc(line number: 4)] Parse file error: Object 'p: uart_rx' can not be found in current view, please verify the correctness of the argument. [syn_1::Synthesize]
E: ConstraintEditor-0046: [E:/code/PangoWork/Works/uart/Constraints/io/key.fdc(line number: 4)] Parse file error: Object 'p: key_in[0]' can not be found in current view, please verify the correctness of the argument. [syn_1::Synthesize]
E: ConstraintEditor-0046: [E:/code/PangoWork/Works/uart/Constraints/io/led.fdc(line number: 4)] Parse file error: Object 'p: led_out[0]' can not be found in current view, please verify the correctness of the argument. [syn_1::Synthesize]
E: ConstraintEditor-0046: [E:/code/PangoWork/Works/uart/Constraints/io/clk.fdc(line number: 5)] Parse file error: Option 'p: sys_clk_50mhz' is not defined for command 'define_attribute'. [syn_1::Synthesize]
E: ConstraintEditor-0046: [E:/code/PangoWork/Works/uart/Constraints/io/uart.fdc(line number: 5)] Parse file error: Object 'p: uart_rx' can not be found in current view, please verify the correctness of the argument. [syn_1::Synthesize]
E: ConstraintEditor-0046: [E:/code/PangoWork/Works/uart/Constraints/io/led.fdc(line number: 5)] Parse file error: Object 'p: led_out[1]' can not be found in current view, please verify the correctness of the argument. [syn_1::Synthesize]
E: ConstraintEditor-0046: [E:/code/PangoWork/Works/uart/Constraints/io/key.fdc(line number: 5)] Parse file error: Object 'p: key_in[1]' can not be found in current view, please verify the correctness of the argument. [syn_1::Synthesize]
E: ConstraintEditor-0046: [E:/code/PangoWork/Works/uart/Constraints/io/key.fdc(line number: 6)] Parse file error: Object 'p: key_in[1]' can not be found in current view, please verify the correctness of the argument. [syn_1::Synthesize]
E: ConstraintEditor-0046: [E:/code/PangoWork/Works/uart/Constraints/io/led.fdc(line number: 6)] Parse file error: Object 'p: led_out[1]' can not be found in current view, please verify the correctness of the argument. [syn_1::Synthesize]
E: ConstraintEditor-0046: [E:/code/PangoWork/Works/uart/Constraints/io/key.fdc(line number: 7)] Parse file error: Object 'p: key_in[1]' can not be found in current view, please verify the correctness of the argument. [syn_1::Synthesize]
E: ConstraintEditor-0046: [E:/code/PangoWork/Works/uart/Constraints/io/uart.fdc(line number: 7)] Parse file error: Object 'p: uart_tx' can not be found in current view, please verify the correctness of the argument. [syn_1::Synthesize]
E: ConstraintEditor-0046: [E:/code/PangoWork/Works/uart/Constraints/io/clk.fdc(line number: 7)] Parse file error: Option 'p: rst_n' is not defined for command 'define_attribute'. [syn_1::Synthesize]
E: ConstraintEditor-0046: [E:/code/PangoWork/Works/uart/Constraints/io/led.fdc(line number: 7)] Parse file error: Object 'p: led_out[1]' can not be found in current view, please verify the correctness of the argument. [syn_1::Synthesize]
E: ConstraintEditor-0046: [E:/code/PangoWork/Works/uart/Constraints/io/uart.fdc(line number: 8)] Parse file error: Object 'p: uart_tx' can not be found in current view, please verify the correctness of the argument. [syn_1::Synthesize]
E: ConstraintEditor-0046: [E:/code/PangoWork/Works/uart/Constraints/io/clk.fdc(line number: 8)] Parse file error: Option 'p: rst_n' is not defined for command 'define_attribute'. [syn_1::Synthesize]
E: ConstraintEditor-0046: [E:/code/PangoWork/Works/uart/Constraints/io/key.fdc(line number: 8)] Parse file error: Object 'p: key_in[1]' can not be found in current view, please verify the correctness of the argument. [syn_1::Synthesize]
E: ConstraintEditor-0046: [E:/code/PangoWork/Works/uart/Constraints/io/led.fdc(line number: 8)] Parse file error: Object 'p: led_out[1]' can not be found in current view, please verify the correctness of the argument. [syn_1::Synthesize]
E: ConstraintEditor-0046: [E:/code/PangoWork/Works/uart/Constraints/io/uart.fdc(line number: 9)] Parse file error: Object 'p: uart_tx' can not be found in current view, please verify the correctness of the argument. [syn_1::Synthesize]
E: ConstraintEditor-0046: [E:/code/PangoWork/Works/uart/Constraints/io/clk.fdc(line number: 9)] Parse file error: Option 'p: rst_n' is not defined for command 'define_attribute'. [syn_1::Synthesize]
E: ConstraintEditor-0046: [E:/code/PangoWork/Works/uart/Constraints/io/key.fdc(line number: 9)] Parse file error: Object 'p: key_in[2]' can not be found in current view, please verify the correctness of the argument. [syn_1::Synthesize]
E: ConstraintEditor-0046: [E:/code/PangoWork/Works/uart/Constraints/io/led.fdc(line number: 9)] Parse file error: Object 'p: led_out[2]' can not be found in current view, please verify the correctness of the argument. [syn_1::Synthesize]
E: ConstraintEditor-0046: [E:/code/PangoWork/Works/uart/Constraints/io/uart.fdc(line number: 10)] Parse file error: Object 'p: uart_tx' can not be found in current view, please verify the correctness of the argument. [syn_1::Synthesize]
E: ConstraintEditor-0046: [E:/code/PangoWork/Works/uart/Constraints/io/clk.fdc(line number: 10)] Parse file error: Option 'p: rst_n' is not defined for command 'define_attribute'. [syn_1::Synthesize]
E: ConstraintEditor-0046: [E:/code/PangoWork/Works/uart/Constraints/io/led.fdc(line number: 10)] Parse file error: Object 'p: led_out[2]' can not be found in current view, please verify the correctness of the argument. [syn_1::Synthesize]
E: ConstraintEditor-0046: [E:/code/PangoWork/Works/uart/Constraints/io/key.fdc(line number: 10)] Parse file error: Object 'p: key_in[2]' can not be found in current view, please verify the correctness of the argument. [syn_1::Synthesize]
E: ConstraintEditor-0046: [E:/code/PangoWork/Works/uart/Constraints/io/clk.fdc(line number: 11)] Parse file error: Option 'p: rst_n' is not defined for command 'define_attribute'. [syn_1::Synthesize]
E: ConstraintEditor-0046: [E:/code/PangoWork/Works/uart/Constraints/io/key.fdc(line number: 11)] Parse file error: Object 'p: key_in[2]' can not be found in current view, please verify the correctness of the argument. [syn_1::Synthesize]
E: ConstraintEditor-0046: [E:/code/PangoWork/Works/uart/Constraints/io/led.fdc(line number: 11)] Parse file error: Object 'p: led_out[2]' can not be found in current view, please verify the correctness of the argument. [syn_1::Synthesize]
E: ConstraintEditor-0046: [E:/code/PangoWork/Works/uart/Constraints/io/uart.fdc(line number: 11)] Parse file error: Object 'p: uart_tx' can not be found in current view, please verify the correctness of the argument. [syn_1::Synthesize]
E: ConstraintEditor-0046: [E:/code/PangoWork/Works/uart/Constraints/io/key.fdc(line number: 12)] Parse file error: Object 'p: key_in[2]' can not be found in current view, please verify the correctness of the argument. [syn_1::Synthesize]
E: ConstraintEditor-0046: [E:/code/PangoWork/Works/uart/Constraints/io/led.fdc(line number: 12)] Parse file error: Object 'p: led_out[2]' can not be found in current view, please verify the correctness of the argument. [syn_1::Synthesize]
E: ConstraintEditor-0046: [E:/code/PangoWork/Works/uart/Constraints/io/key.fdc(line number: 13)] Parse file error: Object 'p: key_in[3]' can not be found in current view, please verify the correctness of the argument. [syn_1::Synthesize]
E: ConstraintEditor-0046: [E:/code/PangoWork/Works/uart/Constraints/io/led.fdc(line number: 13)] Parse file error: Object 'p: led_out[3]' can not be found in current view, please verify the correctness of the argument. [syn_1::Synthesize]
E: ConstraintEditor-0046: [E:/code/PangoWork/Works/uart/Constraints/io/led.fdc(line number: 14)] Parse file error: Object 'p: led_out[3]' can not be found in current view, please verify the correctness of the argument. [syn_1::Synthesize]
E: ConstraintEditor-0046: [E:/code/PangoWork/Works/uart/Constraints/io/key.fdc(line number: 14)] Parse file error: Object 'p: key_in[3]' can not be found in current view, please verify the correctness of the argument. [syn_1::Synthesize]
E: ConstraintEditor-0046: [E:/code/PangoWork/Works/uart/Constraints/io/key.fdc(line number: 15)] Parse file error: Object 'p: key_in[3]' can not be found in current view, please verify the correctness of the argument. [syn_1::Synthesize]
E: ConstraintEditor-0046: [E:/code/PangoWork/Works/uart/Constraints/io/led.fdc(line number: 15)] Parse file error: Object 'p: led_out[3]' can not be found in current view, please verify the correctness of the argument. [syn_1::Synthesize]
E: ConstraintEditor-0046: [E:/code/PangoWork/Works/uart/Constraints/io/key.fdc(line number: 16)] Parse file error: Object 'p: key_in[3]' can not be found in current view, please verify the correctness of the argument. [syn_1::Synthesize]
E: ConstraintEditor-0046: [E:/code/PangoWork/Works/uart/Constraints/io/led.fdc(line number: 16)] Parse file error: Object 'p: led_out[3]' can not be found in current view, please verify the correctness of the argument. [syn_1::Synthesize]
E: ConstraintEditor-0046: [E:/code/PangoWork/Works/uart/Constraints/io/key.fdc(line number: 17)] Parse file error: Object 'p: key_in[4]' can not be found in current view, please verify the correctness of the argument. [syn_1::Synthesize]
E: ConstraintEditor-0046: [E:/code/PangoWork/Works/uart/Constraints/io/led.fdc(line number: 17)] Parse file error: Object 'p: led_out[4]' can not be found in current view, please verify the correctness of the argument. [syn_1::Synthesize]
E: ConstraintEditor-0046: [E:/code/PangoWork/Works/uart/Constraints/io/key.fdc(line number: 18)] Parse file error: Object 'p: key_in[4]' can not be found in current view, please verify the correctness of the argument. [syn_1::Synthesize]
E: ConstraintEditor-0046: [E:/code/PangoWork/Works/uart/Constraints/io/led.fdc(line number: 18)] Parse file error: Object 'p: led_out[4]' can not be found in current view, please verify the correctness of the argument. [syn_1::Synthesize]
E: ConstraintEditor-0046: [E:/code/PangoWork/Works/uart/Constraints/io/key.fdc(line number: 19)] Parse file error: Object 'p: key_in[4]' can not be found in current view, please verify the correctness of the argument. [syn_1::Synthesize]
E: ConstraintEditor-0046: [E:/code/PangoWork/Works/uart/Constraints/io/led.fdc(line number: 19)] Parse file error: Object 'p: led_out[4]' can not be found in current view, please verify the correctness of the argument. [syn_1::Synthesize]
E: ConstraintEditor-0046: [E:/code/PangoWork/Works/uart/Constraints/io/key.fdc(line number: 20)] Parse file error: Object 'p: key_in[4]' can not be found in current view, please verify the correctness of the argument. [syn_1::Synthesize]
E: ConstraintEditor-0046: [E:/code/PangoWork/Works/uart/Constraints/io/led.fdc(line number: 20)] Parse file error: Object 'p: led_out[4]' can not be found in current view, please verify the correctness of the argument. [syn_1::Synthesize]
E: ConstraintEditor-0046: [E:/code/PangoWork/Works/uart/Constraints/io/key.fdc(line number: 21)] Parse file error: Object 'p: key_in[5]' can not be found in current view, please verify the correctness of the argument. [syn_1::Synthesize]
E: ConstraintEditor-0046: [E:/code/PangoWork/Works/uart/Constraints/io/led.fdc(line number: 21)] Parse file error: Object 'p: led_out[5]' can not be found in current view, please verify the correctness of the argument. [syn_1::Synthesize]
E: ConstraintEditor-0046: [E:/code/PangoWork/Works/uart/Constraints/io/led.fdc(line number: 22)] Parse file error: Object 'p: led_out[5]' can not be found in current view, please verify the correctness of the argument. [syn_1::Synthesize]
E: ConstraintEditor-0046: [E:/code/PangoWork/Works/uart/Constraints/io/key.fdc(line number: 22)] Parse file error: Object 'p: key_in[5]' can not be found in current view, please verify the correctness of the argument. [syn_1::Synthesize]
E: ConstraintEditor-0046: [E:/code/PangoWork/Works/uart/Constraints/io/led.fdc(line number: 23)] Parse file error: Object 'p: led_out[5]' can not be found in current view, please verify the correctness of the argument. [syn_1::Synthesize]
E: ConstraintEditor-0046: [E:/code/PangoWork/Works/uart/Constraints/io/key.fdc(line number: 23)] Parse file error: Object 'p: key_in[5]' can not be found in current view, please verify the correctness of the argument. [syn_1::Synthesize]
E: ConstraintEditor-0046: [E:/code/PangoWork/Works/uart/Constraints/io/key.fdc(line number: 24)] Parse file error: Object 'p: key_in[5]' can not be found in current view, please verify the correctness of the argument. [syn_1::Synthesize]
E: ConstraintEditor-0046: [E:/code/PangoWork/Works/uart/Constraints/io/led.fdc(line number: 24)] Parse file error: Object 'p: led_out[5]' can not be found in current view, please verify the correctness of the argument. [syn_1::Synthesize]
E: ConstraintEditor-0046: [E:/code/PangoWork/Works/uart/Constraints/io/led.fdc(line number: 25)] Parse file error: Object 'p: led_out[6]' can not be found in current view, please verify the correctness of the argument. [syn_1::Synthesize]
E: ConstraintEditor-0046: [E:/code/PangoWork/Works/uart/Constraints/io/key.fdc(line number: 25)] Parse file error: Object 'p: key_in[6]' can not be found in current view, please verify the correctness of the argument. [syn_1::Synthesize]
E: ConstraintEditor-0046: [E:/code/PangoWork/Works/uart/Constraints/io/led.fdc(line number: 26)] Parse file error: Object 'p: led_out[6]' can not be found in current view, please verify the correctness of the argument. [syn_1::Synthesize]
E: ConstraintEditor-0046: [E:/code/PangoWork/Works/uart/Constraints/io/key.fdc(line number: 26)] Parse file error: Object 'p: key_in[6]' can not be found in current view, please verify the correctness of the argument. [syn_1::Synthesize]
E: ConstraintEditor-0046: [E:/code/PangoWork/Works/uart/Constraints/io/key.fdc(line number: 27)] Parse file error: Object 'p: key_in[6]' can not be found in current view, please verify the correctness of the argument. [syn_1::Synthesize]
E: ConstraintEditor-0046: [E:/code/PangoWork/Works/uart/Constraints/io/led.fdc(line number: 27)] Parse file error: Object 'p: led_out[6]' can not be found in current view, please verify the correctness of the argument. [syn_1::Synthesize]
E: ConstraintEditor-0046: [E:/code/PangoWork/Works/uart/Constraints/io/led.fdc(line number: 28)] Parse file error: Object 'p: led_out[6]' can not be found in current view, please verify the correctness of the argument. [syn_1::Synthesize]
E: ConstraintEditor-0046: [E:/code/PangoWork/Works/uart/Constraints/io/key.fdc(line number: 28)] Parse file error: Object 'p: key_in[6]' can not be found in current view, please verify the correctness of the argument. [syn_1::Synthesize]
E: ConstraintEditor-0046: [E:/code/PangoWork/Works/uart/Constraints/io/led.fdc(line number: 29)] Parse file error: Object 'p: led_out[7]' can not be found in current view, please verify the correctness of the argument. [syn_1::Synthesize]
E: ConstraintEditor-0046: [E:/code/PangoWork/Works/uart/Constraints/io/key.fdc(line number: 29)] Parse file error: Object 'p: key_in[7]' can not be found in current view, please verify the correctness of the argument. [syn_1::Synthesize]
E: ConstraintEditor-0046: [E:/code/PangoWork/Works/uart/Constraints/io/led.fdc(line number: 30)] Parse file error: Object 'p: led_out[7]' can not be found in current view, please verify the correctness of the argument. [syn_1::Synthesize]
E: ConstraintEditor-0046: [E:/code/PangoWork/Works/uart/Constraints/io/key.fdc(line number: 30)] Parse file error: Object 'p: key_in[7]' can not be found in current view, please verify the correctness of the argument. [syn_1::Synthesize]
E: ConstraintEditor-0046: [E:/code/PangoWork/Works/uart/Constraints/io/led.fdc(line number: 31)] Parse file error: Object 'p: led_out[7]' can not be found in current view, please verify the correctness of the argument. [syn_1::Synthesize]
E: ConstraintEditor-0046: [E:/code/PangoWork/Works/uart/Constraints/io/key.fdc(line number: 31)] Parse file error: Object 'p: key_in[7]' can not be found in current view, please verify the correctness of the argument. [syn_1::Synthesize]
E: ConstraintEditor-0046: [E:/code/PangoWork/Works/uart/Constraints/io/key.fdc(line number: 32)] Parse file error: Object 'p: key_in[7]' can not be found in current view, please verify the correctness of the argument. [syn_1::Synthesize]
E: ConstraintEditor-0046: [E:/code/PangoWork/Works/uart/Constraints/io/led.fdc(line number: 32)] Parse file error: Object 'p: led_out[7]' can not be found in current view, please verify the correctness of the argument. [syn_1::Synthesize]
Run process "Synthesize" failed, exit code: 1.
C: Flow-2004: Constraint file modified: 'E:/code/PangoWork/Works/uart/Constraints/io/led.fdc'.
C: Flow-2004: Constraint file modified: 'E:/code/PangoWork/Works/uart/Constraints/io/led.fdc'.
Constraint check start.
I: Timing-4125: Removing leading or trailing white spaces for name:  sys_clk_50mhz
W: ConstraintEditor-4042: Port 'p:led_out[0]' lacks attribute 'PAP_IO_DRIVE', it's better to set the attribute for port.
W: ConstraintEditor-4042: Port 'p:led_out[0]' lacks attribute 'PAP_IO_SLEW', it's better to set the attribute for port.
W: ConstraintEditor-4042: Port 'p:led_out[0]' lacks attribute 'BUS_KEEPER', it's better to set the attribute for port.
W: ConstraintEditor-4042: Port 'p:led_out[1]' lacks attribute 'PAP_IO_DRIVE', it's better to set the attribute for port.
W: ConstraintEditor-4042: Port 'p:led_out[1]' lacks attribute 'PAP_IO_SLEW', it's better to set the attribute for port.
W: ConstraintEditor-4042: Port 'p:led_out[1]' lacks attribute 'BUS_KEEPER', it's better to set the attribute for port.
W: ConstraintEditor-4042: Port 'p:led_out[2]' lacks attribute 'PAP_IO_DRIVE', it's better to set the attribute for port.
W: ConstraintEditor-4042: Port 'p:led_out[2]' lacks attribute 'PAP_IO_SLEW', it's better to set the attribute for port.
W: ConstraintEditor-4042: Port 'p:led_out[2]' lacks attribute 'BUS_KEEPER', it's better to set the attribute for port.
W: ConstraintEditor-4042: Port 'p:led_out[3]' lacks attribute 'PAP_IO_DRIVE', it's better to set the attribute for port.
W: ConstraintEditor-4042: Port 'p:led_out[3]' lacks attribute 'PAP_IO_SLEW', it's better to set the attribute for port.
W: ConstraintEditor-4042: Port 'p:led_out[3]' lacks attribute 'BUS_KEEPER', it's better to set the attribute for port.
W: ConstraintEditor-4042: Port 'p:led_out[4]' lacks attribute 'PAP_IO_DRIVE', it's better to set the attribute for port.
W: ConstraintEditor-4042: Port 'p:led_out[4]' lacks attribute 'PAP_IO_SLEW', it's better to set the attribute for port.
W: ConstraintEditor-4042: Port 'p:led_out[4]' lacks attribute 'BUS_KEEPER', it's better to set the attribute for port.
W: ConstraintEditor-4042: Port 'p:led_out[5]' lacks attribute 'PAP_IO_DRIVE', it's better to set the attribute for port.
W: ConstraintEditor-4042: Port 'p:led_out[5]' lacks attribute 'PAP_IO_SLEW', it's better to set the attribute for port.
W: ConstraintEditor-4042: Port 'p:led_out[5]' lacks attribute 'BUS_KEEPER', it's better to set the attribute for port.
W: ConstraintEditor-4042: Port 'p:led_out[6]' lacks attribute 'PAP_IO_DRIVE', it's better to set the attribute for port.
W: ConstraintEditor-4042: Port 'p:led_out[6]' lacks attribute 'PAP_IO_SLEW', it's better to set the attribute for port.
W: ConstraintEditor-4042: Port 'p:led_out[6]' lacks attribute 'BUS_KEEPER', it's better to set the attribute for port.
W: ConstraintEditor-4042: Port 'p:led_out[7]' lacks attribute 'PAP_IO_DRIVE', it's better to set the attribute for port.
W: ConstraintEditor-4042: Port 'p:led_out[7]' lacks attribute 'PAP_IO_SLEW', it's better to set the attribute for port.
W: ConstraintEditor-4042: Port 'p:led_out[7]' lacks attribute 'BUS_KEEPER', it's better to set the attribute for port.
E: ConstraintEditor-0046: [E:/code/PangoWork/Works/uart/Constraints/io/clk.fdc(line number: 1)] Parse file error: Option 'p: sys_clk_50mhz' is not defined for command 'define_attribute'.
E: ConstraintEditor-0046: [E:/code/PangoWork/Works/uart/Constraints/io/uart.fdc(line number: 1)] Parse file error: Object 'p: uart_rx' can not be found in current view, please verify the correctness of the argument.
E: ConstraintEditor-0046: [E:/code/PangoWork/Works/uart/Constraints/io/key.fdc(line number: 1)] Parse file error: Object 'p: key_in[0]' can not be found in current view, please verify the correctness of the argument.
E: ConstraintEditor-0046: [E:/code/PangoWork/Works/uart/Constraints/io/clk.fdc(line number: 2)] Parse file error: Option 'p: sys_clk_50mhz' is not defined for command 'define_attribute'.
E: ConstraintEditor-0046: [E:/code/PangoWork/Works/uart/Constraints/io/key.fdc(line number: 2)] Parse file error: Object 'p: key_in[0]' can not be found in current view, please verify the correctness of the argument.
E: ConstraintEditor-0046: [E:/code/PangoWork/Works/uart/Constraints/io/uart.fdc(line number: 2)] Parse file error: Object 'p: uart_rx' can not be found in current view, please verify the correctness of the argument.
E: ConstraintEditor-0046: [E:/code/PangoWork/Works/uart/Constraints/io/clk.fdc(line number: 3)] Parse file error: Option 'p: sys_clk_50mhz' is not defined for command 'define_attribute'.
E: ConstraintEditor-0046: [E:/code/PangoWork/Works/uart/Constraints/io/key.fdc(line number: 3)] Parse file error: Object 'p: key_in[0]' can not be found in current view, please verify the correctness of the argument.
E: ConstraintEditor-0046: [E:/code/PangoWork/Works/uart/Constraints/io/uart.fdc(line number: 3)] Parse file error: Object 'p: uart_rx' can not be found in current view, please verify the correctness of the argument.
E: ConstraintEditor-0046: [E:/code/PangoWork/Works/uart/Constraints/io/clk.fdc(line number: 4)] Parse file error: Option 'p: sys_clk_50mhz' is not defined for command 'define_attribute'.
E: ConstraintEditor-0046: [E:/code/PangoWork/Works/uart/Constraints/io/key.fdc(line number: 4)] Parse file error: Object 'p: key_in[0]' can not be found in current view, please verify the correctness of the argument.
E: ConstraintEditor-0046: [E:/code/PangoWork/Works/uart/Constraints/io/uart.fdc(line number: 4)] Parse file error: Object 'p: uart_rx' can not be found in current view, please verify the correctness of the argument.
E: ConstraintEditor-0046: [E:/code/PangoWork/Works/uart/Constraints/io/clk.fdc(line number: 5)] Parse file error: Option 'p: sys_clk_50mhz' is not defined for command 'define_attribute'.
E: ConstraintEditor-0046: [E:/code/PangoWork/Works/uart/Constraints/io/key.fdc(line number: 5)] Parse file error: Object 'p: key_in[1]' can not be found in current view, please verify the correctness of the argument.
E: ConstraintEditor-0046: [E:/code/PangoWork/Works/uart/Constraints/io/uart.fdc(line number: 5)] Parse file error: Object 'p: uart_rx' can not be found in current view, please verify the correctness of the argument.
E: ConstraintEditor-0046: [E:/code/PangoWork/Works/uart/Constraints/io/key.fdc(line number: 6)] Parse file error: Object 'p: key_in[1]' can not be found in current view, please verify the correctness of the argument.
E: ConstraintEditor-0046: [E:/code/PangoWork/Works/uart/Constraints/io/clk.fdc(line number: 7)] Parse file error: Option 'p: rst_n' is not defined for command 'define_attribute'.
E: ConstraintEditor-0046: [E:/code/PangoWork/Works/uart/Constraints/io/key.fdc(line number: 7)] Parse file error: Object 'p: key_in[1]' can not be found in current view, please verify the correctness of the argument.
E: ConstraintEditor-0046: [E:/code/PangoWork/Works/uart/Constraints/io/uart.fdc(line number: 7)] Parse file error: Object 'p: uart_tx' can not be found in current view, please verify the correctness of the argument.
E: ConstraintEditor-0046: [E:/code/PangoWork/Works/uart/Constraints/io/clk.fdc(line number: 8)] Parse file error: Option 'p: rst_n' is not defined for command 'define_attribute'.
E: ConstraintEditor-0046: [E:/code/PangoWork/Works/uart/Constraints/io/key.fdc(line number: 8)] Parse file error: Object 'p: key_in[1]' can not be found in current view, please verify the correctness of the argument.
E: ConstraintEditor-0046: [E:/code/PangoWork/Works/uart/Constraints/io/uart.fdc(line number: 8)] Parse file error: Object 'p: uart_tx' can not be found in current view, please verify the correctness of the argument.
E: ConstraintEditor-0046: [E:/code/PangoWork/Works/uart/Constraints/io/clk.fdc(line number: 9)] Parse file error: Option 'p: rst_n' is not defined for command 'define_attribute'.
E: ConstraintEditor-0046: [E:/code/PangoWork/Works/uart/Constraints/io/key.fdc(line number: 9)] Parse file error: Object 'p: key_in[2]' can not be found in current view, please verify the correctness of the argument.
E: ConstraintEditor-0046: [E:/code/PangoWork/Works/uart/Constraints/io/uart.fdc(line number: 9)] Parse file error: Object 'p: uart_tx' can not be found in current view, please verify the correctness of the argument.
E: ConstraintEditor-0046: [E:/code/PangoWork/Works/uart/Constraints/io/clk.fdc(line number: 10)] Parse file error: Option 'p: rst_n' is not defined for command 'define_attribute'.
E: ConstraintEditor-0046: [E:/code/PangoWork/Works/uart/Constraints/io/key.fdc(line number: 10)] Parse file error: Object 'p: key_in[2]' can not be found in current view, please verify the correctness of the argument.
E: ConstraintEditor-0046: [E:/code/PangoWork/Works/uart/Constraints/io/uart.fdc(line number: 10)] Parse file error: Object 'p: uart_tx' can not be found in current view, please verify the correctness of the argument.
E: ConstraintEditor-0046: [E:/code/PangoWork/Works/uart/Constraints/io/key.fdc(line number: 11)] Parse file error: Object 'p: key_in[2]' can not be found in current view, please verify the correctness of the argument.
E: ConstraintEditor-0046: [E:/code/PangoWork/Works/uart/Constraints/io/uart.fdc(line number: 11)] Parse file error: Object 'p: uart_tx' can not be found in current view, please verify the correctness of the argument.
E: ConstraintEditor-0046: [E:/code/PangoWork/Works/uart/Constraints/io/clk.fdc(line number: 11)] Parse file error: Option 'p: rst_n' is not defined for command 'define_attribute'.
E: ConstraintEditor-0046: [E:/code/PangoWork/Works/uart/Constraints/io/key.fdc(line number: 12)] Parse file error: Object 'p: key_in[2]' can not be found in current view, please verify the correctness of the argument.
E: ConstraintEditor-0046: [E:/code/PangoWork/Works/uart/Constraints/io/key.fdc(line number: 13)] Parse file error: Object 'p: key_in[3]' can not be found in current view, please verify the correctness of the argument.
E: ConstraintEditor-0046: [E:/code/PangoWork/Works/uart/Constraints/io/key.fdc(line number: 14)] Parse file error: Object 'p: key_in[3]' can not be found in current view, please verify the correctness of the argument.
E: ConstraintEditor-0046: [E:/code/PangoWork/Works/uart/Constraints/io/key.fdc(line number: 15)] Parse file error: Object 'p: key_in[3]' can not be found in current view, please verify the correctness of the argument.
E: ConstraintEditor-0046: [E:/code/PangoWork/Works/uart/Constraints/io/key.fdc(line number: 16)] Parse file error: Object 'p: key_in[3]' can not be found in current view, please verify the correctness of the argument.
E: ConstraintEditor-0046: [E:/code/PangoWork/Works/uart/Constraints/io/key.fdc(line number: 17)] Parse file error: Object 'p: key_in[4]' can not be found in current view, please verify the correctness of the argument.
E: ConstraintEditor-0046: [E:/code/PangoWork/Works/uart/Constraints/io/key.fdc(line number: 18)] Parse file error: Object 'p: key_in[4]' can not be found in current view, please verify the correctness of the argument.
E: ConstraintEditor-0046: [E:/code/PangoWork/Works/uart/Constraints/io/key.fdc(line number: 19)] Parse file error: Object 'p: key_in[4]' can not be found in current view, please verify the correctness of the argument.
E: ConstraintEditor-0046: [E:/code/PangoWork/Works/uart/Constraints/io/key.fdc(line number: 20)] Parse file error: Object 'p: key_in[4]' can not be found in current view, please verify the correctness of the argument.
E: ConstraintEditor-0046: [E:/code/PangoWork/Works/uart/Constraints/io/key.fdc(line number: 21)] Parse file error: Object 'p: key_in[5]' can not be found in current view, please verify the correctness of the argument.
E: ConstraintEditor-0046: [E:/code/PangoWork/Works/uart/Constraints/io/key.fdc(line number: 22)] Parse file error: Object 'p: key_in[5]' can not be found in current view, please verify the correctness of the argument.
E: ConstraintEditor-0046: [E:/code/PangoWork/Works/uart/Constraints/io/key.fdc(line number: 23)] Parse file error: Object 'p: key_in[5]' can not be found in current view, please verify the correctness of the argument.
E: ConstraintEditor-0046: [E:/code/PangoWork/Works/uart/Constraints/io/key.fdc(line number: 24)] Parse file error: Object 'p: key_in[5]' can not be found in current view, please verify the correctness of the argument.
E: ConstraintEditor-0046: [E:/code/PangoWork/Works/uart/Constraints/io/key.fdc(line number: 25)] Parse file error: Object 'p: key_in[6]' can not be found in current view, please verify the correctness of the argument.
E: ConstraintEditor-0046: [E:/code/PangoWork/Works/uart/Constraints/io/key.fdc(line number: 26)] Parse file error: Object 'p: key_in[6]' can not be found in current view, please verify the correctness of the argument.
E: ConstraintEditor-0046: [E:/code/PangoWork/Works/uart/Constraints/io/key.fdc(line number: 27)] Parse file error: Object 'p: key_in[6]' can not be found in current view, please verify the correctness of the argument.
E: ConstraintEditor-0046: [E:/code/PangoWork/Works/uart/Constraints/io/key.fdc(line number: 28)] Parse file error: Object 'p: key_in[6]' can not be found in current view, please verify the correctness of the argument.
E: ConstraintEditor-0046: [E:/code/PangoWork/Works/uart/Constraints/io/key.fdc(line number: 29)] Parse file error: Object 'p: key_in[7]' can not be found in current view, please verify the correctness of the argument.
E: ConstraintEditor-0046: [E:/code/PangoWork/Works/uart/Constraints/io/key.fdc(line number: 30)] Parse file error: Object 'p: key_in[7]' can not be found in current view, please verify the correctness of the argument.
E: ConstraintEditor-0046: [E:/code/PangoWork/Works/uart/Constraints/io/key.fdc(line number: 31)] Parse file error: Object 'p: key_in[7]' can not be found in current view, please verify the correctness of the argument.
E: ConstraintEditor-0046: [E:/code/PangoWork/Works/uart/Constraints/io/key.fdc(line number: 32)] Parse file error: Object 'p: key_in[7]' can not be found in current view, please verify the correctness of the argument.
Constraint check end.
Total time(hh:mm:ss) of constraint check : 00:00:00
C: Flow-2004: Constraint file modified: 'E:/code/PangoWork/Works/uart/Constraints/io/uart.fdc'.
C: Flow-2004: Constraint file modified: 'E:/code/PangoWork/Works/uart/Constraints/io/key.fdc'.
C: Flow-2004: Constraint file modified: 'E:/code/PangoWork/Works/uart/Constraints/io/clk.fdc'.
C: Flow-2004: Constraint file modified: 'E:/code/PangoWork/Works/uart/Constraints/clock/clocks.fdc'.
C: Flow-2004: Constraint file modified: 'E:/code/PangoWork/Works/uart/Constraints/clock/clocks.fdc'.
C: Flow-2004: Constraint file modified: 'E:/code/PangoWork/Works/uart/Constraints/clock/clocks.fdc'.
C: Flow-2004: Constraint file modified: 'E:/code/PangoWork/Works/uart/Constraints/clock/clocks.fdc'.
Constraint check start.
W: ConstraintEditor-4040: [E:/code/PangoWork/Works/uart/Constraints/io/key.fdc(line number: 2)] Port p:key_in[0] has been placed at location K18, whose type is share pin.
W: ConstraintEditor-4040: [E:/code/PangoWork/Works/uart/Constraints/io/key.fdc(line number: 22)] Port p:key_in[5] has been placed at location J19, whose type is share pin.
W: ConstraintEditor-4040: [E:/code/PangoWork/Works/uart/Constraints/io/key.fdc(line number: 26)] Port p:key_in[6] has been placed at location H20, whose type is share pin.
W: ConstraintEditor-4042: Port 'p:key_in[0]' lacks attribute 'BUS_KEEPER', it's better to set the attribute for port.
W: ConstraintEditor-4042: Port 'p:key_in[1]' lacks attribute 'BUS_KEEPER', it's better to set the attribute for port.
W: ConstraintEditor-4042: Port 'p:key_in[2]' lacks attribute 'BUS_KEEPER', it's better to set the attribute for port.
W: ConstraintEditor-4042: Port 'p:key_in[3]' lacks attribute 'BUS_KEEPER', it's better to set the attribute for port.
W: ConstraintEditor-4042: Port 'p:key_in[4]' lacks attribute 'BUS_KEEPER', it's better to set the attribute for port.
W: ConstraintEditor-4042: Port 'p:key_in[5]' lacks attribute 'BUS_KEEPER', it's better to set the attribute for port.
W: ConstraintEditor-4042: Port 'p:key_in[6]' lacks attribute 'BUS_KEEPER', it's better to set the attribute for port.
W: ConstraintEditor-4042: Port 'p:key_in[7]' lacks attribute 'BUS_KEEPER', it's better to set the attribute for port.
W: ConstraintEditor-4042: Port 'p:led_out[0]' lacks attribute 'PAP_IO_DRIVE', it's better to set the attribute for port.
W: ConstraintEditor-4042: Port 'p:led_out[0]' lacks attribute 'PAP_IO_SLEW', it's better to set the attribute for port.
W: ConstraintEditor-4042: Port 'p:led_out[0]' lacks attribute 'BUS_KEEPER', it's better to set the attribute for port.
W: ConstraintEditor-4042: Port 'p:led_out[1]' lacks attribute 'PAP_IO_DRIVE', it's better to set the attribute for port.
W: ConstraintEditor-4042: Port 'p:led_out[1]' lacks attribute 'PAP_IO_SLEW', it's better to set the attribute for port.
W: ConstraintEditor-4042: Port 'p:led_out[1]' lacks attribute 'BUS_KEEPER', it's better to set the attribute for port.
W: ConstraintEditor-4042: Port 'p:led_out[2]' lacks attribute 'PAP_IO_DRIVE', it's better to set the attribute for port.
W: ConstraintEditor-4042: Port 'p:led_out[2]' lacks attribute 'PAP_IO_SLEW', it's better to set the attribute for port.
W: ConstraintEditor-4042: Port 'p:led_out[2]' lacks attribute 'BUS_KEEPER', it's better to set the attribute for port.
W: ConstraintEditor-4042: Port 'p:led_out[3]' lacks attribute 'PAP_IO_DRIVE', it's better to set the attribute for port.
W: ConstraintEditor-4042: Port 'p:led_out[3]' lacks attribute 'PAP_IO_SLEW', it's better to set the attribute for port.
W: ConstraintEditor-4042: Port 'p:led_out[3]' lacks attribute 'BUS_KEEPER', it's better to set the attribute for port.
W: ConstraintEditor-4042: Port 'p:led_out[4]' lacks attribute 'PAP_IO_DRIVE', it's better to set the attribute for port.
W: ConstraintEditor-4042: Port 'p:led_out[4]' lacks attribute 'PAP_IO_SLEW', it's better to set the attribute for port.
W: ConstraintEditor-4042: Port 'p:led_out[4]' lacks attribute 'BUS_KEEPER', it's better to set the attribute for port.
W: ConstraintEditor-4042: Port 'p:led_out[5]' lacks attribute 'PAP_IO_DRIVE', it's better to set the attribute for port.
W: ConstraintEditor-4042: Port 'p:led_out[5]' lacks attribute 'PAP_IO_SLEW', it's better to set the attribute for port.
W: ConstraintEditor-4042: Port 'p:led_out[5]' lacks attribute 'BUS_KEEPER', it's better to set the attribute for port.
W: ConstraintEditor-4042: Port 'p:led_out[6]' lacks attribute 'PAP_IO_DRIVE', it's better to set the attribute for port.
W: ConstraintEditor-4042: Port 'p:led_out[6]' lacks attribute 'PAP_IO_SLEW', it's better to set the attribute for port.
W: ConstraintEditor-4042: Port 'p:led_out[6]' lacks attribute 'BUS_KEEPER', it's better to set the attribute for port.
W: ConstraintEditor-4042: Port 'p:led_out[7]' lacks attribute 'PAP_IO_DRIVE', it's better to set the attribute for port.
W: ConstraintEditor-4042: Port 'p:led_out[7]' lacks attribute 'PAP_IO_SLEW', it's better to set the attribute for port.
W: ConstraintEditor-4042: Port 'p:led_out[7]' lacks attribute 'BUS_KEEPER', it's better to set the attribute for port.
W: ConstraintEditor-4042: Port 'p:uart_tx' lacks attribute 'PAP_IO_DRIVE', it's better to set the attribute for port.
W: ConstraintEditor-4042: Port 'p:uart_tx' lacks attribute 'PAP_IO_SLEW', it's better to set the attribute for port.
C: UserConstraintEditor-2001: [E:/code/PangoWork/Works/uart/Constraints/io/key.fdc(line number: 1)] 'OUTPUT' is not correct, direction of port 'key_in[0]' is 'INPUT' defined in [E:/code/PangoWork/Works/uart/Designs/uart_rx_top.v(line number: 8)]. The direction has been corrected automatically.
C: UserConstraintEditor-2001: [E:/code/PangoWork/Works/uart/Constraints/io/key.fdc(line number: 5)] 'OUTPUT' is not correct, direction of port 'key_in[1]' is 'INPUT' defined in [E:/code/PangoWork/Works/uart/Designs/uart_rx_top.v(line number: 8)]. The direction has been corrected automatically.
C: UserConstraintEditor-2001: [E:/code/PangoWork/Works/uart/Constraints/io/key.fdc(line number: 9)] 'OUTPUT' is not correct, direction of port 'key_in[2]' is 'INPUT' defined in [E:/code/PangoWork/Works/uart/Designs/uart_rx_top.v(line number: 8)]. The direction has been corrected automatically.
C: UserConstraintEditor-2001: [E:/code/PangoWork/Works/uart/Constraints/io/key.fdc(line number: 13)] 'OUTPUT' is not correct, direction of port 'key_in[3]' is 'INPUT' defined in [E:/code/PangoWork/Works/uart/Designs/uart_rx_top.v(line number: 8)]. The direction has been corrected automatically.
C: UserConstraintEditor-2001: [E:/code/PangoWork/Works/uart/Constraints/io/key.fdc(line number: 17)] 'OUTPUT' is not correct, direction of port 'key_in[4]' is 'INPUT' defined in [E:/code/PangoWork/Works/uart/Designs/uart_rx_top.v(line number: 8)]. The direction has been corrected automatically.
C: UserConstraintEditor-2001: [E:/code/PangoWork/Works/uart/Constraints/io/key.fdc(line number: 21)] 'OUTPUT' is not correct, direction of port 'key_in[5]' is 'INPUT' defined in [E:/code/PangoWork/Works/uart/Designs/uart_rx_top.v(line number: 8)]. The direction has been corrected automatically.
C: UserConstraintEditor-2001: [E:/code/PangoWork/Works/uart/Constraints/io/key.fdc(line number: 25)] 'OUTPUT' is not correct, direction of port 'key_in[6]' is 'INPUT' defined in [E:/code/PangoWork/Works/uart/Designs/uart_rx_top.v(line number: 8)]. The direction has been corrected automatically.
C: UserConstraintEditor-2001: [E:/code/PangoWork/Works/uart/Constraints/io/key.fdc(line number: 29)] 'OUTPUT' is not correct, direction of port 'key_in[7]' is 'INPUT' defined in [E:/code/PangoWork/Works/uart/Designs/uart_rx_top.v(line number: 8)]. The direction has been corrected automatically.
E: ConstraintEditor-0046: [E:/code/PangoWork/Works/uart/Constraints/io/clk.fdc(line number: 1)] Parse file error: Option 'p:sys_clk_50mhz' is not defined for command 'define_attribute'.
E: ConstraintEditor-0046: [E:/code/PangoWork/Works/uart/Constraints/io/clk.fdc(line number: 2)] Parse file error: Option 'p:sys_clk_50mhz' is not defined for command 'define_attribute'.
E: ConstraintEditor-0046: [E:/code/PangoWork/Works/uart/Constraints/io/clk.fdc(line number: 3)] Parse file error: Option 'p:sys_clk_50mhz' is not defined for command 'define_attribute'.
E: ConstraintEditor-0046: [E:/code/PangoWork/Works/uart/Constraints/io/clk.fdc(line number: 4)] Parse file error: Option 'p:sys_clk_50mhz' is not defined for command 'define_attribute'.
E: ConstraintEditor-0046: [E:/code/PangoWork/Works/uart/Constraints/io/clk.fdc(line number: 5)] Parse file error: Option 'p:sys_clk_50mhz' is not defined for command 'define_attribute'.
E: ConstraintEditor-0046: [E:/code/PangoWork/Works/uart/Constraints/io/clk.fdc(line number: 7)] Parse file error: Option 'p:rst_n' is not defined for command 'define_attribute'.
E: ConstraintEditor-0046: [E:/code/PangoWork/Works/uart/Constraints/io/clk.fdc(line number: 8)] Parse file error: Option 'p:rst_n' is not defined for command 'define_attribute'.
E: ConstraintEditor-0046: [E:/code/PangoWork/Works/uart/Constraints/io/clk.fdc(line number: 9)] Parse file error: Option 'p:rst_n' is not defined for command 'define_attribute'.
E: ConstraintEditor-0046: [E:/code/PangoWork/Works/uart/Constraints/io/clk.fdc(line number: 10)] Parse file error: Option 'p:rst_n' is not defined for command 'define_attribute'.
E: ConstraintEditor-0046: [E:/code/PangoWork/Works/uart/Constraints/io/clk.fdc(line number: 11)] Parse file error: Option 'p:rst_n' is not defined for command 'define_attribute'.
Constraint check end.
Total time(hh:mm:ss) of constraint check : 00:00:00
C: Flow-2004: Constraint file modified: 'E:/code/PangoWork/Works/uart/Constraints/io/clk.fdc'.
C: Flow-2004: Constraint file modified: 'E:/code/PangoWork/Works/uart/Constraints/io/key.fdc'.
Constraint check start.
W: ConstraintEditor-4040: [E:/code/PangoWork/Works/uart/Constraints/io/key.fdc(line number: 2)] Port p:key_in[0] has been placed at location K18, whose type is share pin.
W: ConstraintEditor-4040: [E:/code/PangoWork/Works/uart/Constraints/io/clk.fdc(line number: 8)] Port p:rst_n has been placed at location AB13, whose type is share pin.
W: ConstraintEditor-4040: [E:/code/PangoWork/Works/uart/Constraints/io/key.fdc(line number: 22)] Port p:key_in[5] has been placed at location J19, whose type is share pin.
W: ConstraintEditor-4040: [E:/code/PangoWork/Works/uart/Constraints/io/key.fdc(line number: 26)] Port p:key_in[6] has been placed at location H20, whose type is share pin.
W: ConstraintEditor-4042: Port 'p:key_in[0]' lacks attribute 'BUS_KEEPER', it's better to set the attribute for port.
W: ConstraintEditor-4042: Port 'p:key_in[1]' lacks attribute 'BUS_KEEPER', it's better to set the attribute for port.
W: ConstraintEditor-4042: Port 'p:key_in[2]' lacks attribute 'BUS_KEEPER', it's better to set the attribute for port.
W: ConstraintEditor-4042: Port 'p:key_in[3]' lacks attribute 'BUS_KEEPER', it's better to set the attribute for port.
W: ConstraintEditor-4042: Port 'p:key_in[4]' lacks attribute 'BUS_KEEPER', it's better to set the attribute for port.
W: ConstraintEditor-4042: Port 'p:key_in[5]' lacks attribute 'BUS_KEEPER', it's better to set the attribute for port.
W: ConstraintEditor-4042: Port 'p:key_in[6]' lacks attribute 'BUS_KEEPER', it's better to set the attribute for port.
W: ConstraintEditor-4042: Port 'p:key_in[7]' lacks attribute 'BUS_KEEPER', it's better to set the attribute for port.
W: ConstraintEditor-4042: Port 'p:led_out[0]' lacks attribute 'PAP_IO_DRIVE', it's better to set the attribute for port.
W: ConstraintEditor-4042: Port 'p:led_out[0]' lacks attribute 'PAP_IO_SLEW', it's better to set the attribute for port.
W: ConstraintEditor-4042: Port 'p:led_out[0]' lacks attribute 'BUS_KEEPER', it's better to set the attribute for port.
W: ConstraintEditor-4042: Port 'p:led_out[1]' lacks attribute 'PAP_IO_DRIVE', it's better to set the attribute for port.
W: ConstraintEditor-4042: Port 'p:led_out[1]' lacks attribute 'PAP_IO_SLEW', it's better to set the attribute for port.
W: ConstraintEditor-4042: Port 'p:led_out[1]' lacks attribute 'BUS_KEEPER', it's better to set the attribute for port.
W: ConstraintEditor-4042: Port 'p:led_out[2]' lacks attribute 'PAP_IO_DRIVE', it's better to set the attribute for port.
W: ConstraintEditor-4042: Port 'p:led_out[2]' lacks attribute 'PAP_IO_SLEW', it's better to set the attribute for port.
W: ConstraintEditor-4042: Port 'p:led_out[2]' lacks attribute 'BUS_KEEPER', it's better to set the attribute for port.
W: ConstraintEditor-4042: Port 'p:led_out[3]' lacks attribute 'PAP_IO_DRIVE', it's better to set the attribute for port.
W: ConstraintEditor-4042: Port 'p:led_out[3]' lacks attribute 'PAP_IO_SLEW', it's better to set the attribute for port.
W: ConstraintEditor-4042: Port 'p:led_out[3]' lacks attribute 'BUS_KEEPER', it's better to set the attribute for port.
W: ConstraintEditor-4042: Port 'p:led_out[4]' lacks attribute 'PAP_IO_DRIVE', it's better to set the attribute for port.
W: ConstraintEditor-4042: Port 'p:led_out[4]' lacks attribute 'PAP_IO_SLEW', it's better to set the attribute for port.
W: ConstraintEditor-4042: Port 'p:led_out[4]' lacks attribute 'BUS_KEEPER', it's better to set the attribute for port.
W: ConstraintEditor-4042: Port 'p:led_out[5]' lacks attribute 'PAP_IO_DRIVE', it's better to set the attribute for port.
W: ConstraintEditor-4042: Port 'p:led_out[5]' lacks attribute 'PAP_IO_SLEW', it's better to set the attribute for port.
W: ConstraintEditor-4042: Port 'p:led_out[5]' lacks attribute 'BUS_KEEPER', it's better to set the attribute for port.
W: ConstraintEditor-4042: Port 'p:led_out[6]' lacks attribute 'PAP_IO_DRIVE', it's better to set the attribute for port.
W: ConstraintEditor-4042: Port 'p:led_out[6]' lacks attribute 'PAP_IO_SLEW', it's better to set the attribute for port.
W: ConstraintEditor-4042: Port 'p:led_out[6]' lacks attribute 'BUS_KEEPER', it's better to set the attribute for port.
W: ConstraintEditor-4042: Port 'p:led_out[7]' lacks attribute 'PAP_IO_DRIVE', it's better to set the attribute for port.
W: ConstraintEditor-4042: Port 'p:led_out[7]' lacks attribute 'PAP_IO_SLEW', it's better to set the attribute for port.
W: ConstraintEditor-4042: Port 'p:led_out[7]' lacks attribute 'BUS_KEEPER', it's better to set the attribute for port.
W: ConstraintEditor-4042: Port 'p:uart_tx' lacks attribute 'PAP_IO_DRIVE', it's better to set the attribute for port.
W: ConstraintEditor-4042: Port 'p:uart_tx' lacks attribute 'PAP_IO_SLEW', it's better to set the attribute for port.
C: UserConstraintEditor-2001: [E:/code/PangoWork/Works/uart/Constraints/io/clk.fdc(line number: 1)] 'OUTPUT' is not correct, direction of port 'sys_clk_50mhz' is 'INPUT' defined in [E:/code/PangoWork/Works/uart/Designs/uart_rx_top.v(line number: 2)]. The direction has been corrected automatically.
C: UserConstraintEditor-2001: [E:/code/PangoWork/Works/uart/Constraints/io/key.fdc(line number: 1)] 'OUTPUT' is not correct, direction of port 'key_in[0]' is 'INPUT' defined in [E:/code/PangoWork/Works/uart/Designs/uart_rx_top.v(line number: 8)]. The direction has been corrected automatically.
C: UserConstraintEditor-2001: [E:/code/PangoWork/Works/uart/Constraints/io/key.fdc(line number: 5)] 'OUTPUT' is not correct, direction of port 'key_in[1]' is 'INPUT' defined in [E:/code/PangoWork/Works/uart/Designs/uart_rx_top.v(line number: 8)]. The direction has been corrected automatically.
C: UserConstraintEditor-2001: [E:/code/PangoWork/Works/uart/Constraints/io/key.fdc(line number: 9)] 'OUTPUT' is not correct, direction of port 'key_in[2]' is 'INPUT' defined in [E:/code/PangoWork/Works/uart/Designs/uart_rx_top.v(line number: 8)]. The direction has been corrected automatically.
C: UserConstraintEditor-2001: [E:/code/PangoWork/Works/uart/Constraints/io/key.fdc(line number: 13)] 'OUTPUT' is not correct, direction of port 'key_in[3]' is 'INPUT' defined in [E:/code/PangoWork/Works/uart/Designs/uart_rx_top.v(line number: 8)]. The direction has been corrected automatically.
C: UserConstraintEditor-2001: [E:/code/PangoWork/Works/uart/Constraints/io/key.fdc(line number: 17)] 'OUTPUT' is not correct, direction of port 'key_in[4]' is 'INPUT' defined in [E:/code/PangoWork/Works/uart/Designs/uart_rx_top.v(line number: 8)]. The direction has been corrected automatically.
C: UserConstraintEditor-2001: [E:/code/PangoWork/Works/uart/Constraints/io/key.fdc(line number: 21)] 'OUTPUT' is not correct, direction of port 'key_in[5]' is 'INPUT' defined in [E:/code/PangoWork/Works/uart/Designs/uart_rx_top.v(line number: 8)]. The direction has been corrected automatically.
C: UserConstraintEditor-2001: [E:/code/PangoWork/Works/uart/Constraints/io/key.fdc(line number: 25)] 'OUTPUT' is not correct, direction of port 'key_in[6]' is 'INPUT' defined in [E:/code/PangoWork/Works/uart/Designs/uart_rx_top.v(line number: 8)]. The direction has been corrected automatically.
C: UserConstraintEditor-2001: [E:/code/PangoWork/Works/uart/Constraints/io/key.fdc(line number: 29)] 'OUTPUT' is not correct, direction of port 'key_in[7]' is 'INPUT' defined in [E:/code/PangoWork/Works/uart/Designs/uart_rx_top.v(line number: 8)]. The direction has been corrected automatically.
Constraint check end.
Total time(hh:mm:ss) of constraint check : 00:00:00
 
Command: launch_tasks [get_tasks {syn_1}] -to_action synthesize
wait_on_tasks [get_tasks {syn_1}] -to_action synthesize
Process "Synthesize" started.
Current time: Fri Sep 18 19:58:38 2026
C: UserConstraintEditor-2001: [E:/code/PangoWork/Works/uart/Constraints/io/clk.fdc(line number: 1)] 'OUTPUT' is not correct, direction of port 'sys_clk_50mhz' is 'INPUT' defined in [E:/code/PangoWork/Works/uart/Designs/uart_rx_top.v(line number: 2)]. The direction has been corrected automatically. [syn_1::Synthesize]
C: UserConstraintEditor-2001: [E:/code/PangoWork/Works/uart/Constraints/io/key.fdc(line number: 1)] 'OUTPUT' is not correct, direction of port 'key_in[0]' is 'INPUT' defined in [E:/code/PangoWork/Works/uart/Designs/uart_rx_top.v(line number: 8)]. The direction has been corrected automatically. [syn_1::Synthesize]
C: UserConstraintEditor-2001: [E:/code/PangoWork/Works/uart/Constraints/io/key.fdc(line number: 5)] 'OUTPUT' is not correct, direction of port 'key_in[1]' is 'INPUT' defined in [E:/code/PangoWork/Works/uart/Designs/uart_rx_top.v(line number: 8)]. The direction has been corrected automatically. [syn_1::Synthesize]
C: UserConstraintEditor-2001: [E:/code/PangoWork/Works/uart/Constraints/io/key.fdc(line number: 9)] 'OUTPUT' is not correct, direction of port 'key_in[2]' is 'INPUT' defined in [E:/code/PangoWork/Works/uart/Designs/uart_rx_top.v(line number: 8)]. The direction has been corrected automatically. [syn_1::Synthesize]
C: UserConstraintEditor-2001: [E:/code/PangoWork/Works/uart/Constraints/io/key.fdc(line number: 13)] 'OUTPUT' is not correct, direction of port 'key_in[3]' is 'INPUT' defined in [E:/code/PangoWork/Works/uart/Designs/uart_rx_top.v(line number: 8)]. The direction has been corrected automatically. [syn_1::Synthesize]
C: UserConstraintEditor-2001: [E:/code/PangoWork/Works/uart/Constraints/io/key.fdc(line number: 17)] 'OUTPUT' is not correct, direction of port 'key_in[4]' is 'INPUT' defined in [E:/code/PangoWork/Works/uart/Designs/uart_rx_top.v(line number: 8)]. The direction has been corrected automatically. [syn_1::Synthesize]
C: UserConstraintEditor-2001: [E:/code/PangoWork/Works/uart/Constraints/io/key.fdc(line number: 21)] 'OUTPUT' is not correct, direction of port 'key_in[5]' is 'INPUT' defined in [E:/code/PangoWork/Works/uart/Designs/uart_rx_top.v(line number: 8)]. The direction has been corrected automatically. [syn_1::Synthesize]
C: UserConstraintEditor-2001: [E:/code/PangoWork/Works/uart/Constraints/io/key.fdc(line number: 25)] 'OUTPUT' is not correct, direction of port 'key_in[6]' is 'INPUT' defined in [E:/code/PangoWork/Works/uart/Designs/uart_rx_top.v(line number: 8)]. The direction has been corrected automatically. [syn_1::Synthesize]
C: UserConstraintEditor-2001: [E:/code/PangoWork/Works/uart/Constraints/io/key.fdc(line number: 29)] 'OUTPUT' is not correct, direction of port 'key_in[7]' is 'INPUT' defined in [E:/code/PangoWork/Works/uart/Designs/uart_rx_top.v(line number: 8)]. The direction has been corrected automatically. [syn_1::Synthesize]
C: SDC-2025: Clock source 'n:u_pll_50mhz/clkout1' need a clock constraint, please use 'create_clock' or 'create_generate_clock' to generate. [syn_1::Synthesize]
C: SDC-2025: Clock source 'n:u_pll_50mhz/clkout0' need a clock constraint, please use 'create_clock' or 'create_generate_clock' to generate. [syn_1::Synthesize]
Process "Synthesize" done.
 
Command: launch_tasks [get_tasks {pnr_1}] -to_action dev_map
wait_on_tasks [get_tasks {pnr_1}] -to_action dev_map
Process "Device Map" started.
Current time: Fri Sep 18 19:59:44 2026
Process "Device Map" done.
 
Command: launch_tasks [get_tasks {pnr_1}] -to_action place
wait_on_tasks [get_tasks {pnr_1}] -to_action place
Process "Place" started.
Current time: Fri Sep 18 19:59:48 2026
C: ConstraintEditor-2022: There are some ports' attributes are set to default value, please read [E:/code/PangoWork/Works/uart/prj_tasks/pnr_1/place_route/ports_defalut_attribute.txt(line number:0)] to confirm. [pnr_1::Place]
Process "Place" done.
 
Command: launch_tasks [get_tasks {pnr_1}] -to_action route
wait_on_tasks [get_tasks {pnr_1}] -to_action route
Process "Route" started.
Current time: Fri Sep 18 20:00:09 2026
Process "Route" done.
 
Command: launch_tasks [get_tasks {pnr_1}] -to_action route_optimize
wait_on_tasks [get_tasks {pnr_1}] -to_action route_optimize
Process "Route Optimize" started.
Current time: Fri Sep 18 20:00:28 2026
Process "Route Optimize" done.
 
Command: launch_tasks [get_tasks {pnr_1}] -to_action report_timing
wait_on_tasks [get_tasks {pnr_1}] -to_action report_timing
Process "Report Timing" started.
Current time: Fri Sep 18 20:00:43 2026
 
Command: launch_tasks [get_tasks {pnr_1}] -to_action gen_bit_stream
wait_on_tasks [get_tasks {pnr_1}] -to_action gen_bit_stream
Process "Generate Bitstream" started.
Current time: Fri Sep 18 20:00:43 2026
Process "Report Timing" done.
Process "Generate Bitstream" done.
Open Configuration ...
Configuration initialization started successfully.
Open Inserter (Post Synthesize) ...
Inserter (Post Synthesize) initialization started successfully.
Inserter (Post Synthesize) Closed.
Open Inserter (Post Route Optimize) ...
Inserter (Post Route Optimize) initialization started successfully.
Inserter (Post Route Optimize) Closed.
Open Inserter (Post Synthesize) ...
Inserter (Post Synthesize) initialization started successfully.
File "E:/code/PangoWork/Works/uart/prj_tasks/syn_1/synthesize/uart_rx_top_syn.fic" has been added to project successfully.
 
Command: launch_tasks [get_tasks {pnr_1}] -to_action gen_bit_stream
wait_on_tasks [get_tasks {pnr_1}] -to_action gen_bit_stream
Process "Generate Bitstream" started.
Current time: Fri Sep 18 20:28:54 2026
Process "Generate Bitstream" done.
 
Command: launch_tasks [get_tasks {pnr_1}] -to_action dev_map
wait_on_tasks [get_tasks {pnr_1}] -to_action dev_map
Process "Device Map" started.
Current time: Fri Sep 18 20:29:08 2026
Process "Device Map" done.
 
Command: launch_tasks [get_tasks {pnr_1}] -to_action place
wait_on_tasks [get_tasks {pnr_1}] -to_action place
Process "Place" started.
Current time: Fri Sep 18 20:29:24 2026
C: ConstraintEditor-2022: There are some ports' attributes are set to default value, please read [E:/code/PangoWork/Works/uart/prj_tasks/pnr_1/place_route/ports_defalut_attribute.txt(line number:0)] to confirm. [pnr_1::Place]
Process "Place" done.
 
Command: launch_tasks [get_tasks {pnr_1}] -to_action route
wait_on_tasks [get_tasks {pnr_1}] -to_action route
Process "Route" started.
Current time: Fri Sep 18 20:29:39 2026
C: Route-2036: The clock path from u_CORES/u_GTP_SCANCHAIN/scanchain:CAPDR to u_CORES/u_debug_core_0/u_hub_data_decode/newconfini.conf_id_ini[2]/opit_0_inv:CLK is routed by SRB. [pnr_1::Route]
C: Route-2036: The clock path from u_CORES/u_GTP_SCANCHAIN/scanchain:TCK_USER to clkbufg_1/gopclkbufg:CLK is routed by SRB. [pnr_1::Route]
Process "Route" done.
 
Command: launch_tasks [get_tasks {pnr_1}] -to_action route_optimize
wait_on_tasks [get_tasks {pnr_1}] -to_action route_optimize
Process "Route Optimize" started.
Current time: Fri Sep 18 20:29:51 2026
Process "Route Optimize" done.
 
Command: launch_tasks [get_tasks {pnr_1}] -to_action report_timing
wait_on_tasks [get_tasks {pnr_1}] -to_action report_timing
Process "Report Timing" started.
Current time: Fri Sep 18 20:30:00 2026
Process "Report Timing" done.
 
Command: launch_tasks [get_tasks {pnr_1}] -to_action gen_bit_stream
wait_on_tasks [get_tasks {pnr_1}] -to_action gen_bit_stream
Process "Generate Bitstream" started.
Current time: Fri Sep 18 20:30:09 2026
Process "Generate Bitstream" done.
IP Compiler Closed.
Inserter (Post Synthesize) Closed.
Open Debugger ...
Debugger initialization started successfully.
Debugger Closed.


Executing : open_inserter -flow_phase synthesize
Open Inserter (Post Synthesize) ...
Executing : open_inserter -flow_phase synthesize successfully.
Inserter (Post Synthesize) initialization started successfully.
C: Flow-2006: Fic file modified: 'E:/code/PangoWork/Works/uart/prj_tasks/syn_1/synthesize/uart_rx_top_syn.fic'. 
Open Debugger ...
Debugger initialization started successfully.
 
Command: launch_tasks [get_tasks {pnr_1}] -to_action gen_bit_stream
wait_on_tasks [get_tasks {pnr_1}] -to_action gen_bit_stream
Process "Generate Bitstream" started.
Current time: Fri Sep 18 20:36:07 2026
E: Flow-0288: Generate Bitstream: Process exits abnormally. 
Run process "Generate Bitstream" failed, exit code: -9.
 
Command: launch_tasks [get_tasks {pnr_1}] -to_action dev_map
wait_on_tasks [get_tasks {pnr_1}] -to_action dev_map
Process "Device Map" started.
Current time: Fri Sep 18 20:36:11 2026
Process "Device Map" done.
 
Command: launch_tasks [get_tasks {pnr_1}] -to_action place
wait_on_tasks [get_tasks {pnr_1}] -to_action place
Process "Place" started.
Current time: Fri Sep 18 20:36:28 2026
C: ConstraintEditor-2022: There are some ports' attributes are set to default value, please read [E:/code/PangoWork/Works/uart/prj_tasks/pnr_1/place_route/ports_defalut_attribute.txt(line number:0)] to confirm. [pnr_1::Place]
Process "Place" done.
 
Command: launch_tasks [get_tasks {pnr_1}] -to_action route
wait_on_tasks [get_tasks {pnr_1}] -to_action route
Process "Route" started.
Current time: Fri Sep 18 20:36:45 2026
C: Route-2036: The clock path from u_CORES/u_GTP_SCANCHAIN/scanchain:CAPDR to u_CORES/u_debug_core_0/u_hub_data_decode/newconfini.conf_id_ini[2]/opit_0_inv:CLK is routed by SRB. [pnr_1::Route]
C: Route-2036: The clock path from u_CORES/u_GTP_SCANCHAIN/scanchain:TCK_USER to clkbufg_1/gopclkbufg:CLK is routed by SRB. [pnr_1::Route]
Process "Route" done.
 
Command: launch_tasks [get_tasks {pnr_1}] -to_action route_optimize
wait_on_tasks [get_tasks {pnr_1}] -to_action route_optimize
Process "Route Optimize" started.
Current time: Fri Sep 18 20:36:59 2026
Process "Route Optimize" done.
 
Command: launch_tasks [get_tasks {pnr_1}] -to_action report_timing
wait_on_tasks [get_tasks {pnr_1}] -to_action report_timing
Process "Report Timing" started.
Current time: Fri Sep 18 20:37:09 2026
Process "Report Timing" done.
 
Command: launch_tasks [get_tasks {pnr_1}] -to_action gen_bit_stream
wait_on_tasks [get_tasks {pnr_1}] -to_action gen_bit_stream
Process "Generate Bitstream" started.
Current time: Fri Sep 18 20:37:17 2026
Process "Generate Bitstream" done.
Inserter (Post Synthesize) Closed.


Executing : open_inserter -flow_phase synthesize
Open Inserter (Post Synthesize) ...
Executing : open_inserter -flow_phase synthesize successfully.
Inserter (Post Synthesize) initialization started successfully.
C: Flow-2006: Fic file modified: 'E:/code/PangoWork/Works/uart/prj_tasks/syn_1/synthesize/uart_rx_top_syn.fic'. 
 
Command: launch_tasks [get_tasks {pnr_1}] -to_action report_timing
wait_on_tasks [get_tasks {pnr_1}] -to_action report_timing
Process "Report Timing" started.
Current time: Fri Sep 18 20:50:09 2026
Process "Report Timing" done.
 
Command: launch_tasks [get_tasks {pnr_1}] -to_action dev_map
wait_on_tasks [get_tasks {pnr_1}] -to_action dev_map
Process "Device Map" started.
Current time: Fri Sep 18 20:50:19 2026
Process "Device Map" done.
 
Command: launch_tasks [get_tasks {pnr_1}] -to_action place
wait_on_tasks [get_tasks {pnr_1}] -to_action place
Process "Place" started.
Current time: Fri Sep 18 20:50:36 2026
C: ConstraintEditor-2022: There are some ports' attributes are set to default value, please read [E:/code/PangoWork/Works/uart/prj_tasks/pnr_1/place_route/ports_defalut_attribute.txt(line number:0)] to confirm. [pnr_1::Place]
Process "Place" done.
 
Command: launch_tasks [get_tasks {pnr_1}] -to_action route
wait_on_tasks [get_tasks {pnr_1}] -to_action route
Process "Route" started.
Current time: Fri Sep 18 20:50:56 2026
C: Route-2036: The clock path from u_CORES/u_GTP_SCANCHAIN/scanchain:CAPDR to u_CORES/u_debug_core_0/u_hub_data_decode/id_sample.conf_id[0]/opit_0_inv:CLK is routed by SRB. [pnr_1::Route]
C: Route-2036: The clock path from u_CORES/u_GTP_SCANCHAIN/scanchain:TCK_USER to clkbufg_1/gopclkbufg:CLK is routed by SRB. [pnr_1::Route]
Process "Route" done.
 
Command: launch_tasks [get_tasks {pnr_1}] -to_action route_optimize
wait_on_tasks [get_tasks {pnr_1}] -to_action route_optimize
Process "Route Optimize" started.
Current time: Fri Sep 18 20:51:10 2026
Process "Route Optimize" done.
 
Command: launch_tasks [get_tasks {pnr_1}] -to_action report_timing
wait_on_tasks [get_tasks {pnr_1}] -to_action report_timing
Process "Report Timing" started.
Current time: Fri Sep 18 20:51:20 2026
Process "Report Timing" done.
 
Command: launch_tasks [get_tasks {pnr_1}] -to_action gen_bit_stream
wait_on_tasks [get_tasks {pnr_1}] -to_action gen_bit_stream
Process "Generate Bitstream" started.
Current time: Fri Sep 18 20:51:50 2026
Process "Generate Bitstream" done.
Parse module hierarchy of project 'E:/code/PangoWork/Works/uart/temp_projects/Main_Flow/Main_Flow.pds' (ADS Parser)
I: Flow-6004: Design file modified: 'E:/code/PangoWork/Works/uart/Designs/uart_rx_top.v'. 
Parse module hierarchy of project 'E:/code/PangoWork/Works/uart/temp_projects/Main_Flow/Main_Flow.pds' (ADS Parser)
I: Flow-6004: Design file modified: 'E:/code/PangoWork/Works/uart/Designs/uart_rx_top.v'. 
Parse module hierarchy of project 'E:/code/PangoWork/Works/uart/temp_projects/Main_Flow/Main_Flow.pds' (ADS Parser)
I: Flow-6004: Design file modified: 'E:/code/PangoWork/Works/uart/Designs/uart_rx_top.v'. 
Parse module hierarchy of project 'E:/code/PangoWork/Works/uart/temp_projects/Main_Flow/Main_Flow.pds' (ADS Parser)
I: Flow-6004: Design file modified: 'E:/code/PangoWork/Works/uart/Designs/uart_rx_top.v'. 
E: Verilog-4133: [E:/code/PangoWork/Works/uart/Designs/uart_rx_top.v(line number: 21)] Connection (data) for output (data_out) of module instantiation 'uart_rx' is not wire.
 
Command: set_option -options { top_module {uart_rx_top} top_library {work}} [get_filesets design_1]
launch_tasks [get_tasks {syn_1}] -to_action compile
wait_on_tasks [get_tasks {syn_1}] -to_action compile
Process "Compile" started.
Current time: Fri Sep 18 20:54:32 2026
E: Verilog-4133: [E:/code/PangoWork/Works/uart/Designs/uart_rx_top.v(line number: 21)] Connection (data) for output (data_out) of module instantiation 'uart_rx' is not wire. [syn_1::Compile]
Run process "Compile" failed, exit code: 1.
Parse module hierarchy of project 'E:/code/PangoWork/Works/uart/temp_projects/Main_Flow/Main_Flow.pds' (ADS Parser)
I: Flow-6004: Design file modified: 'E:/code/PangoWork/Works/uart/Designs/led/led.v'. 
Parse module hierarchy of project 'E:/code/PangoWork/Works/uart/temp_projects/Main_Flow/Main_Flow.pds' (ADS Parser)
I: Flow-6004: Design file modified: 'E:/code/PangoWork/Works/uart/Designs/led/led.v'. 
Parse module hierarchy of project 'E:/code/PangoWork/Works/uart/temp_projects/Main_Flow/Main_Flow.pds' (ADS Parser)
I: Flow-6004: Design file modified: 'E:/code/PangoWork/Works/uart/Designs/led/led.v'. 
Parse module hierarchy of project 'E:/code/PangoWork/Works/uart/temp_projects/Main_Flow/Main_Flow.pds' (ADS Parser)
I: Flow-6004: Design file modified: 'E:/code/PangoWork/Works/uart/Designs/led/led.v'. 
Parse module hierarchy of project 'E:/code/PangoWork/Works/uart/temp_projects/Main_Flow/Main_Flow.pds' (ADS Parser)
I: Flow-6004: Design file modified: 'E:/code/PangoWork/Works/uart/Designs/led/led.v'. 
E: Verilog-4061: [E:/code/PangoWork/Works/uart/Designs/led/led.v(line number: 7)] A input port (led_data) is declared as a reg type.
 
Command: set_option -options { top_module {uart_rx_top} top_library {work}} [get_filesets design_1]
launch_tasks [get_tasks {syn_1}] -to_action compile
wait_on_tasks [get_tasks {syn_1}] -to_action compile
Process "Compile" started.
Current time: Fri Sep 18 20:57:06 2026
E: Verilog-4061: [E:/code/PangoWork/Works/uart/Designs/led/led.v(line number: 7)] A input port (led_data) is declared as a reg type. [syn_1::Compile]
Run process "Compile" failed, exit code: 1.
Parse module hierarchy of project 'E:/code/PangoWork/Works/uart/temp_projects/Main_Flow/Main_Flow.pds' (ADS Parser)
I: Flow-6004: Design file modified: 'E:/code/PangoWork/Works/uart/Designs/led/led.v'. 
Parse module hierarchy of project 'E:/code/PangoWork/Works/uart/temp_projects/Main_Flow/Main_Flow.pds' (ADS Parser)
I: Flow-6004: Design file modified: 'E:/code/PangoWork/Works/uart/Designs/led/led.v'. 
Parse module hierarchy of project 'E:/code/PangoWork/Works/uart/temp_projects/Main_Flow/Main_Flow.pds' (ADS Parser)
I: Flow-6004: Design file modified: 'E:/code/PangoWork/Works/uart/Designs/led/led.v'. 
E: Verilog-4133: [E:/code/PangoWork/Works/uart/Designs/uart_rx_top.v(line number: 21)] Connection (data) for output (data_out) of module instantiation 'uart_rx' is not wire.
Parse module hierarchy of project 'E:/code/PangoWork/Works/uart/temp_projects/Main_Flow/Main_Flow.pds' (ADS Parser)
I: Flow-6004: Design file modified: 'E:/code/PangoWork/Works/uart/Designs/uart_rx_top.v'. 
Parse module hierarchy of project 'E:/code/PangoWork/Works/uart/temp_projects/Main_Flow/Main_Flow.pds' (ADS Parser)
I: Flow-6004: Design file modified: 'E:/code/PangoWork/Works/uart/Designs/uart_rx_top.v'. 
Parse module hierarchy of project 'E:/code/PangoWork/Works/uart/temp_projects/Main_Flow/Main_Flow.pds' (ADS Parser)
I: Flow-6004: Design file modified: 'E:/code/PangoWork/Works/uart/Designs/uart_rx_top.v'. 
 
Command: set_option -options { top_module {uart_rx_top} top_library {work}} [get_filesets design_1]
launch_tasks [get_tasks {syn_1}] -to_action compile
wait_on_tasks [get_tasks {syn_1}] -to_action compile
Process "Compile" started.
Current time: Fri Sep 18 20:58:56 2026
Process "Compile" done.
 
Command: launch_tasks [get_tasks {syn_1}] -to_action synthesize
wait_on_tasks [get_tasks {syn_1}] -to_action synthesize
Process "Synthesize" started.
Current time: Fri Sep 18 20:59:03 2026
C: UserConstraintEditor-2001: [E:/code/PangoWork/Works/uart/Constraints/io/clk.fdc(line number: 1)] 'OUTPUT' is not correct, direction of port 'sys_clk_50mhz' is 'INPUT' defined in [E:/code/PangoWork/Works/uart/Designs/uart_rx_top.v(line number: 2)]. The direction has been corrected automatically. [syn_1::Synthesize]
C: UserConstraintEditor-2001: [E:/code/PangoWork/Works/uart/Constraints/io/key.fdc(line number: 1)] 'OUTPUT' is not correct, direction of port 'key_in[0]' is 'INPUT' defined in [E:/code/PangoWork/Works/uart/Designs/uart_rx_top.v(line number: 8)]. The direction has been corrected automatically. [syn_1::Synthesize]
C: UserConstraintEditor-2001: [E:/code/PangoWork/Works/uart/Constraints/io/key.fdc(line number: 5)] 'OUTPUT' is not correct, direction of port 'key_in[1]' is 'INPUT' defined in [E:/code/PangoWork/Works/uart/Designs/uart_rx_top.v(line number: 8)]. The direction has been corrected automatically. [syn_1::Synthesize]
C: UserConstraintEditor-2001: [E:/code/PangoWork/Works/uart/Constraints/io/key.fdc(line number: 9)] 'OUTPUT' is not correct, direction of port 'key_in[2]' is 'INPUT' defined in [E:/code/PangoWork/Works/uart/Designs/uart_rx_top.v(line number: 8)]. The direction has been corrected automatically. [syn_1::Synthesize]
C: UserConstraintEditor-2001: [E:/code/PangoWork/Works/uart/Constraints/io/key.fdc(line number: 13)] 'OUTPUT' is not correct, direction of port 'key_in[3]' is 'INPUT' defined in [E:/code/PangoWork/Works/uart/Designs/uart_rx_top.v(line number: 8)]. The direction has been corrected automatically. [syn_1::Synthesize]
C: UserConstraintEditor-2001: [E:/code/PangoWork/Works/uart/Constraints/io/key.fdc(line number: 17)] 'OUTPUT' is not correct, direction of port 'key_in[4]' is 'INPUT' defined in [E:/code/PangoWork/Works/uart/Designs/uart_rx_top.v(line number: 8)]. The direction has been corrected automatically. [syn_1::Synthesize]
C: UserConstraintEditor-2001: [E:/code/PangoWork/Works/uart/Constraints/io/key.fdc(line number: 21)] 'OUTPUT' is not correct, direction of port 'key_in[5]' is 'INPUT' defined in [E:/code/PangoWork/Works/uart/Designs/uart_rx_top.v(line number: 8)]. The direction has been corrected automatically. [syn_1::Synthesize]
C: UserConstraintEditor-2001: [E:/code/PangoWork/Works/uart/Constraints/io/key.fdc(line number: 25)] 'OUTPUT' is not correct, direction of port 'key_in[6]' is 'INPUT' defined in [E:/code/PangoWork/Works/uart/Designs/uart_rx_top.v(line number: 8)]. The direction has been corrected automatically. [syn_1::Synthesize]
C: UserConstraintEditor-2001: [E:/code/PangoWork/Works/uart/Constraints/io/key.fdc(line number: 29)] 'OUTPUT' is not correct, direction of port 'key_in[7]' is 'INPUT' defined in [E:/code/PangoWork/Works/uart/Designs/uart_rx_top.v(line number: 8)]. The direction has been corrected automatically. [syn_1::Synthesize]
C: SDC-2025: Clock source 'n:u_pll_50mhz/clkout1' need a clock constraint, please use 'create_clock' or 'create_generate_clock' to generate. [syn_1::Synthesize]
C: SDC-2025: Clock source 'n:u_pll_50mhz/clkout0' need a clock constraint, please use 'create_clock' or 'create_generate_clock' to generate. [syn_1::Synthesize]
Process "Synthesize" done.


Executing : open_inserter -flow_phase synthesize
C: Flow-2006: Fic file modified: 'E:/code/PangoWork/Works/uart/prj_tasks/syn_1/synthesize/uart_rx_top_syn.fic'. 
 
Command: launch_tasks [get_tasks {pnr_1}] -to_action dev_map
wait_on_tasks [get_tasks {pnr_1}] -to_action dev_map
Process "Device Map" started.
Current time: Fri Sep 18 20:59:43 2026
Process "Device Map" done.
 
Command: launch_tasks [get_tasks {pnr_1}] -to_action place
wait_on_tasks [get_tasks {pnr_1}] -to_action place
Process "Place" started.
Current time: Fri Sep 18 21:00:01 2026
C: ConstraintEditor-2022: There are some ports' attributes are set to default value, please read [E:/code/PangoWork/Works/uart/prj_tasks/pnr_1/place_route/ports_defalut_attribute.txt(line number:0)] to confirm. [pnr_1::Place]
Process "Place" done.
 
Command: launch_tasks [get_tasks {pnr_1}] -to_action route
wait_on_tasks [get_tasks {pnr_1}] -to_action route
Process "Route" started.
Current time: Fri Sep 18 21:00:18 2026
C: Route-2036: The clock path from u_CORES/u_GTP_SCANCHAIN/scanchain:CAPDR to u_CORES/u_debug_core_0/u_hub_data_decode/id_sample.conf_id[0]/opit_0_inv:CLK is routed by SRB. [pnr_1::Route]
C: Route-2036: The clock path from u_CORES/u_GTP_SCANCHAIN/scanchain:TCK_USER to clkbufg_1/gopclkbufg:CLK is routed by SRB. [pnr_1::Route]
Process "Route" done.
 
Command: launch_tasks [get_tasks {pnr_1}] -to_action route_optimize
wait_on_tasks [get_tasks {pnr_1}] -to_action route_optimize
Process "Route Optimize" started.
Current time: Fri Sep 18 21:00:38 2026
C: Flow-2004: Constraint file modified: 'E:/code/PangoWork/Works/uart/Constraints/io/key.fdc'.
Process "Route Optimize" done.
 
Command: launch_tasks [get_tasks {pnr_1}] -to_action report_timing
wait_on_tasks [get_tasks {pnr_1}] -to_action report_timing
Process "Report Timing" started.
Current time: Fri Sep 18 21:00:48 2026
 
Command: launch_tasks [get_tasks {pnr_1}] -to_action gen_bit_stream
wait_on_tasks [get_tasks {pnr_1}] -to_action gen_bit_stream
Process "Generate Bitstream" started.
Current time: Fri Sep 18 21:00:48 2026
Process "Report Timing" done.
Process "Generate Bitstream" done.
Parse module hierarchy of project 'E:/code/PangoWork/Works/uart/temp_projects/Main_Flow/Main_Flow.pds' (ADS Parser)
I: Flow-6004: Design file modified: 'E:/code/PangoWork/Works/uart/Designs/uart/uart_rx.v'. 
Parse module hierarchy of project 'E:/code/PangoWork/Works/uart/temp_projects/Main_Flow/Main_Flow.pds' (ADS Parser)
I: Flow-6004: Design file modified: 'E:/code/PangoWork/Works/uart/Designs/uart/uart_rx.v'. 
Parse module hierarchy of project 'E:/code/PangoWork/Works/uart/temp_projects/Main_Flow/Main_Flow.pds' (ADS Parser)
I: Flow-6004: Design file modified: 'E:/code/PangoWork/Works/uart/Designs/uart_rx_top.v'. 
Parse module hierarchy of project 'E:/code/PangoWork/Works/uart/temp_projects/Main_Flow/Main_Flow.pds' (ADS Parser)
I: Flow-6004: Design file modified: 'E:/code/PangoWork/Works/uart/Designs/uart_rx_top.v'. 
Parse module hierarchy of project 'E:/code/PangoWork/Works/uart/temp_projects/Main_Flow/Main_Flow.pds' (ADS Parser)
I: Flow-6004: Design file modified: 'E:/code/PangoWork/Works/uart/Designs/uart_rx_top.v'. 
Parse module hierarchy of project 'E:/code/PangoWork/Works/uart/temp_projects/Main_Flow/Main_Flow.pds' (ADS Parser)
I: Flow-6004: Design file modified: 'E:/code/PangoWork/Works/uart/Designs/uart_rx_top.v'. 
 
Command: launch_tasks [get_tasks {pnr_1}] -to_action gen_bit_stream
wait_on_tasks [get_tasks {pnr_1}] -to_action gen_bit_stream
Process "Generate Bitstream" started.
Current time: Fri Sep 18 21:08:45 2026
E: Flow-0288: Generate Bitstream: Process exits abnormally. 
Run process "Generate Bitstream" failed, exit code: -9.
 
Command: launch_tasks [get_tasks {pnr_1}] -to_action gen_bit_stream
wait_on_tasks [get_tasks {pnr_1}] -to_action gen_bit_stream
Process "Generate Bitstream" started.
Current time: Fri Sep 18 21:08:48 2026
E: Flow-0288: Generate Bitstream: Process exits abnormally. 
Run process "Generate Bitstream" failed, exit code: -9.
 
Command: set_option -options { top_module {uart_rx_top} top_library {work}} [get_filesets design_1]
launch_tasks [get_tasks {syn_1}] -to_action compile
wait_on_tasks [get_tasks {syn_1}] -to_action compile
Process "Compile" started.
Current time: Fri Sep 18 21:08:51 2026
Process "Compile" done.
 
Command: launch_tasks [get_tasks {syn_1}] -to_action synthesize
wait_on_tasks [get_tasks {syn_1}] -to_action synthesize
Process "Synthesize" started.
Current time: Fri Sep 18 21:08:56 2026
C: UserConstraintEditor-2001: [E:/code/PangoWork/Works/uart/Constraints/io/clk.fdc(line number: 1)] 'OUTPUT' is not correct, direction of port 'sys_clk_50mhz' is 'INPUT' defined in [E:/code/PangoWork/Works/uart/Designs/uart_rx_top.v(line number: 2)]. The direction has been corrected automatically. [syn_1::Synthesize]
C: SDC-2025: Clock source 'n:u_pll_50mhz/clkout1' need a clock constraint, please use 'create_clock' or 'create_generate_clock' to generate. [syn_1::Synthesize]
C: SDC-2025: Clock source 'n:u_pll_50mhz/clkout0' need a clock constraint, please use 'create_clock' or 'create_generate_clock' to generate. [syn_1::Synthesize]
Process "Synthesize" done.
 
Command: launch_tasks [get_tasks {pnr_1}] -to_action dev_map
wait_on_tasks [get_tasks {pnr_1}] -to_action dev_map
Process "Device Map" started.
Current time: Fri Sep 18 21:09:00 2026
Process "Device Map" done.
 
Command: launch_tasks [get_tasks {pnr_1}] -to_action place
wait_on_tasks [get_tasks {pnr_1}] -to_action place
Process "Place" started.
Current time: Fri Sep 18 21:09:21 2026
C: ConstraintEditor-2022: There are some ports' attributes are set to default value, please read [E:/code/PangoWork/Works/uart/prj_tasks/pnr_1/place_route/ports_defalut_attribute.txt(line number:0)] to confirm. [pnr_1::Place]
Process "Place" done.
 
Command: launch_tasks [get_tasks {pnr_1}] -to_action route
wait_on_tasks [get_tasks {pnr_1}] -to_action route
Process "Route" started.
Current time: Fri Sep 18 21:09:41 2026
C: Route-2036: The clock path from u_CORES/u_GTP_SCANCHAIN/scanchain:CAPDR to u_CORES/u_debug_core_0/u_hub_data_decode/id_sample.conf_id[0]/opit_0_inv:CLK is routed by SRB. [pnr_1::Route]
C: Route-2036: The clock path from u_CORES/u_GTP_SCANCHAIN/scanchain:TCK_USER to clkbufg_1/gopclkbufg:CLK is routed by SRB. [pnr_1::Route]
Process "Route" done.
 
Command: launch_tasks [get_tasks {pnr_1}] -to_action route_optimize
wait_on_tasks [get_tasks {pnr_1}] -to_action route_optimize
Process "Route Optimize" started.
Current time: Fri Sep 18 21:09:55 2026
Process "Route Optimize" done.
 
Command: launch_tasks [get_tasks {pnr_1}] -to_action report_timing
wait_on_tasks [get_tasks {pnr_1}] -to_action report_timing
Process "Report Timing" started.
Current time: Fri Sep 18 21:10:05 2026
 
Command: launch_tasks [get_tasks {pnr_1}] -to_action gen_bit_stream
wait_on_tasks [get_tasks {pnr_1}] -to_action gen_bit_stream
Process "Generate Bitstream" started.
Current time: Fri Sep 18 21:10:05 2026
Process "Report Timing" done.
Process "Generate Bitstream" done.
Parse module hierarchy of project 'E:/code/PangoWork/Works/uart/temp_projects/Main_Flow/Main_Flow.pds' (ADS Parser)
I: Flow-6004: Design file modified: 'E:/code/PangoWork/Works/uart/Designs/uart/uart_rx.v'. 
Parse module hierarchy of project 'E:/code/PangoWork/Works/uart/temp_projects/Main_Flow/Main_Flow.pds' (ADS Parser)
I: Flow-6004: Design file modified: 'E:/code/PangoWork/Works/uart/Designs/uart/uart_rx.v'. 
Parse module hierarchy of project 'E:/code/PangoWork/Works/uart/temp_projects/Main_Flow/Main_Flow.pds' (ADS Parser)
I: Flow-6004: Design file modified: 'E:/code/PangoWork/Works/uart/Designs/uart/uart_rx.v'. 
C: Flow-2004: Constraint file modified: 'E:/code/PangoWork/Works/uart/Constraints/io/clk.fdc'.
C: Flow-2004: Constraint file modified: 'E:/code/PangoWork/Works/uart/Constraints/io/clk.fdc'.
Inserter (Post Synthesize) Closed.
Configuration Closed.
Debugger Closed.
