#Build: Fabric Compiler 2025.2, Build 211867, Jan 16 16:10 2026
#Install: D:\pango\PDS_2025.2-ads\bin
#Application name: pds_shell.exe
#OS: Windows 11 10.0.26100
#CPU: Unknown
#RAM(GB): 16
#Hostname: hustlyrm
#Generated by Fabric Compiler (version 2025.2 build 211867) at Thu Oct  1 18:27:01 2026
Executing : open_project D:/pango/works/ECSDC_FPGA_2026/flash.pds successfully.
Executing : set_option max_threads 0
Executing : set_option max_threads 0 successfully.
Executing : set_arch -family Logos -device PGL50H -speedgrade -6 -package FBG484
Executing : set_arch -family Logos -device PGL50H -speedgrade -6 -package FBG484 successfully.
Executing : get_filesets design_1
Executing : get_filesets design_1 successfully.
Executing : set_option -options { top_module {flash_read_top} top_library {work}} [get_filesets design_1]
Executing : set_option -options { top_module {flash_read_top} top_library {work}} [get_filesets design_1] successfully.
Executing : clean -all
Executing : clean -all successfully.
Executing : get_tasks syn_1
Executing : get_tasks syn_1 successfully.
Executing : launch_tasks [get_tasks syn_1] -to_action compile
 
Command: set_option -options { top_module {flash_read_top}} [get_filesets design_1]
launch_tasks [get_tasks {syn_1}] -to_action compile
wait_on_tasks [get_tasks {syn_1}] -to_action compile
Process "Compile" started.
Current time: Thu Oct  1 18:27:01 2026
Executing : launch_tasks [get_tasks syn_1] -to_action compile successfully.
Executing : get_tasks syn_1
Executing : get_tasks syn_1 successfully.
Executing : wait_on_tasks [get_tasks syn_1] -to_action compile
Compiling architecture definition.
Analyzing project file 'D:/pango/works/ECSDC_FPGA_2026/prj_tasks/syn_1/compile/compile.ptemp'.
#Generated by Fabric Compiler (version 2025.2 build 211867) at Thu Oct  1 18:27:02 2026
Parameters for debugging are loaded as follows:
License checkout: fabric_ads from D:/pango/PDS_2025.2-ads/new_pds_F4A80DA47D72.lic
Compiling verification operator library.
Compiling vendor parameter file.
Loading technology operator library.
Compiling technology operator library.
Compiling technology operator (valence) library.
I: Enable Verilog2k features and keywords
Start rtl-analyze.
I: Include path: D:/pango/works/ECSDC_FPGA_2026
I: Verilog-0001: Analyzing file D:/pango/works/ECSDC_FPGA_2026/Designs/flash_read_top.v.
I: Verilog-0002: [D:/pango/works/ECSDC_FPGA_2026/Designs/flash_read_top.v(line number: 2)] Analyzing module flash_read_top (library work).
Parsing done.
I: Verilog-0001: Analyzing file D:/pango/works/ECSDC_FPGA_2026/Designs/Hardware/cp2102/cp2102_driver.v.
I: Verilog-0002: [D:/pango/works/ECSDC_FPGA_2026/Designs/Hardware/cp2102/cp2102_driver.v(line number: 6)] Analyzing module cp2102 (library work).
I: Verilog-0002: [D:/pango/works/ECSDC_FPGA_2026/Designs/Hardware/cp2102/cp2102_driver.v(line number: 234)] Analyzing module cp2102_uart_tx (library work).
Parsing done.
I: Verilog-0001: Analyzing file D:/pango/works/ECSDC_FPGA_2026/Designs/Hardware/cp2102/cp2102_top.v.
I: Verilog-0002: [D:/pango/works/ECSDC_FPGA_2026/Designs/Hardware/cp2102/cp2102_top.v(line number: 2)] Analyzing module cp2102_top (library work).
Parsing done.
I: Verilog-0001: Analyzing file D:/pango/works/ECSDC_FPGA_2026/Designs/Hardware/flash/flash_driver.v.
I: Verilog-0002: [D:/pango/works/ECSDC_FPGA_2026/Designs/Hardware/flash/flash_driver.v(line number: 4)] Analyzing module flash_driver (library work).
Parsing done.
I: Verilog-0001: Analyzing file D:/pango/works/ECSDC_FPGA_2026/Designs/Hardware/flash/flash_top.v.
I: Verilog-0002: [D:/pango/works/ECSDC_FPGA_2026/Designs/Hardware/flash/flash_top.v(line number: 2)] Analyzing module flash_top (library work).
Parsing done.
I: Verilog-0001: Analyzing file D:/pango/works/ECSDC_FPGA_2026/Designs/Driver/spi/qspi_master_rx.v.
I: Verilog-0002: [D:/pango/works/ECSDC_FPGA_2026/Designs/Driver/spi/qspi_master_rx.v(line number: 4)] Analyzing module qspi_master_rx (library work).
Parsing done.
I: Verilog-0001: Analyzing file D:/pango/works/ECSDC_FPGA_2026/Designs/Driver/uart/uart_tx.v.
I: Verilog-0002: [D:/pango/works/ECSDC_FPGA_2026/Designs/Driver/uart/uart_tx.v(line number: 5)] Analyzing module uart_tx (library work).
Parsing done.
I: Verilog-0001: Analyzing file D:/pango/works/ECSDC_FPGA_2026/Designs/Driver/uart/uart_rx.v.
I: Verilog-0002: [D:/pango/works/ECSDC_FPGA_2026/Designs/Driver/uart/uart_rx.v(line number: 3)] Analyzing module uart_rx (library work).
Parsing done.
I: Verilog-0001: Analyzing file D:/pango/works/ECSDC_FPGA_2026/Designs/Hardware/led/led_top.v.
I: Verilog-0002: [D:/pango/works/ECSDC_FPGA_2026/Designs/Hardware/led/led_top.v(line number: 2)] Analyzing module led_top (library work).
Parsing done.
I: Verilog-0001: Analyzing file D:/pango/works/ECSDC_FPGA_2026/ipcore/cp2102_tx_fifo/rtl/ipml_fifo_ctrl_v1_14_cp2102_tx_fifo.v.
I: Verilog-0002: [D:/pango/works/ECSDC_FPGA_2026/ipcore/cp2102_tx_fifo/rtl/ipml_fifo_ctrl_v1_14_cp2102_tx_fifo.v(line number: 18)] Analyzing module ipml_fifo_ctrl_v1_14_cp2102_tx_fifo (library cp2102_tx_fifo).
I: [D:/pango/works/ECSDC_FPGA_2026/ipcore/cp2102_tx_fifo/rtl/ipml_fifo_ctrl_v1_14_cp2102_tx_fifo.v(line number: 56)] Convert attribute name from syn_preserve to PAP_PRESERVE
I: [D:/pango/works/ECSDC_FPGA_2026/ipcore/cp2102_tx_fifo/rtl/ipml_fifo_ctrl_v1_14_cp2102_tx_fifo.v(line number: 58)] Convert attribute name from syn_preserve to PAP_PRESERVE
I: [D:/pango/works/ECSDC_FPGA_2026/ipcore/cp2102_tx_fifo/rtl/ipml_fifo_ctrl_v1_14_cp2102_tx_fifo.v(line number: 69)] Convert attribute name from syn_preserve to PAP_PRESERVE
I: [D:/pango/works/ECSDC_FPGA_2026/ipcore/cp2102_tx_fifo/rtl/ipml_fifo_ctrl_v1_14_cp2102_tx_fifo.v(line number: 71)] Convert attribute name from syn_preserve to PAP_PRESERVE
I: [D:/pango/works/ECSDC_FPGA_2026/ipcore/cp2102_tx_fifo/rtl/ipml_fifo_ctrl_v1_14_cp2102_tx_fifo.v(line number: 99)] Convert attribute name from syn_preserve to PAP_PRESERVE
I: [D:/pango/works/ECSDC_FPGA_2026/ipcore/cp2102_tx_fifo/rtl/ipml_fifo_ctrl_v1_14_cp2102_tx_fifo.v(line number: 100)] Convert attribute name from syn_preserve to PAP_PRESERVE
Parsing done.
I: Verilog-0001: Analyzing file D:/pango/works/ECSDC_FPGA_2026/ipcore/cp2102_tx_fifo/rtl/ipml_sdpram_v1_13_cp2102_tx_fifo.v.
I: Verilog-0002: [D:/pango/works/ECSDC_FPGA_2026/ipcore/cp2102_tx_fifo/rtl/ipml_sdpram_v1_13_cp2102_tx_fifo.v(line number: 18)] Analyzing module ipml_sdpram_v1_13_cp2102_tx_fifo (library cp2102_tx_fifo).
W: Verilog-2064: [D:/pango/works/ECSDC_FPGA_2026/ipcore/cp2102_tx_fifo/rtl/ipml_sdpram_v1_13_cp2102_tx_fifo.v(line number: 305)] Within an initial construct, only memory $readmemh/$readmemb initialization and variable initialization statements are supported and other statements will be ignored. Simulation mismatch may occur.
Parsing done.
I: Verilog-0001: Analyzing file D:/pango/works/ECSDC_FPGA_2026/ipcore/cp2102_tx_fifo/rtl/ipml_fifo_v1_14_cp2102_tx_fifo.v.
I: Verilog-0002: [D:/pango/works/ECSDC_FPGA_2026/ipcore/cp2102_tx_fifo/rtl/ipml_fifo_v1_14_cp2102_tx_fifo.v(line number: 23)] Analyzing module ipml_fifo_v1_14_cp2102_tx_fifo (library cp2102_tx_fifo).
Parsing done.
I: Verilog-0001: Analyzing file D:/pango/works/ECSDC_FPGA_2026/ipcore/cp2102_tx_fifo/cp2102_tx_fifo.v.
I: Verilog-0002: [D:/pango/works/ECSDC_FPGA_2026/ipcore/cp2102_tx_fifo/cp2102_tx_fifo.v(line number: 16)] Analyzing module cp2102_tx_fifo (library cp2102_tx_fifo).
Parsing done.
I: Verilog-0001: Analyzing file D:/pango/works/ECSDC_FPGA_2026/ipcore/flash_rx_fifo/rtl/ipml_fifo_ctrl_v1_14_flash_rx_fifo.v.
I: Verilog-0002: [D:/pango/works/ECSDC_FPGA_2026/ipcore/flash_rx_fifo/rtl/ipml_fifo_ctrl_v1_14_flash_rx_fifo.v(line number: 18)] Analyzing module ipml_fifo_ctrl_v1_14_flash_rx_fifo (library flash_rx_fifo).
I: [D:/pango/works/ECSDC_FPGA_2026/ipcore/flash_rx_fifo/rtl/ipml_fifo_ctrl_v1_14_flash_rx_fifo.v(line number: 56)] Convert attribute name from syn_preserve to PAP_PRESERVE
I: [D:/pango/works/ECSDC_FPGA_2026/ipcore/flash_rx_fifo/rtl/ipml_fifo_ctrl_v1_14_flash_rx_fifo.v(line number: 58)] Convert attribute name from syn_preserve to PAP_PRESERVE
I: [D:/pango/works/ECSDC_FPGA_2026/ipcore/flash_rx_fifo/rtl/ipml_fifo_ctrl_v1_14_flash_rx_fifo.v(line number: 69)] Convert attribute name from syn_preserve to PAP_PRESERVE
I: [D:/pango/works/ECSDC_FPGA_2026/ipcore/flash_rx_fifo/rtl/ipml_fifo_ctrl_v1_14_flash_rx_fifo.v(line number: 71)] Convert attribute name from syn_preserve to PAP_PRESERVE
I: [D:/pango/works/ECSDC_FPGA_2026/ipcore/flash_rx_fifo/rtl/ipml_fifo_ctrl_v1_14_flash_rx_fifo.v(line number: 99)] Convert attribute name from syn_preserve to PAP_PRESERVE
I: [D:/pango/works/ECSDC_FPGA_2026/ipcore/flash_rx_fifo/rtl/ipml_fifo_ctrl_v1_14_flash_rx_fifo.v(line number: 100)] Convert attribute name from syn_preserve to PAP_PRESERVE
Parsing done.
I: Verilog-0001: Analyzing file D:/pango/works/ECSDC_FPGA_2026/ipcore/flash_rx_fifo/rtl/ipml_sdpram_v1_13_flash_rx_fifo.v.
I: Verilog-0002: [D:/pango/works/ECSDC_FPGA_2026/ipcore/flash_rx_fifo/rtl/ipml_sdpram_v1_13_flash_rx_fifo.v(line number: 18)] Analyzing module ipml_sdpram_v1_13_flash_rx_fifo (library flash_rx_fifo).
W: Verilog-2064: [D:/pango/works/ECSDC_FPGA_2026/ipcore/flash_rx_fifo/rtl/ipml_sdpram_v1_13_flash_rx_fifo.v(line number: 305)] Within an initial construct, only memory $readmemh/$readmemb initialization and variable initialization statements are supported and other statements will be ignored. Simulation mismatch may occur.
Parsing done.
I: Verilog-0001: Analyzing file D:/pango/works/ECSDC_FPGA_2026/ipcore/flash_rx_fifo/rtl/ipml_fifo_v1_14_flash_rx_fifo.v.
I: Verilog-0002: [D:/pango/works/ECSDC_FPGA_2026/ipcore/flash_rx_fifo/rtl/ipml_fifo_v1_14_flash_rx_fifo.v(line number: 23)] Analyzing module ipml_fifo_v1_14_flash_rx_fifo (library flash_rx_fifo).
Parsing done.
I: Verilog-0001: Analyzing file D:/pango/works/ECSDC_FPGA_2026/ipcore/flash_rx_fifo/flash_rx_fifo.v.
I: Verilog-0002: [D:/pango/works/ECSDC_FPGA_2026/ipcore/flash_rx_fifo/flash_rx_fifo.v(line number: 16)] Analyzing module flash_rx_fifo (library flash_rx_fifo).
Parsing done.
I: Verilog-0001: Analyzing file D:/pango/works/ECSDC_FPGA_2026/ipcore/pll_50mhz/pll_50mhz.v.
I: Verilog-0002: [D:/pango/works/ECSDC_FPGA_2026/ipcore/pll_50mhz/pll_50mhz.v(line number: 18)] Analyzing module pll_50mhz (library pll_50mhz).
Parsing done.
I: Module "flash_read_top" is set as top module
Executing : rtl-analyze successfully. Time elapsed: 1.487s wall, 0.031s user + 0.016s system = 0.047s CPU (3.2%). Peak memory used: 177 MB.

Start rtl-elaborate.
I: Verilog-0003: [D:/pango/works/ECSDC_FPGA_2026/Designs/flash_read_top.v(line number: 2)] Elaborating module flash_read_top.
I: Verilog-0004: [D:/pango/works/ECSDC_FPGA_2026/Designs/flash_read_top.v(line number: 50)] Elaborating instance u_cp2102_top.
I: Verilog-0003: [D:/pango/works/ECSDC_FPGA_2026/Designs/Hardware/cp2102/cp2102_top.v(line number: 2)] Elaborating module cp2102_top.
I: Module instance {flash_read_top/u_cp2102_top} parameter value:
    UART_CLK_FREQ = 32'sh2FAF080 | 50000000 | 32'sb00000010111110101111000010000000
    UART_BAUD_RATE = 32'shE1000 | 921600 | 32'sb00000000000011100001000000000000
    PAYLOAD_WORDS = 32'sh8 | 8 | 32'sb00000000000000000000000000001000
I: Verilog-0004: [D:/pango/works/ECSDC_FPGA_2026/Designs/Hardware/cp2102/cp2102_top.v(line number: 21)] Elaborating instance u_cp2102.
I: Verilog-0003: [D:/pango/works/ECSDC_FPGA_2026/Designs/Hardware/cp2102/cp2102_driver.v(line number: 6)] Elaborating module cp2102.
I: Module instance {flash_read_top/u_cp2102_top/u_cp2102} parameter value:
    SYS_CLK_FREQ = 32'sh2FAF080 | 50000000 | 32'sb00000010111110101111000010000000
    UART_CLK_FREQ = 32'sh2FAF080 | 50000000 | 32'sb00000010111110101111000010000000
    BAUD_RATE = 32'shE1000 | 921600 | 32'sb00000000000011100001000000000000
    DATA_BITS = 32'sh8 | 8 | 32'sb00000000000000000000000000001000
    PARITY = NONE
    STOP_BITS = 32'sh1 | 1 | 32'sb00000000000000000000000000000001
    PAYLOAD_WORDS = 32'sh8 | 8 | 32'sb00000000000000000000000000001000
I: Verilog-0004: [D:/pango/works/ECSDC_FPGA_2026/Designs/Hardware/cp2102/cp2102_driver.v(line number: 41)] Elaborating instance u_cp2102_tx_fifo.
I: Verilog-0003: [D:/pango/works/ECSDC_FPGA_2026/ipcore/cp2102_tx_fifo/cp2102_tx_fifo.v(line number: 16)] Elaborating module cp2102_tx_fifo.
I: Verilog-0004: [D:/pango/works/ECSDC_FPGA_2026/ipcore/cp2102_tx_fifo/cp2102_tx_fifo.v(line number: 174)] Elaborating instance U_ipml_fifo_cp2102_tx_fifo.
I: Verilog-0003: [D:/pango/works/ECSDC_FPGA_2026/ipcore/cp2102_tx_fifo/rtl/ipml_fifo_v1_14_cp2102_tx_fifo.v(line number: 23)] Elaborating module ipml_fifo_v1_14_cp2102_tx_fifo.
I: Module instance {flash_read_top/u_cp2102_top/u_cp2102/u_cp2102_tx_fifo/U_ipml_fifo_cp2102_tx_fifo} parameter value:
    c_SIM_DEVICE = LOGOS
    c_WR_DEPTH_WIDTH = 32'sh9 | 9 | 32'sb00000000000000000000000000001001
    c_WR_DATA_WIDTH = 32'sh20 | 32 | 32'sb00000000000000000000000000100000
    c_RD_DEPTH_WIDTH = 32'sh9 | 9 | 32'sb00000000000000000000000000001001
    c_RD_DATA_WIDTH = 32'sh20 | 32 | 32'sb00000000000000000000000000100000
    c_OUTPUT_REG = 32'sh0 | 0 | 32'sb00000000000000000000000000000000
    c_RD_OCE_EN = 32'sh0 | 0 | 32'sb00000000000000000000000000000000
    c_RESET_TYPE = ASYNC_RESET
    c_POWER_OPT = 32'sh0 | 0 | 32'sb00000000000000000000000000000000
    c_RD_CLK_OR_POL_INV = 32'sh0 | 0 | 32'sb00000000000000000000000000000000
    c_WR_BYTE_EN = 32'sh0 | 0 | 32'sb00000000000000000000000000000000
    c_BE_WIDTH = 32'sh1 | 1 | 32'sb00000000000000000000000000000001
    c_FIFO_TYPE = ASYN
    c_ALMOST_FULL_NUM = 32'sh1C | 28 | 32'sb00000000000000000000000000011100
    c_ALMOST_EMPTY_NUM = 32'sh4 | 4 | 32'sb00000000000000000000000000000100
    c_DATA_VALID_EN = 32'sh0 | 0 | 32'sb00000000000000000000000000000000
    c_PREFETCH_EN = 32'sh0 | 0 | 32'sb00000000000000000000000000000000
I: Verilog-0004: [D:/pango/works/ECSDC_FPGA_2026/ipcore/cp2102_tx_fifo/rtl/ipml_fifo_v1_14_cp2102_tx_fifo.v(line number: 96)] Elaborating instance U_ipml_sdpram.
I: Verilog-0003: [D:/pango/works/ECSDC_FPGA_2026/ipcore/cp2102_tx_fifo/rtl/ipml_sdpram_v1_13_cp2102_tx_fifo.v(line number: 18)] Elaborating module ipml_sdpram_v1_13_cp2102_tx_fifo.
I: Module instance {flash_read_top/u_cp2102_top/u_cp2102/u_cp2102_tx_fifo/U_ipml_fifo_cp2102_tx_fifo/U_ipml_sdpram} parameter value:
    c_SIM_DEVICE = LOGOS
    c_WR_ADDR_WIDTH = 32'sh9 | 9 | 32'sb00000000000000000000000000001001
    c_WR_DATA_WIDTH = 32'sh20 | 32 | 32'sb00000000000000000000000000100000
    c_RD_ADDR_WIDTH = 32'sh9 | 9 | 32'sb00000000000000000000000000001001
    c_RD_DATA_WIDTH = 32'sh20 | 32 | 32'sb00000000000000000000000000100000
    c_OUTPUT_REG = 32'sh0 | 0 | 32'sb00000000000000000000000000000000
    c_RD_OCE_EN = 32'sh0 | 0 | 32'sb00000000000000000000000000000000
    c_WR_ADDR_STROBE_EN = 32'sh0 | 0 | 32'sb00000000000000000000000000000000
    c_RD_ADDR_STROBE_EN = 32'sh0 | 0 | 32'sb00000000000000000000000000000000
    c_WR_CLK_EN = 32'sh1 | 1 | 32'sb00000000000000000000000000000001
    c_RD_CLK_EN = 32'sh1 | 1 | 32'sb00000000000000000000000000000001
    c_RD_CLK_OR_POL_INV = 32'sh0 | 0 | 32'sb00000000000000000000000000000000
    c_RESET_TYPE = ASYNC_RESET
    c_POWER_OPT = 32'sh0 | 0 | 32'sb00000000000000000000000000000000
    c_INIT_FILE = NONE
    c_INIT_FORMAT = BIN
    c_WR_BYTE_EN = 32'sh0 | 0 | 32'sb00000000000000000000000000000000
    c_BE_WIDTH = 32'sh1 | 1 | 32'sb00000000000000000000000000000001
W: Verilog-2039: [D:/pango/works/ECSDC_FPGA_2026/ipcore/cp2102_tx_fifo/rtl/ipml_sdpram_v1_13_cp2102_tx_fifo.v(line number: 472)] Value of replication constant '(CAS_DATA_WIDTH_A - c_WR_DATA_WIDTH)' in multiple concatenation is 0.
W: Verilog-2039: [D:/pango/works/ECSDC_FPGA_2026/ipcore/cp2102_tx_fifo/rtl/ipml_sdpram_v1_13_cp2102_tx_fifo.v(line number: 474)] Value of replication constant '(ADDR_WIDTH_A - c_WR_ADDR_WIDTH)' in multiple concatenation is 0.
W: Verilog-2038: [D:/pango/works/ECSDC_FPGA_2026/ipcore/cp2102_tx_fifo/rtl/ipml_sdpram_v1_13_cp2102_tx_fifo.v(line number: 484)] This case item expression '1' never match with the case expression 'DRM_DATA_WIDTH_A'.
W: Verilog-2038: [D:/pango/works/ECSDC_FPGA_2026/ipcore/cp2102_tx_fifo/rtl/ipml_sdpram_v1_13_cp2102_tx_fifo.v(line number: 485)] This case item expression '2' never match with the case expression 'DRM_DATA_WIDTH_A'.
W: Verilog-2038: [D:/pango/works/ECSDC_FPGA_2026/ipcore/cp2102_tx_fifo/rtl/ipml_sdpram_v1_13_cp2102_tx_fifo.v(line number: 486)] This case item expression '4' never match with the case expression 'DRM_DATA_WIDTH_A'.
W: Verilog-2038: [D:/pango/works/ECSDC_FPGA_2026/ipcore/cp2102_tx_fifo/rtl/ipml_sdpram_v1_13_cp2102_tx_fifo.v(line number: 487)] This case item expression '8' never match with the case expression 'DRM_DATA_WIDTH_A'.
W: Verilog-2038: [D:/pango/works/ECSDC_FPGA_2026/ipcore/cp2102_tx_fifo/rtl/ipml_sdpram_v1_13_cp2102_tx_fifo.v(line number: 487)] This case item expression '9' never match with the case expression 'DRM_DATA_WIDTH_A'.
W: Verilog-2038: [D:/pango/works/ECSDC_FPGA_2026/ipcore/cp2102_tx_fifo/rtl/ipml_sdpram_v1_13_cp2102_tx_fifo.v(line number: 488)] This case item expression '18' never match with the case expression 'DRM_DATA_WIDTH_A'.
W: Verilog-2038: [D:/pango/works/ECSDC_FPGA_2026/ipcore/cp2102_tx_fifo/rtl/ipml_sdpram_v1_13_cp2102_tx_fifo.v(line number: 484)] This case item expression '1' never match with the case expression 'DRM_DATA_WIDTH_A'.
W: Verilog-2038: [D:/pango/works/ECSDC_FPGA_2026/ipcore/cp2102_tx_fifo/rtl/ipml_sdpram_v1_13_cp2102_tx_fifo.v(line number: 485)] This case item expression '2' never match with the case expression 'DRM_DATA_WIDTH_A'.
W: Verilog-2038: [D:/pango/works/ECSDC_FPGA_2026/ipcore/cp2102_tx_fifo/rtl/ipml_sdpram_v1_13_cp2102_tx_fifo.v(line number: 486)] This case item expression '4' never match with the case expression 'DRM_DATA_WIDTH_A'.
W: Verilog-2038: [D:/pango/works/ECSDC_FPGA_2026/ipcore/cp2102_tx_fifo/rtl/ipml_sdpram_v1_13_cp2102_tx_fifo.v(line number: 487)] This case item expression '8' never match with the case expression 'DRM_DATA_WIDTH_A'.
W: Verilog-2038: [D:/pango/works/ECSDC_FPGA_2026/ipcore/cp2102_tx_fifo/rtl/ipml_sdpram_v1_13_cp2102_tx_fifo.v(line number: 487)] This case item expression '9' never match with the case expression 'DRM_DATA_WIDTH_A'.
W: Verilog-2038: [D:/pango/works/ECSDC_FPGA_2026/ipcore/cp2102_tx_fifo/rtl/ipml_sdpram_v1_13_cp2102_tx_fifo.v(line number: 488)] This case item expression '18' never match with the case expression 'DRM_DATA_WIDTH_A'.
W: Verilog-2039: [D:/pango/works/ECSDC_FPGA_2026/ipcore/cp2102_tx_fifo/rtl/ipml_sdpram_v1_13_cp2102_tx_fifo.v(line number: 620)] Value of replication constant '(ADDR_WIDTH_B - c_RD_ADDR_WIDTH)' in multiple concatenation is 0.
W: Verilog-2038: [D:/pango/works/ECSDC_FPGA_2026/ipcore/cp2102_tx_fifo/rtl/ipml_sdpram_v1_13_cp2102_tx_fifo.v(line number: 674)] This case item expression '1' never match with the case expression 'DRM_DATA_WIDTH_B'.
W: Verilog-2038: [D:/pango/works/ECSDC_FPGA_2026/ipcore/cp2102_tx_fifo/rtl/ipml_sdpram_v1_13_cp2102_tx_fifo.v(line number: 675)] This case item expression '2' never match with the case expression 'DRM_DATA_WIDTH_B'.
W: Verilog-2038: [D:/pango/works/ECSDC_FPGA_2026/ipcore/cp2102_tx_fifo/rtl/ipml_sdpram_v1_13_cp2102_tx_fifo.v(line number: 676)] This case item expression '4' never match with the case expression 'DRM_DATA_WIDTH_B'.
W: Verilog-2038: [D:/pango/works/ECSDC_FPGA_2026/ipcore/cp2102_tx_fifo/rtl/ipml_sdpram_v1_13_cp2102_tx_fifo.v(line number: 677)] This case item expression '8' never match with the case expression 'DRM_DATA_WIDTH_B'.
W: Verilog-2038: [D:/pango/works/ECSDC_FPGA_2026/ipcore/cp2102_tx_fifo/rtl/ipml_sdpram_v1_13_cp2102_tx_fifo.v(line number: 677)] This case item expression '9' never match with the case expression 'DRM_DATA_WIDTH_B'.
W: Verilog-2038: [D:/pango/works/ECSDC_FPGA_2026/ipcore/cp2102_tx_fifo/rtl/ipml_sdpram_v1_13_cp2102_tx_fifo.v(line number: 678)] This case item expression '18' never match with the case expression 'DRM_DATA_WIDTH_B'.
I: Verilog-0004: [D:/pango/works/ECSDC_FPGA_2026/ipcore/cp2102_tx_fifo/rtl/ipml_sdpram_v1_13_cp2102_tx_fifo.v(line number: 839)] Elaborating instance U_GTP_DRM9K.
I: Verilog-0004: [D:/pango/works/ECSDC_FPGA_2026/ipcore/cp2102_tx_fifo/rtl/ipml_sdpram_v1_13_cp2102_tx_fifo.v(line number: 839)] Elaborating instance U_GTP_DRM9K.
I: Sdm-0004: [D:/pango/works/ECSDC_FPGA_2026/ipcore/cp2102_tx_fifo/rtl/ipml_sdpram_v1_13_cp2102_tx_fifo.v(line number: 47)] Input port wr_byte_en in module ipml_sdpram_v1_13_cp2102_tx_fifo has no load.
W: Verilog-2020: [D:/pango/works/ECSDC_FPGA_2026/ipcore/cp2102_tx_fifo/rtl/ipml_sdpram_v1_13_cp2102_tx_fifo.v(line number: 760)] Net DA_bus[8] in ipml_sdpram_v1_13_cp2102_tx_fifo(original module ipml_sdpram_v1_13_cp2102_tx_fifo) does not have a driver, tie it to 0.
W: Verilog-2020: [D:/pango/works/ECSDC_FPGA_2026/ipcore/cp2102_tx_fifo/rtl/ipml_sdpram_v1_13_cp2102_tx_fifo.v(line number: 760)] Net DA_bus[17] in ipml_sdpram_v1_13_cp2102_tx_fifo(original module ipml_sdpram_v1_13_cp2102_tx_fifo) does not have a driver, tie it to 0.
W: Verilog-2020: [D:/pango/works/ECSDC_FPGA_2026/ipcore/cp2102_tx_fifo/rtl/ipml_sdpram_v1_13_cp2102_tx_fifo.v(line number: 760)] Net DA_bus[26] in ipml_sdpram_v1_13_cp2102_tx_fifo(original module ipml_sdpram_v1_13_cp2102_tx_fifo) does not have a driver, tie it to 0.
W: Verilog-2020: [D:/pango/works/ECSDC_FPGA_2026/ipcore/cp2102_tx_fifo/rtl/ipml_sdpram_v1_13_cp2102_tx_fifo.v(line number: 760)] Net DA_bus[35] in ipml_sdpram_v1_13_cp2102_tx_fifo(original module ipml_sdpram_v1_13_cp2102_tx_fifo) does not have a driver, tie it to 0.
W: Verilog-2020: [D:/pango/works/ECSDC_FPGA_2026/ipcore/cp2102_tx_fifo/rtl/ipml_sdpram_v1_13_cp2102_tx_fifo.v(line number: 761)] Net DB_bus[8] in ipml_sdpram_v1_13_cp2102_tx_fifo(original module ipml_sdpram_v1_13_cp2102_tx_fifo) does not have a driver, tie it to 0.
W: Verilog-2020: [D:/pango/works/ECSDC_FPGA_2026/ipcore/cp2102_tx_fifo/rtl/ipml_sdpram_v1_13_cp2102_tx_fifo.v(line number: 761)] Net DB_bus[17] in ipml_sdpram_v1_13_cp2102_tx_fifo(original module ipml_sdpram_v1_13_cp2102_tx_fifo) does not have a driver, tie it to 0.
W: Verilog-2020: [D:/pango/works/ECSDC_FPGA_2026/ipcore/cp2102_tx_fifo/rtl/ipml_sdpram_v1_13_cp2102_tx_fifo.v(line number: 761)] Net DB_bus[26] in ipml_sdpram_v1_13_cp2102_tx_fifo(original module ipml_sdpram_v1_13_cp2102_tx_fifo) does not have a driver, tie it to 0.
W: Verilog-2020: [D:/pango/works/ECSDC_FPGA_2026/ipcore/cp2102_tx_fifo/rtl/ipml_sdpram_v1_13_cp2102_tx_fifo.v(line number: 761)] Net DB_bus[35] in ipml_sdpram_v1_13_cp2102_tx_fifo(original module ipml_sdpram_v1_13_cp2102_tx_fifo) does not have a driver, tie it to 0.
I: Verilog-0004: [D:/pango/works/ECSDC_FPGA_2026/ipcore/cp2102_tx_fifo/rtl/ipml_fifo_v1_14_cp2102_tx_fifo.v(line number: 127)] Elaborating instance U_ipml_fifo_ctrl.
I: Verilog-0003: [D:/pango/works/ECSDC_FPGA_2026/ipcore/cp2102_tx_fifo/rtl/ipml_fifo_ctrl_v1_14_cp2102_tx_fifo.v(line number: 18)] Elaborating module ipml_fifo_ctrl_v1_14_cp2102_tx_fifo.
I: Module instance {flash_read_top/u_cp2102_top/u_cp2102/u_cp2102_tx_fifo/U_ipml_fifo_cp2102_tx_fifo/U_ipml_fifo_ctrl} parameter value:
    c_WR_DEPTH_WIDTH = 32'sh9 | 9 | 32'sb00000000000000000000000000001001
    c_RD_DEPTH_WIDTH = 32'sh9 | 9 | 32'sb00000000000000000000000000001001
    c_FIFO_TYPE = ASYN
    c_ALMOST_FULL_NUM = 32'sh1C | 28 | 32'sb00000000000000000000000000011100
    c_ALMOST_EMPTY_NUM = 32'sh4 | 4 | 32'sb00000000000000000000000000000100
    c_PREFETCH_EN = 32'sh0 | 0 | 32'sb00000000000000000000000000000000
    c_DATA_VALID_EN = 32'sh0 | 0 | 32'sb00000000000000000000000000000000
    c_OUTPUT_REG = 32'sh0 | 0 | 32'sb00000000000000000000000000000000
    c_FAB_REG = 32'sh0 | 0 | 32'sb00000000000000000000000000000000
    c_RD_CLK_OR_POL_INV = 32'sh0 | 0 | 32'sb00000000000000000000000000000000
W: Verilog-2039: [D:/pango/works/ECSDC_FPGA_2026/ipcore/cp2102_tx_fifo/rtl/ipml_fifo_ctrl_v1_14_cp2102_tx_fifo.v(line number: 652)] Value of replication constant '(c_RD_DEPTH_WIDTH - c_WR_DEPTH_WIDTH)' in multiple concatenation is 0.
I: Verilog-0004: [D:/pango/works/ECSDC_FPGA_2026/Designs/Hardware/cp2102/cp2102_driver.v(line number: 129)] Elaborating instance u_uart_tx.
I: Verilog-0003: [D:/pango/works/ECSDC_FPGA_2026/Designs/Hardware/cp2102/cp2102_driver.v(line number: 234)] Elaborating module cp2102_uart_tx.
I: Module instance {flash_read_top/u_cp2102_top/u_cp2102/u_uart_tx} parameter value:
    UART_CLK_FREQ = 32'sh2FAF080 | 50000000 | 32'sb00000010111110101111000010000000
    BAUD_RATE = 32'shE1000 | 921600 | 32'sb00000000000011100001000000000000
    DATA_BITS = 32'sh8 | 8 | 32'sb00000000000000000000000000001000
    PARITY = NONE
    STOP_BITS = 32'sh1 | 1 | 32'sb00000000000000000000000000000001
I: Verilog-0004: [D:/pango/works/ECSDC_FPGA_2026/Designs/flash_read_top.v(line number: 61)] Elaborating instance u_led_top.
I: Verilog-0003: [D:/pango/works/ECSDC_FPGA_2026/Designs/Hardware/led/led_top.v(line number: 2)] Elaborating module led_top.
I: Verilog-0004: [D:/pango/works/ECSDC_FPGA_2026/Designs/flash_read_top.v(line number: 31)] Elaborating instance u_flash_top.
I: Verilog-0003: [D:/pango/works/ECSDC_FPGA_2026/Designs/Hardware/flash/flash_top.v(line number: 2)] Elaborating module flash_top.
I: Module instance {flash_read_top/u_flash_top} parameter value:
    QSPI_CLK_FREQ = 32'sh2FAF080 | 50000000 | 32'sb00000010111110101111000010000000
    QSPI_SCK_FREQ = 32'shBEBC20 | 12500000 | 32'sb00000000101111101011110000100000
    QSPI_MODE = 32'sh0 | 0 | 32'sb00000000000000000000000000000000
    FLASH_READ_OPCODE = 8'h6B | 8'd107 | 8'b01101011
    HASH_ADDRESS = 24'h202000 | 24'd2105344 | 24'b001000000010000000000000
    FLASH_DUMMY_CYCLES = 8'h8 | 8'd8 | 8'b00001000
    FLASH_BYTE_COUNT = 32'sh20 | 32 | 32'sb00000000000000000000000000100000
I: Verilog-0004: [D:/pango/works/ECSDC_FPGA_2026/Designs/Hardware/flash/flash_top.v(line number: 32)] Elaborating instance u_flash_driver.
I: Verilog-0003: [D:/pango/works/ECSDC_FPGA_2026/Designs/Hardware/flash/flash_driver.v(line number: 4)] Elaborating module flash_driver.
I: Module instance {flash_read_top/u_flash_top/u_flash_driver} parameter value:
    QSPI_CLK_FREQ = 32'sh2FAF080 | 50000000 | 32'sb00000010111110101111000010000000
    QSPI_SCK_FREQ = 32'shBEBC20 | 12500000 | 32'sb00000000101111101011110000100000
    QSPI_MODE = 32'sh0 | 0 | 32'sb00000000000000000000000000000000
    FLASH_READ_OPCODE = 8'h6B | 8'd107 | 8'b01101011
    FLASH_START_ADDRESS = 24'h202000 | 24'd2105344 | 24'b001000000010000000000000
    FLASH_DUMMY_CYCLES = 8'h8 | 8'd8 | 8'b00001000
    FLASH_BYTE_COUNT = 32'sh20 | 32 | 32'sb00000000000000000000000000100000
I: Verilog-0004: [D:/pango/works/ECSDC_FPGA_2026/Designs/Hardware/flash/flash_driver.v(line number: 41)] Elaborating instance u_qspi_master_rx.
I: Verilog-0003: [D:/pango/works/ECSDC_FPGA_2026/Designs/Driver/spi/qspi_master_rx.v(line number: 4)] Elaborating module qspi_master_rx.
I: Module instance {flash_read_top/u_flash_top/u_flash_driver/u_qspi_master_rx} parameter value:
    QSPI_CLK_FREQ = 32'sh2FAF080 | 50000000 | 32'sb00000010111110101111000010000000
    QSPI_SCK_FREQ = 32'shBEBC20 | 12500000 | 32'sb00000000101111101011110000100000
    QSPI_MODE = 32'sh0 | 0 | 32'sb00000000000000000000000000000000
    READ_OPCODE = 8'h6B | 8'd107 | 8'b01101011
    READ_START_ADDRESS = 24'h202000 | 24'd2105344 | 24'b001000000010000000000000
    READ_DUMMY_CYCLES = 8'h8 | 8'd8 | 8'b00001000
    INIT_QUAD_ENABLE = 32'sh1 | 1 | 32'sb00000000000000000000000000000001
    INIT_CS_HIGH_CYCLES = 32'sh4 | 4 | 32'sb00000000000000000000000000000100
    QE_INIT_DELAY_CYCLES = 32'shF4240 | 1000000 | 32'sb00000000000011110100001001000000
W: Verilog-2038: [D:/pango/works/ECSDC_FPGA_2026/Designs/Driver/spi/qspi_master_rx.v(line number: 93)] This case item expression '8'bzzzzzzzz' never match with the case expression 'value'.
W: Verilog-2038: [D:/pango/works/ECSDC_FPGA_2026/Designs/Driver/spi/qspi_master_rx.v(line number: 103)] This case item expression '24'bzzzzzzzzzzzzzzzzzzzzzzzz' never match with the case expression 'value'.
W: Verilog-2038: [D:/pango/works/ECSDC_FPGA_2026/Designs/Driver/spi/qspi_master_rx.v(line number: 113)] This case item expression '8'bzzzzzzzz' never match with the case expression 'value'.
Executing : rtl-elaborate successfully. Time elapsed: 0.066s wall, 0.078s user + 0.000s system = 0.078s CPU (118.1%). Peak memory used: 187 MB.

Start rtl-prep.
W: Sdm-2020: [D:/pango/works/ECSDC_FPGA_2026/ipcore/cp2102_tx_fifo/rtl/ipml_sdpram_v1_13_cp2102_tx_fifo.v(line number: 627)] Unused register rd_addr_bsel_rd_ce was removed.
W: Sdm-2020: [D:/pango/works/ECSDC_FPGA_2026/ipcore/cp2102_tx_fifo/rtl/ipml_sdpram_v1_13_cp2102_tx_fifo.v(line number: 1047)] Unused register addr_bus_rd_ce was removed.
W: Sdm-2020: [D:/pango/works/ECSDC_FPGA_2026/ipcore/cp2102_tx_fifo/rtl/ipml_sdpram_v1_13_cp2102_tx_fifo.v(line number: 1054)] Unused register addr_bus_rd_oce was removed.
W: Sdm-2020: [D:/pango/works/ECSDC_FPGA_2026/ipcore/cp2102_tx_fifo/rtl/ipml_sdpram_v1_13_cp2102_tx_fifo.v(line number: 1061)] Unused register addr_bus_rd_invt was removed.
Executing : rtl-prep successfully. Time elapsed: 0.026s wall, 0.000s user + 0.016s system = 0.016s CPU (60.4%). Peak memory used: 187 MB.

Start rtl-infer.
Start DFF-inference.
C: Sdm-3003: [D:/pango/works/ECSDC_FPGA_2026/Designs/Driver/spi/qspi_master_rx.v(line number: 196)] Reduce accumulator init_wait_count size from 32 to 20.
W: Sdm-2000: [D:/pango/works/ECSDC_FPGA_2026/Designs/Driver/spi/qspi_master_rx.v(line number: 196)] Removed register node u_flash_top/u_flash_driver/u_qspi_master_rx/init_wait_count[31] that is stuck at constant 0.
W: Sdm-2000: [D:/pango/works/ECSDC_FPGA_2026/Designs/Driver/spi/qspi_master_rx.v(line number: 196)] Removed register node u_flash_top/u_flash_driver/u_qspi_master_rx/init_wait_count[30] that is stuck at constant 0.
W: Sdm-2000: [D:/pango/works/ECSDC_FPGA_2026/Designs/Driver/spi/qspi_master_rx.v(line number: 196)] Removed register node u_flash_top/u_flash_driver/u_qspi_master_rx/init_wait_count[29] that is stuck at constant 0.
W: Sdm-2000: [D:/pango/works/ECSDC_FPGA_2026/Designs/Driver/spi/qspi_master_rx.v(line number: 196)] Removed register node u_flash_top/u_flash_driver/u_qspi_master_rx/init_wait_count[28] that is stuck at constant 0.
W: Sdm-2000: [D:/pango/works/ECSDC_FPGA_2026/Designs/Driver/spi/qspi_master_rx.v(line number: 196)] Removed register node u_flash_top/u_flash_driver/u_qspi_master_rx/init_wait_count[27] that is stuck at constant 0.
W: Sdm-2000: [D:/pango/works/ECSDC_FPGA_2026/Designs/Driver/spi/qspi_master_rx.v(line number: 196)] Removed register node u_flash_top/u_flash_driver/u_qspi_master_rx/init_wait_count[26] that is stuck at constant 0.
W: Sdm-2000: [D:/pango/works/ECSDC_FPGA_2026/Designs/Driver/spi/qspi_master_rx.v(line number: 196)] Removed register node u_flash_top/u_flash_driver/u_qspi_master_rx/init_wait_count[25] that is stuck at constant 0.
W: Sdm-2000: [D:/pango/works/ECSDC_FPGA_2026/Designs/Driver/spi/qspi_master_rx.v(line number: 196)] Removed register node u_flash_top/u_flash_driver/u_qspi_master_rx/init_wait_count[24] that is stuck at constant 0.
W: Sdm-2000: [D:/pango/works/ECSDC_FPGA_2026/Designs/Driver/spi/qspi_master_rx.v(line number: 196)] Removed register node u_flash_top/u_flash_driver/u_qspi_master_rx/init_wait_count[23] that is stuck at constant 0.
W: Sdm-2000: [D:/pango/works/ECSDC_FPGA_2026/Designs/Driver/spi/qspi_master_rx.v(line number: 196)] Removed register node u_flash_top/u_flash_driver/u_qspi_master_rx/init_wait_count[22] that is stuck at constant 0.
W: Sdm-2000: [D:/pango/works/ECSDC_FPGA_2026/Designs/Driver/spi/qspi_master_rx.v(line number: 196)] Removed register node u_flash_top/u_flash_driver/u_qspi_master_rx/init_wait_count[21] that is stuck at constant 0.
W: Sdm-2000: [D:/pango/works/ECSDC_FPGA_2026/Designs/Driver/spi/qspi_master_rx.v(line number: 196)] Removed register node u_flash_top/u_flash_driver/u_qspi_master_rx/init_wait_count[20] that is stuck at constant 0.
Executing : DFF-inference successfully.
W: Sdm-2000: [D:/pango/works/ECSDC_FPGA_2026/ipcore/cp2102_tx_fifo/rtl/ipml_sdpram_v1_13_cp2102_tx_fifo.v(line number: 556)] Removed register node u_cp2102_top/u_cp2102/u_cp2102_tx_fifo/U_ipml_fifo_cp2102_tx_fifo/U_ipml_sdpram/wr_cs_bit2_bus_ff[0] that is stuck at constant 0.
W: Sdm-2000: [D:/pango/works/ECSDC_FPGA_2026/ipcore/cp2102_tx_fifo/rtl/ipml_sdpram_v1_13_cp2102_tx_fifo.v(line number: 556)] Removed register node u_cp2102_top/u_cp2102/u_cp2102_tx_fifo/U_ipml_fifo_cp2102_tx_fifo/U_ipml_sdpram/wr_cs_bit0_ff that is stuck at constant 0.
W: Sdm-2000: [D:/pango/works/ECSDC_FPGA_2026/ipcore/cp2102_tx_fifo/rtl/ipml_sdpram_v1_13_cp2102_tx_fifo.v(line number: 556)] Removed register node u_cp2102_top/u_cp2102/u_cp2102_tx_fifo/U_ipml_fifo_cp2102_tx_fifo/U_ipml_sdpram/wr_cs_bit1_bus_ff[0] that is stuck at constant 0.
W: Sdm-2000: [D:/pango/works/ECSDC_FPGA_2026/ipcore/cp2102_tx_fifo/rtl/ipml_sdpram_v1_13_cp2102_tx_fifo.v(line number: 745)] Removed register node u_cp2102_top/u_cp2102/u_cp2102_tx_fifo/U_ipml_fifo_cp2102_tx_fifo/U_ipml_sdpram/rd_cs_bit0_ff that is stuck at constant 0.
W: Sdm-2000: [D:/pango/works/ECSDC_FPGA_2026/ipcore/cp2102_tx_fifo/rtl/ipml_sdpram_v1_13_cp2102_tx_fifo.v(line number: 745)] Removed register node u_cp2102_top/u_cp2102/u_cp2102_tx_fifo/U_ipml_fifo_cp2102_tx_fifo/U_ipml_sdpram/rd_cs_bit1_bus_ff[0] that is stuck at constant 0.
W: Sdm-2000: [D:/pango/works/ECSDC_FPGA_2026/ipcore/cp2102_tx_fifo/rtl/ipml_sdpram_v1_13_cp2102_tx_fifo.v(line number: 745)] Removed register node u_cp2102_top/u_cp2102/u_cp2102_tx_fifo/U_ipml_fifo_cp2102_tx_fifo/U_ipml_sdpram/rd_cs_bit2_bus_ff[0] that is stuck at constant 0.
I: Removed inst frame_sent that is redundant to frame_done.
Executing : rtl-infer successfully. Time elapsed: 0.437s wall, 0.328s user + 0.094s system = 0.422s CPU (96.4%). Peak memory used: 189 MB.

Start rtl-control-opt.
Executing : rtl-control-opt successfully. Time elapsed: 0.041s wall, 0.031s user + 0.016s system = 0.047s CPU (114.2%). Peak memory used: 189 MB.

Start rtl-data-opt.
Executing : rtl-data-opt successfully. Time elapsed: 0.019s wall, 0.016s user + 0.000s system = 0.016s CPU (83.4%). Peak memory used: 189 MB.

Start FSM inference.
I: FSM tx_state_fsm[3:0] inferred.
FSM tx_state_fsm[3:0] STG:
Number of reachable states: 9
Input nets: N83 N223 N231 header_byte_index tx_fifo_rd_empty_inv tx_mode[1:0] uart_busy 
S0(0000)-->S1(0001): 1xxxxxxx
S1(0001)-->S2(0010): xxxxxxx0
S2(0010)-->S3(0011): xxxxxxx1
S3(0011)-->S1(0001): xxx0x000
S3(0011)-->S4(0100): xxx1x000
S3(0011)-->S4(0100): x01xx010
S3(0011)-->S6(0110): xx0xx010
S3(0011)-->S7(0111): x11xx010
S3(0011)-->S8(1000): xxxxx100
S4(0100)-->S5(0101): xxxx1xxx
S5(0101)-->S6(0110): xxxxxxxx
S6(0110)-->S2(0010): xxxxxxx0
S7(0111)-->S2(0010): xxxxxxx0
S8(1000)-->S2(0010): xxxxxxx0
S3(0011)-->S0(0000): xxxxx110

I: FSM tx_mode_fsm[1:0] inferred.
FSM tx_mode_fsm[1:0] STG:
Number of reachable states: 4
Input nets: N220 N229 N277 N307 header_byte_index uart_busy_inv 
S0(00)-->S1(01): x1xx11
S1(01)-->S2(10): x1x1x1
S2(10)-->S3(11): x1xxx1
S0(00)-->S0(00): xx1xxx
S1(01)-->S0(00): xx1xxx
S2(10)-->S0(00): xx1xxx
S3(11)-->S0(00): xx1xxx
S0(00)-->S1(01): 1xxxxx
S1(01)-->S1(01): 1xxxxx
S2(10)-->S1(01): 1xxxxx
S3(11)-->S1(01): 1xxxxx

I: FSM byte_index_fsm[1:0] inferred.
FSM byte_index_fsm[1:0] STG:
Number of reachable states: 4
Input nets: 
S0(00)-->S1(01): x
S1(01)-->S2(10): x
S2(10)-->S3(11): x
S3(11)-->S0(00): x

I: FSM uart_state_fsm[2:0] inferred.
FSM uart_state_fsm[2:0] STG:
Number of reachable states: 4
Input nets: N143 N148 bit_done uart_data_valid_tx 
S0(000)-->S1(001): xxx1
S1(001)-->S2(010): xx1x
S2(010)-->S3(100): x1xx
S2(010)-->S3(100): x11x
S3(100)-->S0(000): 1xxx

I: FSM state_current_fsm[3:0] inferred.
FSM state_current_fsm[3:0] STG:
Number of reachable states: 10
Input nets: N43 N50 N65 N82_inv N97 N103_inv N481 init_done_inv 
S0(0000)-->S1(0001): xxxxxxx0
S0(0000)-->S5(0101): xxxxxxx1
S1(0001)-->S2(0010): 1xxxxxxx
S2(0010)-->S3(0011): x1xxxx0x
S2(0010)-->S4(0100): x1xxxx1x
S3(0011)-->S4(0100): xx1xxxxx
S2(0010)-->S4(0100): x11xxx1x
S3(0011)-->S4(0100): x11xxx1x
S4(0100)-->S4(0100): xxxxxxxx
S5(0101)-->S6(0110): 1xxxxxxx
S6(0110)-->S7(0111): xxx1xxxx
S7(0111)-->S8(1000): 1xxxxxxx
S8(1000)-->S9(1001): xxxx1xxx
S9(1001)-->S0(0000): xxxxx1xx

Executing : FSM inference successfully. Time elapsed: 0.058s wall, 0.047s user + 0.016s system = 0.062s CPU (108.0%). Peak memory used: 190 MB.

Start sdm2adm.
I: Constant propagation done on N491 (bmsWIDEMUX).
I: Constant propagation done on N943 (bmsREDOR).
I: Constant propagation done on N300 (bmsWIDEMUX).
I: Constant propagation done on N330 (bmsWIDEMUX).
I: Constant propagation done on N331 (bmsWIDEMUX).
I: Constant propagation done on N643 (bmsWIDEMUX).
I: Constant propagation done on N732 (bmsWIDEMUX).
I: Constant propagation done on N331 (bmsWIDEMUX).
I: Constant propagation done on N248 (bmsWIDEMUX).
I: Constant propagation done on N330 (bmsWIDEMUX).
Executing : sdm2adm successfully. Time elapsed: 0.050s wall, 0.031s user + 0.016s system = 0.047s CPU (93.7%). Peak memory used: 201 MB.

Saving design to DB.
Action Compile: Export DB successfully.
Action compile: Real time elapsed is 0h:0m:5s
Action compile: CPU time elapsed is 0h:0m:1s
Action compile: Process CPU time elapsed is 0h:0m:1s
Action compile: Peak memory pool usage is 201 MB

Current time: Thu Oct  1 18:27:05 2026
Action from compile to compile: Total Real Time elapsed is 0h:0m:5s
Action from compile to compile: Total CPU time elapsed is 0h:0m:1s
Action from compile to compile: Total Process CPU Time elapsed is 0h:0m:1s
Process "Compile" done.
Executing : wait_on_tasks [get_tasks syn_1] -to_action compile successfully.
Executing : get_tasks syn_1
Executing : get_tasks syn_1 successfully.
Executing : launch_tasks [get_tasks syn_1] -to_action synthesize
 
Command: launch_tasks [get_tasks {syn_1}] -to_action synthesize
wait_on_tasks [get_tasks {syn_1}] -to_action synthesize
Process "Synthesize" started.
Current time: Thu Oct  1 18:27:05 2026
Executing : launch_tasks [get_tasks syn_1] -to_action synthesize successfully.
Executing : get_tasks syn_1
Executing : get_tasks syn_1 successfully.
Executing : wait_on_tasks [get_tasks syn_1] -to_action synthesize
Compiling architecture definition.
Analyzing project file 'D:/pango/works/ECSDC_FPGA_2026/prj_tasks/syn_1/synthesize/synthesize.ptemp'.
#Generated by Fabric Compiler (version 2025.2 build 211867) at Thu Oct  1 18:27:06 2026
Parameters for debugging are loaded as follows:
License checkout: fabric_ads from D:/pango/PDS_2025.2-ads/new_pds_F4A80DA47D72.lic
Compiling verification operator library.
Compiling vendor parameter file.
Compiling common defs.
Loading technology operator library.
Compiling technology operator library.
Compiling technology operator (valence) library.
Reading design from compile DB
NOTE: The technology fpga was specified.
NOTE: delay_model specified was generic_cmos.
NOTE: Using the fpga syntax tables...
Elaborate the liberty model.
I: Multithreading enabled for Timing using a maximum of 4 processes.
Totals:
 Calls to malloc = 0
 Calls to calloc = 111555

Reading design from compile DB successfully.
Constraint check start.
Compiling prim grid devices.
Building architecture model.
Loading device packaging model.
Building architecture floorplan logic view.
W: ConstraintEditor-4040: [D:/pango/works/ECSDC_FPGA_2026/Constraints/flash/flash.fdc(line number: 5)] Port p:sys_qspi_csn has been placed at location AA3, whose type is share pin.
W: ConstraintEditor-4040: [D:/pango/works/ECSDC_FPGA_2026/Constraints/system/system.fdc(line number: 8)] Port p:sys_rstn has been placed at location AB13, whose type is share pin.
W: ConstraintEditor-4040: [D:/pango/works/ECSDC_FPGA_2026/Constraints/flash/flash.fdc(line number: 9)] Port p:sys_qspi_sck has been placed at location Y20, whose type is share pin.
W: ConstraintEditor-4040: [D:/pango/works/ECSDC_FPGA_2026/Constraints/flash/flash.fdc(line number: 13)] Port p:sys_qspi_dq[0] has been placed at location AB20, whose type is share pin.
W: ConstraintEditor-4040: [D:/pango/works/ECSDC_FPGA_2026/Constraints/flash/flash.fdc(line number: 17)] Port p:sys_qspi_dq[1] has been placed at location AA20, whose type is share pin.
W: ConstraintEditor-4040: [D:/pango/works/ECSDC_FPGA_2026/Constraints/flash/flash.fdc(line number: 21)] Port p:sys_qspi_dq[2] has been placed at location R13, whose type is share pin.
W: ConstraintEditor-4040: [D:/pango/works/ECSDC_FPGA_2026/Constraints/flash/flash.fdc(line number: 25)] Port p:sys_qspi_dq[3] has been placed at location T14, whose type is share pin.
W: ConstraintEditor-4042: Port 'p:sys_qspi_csn' lacks attribute 'PAP_IO_DRIVE', it's better to set the attribute for port.
W: ConstraintEditor-4042: Port 'p:sys_qspi_csn' lacks attribute 'PAP_IO_SLEW', it's better to set the attribute for port.
W: ConstraintEditor-4042: Port 'p:sys_qspi_csn' lacks attribute 'BUS_KEEPER', it's better to set the attribute for port.
W: ConstraintEditor-4042: Port 'p:sys_qspi_sck' lacks attribute 'PAP_IO_DRIVE', it's better to set the attribute for port.
W: ConstraintEditor-4042: Port 'p:sys_qspi_sck' lacks attribute 'PAP_IO_SLEW', it's better to set the attribute for port.
W: ConstraintEditor-4042: Port 'p:sys_qspi_sck' lacks attribute 'BUS_KEEPER', it's better to set the attribute for port.
W: ConstraintEditor-4042: Port 'p:sys_qspi_dq[0]' lacks attribute 'PAP_IO_DRIVE', it's better to set the attribute for port.
W: ConstraintEditor-4042: Port 'p:sys_qspi_dq[0]' lacks attribute 'PAP_IO_SLEW', it's better to set the attribute for port.
W: ConstraintEditor-4042: Port 'p:sys_qspi_dq[0]' lacks attribute 'BUS_KEEPER', it's better to set the attribute for port.
W: ConstraintEditor-4042: Port 'p:sys_qspi_dq[1]' lacks attribute 'PAP_IO_DRIVE', it's better to set the attribute for port.
W: ConstraintEditor-4042: Port 'p:sys_qspi_dq[1]' lacks attribute 'PAP_IO_SLEW', it's better to set the attribute for port.
W: ConstraintEditor-4042: Port 'p:sys_qspi_dq[1]' lacks attribute 'BUS_KEEPER', it's better to set the attribute for port.
W: ConstraintEditor-4042: Port 'p:sys_qspi_dq[2]' lacks attribute 'PAP_IO_DRIVE', it's better to set the attribute for port.
W: ConstraintEditor-4042: Port 'p:sys_qspi_dq[2]' lacks attribute 'PAP_IO_SLEW', it's better to set the attribute for port.
W: ConstraintEditor-4042: Port 'p:sys_qspi_dq[2]' lacks attribute 'BUS_KEEPER', it's better to set the attribute for port.
W: ConstraintEditor-4042: Port 'p:sys_qspi_dq[3]' lacks attribute 'PAP_IO_DRIVE', it's better to set the attribute for port.
W: ConstraintEditor-4042: Port 'p:sys_qspi_dq[3]' lacks attribute 'PAP_IO_SLEW', it's better to set the attribute for port.
W: ConstraintEditor-4042: Port 'p:sys_qspi_dq[3]' lacks attribute 'BUS_KEEPER', it's better to set the attribute for port.
W: ConstraintEditor-4042: Port 'p:sys_cp2102_tx' lacks attribute 'PAP_IO_DRIVE', it's better to set the attribute for port.
W: ConstraintEditor-4042: Port 'p:sys_cp2102_tx' lacks attribute 'PAP_IO_SLEW', it's better to set the attribute for port.
W: ConstraintEditor-4042: Port 'p:sys_led[0]' lacks attribute 'PAP_IO_DRIVE', it's better to set the attribute for port.
W: ConstraintEditor-4042: Port 'p:sys_led[0]' lacks attribute 'PAP_IO_SLEW', it's better to set the attribute for port.
W: ConstraintEditor-4042: Port 'p:sys_led[0]' lacks attribute 'BUS_KEEPER', it's better to set the attribute for port.
W: ConstraintEditor-4042: Port 'p:sys_led[1]' lacks attribute 'PAP_IO_DRIVE', it's better to set the attribute for port.
W: ConstraintEditor-4042: Port 'p:sys_led[1]' lacks attribute 'PAP_IO_SLEW', it's better to set the attribute for port.
W: ConstraintEditor-4042: Port 'p:sys_led[1]' lacks attribute 'BUS_KEEPER', it's better to set the attribute for port.
W: ConstraintEditor-4042: Port 'p:sys_led[2]' lacks attribute 'PAP_IO_DRIVE', it's better to set the attribute for port.
W: ConstraintEditor-4042: Port 'p:sys_led[2]' lacks attribute 'PAP_IO_SLEW', it's better to set the attribute for port.
W: ConstraintEditor-4042: Port 'p:sys_led[2]' lacks attribute 'BUS_KEEPER', it's better to set the attribute for port.
W: ConstraintEditor-4042: Port 'p:sys_led[3]' lacks attribute 'PAP_IO_DRIVE', it's better to set the attribute for port.
W: ConstraintEditor-4042: Port 'p:sys_led[3]' lacks attribute 'PAP_IO_SLEW', it's better to set the attribute for port.
W: ConstraintEditor-4042: Port 'p:sys_led[3]' lacks attribute 'BUS_KEEPER', it's better to set the attribute for port.
W: ConstraintEditor-4042: Port 'p:sys_led[4]' lacks attribute 'PAP_IO_DRIVE', it's better to set the attribute for port.
W: ConstraintEditor-4042: Port 'p:sys_led[4]' lacks attribute 'PAP_IO_SLEW', it's better to set the attribute for port.
W: ConstraintEditor-4042: Port 'p:sys_led[4]' lacks attribute 'BUS_KEEPER', it's better to set the attribute for port.
W: ConstraintEditor-4042: Port 'p:sys_led[5]' lacks attribute 'PAP_IO_DRIVE', it's better to set the attribute for port.
W: ConstraintEditor-4042: Port 'p:sys_led[5]' lacks attribute 'PAP_IO_SLEW', it's better to set the attribute for port.
W: ConstraintEditor-4042: Port 'p:sys_led[5]' lacks attribute 'BUS_KEEPER', it's better to set the attribute for port.
W: ConstraintEditor-4042: Port 'p:sys_led[6]' lacks attribute 'PAP_IO_DRIVE', it's better to set the attribute for port.
W: ConstraintEditor-4042: Port 'p:sys_led[6]' lacks attribute 'PAP_IO_SLEW', it's better to set the attribute for port.
W: ConstraintEditor-4042: Port 'p:sys_led[6]' lacks attribute 'BUS_KEEPER', it's better to set the attribute for port.
W: ConstraintEditor-4042: Port 'p:sys_led[7]' lacks attribute 'PAP_IO_DRIVE', it's better to set the attribute for port.
W: ConstraintEditor-4042: Port 'p:sys_led[7]' lacks attribute 'PAP_IO_SLEW', it's better to set the attribute for port.
W: ConstraintEditor-4042: Port 'p:sys_led[7]' lacks attribute 'BUS_KEEPER', it's better to set the attribute for port.
Found 0 error(s), 0 critical warning(s), 51 warning(s), out of 72 constraint(s), you can contact with D:/pango/works/ECSDC_FPGA_2026/prj_tasks/syn_1/synthesize/constraint_check.ccr for more detail information.
Constraint check end.
Total time(hh:mm:ss) of constraint check : 00:00:01
Executing : get_pins U_ipml_fifo*.wr_clk
I: Timing-4124: The pattern 'U_ipml_fifo*.wr_clk' in command 'get_pins U_ipml_fifo*.wr_clk' match 1 objects below: t:u_cp2102_top/u_cp2102/u_cp2102_tx_fifo/U_ipml_fifo_cp2102_tx_fifo/wr_clk
Executing : get_pins U_ipml_fifo*.wr_clk successfully.
Executing : get_clocks -of_object [get_pins U_ipml_fifo*.wr_clk]
Executing : get_clocks -of_object [get_pins U_ipml_fifo*.wr_clk] successfully.
Executing : get_pins U_ipml_fifo*.rd_clk
I: Timing-4124: The pattern 'U_ipml_fifo*.rd_clk' in command 'get_pins U_ipml_fifo*.rd_clk' match 1 objects below: t:u_cp2102_top/u_cp2102/u_cp2102_tx_fifo/U_ipml_fifo_cp2102_tx_fifo/rd_clk
Executing : get_pins U_ipml_fifo*.rd_clk successfully.
Executing : get_clocks -of_object [get_pins U_ipml_fifo*.rd_clk]
Executing : get_clocks -of_object [get_pins U_ipml_fifo*.rd_clk] successfully.
Executing : get_property -min -period [get_clocks -of_object [get_pins U_ipml_fifo*.wr_clk]]
Executing : get_property -min -period [get_clocks -of_object [get_pins U_ipml_fifo*.wr_clk]] successfully.
Executing : get_property -min -period [get_clocks -of_object [get_pins U_ipml_fifo*.rd_clk]]
Executing : get_property -min -period [get_clocks -of_object [get_pins U_ipml_fifo*.rd_clk]] successfully.
Executing : get_cells {*U_ipml_fifo*.U_ipml_fifo_ctrl*.ASYN_CTRL.rptr[*]}
I: Timing-4124: The pattern '*U_ipml_fifo*.U_ipml_fifo_ctrl*.ASYN_CTRL.rptr[*]' in command 'get_cells {*U_ipml_fifo*.U_ipml_fifo_ctrl*.ASYN_CTRL.rptr[*]}' match 1 objects below: i:u_cp2102_top/u_cp2102/u_cp2102_tx_fifo/U_ipml_fifo_cp2102_tx_fifo/U_ipml_fifo_ctrl/ASYN_CTRL.rptr[9:0]
Executing : get_cells {*U_ipml_fifo*.U_ipml_fifo_ctrl*.ASYN_CTRL.rptr[*]} successfully.
Executing : get_cells {*U_ipml_fifo*.U_ipml_fifo_ctrl*.ASYN_CTRL.wrptr1[*]}
I: Timing-4124: The pattern '*U_ipml_fifo*.U_ipml_fifo_ctrl*.ASYN_CTRL.wrptr1[*]' in command 'get_cells {*U_ipml_fifo*.U_ipml_fifo_ctrl*.ASYN_CTRL.wrptr1[*]}' match 1 objects below: i:u_cp2102_top/u_cp2102/u_cp2102_tx_fifo/U_ipml_fifo_cp2102_tx_fifo/U_ipml_fifo_ctrl/ASYN_CTRL.wrptr1[9:0]
Executing : get_cells {*U_ipml_fifo*.U_ipml_fifo_ctrl*.ASYN_CTRL.wrptr1[*]} successfully.
Executing : set_max_delay -datapath_only [get_property -min -period [get_clocks -of_object [get_pins U_ipml_fifo*.rd_clk]]] -from [get_cells {*U_ipml_fifo*.U_ipml_fifo_ctrl*.ASYN_CTRL.rptr[*]}] -to [get_cells {*U_ipml_fifo*.U_ipml_fifo_ctrl*.ASYN_CTRL.wrptr1[*]}]
Executing : set_max_delay -datapath_only [get_property -min -period [get_clocks -of_object [get_pins U_ipml_fifo*.rd_clk]]] -from [get_cells {*U_ipml_fifo*.U_ipml_fifo_ctrl*.ASYN_CTRL.rptr[*]}] -to [get_cells {*U_ipml_fifo*.U_ipml_fifo_ctrl*.ASYN_CTRL.wrptr1[*]}] successfully.
Executing : get_cells {*U_ipml_fifo*.U_ipml_fifo_ctrl*.ASYN_CTRL.wptr[*]}
I: Timing-4124: The pattern '*U_ipml_fifo*.U_ipml_fifo_ctrl*.ASYN_CTRL.wptr[*]' in command 'get_cells {*U_ipml_fifo*.U_ipml_fifo_ctrl*.ASYN_CTRL.wptr[*]}' match 1 objects below: i:u_cp2102_top/u_cp2102/u_cp2102_tx_fifo/U_ipml_fifo_cp2102_tx_fifo/U_ipml_fifo_ctrl/ASYN_CTRL.wptr[9:0]
Executing : get_cells {*U_ipml_fifo*.U_ipml_fifo_ctrl*.ASYN_CTRL.wptr[*]} successfully.
Executing : get_cells {*U_ipml_fifo*.U_ipml_fifo_ctrl*.ASYN_CTRL.rwptr1[*]}
I: Timing-4124: The pattern '*U_ipml_fifo*.U_ipml_fifo_ctrl*.ASYN_CTRL.rwptr1[*]' in command 'get_cells {*U_ipml_fifo*.U_ipml_fifo_ctrl*.ASYN_CTRL.rwptr1[*]}' match 1 objects below: i:u_cp2102_top/u_cp2102/u_cp2102_tx_fifo/U_ipml_fifo_cp2102_tx_fifo/U_ipml_fifo_ctrl/ASYN_CTRL.rwptr1[9:0]
Executing : get_cells {*U_ipml_fifo*.U_ipml_fifo_ctrl*.ASYN_CTRL.rwptr1[*]} successfully.
Executing : set_max_delay -datapath_only [get_property -min -period [get_clocks -of_object [get_pins U_ipml_fifo*.wr_clk]]] -from [get_cells {*U_ipml_fifo*.U_ipml_fifo_ctrl*.ASYN_CTRL.wptr[*]}] -to [get_cells {*U_ipml_fifo*.U_ipml_fifo_ctrl*.ASYN_CTRL.rwptr1[*]}]
Executing : set_max_delay -datapath_only [get_property -min -period [get_clocks -of_object [get_pins U_ipml_fifo*.wr_clk]]] -from [get_cells {*U_ipml_fifo*.U_ipml_fifo_ctrl*.ASYN_CTRL.wptr[*]}] -to [get_cells {*U_ipml_fifo*.U_ipml_fifo_ctrl*.ASYN_CTRL.rwptr1[*]}] successfully.
Start pre-mapping.
I: Constant propagation done on u_flash_top/u_flash_driver/u_qspi_master_rx/N462 (bmsREDAND).
I: Constant propagation done on u_flash_top/u_flash_driver/u_qspi_master_rx/N463 (bmsREDAND).
W: Adm-4083: [D:/pango/works/ECSDC_FPGA_2026/Designs/Driver/spi/qspi_master_rx.v(line number: 196)] Removed bmsWIDEDFFCPE inst dummy_cycles_reg[7:0] at 0 that is stuck at constant 0.
W: Adm-4083: [D:/pango/works/ECSDC_FPGA_2026/Designs/Driver/spi/qspi_master_rx.v(line number: 196)] Removed bmsWIDEDFFCPE inst dummy_cycles_reg[7:0] at 1 that is stuck at constant 0.
W: Adm-4083: [D:/pango/works/ECSDC_FPGA_2026/Designs/Driver/spi/qspi_master_rx.v(line number: 196)] Removed bmsWIDEDFFCPE inst dummy_cycles_reg[7:0] at 2 that is stuck at constant 0.
W: Adm-4083: [D:/pango/works/ECSDC_FPGA_2026/Designs/Driver/spi/qspi_master_rx.v(line number: 196)] Removed bmsWIDEDFFCPE inst dummy_cycles_reg[7:0] at 4 that is stuck at constant 0.
W: Adm-4083: [D:/pango/works/ECSDC_FPGA_2026/Designs/Driver/spi/qspi_master_rx.v(line number: 196)] Removed bmsWIDEDFFCPE inst dummy_cycles_reg[7:0] at 5 that is stuck at constant 0.
W: Adm-4083: [D:/pango/works/ECSDC_FPGA_2026/Designs/Driver/spi/qspi_master_rx.v(line number: 196)] Removed bmsWIDEDFFCPE inst dummy_cycles_reg[7:0] at 6 that is stuck at constant 0.
W: Adm-4083: [D:/pango/works/ECSDC_FPGA_2026/Designs/Driver/spi/qspi_master_rx.v(line number: 196)] Removed bmsWIDEDFFCPE inst dummy_cycles_reg[7:0] at 7 that is stuck at constant 0.
I: Constant propagation done on u_flash_top/u_flash_driver/u_qspi_master_rx/dummy_cycles_reg[7:0] (bmsWIDEDFFCPE).
W: Adm-4083: [D:/pango/works/ECSDC_FPGA_2026/Designs/Driver/spi/qspi_master_rx.v(line number: 196)] Removed bmsWIDEDFFCPE inst init_data_shift[7:0] at 0 that is stuck at constant 0.
I: Constant propagation done on u_flash_top/u_flash_driver/u_qspi_master_rx/init_data_shift[7:0] (bmsWIDEDFFCPE).
I: Constant propagation done on u_flash_top/u_flash_driver/u_qspi_master_rx/opcode_config[2]_inv (bmsINV).
I: Constant propagation done on u_flash_top/u_flash_driver/u_qspi_master_rx/opcode_config[3]_inv (bmsINV).
I: Constant propagation done on u_flash_top/u_flash_driver/u_qspi_master_rx/opcode_config[4]_inv (bmsINV).
I: Constant propagation done on u_flash_top/u_flash_driver/u_qspi_master_rx/opcode_config[5]_inv (bmsINV).
I: Constant propagation done on u_flash_top/u_flash_driver/u_qspi_master_rx/opcode_config[6]_inv (bmsINV).
I: Constant propagation done on u_flash_top/u_flash_driver/u_qspi_master_rx/opcode_config[7]_inv (bmsINV).
W: Adm-4083: [D:/pango/works/ECSDC_FPGA_2026/Designs/Driver/spi/qspi_master_rx.v(line number: 196)] Removed bmsWIDEDFFCPE inst address_shift[23:0] at 0 that is stuck at constant 0.
W: Adm-4082: [D:/pango/works/ECSDC_FPGA_2026/Designs/Driver/spi/qspi_master_rx.v(line number: 196)] Removed bmsWIDEDFFCPE inst single_data_reg that is stuck at constant 0.
W: Adm-4083: [D:/pango/works/ECSDC_FPGA_2026/Designs/Driver/spi/qspi_master_rx.v(line number: 196)] Removed bmsWIDEDFFCPE inst address_shift[23:0] at 1 that is stuck at constant 0.
W: Adm-4083: [D:/pango/works/ECSDC_FPGA_2026/Designs/Driver/spi/qspi_master_rx.v(line number: 196)] Removed bmsWIDEDFFCPE inst data_bit_count[2:0] at 0 that is stuck at constant 0.
W: Adm-4083: [D:/pango/works/ECSDC_FPGA_2026/Designs/Driver/spi/qspi_master_rx.v(line number: 196)] Removed bmsWIDEDFFCPE inst data_bit_count[2:0] at 1 that is stuck at constant 0.
W: Adm-4083: [D:/pango/works/ECSDC_FPGA_2026/Designs/Driver/spi/qspi_master_rx.v(line number: 196)] Removed bmsWIDEDFFCPE inst data_bit_count[2:0] at 2 that is stuck at constant 0.
W: Adm-4083: [D:/pango/works/ECSDC_FPGA_2026/Designs/Driver/spi/qspi_master_rx.v(line number: 196)] Removed bmsWIDEDFFCPE inst address_shift[23:0] at 2 that is stuck at constant 0.
W: Adm-4083: [D:/pango/works/ECSDC_FPGA_2026/Designs/Driver/spi/qspi_master_rx.v(line number: 196)] Removed bmsWIDEDFFCPE inst address_shift[23:0] at 3 that is stuck at constant 0.
W: Adm-4083: [D:/pango/works/ECSDC_FPGA_2026/Designs/Driver/spi/qspi_master_rx.v(line number: 196)] Removed bmsWIDEDFFCPE inst address_shift[23:0] at 4 that is stuck at constant 0.
W: Adm-4083: [D:/pango/works/ECSDC_FPGA_2026/Designs/Driver/spi/qspi_master_rx.v(line number: 196)] Removed bmsWIDEDFFCPE inst address_shift[23:0] at 5 that is stuck at constant 0.
W: Adm-4083: [D:/pango/works/ECSDC_FPGA_2026/Designs/Driver/spi/qspi_master_rx.v(line number: 196)] Removed bmsWIDEDFFCPE inst address_shift[23:0] at 6 that is stuck at constant 0.
W: Adm-4083: [D:/pango/works/ECSDC_FPGA_2026/Designs/Driver/spi/qspi_master_rx.v(line number: 196)] Removed bmsWIDEDFFCPE inst address_shift[23:0] at 7 that is stuck at constant 0.
W: Adm-4083: [D:/pango/works/ECSDC_FPGA_2026/Designs/Driver/spi/qspi_master_rx.v(line number: 196)] Removed bmsWIDEDFFCPE inst address_shift[23:0] at 8 that is stuck at constant 0.
W: Adm-4083: [D:/pango/works/ECSDC_FPGA_2026/Designs/Driver/spi/qspi_master_rx.v(line number: 196)] Removed bmsWIDEDFFCPE inst address_shift[23:0] at 9 that is stuck at constant 0.
W: Adm-4083: [D:/pango/works/ECSDC_FPGA_2026/Designs/Driver/spi/qspi_master_rx.v(line number: 196)] Removed bmsWIDEDFFCPE inst address_shift[23:0] at 10 that is stuck at constant 0.
W: Adm-4083: [D:/pango/works/ECSDC_FPGA_2026/Designs/Driver/spi/qspi_master_rx.v(line number: 196)] Removed bmsWIDEDFFCPE inst address_shift[23:0] at 11 that is stuck at constant 0.
W: Adm-4083: [D:/pango/works/ECSDC_FPGA_2026/Designs/Driver/spi/qspi_master_rx.v(line number: 196)] Removed bmsWIDEDFFCPE inst address_shift[23:0] at 12 that is stuck at constant 0.
W: Public-4060: [D:/pango/works/ECSDC_FPGA_2026/Designs/flash_read_top.v(line number: 61)] Hierarchical instance 'u_led_top' is dangling and will be cleaned.
I: Encoding type of FSM 'tx_mode_fsm[1:0]' is: original.
I: Encoding table of FSM 'tx_mode_fsm[1:0]':
I: from  u_cp2102_top/u_cp2102/tx_mode[1] u_cp2102_top/u_cp2102/tx_mode[0]
I: to  u_cp2102_top/u_cp2102/tx_mode_reg[1] u_cp2102_top/u_cp2102/tx_mode_reg[0]
I: 00 => 00
I: 01 => 01
I: 10 => 10
I: 11 => 11
I: Encoding type of FSM 'tx_state_fsm[3:0]' is: onehot.
I: Encoding table of FSM 'tx_state_fsm[3:0]':
I: from  u_cp2102_top/u_cp2102/tx_state[3] u_cp2102_top/u_cp2102/tx_state[2] u_cp2102_top/u_cp2102/tx_state[1] u_cp2102_top/u_cp2102/tx_state[0]
I: to  u_cp2102_top/u_cp2102/tx_state_reg[8] u_cp2102_top/u_cp2102/tx_state_reg[7] u_cp2102_top/u_cp2102/tx_state_reg[6] u_cp2102_top/u_cp2102/tx_state_reg[5] u_cp2102_top/u_cp2102/tx_state_reg[4] u_cp2102_top/u_cp2102/tx_state_reg[3] u_cp2102_top/u_cp2102/tx_state_reg[2] u_cp2102_top/u_cp2102/tx_state_reg[1] u_cp2102_top/u_cp2102/tx_state_reg[0]
I: 0000 => 000000001
I: 0001 => 000000010
I: 0010 => 000000100
I: 0011 => 000001000
I: 0100 => 000010000
I: 0101 => 000100000
I: 0110 => 001000000
I: 0111 => 010000000
I: 1000 => 100000000
I: Encoding type of FSM 'uart_state_fsm[2:0]' is: original.
I: Encoding table of FSM 'uart_state_fsm[2:0]':
I: from  u_cp2102_top/u_cp2102/u_uart_tx/uart_state[2] u_cp2102_top/u_cp2102/u_uart_tx/uart_state[1] u_cp2102_top/u_cp2102/u_uart_tx/uart_state[0]
I: to  u_cp2102_top/u_cp2102/u_uart_tx/uart_state_reg[2] u_cp2102_top/u_cp2102/u_uart_tx/uart_state_reg[1] u_cp2102_top/u_cp2102/u_uart_tx/uart_state_reg[0]
I: 000 => 000
I: 001 => 001
I: 010 => 010
I: 100 => 100
I: Encoding type of FSM 'byte_index_fsm[1:0]' is: original.
I: Encoding table of FSM 'byte_index_fsm[1:0]':
I: from  u_flash_top/u_flash_driver/byte_index[1] u_flash_top/u_flash_driver/byte_index[0]
I: to  u_flash_top/u_flash_driver/byte_index_reg[1] u_flash_top/u_flash_driver/byte_index_reg[0]
I: 00 => 00
I: 01 => 01
I: 10 => 10
I: 11 => 11
I: Encoding type of FSM 'state_current_fsm[3:0]' is: onehot.
I: Encoding table of FSM 'state_current_fsm[3:0]':
I: from  u_flash_top/u_flash_driver/u_qspi_master_rx/state_current[3] u_flash_top/u_flash_driver/u_qspi_master_rx/state_current[2] u_flash_top/u_flash_driver/u_qspi_master_rx/state_current[1] u_flash_top/u_flash_driver/u_qspi_master_rx/state_current[0]
I: to  u_flash_top/u_flash_driver/u_qspi_master_rx/state_current_reg[9] u_flash_top/u_flash_driver/u_qspi_master_rx/state_current_reg[8] u_flash_top/u_flash_driver/u_qspi_master_rx/state_current_reg[7] u_flash_top/u_flash_driver/u_qspi_master_rx/state_current_reg[6] u_flash_top/u_flash_driver/u_qspi_master_rx/state_current_reg[5] u_flash_top/u_flash_driver/u_qspi_master_rx/state_current_reg[4] u_flash_top/u_flash_driver/u_qspi_master_rx/state_current_reg[3] u_flash_top/u_flash_driver/u_qspi_master_rx/state_current_reg[2] u_flash_top/u_flash_driver/u_qspi_master_rx/state_current_reg[1] u_flash_top/u_flash_driver/u_qspi_master_rx/state_current_reg[0]
I: 0000 => 0000000001
I: 0001 => 0000000010
I: 0010 => 0000000100
I: 0011 => 0000001000
I: 0100 => 0000010000
I: 0101 => 0000100000
I: 0110 => 0001000000
I: 0111 => 0010000000
I: 1000 => 0100000000
I: 1001 => 1000000000
W: Public-4008: [D:/pango/works/ECSDC_FPGA_2026/Designs/Hardware/cp2102/cp2102_driver.v(line number: 270)] Instance 'u_cp2102_top/u_cp2102/u_uart_tx/parity_bit' of 'bmsWIDEDFFCPE' unit is dangling and will be cleaned.
Executing : pre-mapping successfully. Time elapsed: 0.110s wall, 0.109s user + 0.047s system = 0.156s CPU (141.9%). Peak memory used: 263 MB.

Start mod-gen.
W: Public-4008: [D:/pango/works/ECSDC_FPGA_2026/ipcore/cp2102_tx_fifo/rtl/ipml_fifo_ctrl_v1_14_cp2102_tx_fifo.v(line number: 825)] Instance 'u_cp2102_top/u_cp2102/u_cp2102_tx_fifo/U_ipml_fifo_cp2102_tx_fifo/U_ipml_fifo_ctrl/almost_empty' of 'bmsWIDEDFFCPE' unit is dangling and will be cleaned.
W: Public-4008: [D:/pango/works/ECSDC_FPGA_2026/ipcore/cp2102_tx_fifo/rtl/ipml_fifo_ctrl_v1_14_cp2102_tx_fifo.v(line number: 801)] Instance 'u_cp2102_top/u_cp2102/u_cp2102_tx_fifo/U_ipml_fifo_cp2102_tx_fifo/U_ipml_fifo_ctrl/almost_full' of 'bmsWIDEDFFCPE' unit is dangling and will be cleaned.
W: Public-4008: [D:/pango/works/ECSDC_FPGA_2026/ipcore/cp2102_tx_fifo/rtl/ipml_fifo_ctrl_v1_14_cp2102_tx_fifo.v(line number: 463)] Instance 'u_cp2102_top/u_cp2102/u_cp2102_tx_fifo/U_ipml_fifo_cp2102_tx_fifo/U_ipml_fifo_ctrl/gen_no_prefetch_ctrl.gen_std_fifo_vld_nor.data_valid' of 'bmsWIDEDFFCPE' unit is dangling and will be cleaned.
W: Public-4008: [D:/pango/works/ECSDC_FPGA_2026/ipcore/cp2102_tx_fifo/rtl/ipml_fifo_ctrl_v1_14_cp2102_tx_fifo.v(line number: 834)] Instance 'u_cp2102_top/u_cp2102/u_cp2102_tx_fifo/U_ipml_fifo_cp2102_tx_fifo/U_ipml_fifo_ctrl/rd_water_level_i[9:0]' of 'bmsWIDEDFFCPE' unit is dangling and will be cleaned.
W: Public-4008: [D:/pango/works/ECSDC_FPGA_2026/ipcore/cp2102_tx_fifo/rtl/ipml_fifo_ctrl_v1_14_cp2102_tx_fifo.v(line number: 809)] Instance 'u_cp2102_top/u_cp2102/u_cp2102_tx_fifo/U_ipml_fifo_cp2102_tx_fifo/U_ipml_fifo_ctrl/wr_water_level_i[9:0]' of 'bmsWIDEDFFCPE' unit is dangling and will be cleaned.
W: Public-4008: [D:/pango/works/ECSDC_FPGA_2026/Designs/Hardware/flash/flash_driver.v(line number: 61)] Instance 'u_flash_top/u_flash_driver/word_count_reg[31:0]' of 'bmsWIDEDFFCPE' unit is dangling and will be cleaned.
W: Adm-4083: [D:/pango/works/ECSDC_FPGA_2026/Designs/Hardware/cp2102/cp2102_driver.v(line number: 56)] Removed bmsWIDEDFFCPE inst u_cp2102_top/u_cp2102/payload_word_count[3:0] at 3 that is stuck at constant 0.
W: Adm-4083: [D:/pango/works/ECSDC_FPGA_2026/Designs/Hardware/cp2102/cp2102_driver.v(line number: 270)] Removed bmsWIDEDFFCPE inst u_cp2102_top/u_cp2102/u_uart_tx/clock_count[31:0] at 6 that is stuck at constant 0.
W: Adm-4083: [D:/pango/works/ECSDC_FPGA_2026/Designs/Hardware/cp2102/cp2102_driver.v(line number: 270)] Removed bmsWIDEDFFCPE inst u_cp2102_top/u_cp2102/u_uart_tx/clock_count[31:0] at 7 that is stuck at constant 0.
W: Adm-4083: [D:/pango/works/ECSDC_FPGA_2026/Designs/Hardware/cp2102/cp2102_driver.v(line number: 270)] Removed bmsWIDEDFFCPE inst u_cp2102_top/u_cp2102/u_uart_tx/clock_count[31:0] at 8 that is stuck at constant 0.
W: Adm-4083: [D:/pango/works/ECSDC_FPGA_2026/Designs/Hardware/cp2102/cp2102_driver.v(line number: 270)] Removed bmsWIDEDFFCPE inst u_cp2102_top/u_cp2102/u_uart_tx/clock_count[31:0] at 9 that is stuck at constant 0.
W: Adm-4083: [D:/pango/works/ECSDC_FPGA_2026/Designs/Hardware/cp2102/cp2102_driver.v(line number: 270)] Removed bmsWIDEDFFCPE inst u_cp2102_top/u_cp2102/u_uart_tx/clock_count[31:0] at 10 that is stuck at constant 0.
W: Adm-4083: [D:/pango/works/ECSDC_FPGA_2026/Designs/Hardware/cp2102/cp2102_driver.v(line number: 270)] Removed bmsWIDEDFFCPE inst u_cp2102_top/u_cp2102/u_uart_tx/clock_count[31:0] at 11 that is stuck at constant 0.
W: Adm-4083: [D:/pango/works/ECSDC_FPGA_2026/Designs/Hardware/cp2102/cp2102_driver.v(line number: 270)] Removed bmsWIDEDFFCPE inst u_cp2102_top/u_cp2102/u_uart_tx/clock_count[31:0] at 12 that is stuck at constant 0.
W: Adm-4083: [D:/pango/works/ECSDC_FPGA_2026/Designs/Hardware/cp2102/cp2102_driver.v(line number: 270)] Removed bmsWIDEDFFCPE inst u_cp2102_top/u_cp2102/u_uart_tx/clock_count[31:0] at 13 that is stuck at constant 0.
W: Adm-4083: [D:/pango/works/ECSDC_FPGA_2026/Designs/Hardware/cp2102/cp2102_driver.v(line number: 270)] Removed bmsWIDEDFFCPE inst u_cp2102_top/u_cp2102/u_uart_tx/clock_count[31:0] at 14 that is stuck at constant 0.
W: Adm-4083: [D:/pango/works/ECSDC_FPGA_2026/Designs/Hardware/cp2102/cp2102_driver.v(line number: 270)] Removed bmsWIDEDFFCPE inst u_cp2102_top/u_cp2102/u_uart_tx/clock_count[31:0] at 15 that is stuck at constant 0.
W: Adm-4083: [D:/pango/works/ECSDC_FPGA_2026/Designs/Hardware/cp2102/cp2102_driver.v(line number: 270)] Removed bmsWIDEDFFCPE inst u_cp2102_top/u_cp2102/u_uart_tx/clock_count[31:0] at 16 that is stuck at constant 0.
W: Adm-4083: [D:/pango/works/ECSDC_FPGA_2026/Designs/Hardware/cp2102/cp2102_driver.v(line number: 270)] Removed bmsWIDEDFFCPE inst u_cp2102_top/u_cp2102/u_uart_tx/clock_count[31:0] at 17 that is stuck at constant 0.
W: Adm-4083: [D:/pango/works/ECSDC_FPGA_2026/Designs/Hardware/cp2102/cp2102_driver.v(line number: 270)] Removed bmsWIDEDFFCPE inst u_cp2102_top/u_cp2102/u_uart_tx/clock_count[31:0] at 18 that is stuck at constant 0.
W: Adm-4083: [D:/pango/works/ECSDC_FPGA_2026/Designs/Hardware/cp2102/cp2102_driver.v(line number: 270)] Removed bmsWIDEDFFCPE inst u_cp2102_top/u_cp2102/u_uart_tx/clock_count[31:0] at 19 that is stuck at constant 0.
W: Adm-4083: [D:/pango/works/ECSDC_FPGA_2026/Designs/Hardware/cp2102/cp2102_driver.v(line number: 270)] Removed bmsWIDEDFFCPE inst u_cp2102_top/u_cp2102/u_uart_tx/clock_count[31:0] at 20 that is stuck at constant 0.
W: Adm-4083: [D:/pango/works/ECSDC_FPGA_2026/Designs/Hardware/cp2102/cp2102_driver.v(line number: 270)] Removed bmsWIDEDFFCPE inst u_cp2102_top/u_cp2102/u_uart_tx/clock_count[31:0] at 21 that is stuck at constant 0.
W: Adm-4083: [D:/pango/works/ECSDC_FPGA_2026/Designs/Hardware/cp2102/cp2102_driver.v(line number: 270)] Removed bmsWIDEDFFCPE inst u_cp2102_top/u_cp2102/u_uart_tx/clock_count[31:0] at 22 that is stuck at constant 0.
W: Adm-4083: [D:/pango/works/ECSDC_FPGA_2026/Designs/Hardware/cp2102/cp2102_driver.v(line number: 270)] Removed bmsWIDEDFFCPE inst u_cp2102_top/u_cp2102/u_uart_tx/clock_count[31:0] at 23 that is stuck at constant 0.
W: Adm-4083: [D:/pango/works/ECSDC_FPGA_2026/Designs/Hardware/cp2102/cp2102_driver.v(line number: 270)] Removed bmsWIDEDFFCPE inst u_cp2102_top/u_cp2102/u_uart_tx/clock_count[31:0] at 24 that is stuck at constant 0.
W: Adm-4083: [D:/pango/works/ECSDC_FPGA_2026/Designs/Hardware/cp2102/cp2102_driver.v(line number: 270)] Removed bmsWIDEDFFCPE inst u_cp2102_top/u_cp2102/u_uart_tx/clock_count[31:0] at 25 that is stuck at constant 0.
W: Adm-4083: [D:/pango/works/ECSDC_FPGA_2026/Designs/Hardware/cp2102/cp2102_driver.v(line number: 270)] Removed bmsWIDEDFFCPE inst u_cp2102_top/u_cp2102/u_uart_tx/clock_count[31:0] at 26 that is stuck at constant 0.
W: Adm-4083: [D:/pango/works/ECSDC_FPGA_2026/Designs/Hardware/cp2102/cp2102_driver.v(line number: 270)] Removed bmsWIDEDFFCPE inst u_cp2102_top/u_cp2102/u_uart_tx/clock_count[31:0] at 27 that is stuck at constant 0.
W: Adm-4083: [D:/pango/works/ECSDC_FPGA_2026/Designs/Hardware/cp2102/cp2102_driver.v(line number: 270)] Removed bmsWIDEDFFCPE inst u_cp2102_top/u_cp2102/u_uart_tx/clock_count[31:0] at 28 that is stuck at constant 0.
W: Adm-4083: [D:/pango/works/ECSDC_FPGA_2026/Designs/Hardware/cp2102/cp2102_driver.v(line number: 270)] Removed bmsWIDEDFFCPE inst u_cp2102_top/u_cp2102/u_uart_tx/clock_count[31:0] at 29 that is stuck at constant 0.
W: Adm-4083: [D:/pango/works/ECSDC_FPGA_2026/Designs/Hardware/cp2102/cp2102_driver.v(line number: 270)] Removed bmsWIDEDFFCPE inst u_cp2102_top/u_cp2102/u_uart_tx/clock_count[31:0] at 30 that is stuck at constant 0.
W: Adm-4083: [D:/pango/works/ECSDC_FPGA_2026/Designs/Hardware/cp2102/cp2102_driver.v(line number: 270)] Removed bmsWIDEDFFCPE inst u_cp2102_top/u_cp2102/u_uart_tx/clock_count[31:0] at 31 that is stuck at constant 0.
Executing : mod-gen successfully. Time elapsed: 0.131s wall, 0.141s user + 0.016s system = 0.156s CPU (119.1%). Peak memory used: 277 MB.

Start logic-optimization.
Executing : logic-optimization successfully. Time elapsed: 0.166s wall, 0.141s user + 0.031s system = 0.172s CPU (103.7%). Peak memory used: 286 MB.

Start tech-mapping phase 1.
W: Public-4008: [D:/pango/works/ECSDC_FPGA_2026/Designs/Driver/spi/qspi_master_rx.v(line number: 196)] Instance 'u_flash_top/u_flash_driver/u_qspi_master_rx/dummy_cycles_reg[0]' of 'bmsWIDEDFFCPE' unit is dangling and will be cleaned.
W: Public-4008: [D:/pango/works/ECSDC_FPGA_2026/Designs/Driver/spi/qspi_master_rx.v(line number: 196)] Instance 'u_flash_top/u_flash_driver/u_qspi_master_rx/dummy_cycles_reg[1]' of 'bmsWIDEDFFCPE' unit is dangling and will be cleaned.
W: Public-4008: [D:/pango/works/ECSDC_FPGA_2026/Designs/Driver/spi/qspi_master_rx.v(line number: 196)] Instance 'u_flash_top/u_flash_driver/u_qspi_master_rx/dummy_cycles_reg[2]' of 'bmsWIDEDFFCPE' unit is dangling and will be cleaned.
W: Public-4008: [D:/pango/works/ECSDC_FPGA_2026/Designs/Driver/spi/qspi_master_rx.v(line number: 196)] Instance 'u_flash_top/u_flash_driver/u_qspi_master_rx/dummy_cycles_reg[4]' of 'bmsWIDEDFFCPE' unit is dangling and will be cleaned.
W: Public-4008: [D:/pango/works/ECSDC_FPGA_2026/Designs/Driver/spi/qspi_master_rx.v(line number: 196)] Instance 'u_flash_top/u_flash_driver/u_qspi_master_rx/dummy_cycles_reg[5]' of 'bmsWIDEDFFCPE' unit is dangling and will be cleaned.
W: Public-4008: [D:/pango/works/ECSDC_FPGA_2026/Designs/Driver/spi/qspi_master_rx.v(line number: 196)] Instance 'u_flash_top/u_flash_driver/u_qspi_master_rx/dummy_cycles_reg[6]' of 'bmsWIDEDFFCPE' unit is dangling and will be cleaned.
W: Public-4008: [D:/pango/works/ECSDC_FPGA_2026/Designs/Driver/spi/qspi_master_rx.v(line number: 196)] Instance 'u_flash_top/u_flash_driver/u_qspi_master_rx/dummy_cycles_reg[7]' of 'bmsWIDEDFFCPE' unit is dangling and will be cleaned.
W: Public-4008: [D:/pango/works/ECSDC_FPGA_2026/Designs/Driver/spi/qspi_master_rx.v(line number: 196)] Instance 'u_flash_top/u_flash_driver/u_qspi_master_rx/init_data_shift[0]' of 'bmsWIDEDFFCPE' unit is dangling and will be cleaned.
W: Public-4008: [D:/pango/works/ECSDC_FPGA_2026/Designs/Driver/spi/qspi_master_rx.v(line number: 196)] Instance 'u_flash_top/u_flash_driver/u_qspi_master_rx/init_data_shift[7]' of 'bmsWIDEDFFCPE' unit is dangling and will be cleaned.
W: Public-4008: [D:/pango/works/ECSDC_FPGA_2026/Designs/Hardware/cp2102/cp2102_driver.v(line number: 56)] Instance 'u_cp2102_top/u_cp2102/payload_word_count[3]' of 'bmsWIDEDFFCPE' unit is dangling and will be cleaned.
W: Public-4008: [D:/pango/works/ECSDC_FPGA_2026/Designs/Driver/spi/qspi_master_rx.v(line number: 196)] Instance 'u_flash_top/u_flash_driver/u_qspi_master_rx/command_shift[7]' of 'bmsWIDEDFFCPE' unit is dangling and will be cleaned.
W: Public-4008: [D:/pango/works/ECSDC_FPGA_2026/Designs/Driver/spi/qspi_master_rx.v(line number: 196)] Instance 'u_flash_top/u_flash_driver/u_qspi_master_rx/data_shift[4]' of 'bmsWIDEDFFCPE' unit is dangling and will be cleaned.
W: Public-4008: [D:/pango/works/ECSDC_FPGA_2026/Designs/Driver/spi/qspi_master_rx.v(line number: 196)] Instance 'u_flash_top/u_flash_driver/u_qspi_master_rx/data_shift[5]' of 'bmsWIDEDFFCPE' unit is dangling and will be cleaned.
W: Public-4008: [D:/pango/works/ECSDC_FPGA_2026/Designs/Driver/spi/qspi_master_rx.v(line number: 196)] Instance 'u_flash_top/u_flash_driver/u_qspi_master_rx/data_shift[6]' of 'bmsWIDEDFFCPE' unit is dangling and will be cleaned.
W: Public-4008: [D:/pango/works/ECSDC_FPGA_2026/Designs/Driver/spi/qspi_master_rx.v(line number: 196)] Instance 'u_flash_top/u_flash_driver/u_qspi_master_rx/data_shift[7]' of 'bmsWIDEDFFCPE' unit is dangling and will be cleaned.
W: Public-4008: [D:/pango/works/ECSDC_FPGA_2026/Designs/Driver/spi/qspi_master_rx.v(line number: 196)] Instance 'u_flash_top/u_flash_driver/u_qspi_master_rx/address_shift[0]' of 'bmsWIDEDFFCPE' unit is dangling and will be cleaned.
W: Public-4008: [D:/pango/works/ECSDC_FPGA_2026/Designs/Driver/spi/qspi_master_rx.v(line number: 196)] Instance 'u_flash_top/u_flash_driver/u_qspi_master_rx/address_shift[1]' of 'bmsWIDEDFFCPE' unit is dangling and will be cleaned.
W: Public-4008: [D:/pango/works/ECSDC_FPGA_2026/Designs/Driver/spi/qspi_master_rx.v(line number: 196)] Instance 'u_flash_top/u_flash_driver/u_qspi_master_rx/address_shift[2]' of 'bmsWIDEDFFCPE' unit is dangling and will be cleaned.
W: Public-4008: [D:/pango/works/ECSDC_FPGA_2026/Designs/Driver/spi/qspi_master_rx.v(line number: 196)] Instance 'u_flash_top/u_flash_driver/u_qspi_master_rx/address_shift[3]' of 'bmsWIDEDFFCPE' unit is dangling and will be cleaned.
W: Public-4008: [D:/pango/works/ECSDC_FPGA_2026/Designs/Driver/spi/qspi_master_rx.v(line number: 196)] Instance 'u_flash_top/u_flash_driver/u_qspi_master_rx/address_shift[4]' of 'bmsWIDEDFFCPE' unit is dangling and will be cleaned.
W: Public-4008: [D:/pango/works/ECSDC_FPGA_2026/Designs/Driver/spi/qspi_master_rx.v(line number: 196)] Instance 'u_flash_top/u_flash_driver/u_qspi_master_rx/address_shift[5]' of 'bmsWIDEDFFCPE' unit is dangling and will be cleaned.
W: Public-4008: [D:/pango/works/ECSDC_FPGA_2026/Designs/Driver/spi/qspi_master_rx.v(line number: 196)] Instance 'u_flash_top/u_flash_driver/u_qspi_master_rx/address_shift[6]' of 'bmsWIDEDFFCPE' unit is dangling and will be cleaned.
W: Public-4008: [D:/pango/works/ECSDC_FPGA_2026/Designs/Driver/spi/qspi_master_rx.v(line number: 196)] Instance 'u_flash_top/u_flash_driver/u_qspi_master_rx/address_shift[7]' of 'bmsWIDEDFFCPE' unit is dangling and will be cleaned.
W: Public-4008: [D:/pango/works/ECSDC_FPGA_2026/Designs/Driver/spi/qspi_master_rx.v(line number: 196)] Instance 'u_flash_top/u_flash_driver/u_qspi_master_rx/address_shift[8]' of 'bmsWIDEDFFCPE' unit is dangling and will be cleaned.
W: Public-4008: [D:/pango/works/ECSDC_FPGA_2026/Designs/Driver/spi/qspi_master_rx.v(line number: 196)] Instance 'u_flash_top/u_flash_driver/u_qspi_master_rx/address_shift[9]' of 'bmsWIDEDFFCPE' unit is dangling and will be cleaned.
W: Public-4008: [D:/pango/works/ECSDC_FPGA_2026/Designs/Driver/spi/qspi_master_rx.v(line number: 196)] Instance 'u_flash_top/u_flash_driver/u_qspi_master_rx/address_shift[10]' of 'bmsWIDEDFFCPE' unit is dangling and will be cleaned.
W: Public-4008: [D:/pango/works/ECSDC_FPGA_2026/Designs/Driver/spi/qspi_master_rx.v(line number: 196)] Instance 'u_flash_top/u_flash_driver/u_qspi_master_rx/address_shift[11]' of 'bmsWIDEDFFCPE' unit is dangling and will be cleaned.
W: Public-4008: [D:/pango/works/ECSDC_FPGA_2026/Designs/Driver/spi/qspi_master_rx.v(line number: 196)] Instance 'u_flash_top/u_flash_driver/u_qspi_master_rx/address_shift[12]' of 'bmsWIDEDFFCPE' unit is dangling and will be cleaned.
W: Public-4008: [D:/pango/works/ECSDC_FPGA_2026/Designs/Hardware/cp2102/cp2102_driver.v(line number: 270)] Instance 'u_cp2102_top/u_cp2102/u_uart_tx/clock_count[6]' of 'bmsWIDEDFFCPE' unit is dangling and will be cleaned.
W: Public-4008: [D:/pango/works/ECSDC_FPGA_2026/Designs/Hardware/cp2102/cp2102_driver.v(line number: 270)] Instance 'u_cp2102_top/u_cp2102/u_uart_tx/clock_count[7]' of 'bmsWIDEDFFCPE' unit is dangling and will be cleaned.
W: Public-4008: [D:/pango/works/ECSDC_FPGA_2026/Designs/Hardware/cp2102/cp2102_driver.v(line number: 270)] Instance 'u_cp2102_top/u_cp2102/u_uart_tx/clock_count[8]' of 'bmsWIDEDFFCPE' unit is dangling and will be cleaned.
W: Public-4008: [D:/pango/works/ECSDC_FPGA_2026/Designs/Hardware/cp2102/cp2102_driver.v(line number: 270)] Instance 'u_cp2102_top/u_cp2102/u_uart_tx/clock_count[9]' of 'bmsWIDEDFFCPE' unit is dangling and will be cleaned.
W: Public-4008: [D:/pango/works/ECSDC_FPGA_2026/Designs/Hardware/cp2102/cp2102_driver.v(line number: 270)] Instance 'u_cp2102_top/u_cp2102/u_uart_tx/clock_count[10]' of 'bmsWIDEDFFCPE' unit is dangling and will be cleaned.
W: Public-4008: [D:/pango/works/ECSDC_FPGA_2026/Designs/Hardware/cp2102/cp2102_driver.v(line number: 270)] Instance 'u_cp2102_top/u_cp2102/u_uart_tx/clock_count[11]' of 'bmsWIDEDFFCPE' unit is dangling and will be cleaned.
W: Public-4008: [D:/pango/works/ECSDC_FPGA_2026/Designs/Hardware/cp2102/cp2102_driver.v(line number: 270)] Instance 'u_cp2102_top/u_cp2102/u_uart_tx/clock_count[12]' of 'bmsWIDEDFFCPE' unit is dangling and will be cleaned.
W: Public-4008: [D:/pango/works/ECSDC_FPGA_2026/Designs/Hardware/cp2102/cp2102_driver.v(line number: 270)] Instance 'u_cp2102_top/u_cp2102/u_uart_tx/clock_count[13]' of 'bmsWIDEDFFCPE' unit is dangling and will be cleaned.
W: Public-4008: [D:/pango/works/ECSDC_FPGA_2026/Designs/Hardware/cp2102/cp2102_driver.v(line number: 270)] Instance 'u_cp2102_top/u_cp2102/u_uart_tx/clock_count[14]' of 'bmsWIDEDFFCPE' unit is dangling and will be cleaned.
W: Public-4008: [D:/pango/works/ECSDC_FPGA_2026/Designs/Hardware/cp2102/cp2102_driver.v(line number: 270)] Instance 'u_cp2102_top/u_cp2102/u_uart_tx/clock_count[15]' of 'bmsWIDEDFFCPE' unit is dangling and will be cleaned.
W: Public-4008: [D:/pango/works/ECSDC_FPGA_2026/Designs/Hardware/cp2102/cp2102_driver.v(line number: 270)] Instance 'u_cp2102_top/u_cp2102/u_uart_tx/clock_count[16]' of 'bmsWIDEDFFCPE' unit is dangling and will be cleaned.
W: Public-4008: [D:/pango/works/ECSDC_FPGA_2026/Designs/Hardware/cp2102/cp2102_driver.v(line number: 270)] Instance 'u_cp2102_top/u_cp2102/u_uart_tx/clock_count[17]' of 'bmsWIDEDFFCPE' unit is dangling and will be cleaned.
W: Public-4008: [D:/pango/works/ECSDC_FPGA_2026/Designs/Hardware/cp2102/cp2102_driver.v(line number: 270)] Instance 'u_cp2102_top/u_cp2102/u_uart_tx/clock_count[18]' of 'bmsWIDEDFFCPE' unit is dangling and will be cleaned.
W: Public-4008: [D:/pango/works/ECSDC_FPGA_2026/Designs/Hardware/cp2102/cp2102_driver.v(line number: 270)] Instance 'u_cp2102_top/u_cp2102/u_uart_tx/clock_count[19]' of 'bmsWIDEDFFCPE' unit is dangling and will be cleaned.
W: Public-4008: [D:/pango/works/ECSDC_FPGA_2026/Designs/Hardware/cp2102/cp2102_driver.v(line number: 270)] Instance 'u_cp2102_top/u_cp2102/u_uart_tx/clock_count[20]' of 'bmsWIDEDFFCPE' unit is dangling and will be cleaned.
W: Public-4008: [D:/pango/works/ECSDC_FPGA_2026/Designs/Hardware/cp2102/cp2102_driver.v(line number: 270)] Instance 'u_cp2102_top/u_cp2102/u_uart_tx/clock_count[21]' of 'bmsWIDEDFFCPE' unit is dangling and will be cleaned.
W: Public-4008: [D:/pango/works/ECSDC_FPGA_2026/Designs/Hardware/cp2102/cp2102_driver.v(line number: 270)] Instance 'u_cp2102_top/u_cp2102/u_uart_tx/clock_count[22]' of 'bmsWIDEDFFCPE' unit is dangling and will be cleaned.
W: Public-4008: [D:/pango/works/ECSDC_FPGA_2026/Designs/Hardware/cp2102/cp2102_driver.v(line number: 270)] Instance 'u_cp2102_top/u_cp2102/u_uart_tx/clock_count[23]' of 'bmsWIDEDFFCPE' unit is dangling and will be cleaned.
W: Public-4008: [D:/pango/works/ECSDC_FPGA_2026/Designs/Hardware/cp2102/cp2102_driver.v(line number: 270)] Instance 'u_cp2102_top/u_cp2102/u_uart_tx/clock_count[24]' of 'bmsWIDEDFFCPE' unit is dangling and will be cleaned.
W: Public-4008: [D:/pango/works/ECSDC_FPGA_2026/Designs/Hardware/cp2102/cp2102_driver.v(line number: 270)] Instance 'u_cp2102_top/u_cp2102/u_uart_tx/clock_count[25]' of 'bmsWIDEDFFCPE' unit is dangling and will be cleaned.
W: Public-4008: [D:/pango/works/ECSDC_FPGA_2026/Designs/Hardware/cp2102/cp2102_driver.v(line number: 270)] Instance 'u_cp2102_top/u_cp2102/u_uart_tx/clock_count[26]' of 'bmsWIDEDFFCPE' unit is dangling and will be cleaned.
W: Public-4008: [D:/pango/works/ECSDC_FPGA_2026/Designs/Hardware/cp2102/cp2102_driver.v(line number: 270)] Instance 'u_cp2102_top/u_cp2102/u_uart_tx/clock_count[27]' of 'bmsWIDEDFFCPE' unit is dangling and will be cleaned.
W: Public-4008: [D:/pango/works/ECSDC_FPGA_2026/Designs/Hardware/cp2102/cp2102_driver.v(line number: 270)] Instance 'u_cp2102_top/u_cp2102/u_uart_tx/clock_count[28]' of 'bmsWIDEDFFCPE' unit is dangling and will be cleaned.
W: Public-4008: [D:/pango/works/ECSDC_FPGA_2026/Designs/Hardware/cp2102/cp2102_driver.v(line number: 270)] Instance 'u_cp2102_top/u_cp2102/u_uart_tx/clock_count[29]' of 'bmsWIDEDFFCPE' unit is dangling and will be cleaned.
W: Public-4008: [D:/pango/works/ECSDC_FPGA_2026/Designs/Hardware/cp2102/cp2102_driver.v(line number: 270)] Instance 'u_cp2102_top/u_cp2102/u_uart_tx/clock_count[30]' of 'bmsWIDEDFFCPE' unit is dangling and will be cleaned.
W: Public-4008: [D:/pango/works/ECSDC_FPGA_2026/Designs/Hardware/cp2102/cp2102_driver.v(line number: 270)] Instance 'u_cp2102_top/u_cp2102/u_uart_tx/clock_count[31]' of 'bmsWIDEDFFCPE' unit is dangling and will be cleaned.
W: Public-4008: [D:/pango/works/ECSDC_FPGA_2026/Designs/Driver/spi/qspi_master_rx.v(line number: 196)] Instance 'u_flash_top/u_flash_driver/u_qspi_master_rx/dq_out_reg[1]' of 'bmsWIDEDFFCPE' unit is dangling and will be cleaned.
W: Public-4008: [D:/pango/works/ECSDC_FPGA_2026/Designs/Driver/spi/qspi_master_rx.v(line number: 196)] Instance 'u_flash_top/u_flash_driver/u_qspi_master_rx/dq_out_reg[2]' of 'bmsWIDEDFFCPE' unit is dangling and will be cleaned.
W: Public-4008: [D:/pango/works/ECSDC_FPGA_2026/Designs/Driver/spi/qspi_master_rx.v(line number: 196)] Instance 'u_flash_top/u_flash_driver/u_qspi_master_rx/dq_out_reg[3]' of 'bmsWIDEDFFCPE' unit is dangling and will be cleaned.
Executing : tech-mapping phase 1 successfully. Time elapsed: 0.051s wall, 0.031s user + 0.000s system = 0.031s CPU (61.8%). Peak memory used: 286 MB.

Start tech-mapping phase 2.
Executing : tech-mapping phase 2 successfully. Time elapsed: 0.174s wall, 0.141s user + 0.062s system = 0.203s CPU (116.5%). Peak memory used: 291 MB.

Start tech-optimization.
Executing : tech-optimization successfully. Time elapsed: 0.038s wall, 0.047s user + 0.016s system = 0.062s CPU (164.4%). Peak memory used: 291 MB.

Start phys-optimization.
Executing : phys-optimization successfully. Time elapsed: 0.000s wall, 0.000s user + 0.000s system = 0.000s CPU (n/a%). Peak memory used: 291 MB.

Start restore-hierarchy.
Executing : restore-hierarchy successfully. Time elapsed: 0.009s wall, 0.000s user + 0.000s system = 0.000s CPU (n/a%). Peak memory used: 291 MB.


Cell Usage:
GTP_DFF_C                    79 uses
GTP_DFF_CE                  224 uses
GTP_DFF_P                     1 use
GTP_DFF_PE                    2 uses
GTP_DRM9K                     2 uses
GTP_GRS                       1 use
GTP_INV                       3 uses
GTP_LUT1                      8 uses
GTP_LUT2                     52 uses
GTP_LUT3                     52 uses
GTP_LUT4                     40 uses
GTP_LUT5                     91 uses
GTP_LUT5CARRY                69 uses
GTP_LUT5M                    27 uses
GTP_MUX2LUT6                  1 use

I/O ports: 17
GTP_INBUF                   2 uses
GTP_IOBUF                   4 uses
GTP_OUTBUF                 11 uses

Mapping Summary:
Total LUTs: 339 of 42800 (0.79%)
	LUTs as dram: 0 of 17000 (0.00%)
	LUTs as logic: 339
Total Registers: 306 of 64200 (0.48%)
Total Latches: 0

DRM18K:
Total DRM18Ks = 1.0 of 134 (0.75%)

APM:
Total APMs = 0.00 of 84 (0.00%)

Total I/O ports = 17 of 296 (5.74%)


Overview of Control Sets:

Number of unique control sets : 34

Histogram:
**************************************************************
  Fanout      | Count    | Sync Set/Reset    Async Set/Reset
--------------------------------------------------------------
  [0, 2)      | 3        | 0                 3
  [2, 4)      | 6        | 0                 6
  [4, 6)      | 7        | 0                 7
  [6, 8)      | 2        | 0                 2
  [8, 10)     | 9        | 0                 9
  [10, 12)    | 4        | 0                 4
  [12, 14)    | 0        | 0                 0
  [14, 16)    | 0        | 0                 0
  [16, Inf)   | 3        | 0                 3
--------------------------------------------------------------
  The maximum fanout: 80
==============================================================

Flip-Flop Distribution:
************************************************************************
  Clock Enable    Sync Set/Reset    Async Set/Reset    Total Registers
------------------------------------------------------------------------
  NO              NO                NO                 0
  NO              NO                YES                80
  NO              YES               NO                 0
  YES             NO                NO                 0
  YES             NO                YES                226
  YES             YES               NO                 0
========================================================================

Latch Distribution:
************************************************
  Gate Enable    Preset/Clear    Total Latches
************************************************
  NO             NO              0
  NO             YES             0
  YES            NO              0
  YES            YES             0
************************************************

Design 'flash_read_top' has been successfully synthesized to architecture-specific objects.
Saving design to DB.
Action Synthesize: Export DB successfully.
Saving design to flash_read_top_syn.vm
Constructing timing graph ...
Timing graph has been constructed successfully
W: Timing-4086: Port 'sys_qspi_dq[0]' is not constrained, it is treated as combinational input.
W: Timing-4087: Port 'sys_qspi_dq[0]' is not constrained, it is treated as combinational output.
W: Timing-4086: Port 'sys_qspi_dq[1]' is not constrained, it is treated as combinational input.
W: Timing-4087: Port 'sys_qspi_dq[1]' is not constrained, it is treated as combinational output.
W: Timing-4086: Port 'sys_qspi_dq[2]' is not constrained, it is treated as combinational input.
W: Timing-4087: Port 'sys_qspi_dq[2]' is not constrained, it is treated as combinational output.
W: Timing-4086: Port 'sys_qspi_dq[3]' is not constrained, it is treated as combinational input.
W: Timing-4087: Port 'sys_qspi_dq[3]' is not constrained, it is treated as combinational output.
W: Timing-4087: Port 'sys_cp2102_tx' is not constrained, it is treated as combinational output.
W: Timing-4087: Port 'sys_led[0]' is not constrained, it is treated as combinational output.
W: Timing-4087: Port 'sys_led[1]' is not constrained, it is treated as combinational output.
W: Timing-4087: Port 'sys_led[2]' is not constrained, it is treated as combinational output.
W: Timing-4087: Port 'sys_led[3]' is not constrained, it is treated as combinational output.
W: Timing-4087: Port 'sys_led[4]' is not constrained, it is treated as combinational output.
W: Timing-4087: Port 'sys_led[5]' is not constrained, it is treated as combinational output.
W: Timing-4087: Port 'sys_led[6]' is not constrained, it is treated as combinational output.
W: Timing-4087: Port 'sys_led[7]' is not constrained, it is treated as combinational output.
W: Timing-4087: Port 'sys_qspi_csn' is not constrained, it is treated as combinational output.
W: Timing-4087: Port 'sys_qspi_sck' is not constrained, it is treated as combinational output.
W: Timing-4086: Port 'sys_rstn' is not constrained, it is treated as combinational input.
Action synthesize: Real time elapsed is 0h:0m:5s
Action synthesize: CPU time elapsed is 0h:0m:2s
Action synthesize: Process CPU time elapsed is 0h:0m:3s
Action synthesize: Peak memory pool usage is 291 MB

Current time: Thu Oct  1 18:27:09 2026
Action from compile to synthesize: Total Real Time elapsed is 0h:0m:10s
Action from compile to synthesize: Total CPU time elapsed is 0h:0m:3s
Action from compile to synthesize: Total Process CPU Time elapsed is 0h:0m:4s
Process "Synthesize" done.
Executing : wait_on_tasks [get_tasks syn_1] -to_action synthesize successfully.
Executing : get_tasks pnr_1
Executing : get_tasks pnr_1 successfully.
Executing : launch_tasks [get_tasks pnr_1] -to_action dev_map
 
Command: launch_tasks [get_tasks {pnr_1}] -to_action dev_map
wait_on_tasks [get_tasks {pnr_1}] -to_action dev_map
Process "Device Map" started.
Current time: Thu Oct  1 18:27:09 2026
Executing : launch_tasks [get_tasks pnr_1] -to_action dev_map successfully.
Executing : get_tasks pnr_1
Executing : get_tasks pnr_1 successfully.
Executing : wait_on_tasks [get_tasks pnr_1] -to_action dev_map
Compiling architecture definition.
Analyzing project file 'D:/pango/works/ECSDC_FPGA_2026/prj_tasks/pnr_1/device_map/dev_map.ptemp'.
#Generated by Fabric Compiler (version 2025.2 build 211867) at Thu Oct  1 18:27:09 2026
Parameters for debugging are loaded as follows:
Compiling verification operator library.
Compiling vendor parameter file.
Compiling common defs.
Loading technology operator library.
Compiling technology operator library.
Compiling technology operator (valence) library.
Compiling operator packing rules.
Compiling prim grid devices.
Compiling gate devices.
Compiling gate operators.
Compiling gate operators impls.
Compiling tech operator impls.
Building architecture model.
Loading device packaging model.
NOTE: The technology fpga was specified.
NOTE: delay_model specified was generic_cmos.
NOTE: Using the fpga syntax tables...
Elaborate the liberty model.
I: Multithreading enabled for Timing using a maximum of 4 processes.
Totals:
 Calls to malloc = 0
 Calls to calloc = 111555

Constraint check start.
Constraint check end.
Total time(hh:mm:ss) of constraint check : 00:00:00
Flattening design 'flash_read_top'
Logical Constraint:
+--------------------------------------------------------------------------------------------------------+
| Object                                                               | Attribute          | Value     
+--------------------------------------------------------------------------------------------------------+
| i:sys_clk_50mhz_ibuf                                                 | PAP_DONT_TOUCH     | TRUE      
| i:sys_rstn_ibuf                                                      | PAP_DONT_TOUCH     | TRUE      
| i:u_flash_top.u_flash_driver.u_qspi_master_rx.sys_qspi_dq_tri[0]     | PAP_DONT_TOUCH     | TRUE      
| i:u_flash_top.u_flash_driver.u_qspi_master_rx.sys_qspi_dq_tri[1]     | PAP_DONT_TOUCH     | TRUE      
| i:u_flash_top.u_flash_driver.u_qspi_master_rx.sys_qspi_dq_tri[2]     | PAP_DONT_TOUCH     | TRUE      
| i:u_flash_top.u_flash_driver.u_qspi_master_rx.sys_qspi_dq_tri[3]     | PAP_DONT_TOUCH     | TRUE      
+--------------------------------------------------------------------------------------------------------+

Device mapping started.
Optimizing circuit logic.
Checking design netlist.
Processing tech operator.
I: The instance clkbufg_0(GTP_CLKBUFG) has been inserted on the net nt_sys_clk_50mhz in design, driver pin O(instance sys_clk_50mhz_ibuf) -> load pin CLK(instance u_cp2102_top/u_cp2102/frame_checksum[0]).
Converting tech operator to gate operator.
Minimun Fanout To Report "1".
Number of Nets (Fanout>=Min Fanout) To Report "100".
Processing gate operator.
I: Infer CARRY group, base inst: u_flash_top/u_flash_driver/N25_1_1/gateop, insts:5.
I: Infer CARRY group, base inst: u_cp2102_top/u_cp2102/u_uart_tx/N50_1_1/gateop, insts:5.
I: Infer CARRY group, base inst: u_flash_top/u_flash_driver/u_qspi_master_rx/N63_1_1/gateop, insts:7.
I: Infer CARRY group, base inst: u_flash_top/u_flash_driver/u_qspi_master_rx/N64.lt_0/gateop, insts:3.
I: Infer CARRY group, base inst: u_flash_top/u_flash_driver/u_qspi_master_rx/N213_1_1/gateop, insts:19.
I: Infer CARRY group, base inst: u_cp2102_top/u_cp2102/u_cp2102_tx_fifo/U_ipml_fifo_cp2102_tx_fifo/U_ipml_fifo_ctrl/N2_1/gateop, insts:10.
I: Infer CARRY group, base inst: u_cp2102_top/u_cp2102/u_cp2102_tx_fifo/U_ipml_fifo_cp2102_tx_fifo/U_ipml_fifo_ctrl/N94_1/gateop, insts:10.
I: Infer CARRY group, base inst: u_cp2102_top/u_cp2102/u_cp2102_tx_fifo/U_ipml_fifo_cp2102_tx_fifo/U_ipml_fifo_ctrl/N187.eq_0/gateop, insts:5.
I: Infer CARRY group, base inst: u_cp2102_top/u_cp2102/u_cp2102_tx_fifo/U_ipml_fifo_cp2102_tx_fifo/U_ipml_fifo_ctrl/N190.eq_0/gateop, insts:5.
Device Utilization Summary:
+------------------------------------------------------------------------+
| Logic Utilization     | Used     | Available     | Utilization(%)     
+------------------------------------------------------------------------+
| APM                   | 0        | 84            | 0                  
| IOCKDLY               | 0        | 40            | 0                  
| FF                    | 306      | 64200         | 1                  
| LUT                   | 339      | 42800         | 1                  
| Distributed RAM       | 0        | 17000         | 0                  
| DLL                   | 0        | 10            | 0                  
| DQSL                  | 0        | 18            | 0                  
| DRM                   | 1        | 134           | 1                  
| FUSECODE              | 0        | 1             | 0                  
| IO                    | 17       | 296           | 6                  
| IOCKDIV               | 0        | 20            | 0                  
| IOCKGATE              | 0        | 20            | 0                  
| IPAL                  | 0        | 1             | 0                  
| PLL                   | 0        | 5             | 0                  
| RCKB                  | 0        | 24            | 0                  
| SCANCHAIN             | 0        | 2             | 0                  
| START                 | 1        | 1             | 100                
| USCM                  | 1        | 30            | 4                  
| HSST                  | 0        | 1             | 0                  
| OSC                   | 0        | 1             | 0                  
| CRYSTAL               | 0        | 2             | 0                  
| RESCAL                | 0        | 4             | 0                  
| UDID                  | 0        | 1             | 0                  
| PCIE                  | 0        | 1             | 0                  
| LDO                   | 0        | 4             | 0                  
+------------------------------------------------------------------------+

Generate Detailed Map Report "False".
Device mapping done.
Total device mapping takes 0.05 sec.

Design 'flash_read_top' has been successfully mapped to architecture-specific objects.
Saving design to DB.
Action Device Map: Export DB successfully.
Override Pcf "True".
W: Public-4010: Pcf file D:/pango/works/ECSDC_FPGA_2026/prj_tasks/pnr_1/device_map/flash_read_top.pcf has been covered.
Action dev_map: Real time elapsed is 0h:0m:4s
Action dev_map: CPU time elapsed is 0h:0m:2s
Action dev_map: Process CPU time elapsed is 0h:0m:2s
Action dev_map: Peak memory pool usage is 246 MB

Current time: Thu Oct  1 18:27:12 2026
Action from compile to dev_map: Total Real Time elapsed is 0h:0m:14s
Action from compile to dev_map: Total CPU time elapsed is 0h:0m:5s
Action from compile to dev_map: Total Process CPU Time elapsed is 0h:0m:6s
Process "Device Map" done.
Executing : wait_on_tasks [get_tasks pnr_1] -to_action dev_map successfully.
Executing : get_tasks pnr_1
Executing : get_tasks pnr_1 successfully.
Executing : launch_tasks [get_tasks pnr_1] -to_action place
 
Command: launch_tasks [get_tasks {pnr_1}] -to_action place
wait_on_tasks [get_tasks {pnr_1}] -to_action place
Process "Place" started.
Current time: Thu Oct  1 18:27:12 2026
Executing : launch_tasks [get_tasks pnr_1] -to_action place successfully.
Executing : get_tasks pnr_1
Executing : get_tasks pnr_1 successfully.
Executing : wait_on_tasks [get_tasks pnr_1] -to_action place
Compiling architecture definition.
Analyzing project file 'D:/pango/works/ECSDC_FPGA_2026/prj_tasks/pnr_1/place_route/place.ptemp'.
#Generated by Fabric Compiler (version 2025.2 build 211867) at Thu Oct  1 18:27:12 2026
Parameters for debugging are loaded as follows:
Compiling verification operator library.
Compiling vendor parameter file.
Compiling common defs.
Compiling prim grid devices.
Compiling place grid timing.
Compiling gate devices.
Compiling gate operators.
Compiling gate operators impls.
Building architecture model.
Loading device packaging model.
Building architecture floorplan logic view.
Constraint check start.
W: ConstraintEditor-4042: Port 'sys_qspi_dq[0]' lacks attribute 'SLEW', it's better to set the attribute for port.
W: ConstraintEditor-4042: Port 'sys_qspi_dq[0]' lacks attribute 'DRIVE', it's better to set the attribute for port.
W: ConstraintEditor-4042: Port 'sys_qspi_dq[0]' lacks attribute 'BUS_KEEPER', it's better to set the attribute for port.
W: ConstraintEditor-4040: [D:/pango/works/ECSDC_FPGA_2026/prj_tasks/pnr_1/device_map/flash_read_top.pcf(line number: 3)] Port sys_qspi_dq[0] has been placed at location AB20, whose type is share pin.
W: ConstraintEditor-4042: Port 'sys_qspi_dq[1]' lacks attribute 'SLEW', it's better to set the attribute for port.
W: ConstraintEditor-4042: Port 'sys_qspi_dq[1]' lacks attribute 'DRIVE', it's better to set the attribute for port.
W: ConstraintEditor-4042: Port 'sys_qspi_dq[1]' lacks attribute 'BUS_KEEPER', it's better to set the attribute for port.
W: ConstraintEditor-4040: [D:/pango/works/ECSDC_FPGA_2026/prj_tasks/pnr_1/device_map/flash_read_top.pcf(line number: 4)] Port sys_qspi_dq[1] has been placed at location AA20, whose type is share pin.
W: ConstraintEditor-4042: Port 'sys_qspi_dq[2]' lacks attribute 'SLEW', it's better to set the attribute for port.
W: ConstraintEditor-4042: Port 'sys_qspi_dq[2]' lacks attribute 'DRIVE', it's better to set the attribute for port.
W: ConstraintEditor-4042: Port 'sys_qspi_dq[2]' lacks attribute 'BUS_KEEPER', it's better to set the attribute for port.
W: ConstraintEditor-4040: [D:/pango/works/ECSDC_FPGA_2026/prj_tasks/pnr_1/device_map/flash_read_top.pcf(line number: 5)] Port sys_qspi_dq[2] has been placed at location R13, whose type is share pin.
W: ConstraintEditor-4042: Port 'sys_qspi_dq[3]' lacks attribute 'SLEW', it's better to set the attribute for port.
W: ConstraintEditor-4042: Port 'sys_qspi_dq[3]' lacks attribute 'DRIVE', it's better to set the attribute for port.
W: ConstraintEditor-4042: Port 'sys_qspi_dq[3]' lacks attribute 'BUS_KEEPER', it's better to set the attribute for port.
W: ConstraintEditor-4040: [D:/pango/works/ECSDC_FPGA_2026/prj_tasks/pnr_1/device_map/flash_read_top.pcf(line number: 6)] Port sys_qspi_dq[3] has been placed at location T14, whose type is share pin.
W: ConstraintEditor-4042: Port 'sys_cp2102_tx' lacks attribute 'SLEW', it's better to set the attribute for port.
W: ConstraintEditor-4042: Port 'sys_cp2102_tx' lacks attribute 'DRIVE', it's better to set the attribute for port.
W: ConstraintEditor-4042: Port 'sys_led[0]' lacks attribute 'SLEW', it's better to set the attribute for port.
W: ConstraintEditor-4042: Port 'sys_led[0]' lacks attribute 'DRIVE', it's better to set the attribute for port.
W: ConstraintEditor-4042: Port 'sys_led[0]' lacks attribute 'BUS_KEEPER', it's better to set the attribute for port.
W: ConstraintEditor-4042: Port 'sys_led[1]' lacks attribute 'SLEW', it's better to set the attribute for port.
W: ConstraintEditor-4042: Port 'sys_led[1]' lacks attribute 'DRIVE', it's better to set the attribute for port.
W: ConstraintEditor-4042: Port 'sys_led[1]' lacks attribute 'BUS_KEEPER', it's better to set the attribute for port.
W: ConstraintEditor-4042: Port 'sys_led[2]' lacks attribute 'SLEW', it's better to set the attribute for port.
W: ConstraintEditor-4042: Port 'sys_led[2]' lacks attribute 'DRIVE', it's better to set the attribute for port.
W: ConstraintEditor-4042: Port 'sys_led[2]' lacks attribute 'BUS_KEEPER', it's better to set the attribute for port.
W: ConstraintEditor-4042: Port 'sys_led[3]' lacks attribute 'SLEW', it's better to set the attribute for port.
W: ConstraintEditor-4042: Port 'sys_led[3]' lacks attribute 'DRIVE', it's better to set the attribute for port.
W: ConstraintEditor-4042: Port 'sys_led[3]' lacks attribute 'BUS_KEEPER', it's better to set the attribute for port.
W: ConstraintEditor-4042: Port 'sys_led[4]' lacks attribute 'SLEW', it's better to set the attribute for port.
W: ConstraintEditor-4042: Port 'sys_led[4]' lacks attribute 'DRIVE', it's better to set the attribute for port.
W: ConstraintEditor-4042: Port 'sys_led[4]' lacks attribute 'BUS_KEEPER', it's better to set the attribute for port.
W: ConstraintEditor-4042: Port 'sys_led[5]' lacks attribute 'SLEW', it's better to set the attribute for port.
W: ConstraintEditor-4042: Port 'sys_led[5]' lacks attribute 'DRIVE', it's better to set the attribute for port.
W: ConstraintEditor-4042: Port 'sys_led[5]' lacks attribute 'BUS_KEEPER', it's better to set the attribute for port.
W: ConstraintEditor-4042: Port 'sys_led[6]' lacks attribute 'SLEW', it's better to set the attribute for port.
W: ConstraintEditor-4042: Port 'sys_led[6]' lacks attribute 'DRIVE', it's better to set the attribute for port.
W: ConstraintEditor-4042: Port 'sys_led[6]' lacks attribute 'BUS_KEEPER', it's better to set the attribute for port.
W: ConstraintEditor-4042: Port 'sys_led[7]' lacks attribute 'SLEW', it's better to set the attribute for port.
W: ConstraintEditor-4042: Port 'sys_led[7]' lacks attribute 'DRIVE', it's better to set the attribute for port.
W: ConstraintEditor-4042: Port 'sys_led[7]' lacks attribute 'BUS_KEEPER', it's better to set the attribute for port.
W: ConstraintEditor-4042: Port 'sys_qspi_csn' lacks attribute 'SLEW', it's better to set the attribute for port.
W: ConstraintEditor-4042: Port 'sys_qspi_csn' lacks attribute 'DRIVE', it's better to set the attribute for port.
W: ConstraintEditor-4042: Port 'sys_qspi_csn' lacks attribute 'BUS_KEEPER', it's better to set the attribute for port.
W: ConstraintEditor-4040: [D:/pango/works/ECSDC_FPGA_2026/prj_tasks/pnr_1/device_map/flash_read_top.pcf(line number: 16)] Port sys_qspi_csn has been placed at location AA3, whose type is share pin.
W: ConstraintEditor-4042: Port 'sys_qspi_sck' lacks attribute 'SLEW', it's better to set the attribute for port.
W: ConstraintEditor-4042: Port 'sys_qspi_sck' lacks attribute 'DRIVE', it's better to set the attribute for port.
W: ConstraintEditor-4042: Port 'sys_qspi_sck' lacks attribute 'BUS_KEEPER', it's better to set the attribute for port.
W: ConstraintEditor-4040: [D:/pango/works/ECSDC_FPGA_2026/prj_tasks/pnr_1/device_map/flash_read_top.pcf(line number: 17)] Port sys_qspi_sck has been placed at location Y20, whose type is share pin.
W: ConstraintEditor-4040: [D:/pango/works/ECSDC_FPGA_2026/prj_tasks/pnr_1/device_map/flash_read_top.pcf(line number: 19)] Port sys_rstn has been placed at location AB13, whose type is share pin.
C: ConstraintEditor-2022: There are some ports' attributes are set to default value, please read [D:/pango/works/ECSDC_FPGA_2026/prj_tasks/pnr_1/place_route/ports_defalut_attribute.txt(line number:0)] to confirm.
Found 0 error(s), 1 critical warning(s), 51 warning(s), out of 17 constraint(s)
Constraint check end.
Total time(hh:mm:ss) of constraint check : 00:00:00
NOTE: The technology fpga was specified.
NOTE: delay_model specified was generic_cmos.
NOTE: Using the fpga syntax tables...
Elaborate the liberty model.
I: Multithreading enabled for Timing using a maximum of 4 processes.
Totals:
 Calls to malloc = 0
 Calls to calloc = 327490

Placement started. Type: EP_COMMON_FLOW.

Stage 1 EP_INIT start.
Stage: after EP_INIT | Time (s): real = 0h:0m:5s ; cpu = 0h:0m:3s ; process = 0h:0m:5s | Memory (MB): curr = 441.839844 ; peak = 442.980469 | Checksum: 47EAD357BC4A82E

Design Layer Utilization:
	LUT: 0.792%
	FF: 0.512%
	DRM: 0.746%
	IO: 4.864%

Stage 2 EP_DL start.
build place dedicate switch graph takes 1.11 sec
Place location constraint group with base node:sys_clk_50mhz_ibuf/opit_1 at IOL_327_210
Place location constraint group with base node:sys_cp2102_tx_obuf/opit_1 at IOL_43_6
Place location constraint group with base node:sys_led_obuf[0]/opit_1 at IOL_19_374
Place location constraint group with base node:sys_led_obuf[1]/opit_1 at IOL_19_373
Place location constraint group with base node:sys_led_obuf[2]/opit_1 at IOL_35_374
Place location constraint group with base node:sys_led_obuf[3]/opit_1 at IOL_35_373
Place location constraint group with base node:sys_led_obuf[4]/opit_1 at IOL_67_374
Place location constraint group with base node:sys_led_obuf[5]/opit_1 at IOL_67_373
Place location constraint group with base node:sys_led_obuf[6]/opit_1 at IOL_47_374
Place location constraint group with base node:sys_led_obuf[7]/opit_1 at IOL_47_373
Place location constraint group with base node:sys_qspi_csn_obuf/opit_1 at IOL_15_5
Place location constraint group with base node:sys_qspi_sck_obuf/opit_1 at IOL_323_6
Place location constraint group with base node:sys_rstn_ibuf/opit_1 at IOL_167_5
Place location constraint group with base node:u_flash_top.u_flash_driver.u_qspi_master_rx.sys_qspi_dq_tri[0]/opit_1 at IOL_315_5
Place location constraint group with base node:u_flash_top.u_flash_driver.u_qspi_master_rx.sys_qspi_dq_tri[1]/opit_1 at IOL_315_6
Place location constraint group with base node:u_flash_top.u_flash_driver.u_qspi_master_rx.sys_qspi_dq_tri[2]/opit_1 at IOL_247_6
Place location constraint group with base node:u_flash_top.u_flash_driver.u_qspi_master_rx.sys_qspi_dq_tri[3]/opit_1 at IOL_247_5
Place location constraint node:BKCL_auto_0 at BKCL_188_376
Place location constraint node:BKCL_auto_1 at BKCL_328_184
Place location constraint node:BKCL_auto_2 at BKCL_192_0
DRCP Convert Loc Constraint successful.

Stage 2.1 pre clock plan start.
Mapping instance GRS_INST/grs to START_324_2.
I: Clock statistic: 1 USCM.
solve clock designs takes 0.00 sec with memory (MB): curr = 515.480469, peak = 519.386719.
Mapping instance clkbufg_0/gopclkbufg to USCM_84_108:impl_uscm_rtb_a-USCM.
Stage: after pre clock plan | Time (s): real = 0h:0m:6s ; cpu = 0h:0m:4s ; process = 0h:0m:7s | Memory (MB): curr = 515.640625 ; peak = 519.386719

Place location constraint node:clkbufg_0/gopclkbufg at USCM_84_108
DRCP Convert Loc Constraint successful.
Stage: after EP_DL | Time (s): real = 0h:0m:6s ; cpu = 0h:0m:4s ; process = 0h:0m:7s | Memory (MB): curr = 515.722656 ; peak = 519.386719 | Checksum: FA7B269BA1DB412A


Stage 3 EP_FIP start.
DRCP Convert Loc Constraint successful.

Stage 3.1 fip global place start.
[GP] num_thread=0
I: Multithreading enabled for place using a maximum of 4 processes.
[GP] Placement Initial Method "Quad".
[GP] Placement Decongestion Mode "1".
[GP] Recovery Analysis in GP "Enable".
I: Loading Timing Delay Info...
I: Load Timing Delay Info successfully.
Init coarse delay table.
Read place coarse delay table takes 0.30 sec.
[GP] Init timing API takes 1.56 sec.
[GP] Init GP graph takes 1.62 sec.
Device graph total memory: 11.16541767 MB
[GP] Read position from netlist take 0 msec
[GP] Total node move: 39031.15, average node move: 93.60
First map gop timing takes 0.00 sec
[GP] SA handle 2 clusters.
[GP] SA init_cost = 73587.500000, final_cost = 73587.500000, final_cost/init_cost = 1.000000, occupied region_num = 2.
[GP] SA Optimize take time: 0.003000 sec.
[GP] Timing analysis take 0.008000 secs.
[GP] MarginTNSS=0, TNSS=0, WSS=8947
[GP] Place thread size: 4
[GP] Node size: 9562, net size: 557
[GP] Design graph total memory: 32.97770405 MB
[GP] Timing analysis take 0.009000 secs.
[GP] MarginTNSS=0, TNSS=0, WSS=11751
[GP] Step 0 take 0.053 secs: WL=2643.70 OF=0.621003
[GP] Timing analysis take 0.008000 secs.
[GP] MarginTNSS=0, TNSS=0, WSS=12649
[GP] Step 1 take 0.331 secs: WL=2100.07 OF=0.488285
[GP] Timing analysis take 0.007000 secs.
[GP] MarginTNSS=0, TNSS=0, WSS=13295
[GP] Step 2 take 0.342 secs: WL=1905.81 OF=0.470172
[GP] Timing analysis take 0.006000 secs.
[GP] MarginTNSS=0, TNSS=0, WSS=13389
[GP] Step 3 take 0.323 secs: WL=1893.11 OF=0.438415
[GP] Timing analysis take 0.007000 secs.
[GP] MarginTNSS=0, TNSS=0, WSS=13438
[GP] Step 4 take 0.324 secs: WL=1838.59 OF=0.366646
[GP] Timing analysis take 0.006000 secs.
[GP] MarginTNSS=0, TNSS=0, WSS=13740
[GP] Step 5 take 0.344 secs: WL=1801.39 OF=0.317016
[GP] Timing analysis take 0.007000 secs.
[GP] MarginTNSS=0, TNSS=0, WSS=14015
[GP] Step 6 take 0.370 secs: WL=1790.45 OF=0.244347
[GP] Timing analysis take 0.007000 secs.
[GP] MarginTNSS=0, TNSS=0, WSS=13977
[GP] Step 7 take 0.328 secs: WL=1793.64 OF=0.189339
[GP] Timing analysis take 0.006000 secs.
[GP] MarginTNSS=0, TNSS=0, WSS=14021
[GP] Step 8 take 0.336 secs: WL=1824.34 OF=0.135766
[GP] Timing analysis take 0.007000 secs.
[GP] MarginTNSS=0, TNSS=0, WSS=13904
[GP] Step 9 take 0.340 secs: WL=1870.49 OF=0.079743
[GP] Timing analysis take 0.007000 secs.
[GP] MarginTNSS=0, TNSS=0, WSS=13903
[GP] Timing analysis take 0.007000 secs.
[GP] MarginTNSS=0, TNSS=0, WSS=13903
[GP] Step 10 take 0.379 secs: WL=2008.62 OF=0.038414
[GP] Timing analysis take 0.009000 secs.
[GP] MarginTNSS=0, TNSS=0, WSS=13903
[GP] Final best WL=2008.622890 OF=0.038414, totally takes 3.482000 secs, run timing analysis 14 times totally takes 0.101000 secs.
[GP] Total node move: 46311.26, average node move: 111.06
[GP] Placer use memory: 14.89938354 MB
Stage: after fip global place | Performance: WL = 1781 ; TNS =  0 ; WNS =  13903 | Time (s): real = 0h:0m:12s ; cpu = 0h:0m:9s ; process = 0h:0m:16s | Memory (MB): curr = 662.531250 ; peak = 679.199219 | Checksum: 8259BE8E15E497BD

Flat initial placement flow takes 4.688.
Stage: after EP_FIP | Performance: WL = 1781 ; TNS =  0 ; WNS =  13903 | Time (s): real = 0h:0m:12s ; cpu = 0h:0m:9s ; process = 0h:0m:16s | Memory (MB): curr = 661.714844 ; peak = 679.199219 | Checksum: 8259BE8E15E497BD


Stage 4 EP_CAGP start.

Stage 4.1 cagp site packing start.
Stage: after pack legalize group | Performance: avg_mov = 0.000000 ; max_mov = 0 ; mov_var = 0.000000
Stage: after cagp site packing | Performance: WL = 4181 | Time (s): real = 0h:0m:12s ; cpu = 0h:0m:9s ; process = 0h:0m:17s | Memory (MB): curr = 683.753906 ; peak = 688.878906 | Checksum: A781BA01E07E1332


Stage 4.2 cagp macro placement start.
Stage: after cagp macro placement | Performance: WL = 4181 | Time (s): real = 0h:0m:12s ; cpu = 0h:0m:9s ; process = 0h:0m:17s | Memory (MB): curr = 684.171875 ; peak = 688.878906 | Checksum: A781BA01E07E1332


Stage 4.3 post clock plan start.
pre solve all clock design takes 0.00 sec with memory (MB): curr = 684.253906, peak = 688.878906.
CRA timing analysis with worst slack 13283 takes 0.00 sec.
CRA cost 61 takes 0.00 sec.
solve all clock design takes 0.00 sec with memory (MB): curr = 684.980469, peak = 688.878906.
expand load region takes 0.00 sec.
Stage: after post clock plan | Time (s): real = 0h:0m:12s ; cpu = 0h:0m:9s ; process = 0h:0m:17s | Memory (MB): curr = 685.117188 ; peak = 688.878906

Movement during CRA, max : (0, 0) , total : (0, 0) , count : 0 , avg : (0, 0) .
Stage: after EP_CAGP | Performance: WL = 4181 ; TNS =  0 ; WNS =  13283 | Time (s): real = 0h:0m:12s ; cpu = 0h:0m:9s ; process = 0h:0m:17s | Memory (MB): curr = 685.148438 ; peak = 688.878906 | Checksum: C07FF7C54083FECA


Stage 5 EP_DRCP start.

Stage 5.1 DRC Placement start.
DRC final successful.
Stage: after DRC Placement | Time (s): real = 0h:0m:12s ; cpu = 0h:0m:9s ; process = 0h:0m:17s | Memory (MB): curr = 685.152344 ; peak = 688.878906


Stage 5.2 IO Placement start.
The average distance in IO place is 0.000000.
Stage: after IO Placement | Time (s): real = 0h:0m:12s ; cpu = 0h:0m:9s ; process = 0h:0m:17s | Memory (MB): curr = 685.316406 ; peak = 688.878906

Stage: after EP_DRCP | Performance: WL = 4181 ; TNS =  0 ; WNS =  13283 | Time (s): real = 0h:0m:12s ; cpu = 0h:0m:9s ; process = 0h:0m:17s | Memory (MB): curr = 685.324219 ; peak = 688.878906 | Checksum: E16AE71191077C3


Stage 6 EP_MP start.

Stage 6.1 macro place start.
The average distance of DRM is 0.000000, The max distance of DRM is 0.000000
Stage: after macro place | Performance: WL = 4198 | Time (s): real = 0h:0m:12s ; cpu = 0h:0m:9s ; process = 0h:0m:17s | Memory (MB): curr = 685.640625 ; peak = 688.878906 | Checksum: 3963EC7F315D9CD7


Stage 6.2 mp post global place start.
[GP] num_thread=0
I: Multithreading enabled for place using a maximum of 4 processes.
[GP] Init timing API takes 0.00 sec.
[GP] Init GP graph takes 0.01 sec.
Device graph total memory: 11.16916370 MB
[GP] Read position from netlist take 0 msec
[GP] Timing analysis take 0.054000 secs.
[GP] MarginTNSS=0, TNSS=0, WSS=13283
[GP] Place thread size: 4
[GP] Node size: 9204, net size: 489
[GP] Design graph total memory: 28.73506355 MB
[GP] Timing analysis take 0.015000 secs.
[GP] MarginTNSS=0, TNSS=0, WSS=13481
[GP] Step 0 take 0.047 secs: WL=3280.24 OF=0.185187
[GP] Timing analysis take 0.006000 secs.
[GP] MarginTNSS=0, TNSS=0, WSS=13819
[GP] Step 1 take 0.161 secs: WL=1987.02 OF=0.271119
[GP] Timing analysis take 0.006000 secs.
[GP] MarginTNSS=0, TNSS=0, WSS=13733
[GP] Step 2 take 0.154 secs: WL=2021.24 OF=0.209392
[GP] Timing analysis take 0.005000 secs.
[GP] MarginTNSS=0, TNSS=0, WSS=13741
[GP] Step 3 take 0.151 secs: WL=2066.00 OF=0.153175
[GP] Timing analysis take 0.006000 secs.
[GP] MarginTNSS=0, TNSS=0, WSS=13798
[GP] Step 4 take 0.150 secs: WL=2119.78 OF=0.101380
[GP] Timing analysis take 0.008000 secs.
[GP] MarginTNSS=0, TNSS=0, WSS=13798
[GP] Final best WL=2147.021715 OF=0.074681, totally takes 0.760000 secs, run timing analysis 7 times totally takes 0.100000 secs.
[GP] Total node move: 978.29, average node move: 5.35
[GP] Placer use memory: 5.89649582 MB
Stage: after mp post global place | Performance: WL = 1951 ; TNS =  0 ; WNS =  13798 | Time (s): real = 0h:0m:13s ; cpu = 0h:0m:10s ; process = 0h:0m:19s | Memory (MB): curr = 682.277344 ; peak = 688.878906 | Checksum: E3463AF9C912BA48

MP flow takes 0.656.
Stage: after EP_MP | Performance: WL = 1951 ; TNS =  0 ; WNS =  13798 | Time (s): real = 0h:0m:13s ; cpu = 0h:0m:10s ; process = 0h:0m:19s | Memory (MB): curr = 682.289062 ; peak = 688.878906 | Checksum: E3463AF9C912BA48


Stage 7 EP_LP start.
Stage: after legalization | Performance: avg_mov = 0.067925 ; max_mov = 1 ; mov_var = 0.063311
Legalize placement flow takes 0.016.
Stage: after EP_LP | Performance: WL = 1972 ; TNS =  0 ; WNS =  13644 | Time (s): real = 0h:0m:13s ; cpu = 0h:0m:10s ; process = 0h:0m:19s | Memory (MB): curr = 685.648438 ; peak = 688.878906 | Checksum: AA55E78505E8AB6F


Stage 8 EP_DP start.
Stage: before DP | Performance: WL = 1972 ; TNS = 0 ; WNS = 13644
Stage: after DP | Performance: WL = 1972 ; TNS = 0 ; WNS = 13644
EP_DP takes 0 sec.
Stage: after EP_DP | Performance: WL = 1972 ; TNS =  0 ; WNS =  13644 | Time (s): real = 0h:0m:13s ; cpu = 0h:0m:10s ; process = 0h:0m:19s | Memory (MB): curr = 687.398438 ; peak = 688.878906 | Checksum: AA55E78505E8AB6F


Stage 9 EP_FP start.
AutoDRC Flow for Design Check After Place Start.
AutoDRC Flow for Design Check After Place End.
Stage: after EP_FP | Performance: WL = 1972 ; TNS =  0 ; WNS =  13644 | Time (s): real = 0h:0m:13s ; cpu = 0h:0m:10s ; process = 0h:0m:19s | Memory (MB): curr = 688.523438 ; peak = 689.765625 | Checksum: 6C17893038BFC0C


Congestion analysis started.
I: Start printing congestion info.
I: Finish printing congestion info.
Congestion analysis takes 0.09 sec.


Device Utilization Summary :
+----------------------------------------------------------------------------+
| Device Type                      | Used     | Available     | Util(%)     
+----------------------------------------------------------------------------+
| CLMA                             | 102      | 6450          | 2           
| + FF                             | 224      | 38700         | 1           
| + LUT                            | 244      | 25800         | 1           
|   + LUT as Logic                 | 244      |               |             
|   + LUT as Const                 | 0        |               |             
|   + LUT as Bypass                | 0        |               |             
| CLMS                             | 37       | 4250          | 1           
| + FF                             | 82       | 25500         | 1           
| + LUT                            | 95       | 17000         | 1           
|   + LUT as Logic                 | 95       |               |             
|   + LUT as Memory                | 0        |               |             
|     + LUT as Distributed RAM     | 0        |               |             
|   + LUT as Const                 | 0        |               |             
|   + LUT as Bypass                | 0        |               |             
| IO                               | 17       | 296           | 6           
| + IOBD                           | 8        | 64            | 13          
| + IOBR_LR                        | 0        | 7             | 0           
| + IOBR_TB                        | 1        | 8             | 13          
| + IOBS_LR                        | 1        | 161           | 1           
| + IOBS_TB                        | 7        | 56            | 13          
| APM                              | 0        | 84            | 0           
| BKCL                             | 3        | 4             | 75          
| CRYSTAL                          | 0        | 2             | 0           
| DLL                              | 0        | 10            | 0           
| DQSL                             | 0        | 18            | 0           
| DRM                              | 1        | 134           | 1           
| FUSECODE                         | 0        | 1             | 0           
| HARD0N1                          | 0        | 6672          | 0           
| HSST                             | 0        | 1             | 0           
| IOCKDIV                          | 0        | 20            | 0           
| IOCKDLY                          | 0        | 40            | 0           
| IOCKGATE                         | 0        | 20            | 0           
| + IOCKGATE as Bypass             | 0        |               |             
| IOL                              | 17       | 400           | 5           
| IPAL                             | 0        | 1             | 0           
| LDO                              | 0        | 4             | 0           
| OSC                              | 0        | 1             | 0           
| PCIE                             | 0        | 1             | 0           
| PLL                              | 0        | 5             | 0           
| RCKB                             | 0        | 24            | 0           
| + RCKB as Bypass                 | 0        |               |             
| RESCAL                           | 0        | 4             | 0           
| SCANCHAIN                        | 0        | 2             | 0           
| START                            | 1        | 1             | 100         
| UDID                             | 0        | 1             | 0           
| USCM                             | 1        | 30            | 4           
| + USCM as Bypass                 | 0        |               |             
+----------------------------------------------------------------------------+

Total placement takes 7.58 sec.
Finished placement.
Design 'flash_read_top' has been placed successfully.
Action place: Real time elapsed is 0h:0m:14s
Action place: CPU time elapsed is 0h:0m:10s
Action place: Process CPU time elapsed is 0h:0m:19s
Action place: Peak memory pool usage is 767 MB

Current time: Thu Oct  1 18:27:25 2026
Action from place to place: Total Real Time elapsed is 0h:0m:28s
Action from place to place: Total CPU time elapsed is 0h:0m:15s
Action from place to place: Total Process CPU Time elapsed is 0h:0m:25s
Process "Place" done.
Executing : wait_on_tasks [get_tasks pnr_1] -to_action place successfully.
Executing : get_tasks pnr_1
Executing : get_tasks pnr_1 successfully.
Executing : launch_tasks [get_tasks pnr_1] -to_action route
 
Command: launch_tasks [get_tasks {pnr_1}] -to_action route
wait_on_tasks [get_tasks {pnr_1}] -to_action route
Process "Route" started.
Current time: Thu Oct  1 18:27:25 2026
Executing : launch_tasks [get_tasks pnr_1] -to_action route successfully.
Executing : get_tasks pnr_1
Executing : get_tasks pnr_1 successfully.
Executing : wait_on_tasks [get_tasks pnr_1] -to_action route
Compiling architecture definition.
Analyzing project file 'D:/pango/works/ECSDC_FPGA_2026/prj_tasks/pnr_1/place_route/route.ptemp'.
#Generated by Fabric Compiler (version 2025.2 build 211867) at Thu Oct  1 18:27:26 2026
Parameters for debugging are loaded as follows:
Compiling verification operator library.
Compiling vendor parameter file.
Compiling common defs.
Compiling prim grid devices.
Compiling place grid timing.
Compiling gate devices.
Compiling gate operators.
Compiling gate operators impls.
Building architecture model.
Loading device packaging model.
Building architecture floorplan logic view.
NOTE: The technology fpga was specified.
NOTE: delay_model specified was generic_cmos.
NOTE: Using the fpga syntax tables...
Elaborate the liberty model.
I: Multithreading enabled for Timing using a maximum of 4 processes.
Totals:
 Calls to malloc = 0
 Calls to calloc = 327490


Routing started.
Build routing arch for double attribute device.
Enter timing driven router mode.
I: Multithreading enabled for route using a maximum of 6 processes.
Building routing graph takes 1.29 sec.
Enable Recovery Analysis in Routing
Init coarse delay table.
I: Loading Timing Delay Info...
I: Load Timing Delay Info successfully.
Read place coarse delay table takes 0.30 sec.
build place dedicate switch graph takes 1.03 sec
Setup STE netlist take 1746 msec.
Slack Weight : 90
CE/RS signal series limit : 500
Dispose control chain take 13 msec.
Collect const net info take 29 msec.
Total nets for routing: 532.
Total loads for routing: 2110.
Direct connect net size: 129
Build all design net take 28 msec.
Processing design graph takes 1.82 sec.
Route info is not supported in this chip.
Delay table total memory: 40.33793831 MB
Route graph total memory: 74.38616276 MB
Route design total memory: 1.47232437 MB
The remaining process takes 0.01 sec.
Stage: after context initialize | Time (s): real = 0h:0m:9s ; cpu = 0h:0m:7s ; process = 0h:0m:10s | Memory (MB): curr = 673.894531 ; peak = 713.320312 | Checksum: 75751D34A63D8266
Global routing takes 0.00 sec.
Pin Cost Increasing Speed 300
Unrouted clock nets at iteration 0 (0.002 sec): 0
Stage: after clock route | Time (s): real = 0h:0m:9s ; cpu = 0h:0m:7s ; process = 0h:0m:10s | Memory (MB): curr = 675.589844 ; peak = 713.320312 | Checksum: 5F0F746E4A39B6BA
Total route nets size: 528
Pre route takes 0.098 sec
Stage: after pre route | Performance: TNS = 0 ; WNS = 14368 ; THS = 0 ; WHS = 208 | Time (s): real = 0h:0m:10s ; cpu = 0h:0m:7s ; process = 0h:0m:10s | Memory (MB): curr = 687.007812 ; peak = 713.320312 | Checksum: 47EBE38B78FBEFD
Unrouted general nets at iteration 3 (MT total route time: 0.043 sec): 382(overused: 1915)
Unrouted general nets at iteration 4 (MT total route time: 0.036 sec): 324(overused: 1336)
Unrouted general nets at iteration 5 (MT total route time: 0.030 sec): 252(overused: 834)
Unrouted general nets at iteration 6 (MT total route time: 0.026 sec): 180(overused: 440)
Unrouted general nets at iteration 7 (MT total route time: 0.018 sec): 133(overused: 301)
Unrouted general nets at iteration 8 (MT total route time: 0.011 sec): 70(overused: 131)
Unrouted general nets at iteration 9 (MT total route time: 0.011 sec): 42(overused: 74)
Unrouted general nets at iteration 10 (MT total route time: 0.010 sec): 22(overused: 34)
Unrouted general nets at iteration 11 (MT total route time: 0.006 sec): 12(overused: 18)
Unrouted general nets at iteration 12 (MT total route time: 0.003 sec): 7(overused: 10)
Unrouted general nets at iteration 13 (MT total route time: 0.002 sec): 4(overused: 4)
Unrouted general nets at iteration 14 (MT total route time: 0.001 sec): 2(overused: 4)
Unrouted general nets at iteration 15 (MT total route time: 0.001 sec): 0(overused: 0)
----General net take 0.000 sec(route net take 0.000 sec, inc cost take 0.000 sec, iter times: 1)
----const net route take 0.001 sec
Unrouted nets at iteration 16 (0.002 sec): 0
Stage: after detail route | Performance: TNS = 0 ; WNS = 13311 ; THS = NA ; WHS = NA | Time (s): real = 0h:0m:10s ; cpu = 0h:0m:7s ; process = 0h:0m:10s | Memory (MB): curr = 689.644531 ; peak = 713.320312 | Checksum: 3C9D47C98C242CF0
Begin rip-up and reroute:
Rip-up and reroute takes 0.01 sec.
Stage: after ripup & reroute | Performance: TNS = 0 ; WNS = 13311 ; THS = NA ; WHS = NA | Time (s): real = 0h:0m:10s ; cpu = 0h:0m:7s ; process = 0h:0m:10s | Memory (MB): curr = 691.085938 ; peak = 713.320312 | Checksum: 91383184FEC1D49
Detailed routing takes 0.73 sec.
Sort Original Nets take 0.002 sec
Check HPIO div result take 0.000 sec
Total net: 532, route succeed net: 532
Generate routing result take 0.001 sec
Handle PERMUX permutation take 0.014 sec
Handle const net take 0.001 sec
Handle route through take 0.004 sec
Used SRB routing arc is 4166.
Stage: after finish route | Performance: TNS = 0 ; WNS = 13311 ; THS = NA ; WHS = NA | Time (s): real = 0h:0m:10s ; cpu = 0h:0m:8s ; process = 0h:0m:11s | Memory (MB): curr = 664.289062 ; peak = 713.320312 | Checksum: C178AF22415525FB
Finish routing takes 0.12 sec.
Total routing takes 4.08 sec.

Device Utilization Summary :
+----------------------------------------------------------------------------+
| Device Type                      | Used     | Available     | Util(%)     
+----------------------------------------------------------------------------+
| CLMA                             | 126      | 6450          | 2           
| + FF                             | 224      | 38700         | 1           
| + LUT                            | 317      | 25800         | 2           
|   + LUT as Logic                 | 244      |               |             
|   + LUT as Const                 | 67       |               |             
|   + LUT as Bypass                | 6        |               |             
| CLMS                             | 40       | 4250          | 1           
| + FF                             | 82       | 25500         | 1           
| + LUT                            | 102      | 17000         | 1           
|   + LUT as Logic                 | 95       |               |             
|   + LUT as Memory                | 0        |               |             
|     + LUT as Distributed RAM     | 0        |               |             
|   + LUT as Const                 | 5        |               |             
|   + LUT as Bypass                | 2        |               |             
| IO                               | 17       | 296           | 6           
| + IOBD                           | 8        | 64            | 13          
| + IOBR_LR                        | 0        | 7             | 0           
| + IOBR_TB                        | 1        | 8             | 13          
| + IOBS_LR                        | 1        | 161           | 1           
| + IOBS_TB                        | 7        | 56            | 13          
| APM                              | 0        | 84            | 0           
| BKCL                             | 3        | 4             | 75          
| CRYSTAL                          | 0        | 2             | 0           
| DLL                              | 0        | 10            | 0           
| DQSL                             | 0        | 18            | 0           
| DRM                              | 1        | 134           | 1           
| FUSECODE                         | 0        | 1             | 0           
| HARD0N1                          | 11       | 6672          | 1           
| HSST                             | 0        | 1             | 0           
| IOCKDIV                          | 0        | 20            | 0           
| IOCKDLY                          | 0        | 40            | 0           
| IOCKGATE                         | 0        | 20            | 0           
| + IOCKGATE as Bypass             | 0        |               |             
| IOL                              | 17       | 400           | 5           
| IPAL                             | 0        | 1             | 0           
| LDO                              | 0        | 4             | 0           
| OSC                              | 0        | 1             | 0           
| PCIE                             | 0        | 1             | 0           
| PLL                              | 0        | 5             | 0           
| RCKB                             | 0        | 24            | 0           
| + RCKB as Bypass                 | 0        |               |             
| RESCAL                           | 0        | 4             | 0           
| SCANCHAIN                        | 0        | 2             | 0           
| START                            | 1        | 1             | 100         
| UDID                             | 0        | 1             | 0           
| USCM                             | 1        | 30            | 4           
| + USCM as Bypass                 | 0        |               |             
+----------------------------------------------------------------------------+

Finished routing. (CPU time elapsed 0h:00m:08s)
Design 'flash_read_top' has been routed successfully.
Saving design to DB.
Action Route: Export DB successfully.
Action route: Real time elapsed is 0h:0m:11s
Action route: CPU time elapsed is 0h:0m:8s
Action route: Process CPU time elapsed is 0h:0m:11s
Action route: Peak memory pool usage is 713 MB

Current time: Thu Oct  1 18:27:35 2026
Action from compile to route: Total Real Time elapsed is 0h:0m:39s
Action from compile to route: Total CPU time elapsed is 0h:0m:23s
Action from compile to route: Total Process CPU Time elapsed is 0h:0m:36s
Process "Route" done.
Executing : wait_on_tasks [get_tasks pnr_1] -to_action route successfully.
Executing : get_tasks pnr_1
Executing : get_tasks pnr_1 successfully.
Executing : launch_tasks [get_tasks pnr_1] -to_action route_optimize
 
Command: launch_tasks [get_tasks {pnr_1}] -to_action route_optimize
wait_on_tasks [get_tasks {pnr_1}] -to_action route_optimize
Process "Route Optimize" started.
Current time: Thu Oct  1 18:27:35 2026
Executing : launch_tasks [get_tasks pnr_1] -to_action route_optimize successfully.
Executing : get_tasks pnr_1
Executing : get_tasks pnr_1 successfully.
Executing : wait_on_tasks [get_tasks pnr_1] -to_action route_optimize
Compiling architecture definition.
Analyzing project file 'D:/pango/works/ECSDC_FPGA_2026/prj_tasks/pnr_1/place_route/route_optimize.ptemp'.
#Generated by Fabric Compiler (version 2025.2 build 211867) at Thu Oct  1 18:27:36 2026
Parameters for debugging are loaded as follows:
Compiling verification operator library.
Compiling vendor parameter file.
Compiling common defs.
Compiling prim grid devices.
Compiling place grid timing.
Compiling gate devices.
Compiling gate operators.
Compiling gate operators impls.
Building architecture model.
Loading device packaging model.
Building architecture floorplan logic view.
NOTE: The technology fpga was specified.
NOTE: delay_model specified was generic_cmos.
NOTE: Using the fpga syntax tables...
Elaborate the liberty model.
I: Multithreading enabled for Timing using a maximum of 4 processes.
Totals:
 Calls to malloc = 0
 Calls to calloc = 327490


Route Optimize started.
Build routing arch for double attribute device.
Enter timing driven router mode.
I: Multithreading enabled for route using a maximum of 6 processes.
Read Column Clock Map.
Building routing graph takes 1.29 sec.
Total nets for routing: 617.
Total loads for routing: 2110.
Direct connect net size: 129
Build all design net take 17 msec.
Processing design graph takes 0.02 sec.
Route info is not supported in this chip.
Delay table total memory: 40.33793831 MB
Route graph total memory: 74.39455509 MB
Route design total memory: 0.44655228 MB
The remaining process takes 0.01 sec.
Stage: after context initialize in post route | Time (s): real = 0h:0m:8s ; cpu = 0h:0m:5s ; process = 0h:0m:8s | Memory (MB): curr = 634.171875 ; peak = 666.753906 | Checksum: C4A1F003FAD0C52A
Load route result takes 0.01 sec
Fix Hold Violation Threshold For Clock Path Cross SRB(ps) : 200
Fix Hold Violation Threshold For Clock Path On Clock Tree(ps) : 100
Hold fix to no violation.
Hold fix to threshold
Stage: after hold fix | Performance: TNS = 0 ; WNS = 13304 ; THS = 0 ; WHS = 206 | Time (s): real = 0h:0m:8s ; cpu = 0h:0m:6s ; process = 0h:0m:8s | Memory (MB): curr = 649.808594 ; peak = 666.753906 | Checksum: EE25AB5B2AA489A2
Hold Violation Fix in router takes 0.21 sec.
Sort Original Nets take 0.000 sec
Total net: 617, route succeed net: 617
Generate routing result take 0.002 sec
Handle PERMUX permutation take 0.001 sec
Handle const net take 0.000 sec
Handle route through take 0.003 sec
Used SRB routing arc is 4166.
Stage: after finish post route | Performance: TNS = 0 ; WNS = 13304 ; THS = NA ; WHS = NA | Time (s): real = 0h:0m:8s ; cpu = 0h:0m:6s ; process = 0h:0m:8s | Memory (MB): curr = 651.160156 ; peak = 666.753906 | Checksum: 9B351A17A280D222
Finish post route takes 0.11 sec.
Total post route takes 1.86 sec.

Device Utilization Summary :
+----------------------------------------------------------------------------+
| Device Type                      | Used     | Available     | Util(%)     
+----------------------------------------------------------------------------+
| CLMA                             | 126      | 6450          | 2           
| + FF                             | 224      | 38700         | 1           
| + LUT                            | 317      | 25800         | 2           
|   + LUT as Logic                 | 244      |               |             
|   + LUT as Const                 | 67       |               |             
|   + LUT as Bypass                | 6        |               |             
| CLMS                             | 40       | 4250          | 1           
| + FF                             | 82       | 25500         | 1           
| + LUT                            | 102      | 17000         | 1           
|   + LUT as Logic                 | 95       |               |             
|   + LUT as Memory                | 0        |               |             
|     + LUT as Distributed RAM     | 0        |               |             
|   + LUT as Const                 | 5        |               |             
|   + LUT as Bypass                | 2        |               |             
| IO                               | 17       | 296           | 6           
| + IOBD                           | 8        | 64            | 13          
| + IOBR_LR                        | 0        | 7             | 0           
| + IOBR_TB                        | 1        | 8             | 13          
| + IOBS_LR                        | 1        | 161           | 1           
| + IOBS_TB                        | 7        | 56            | 13          
| APM                              | 0        | 84            | 0           
| BKCL                             | 3        | 4             | 75          
| CRYSTAL                          | 0        | 2             | 0           
| DLL                              | 0        | 10            | 0           
| DQSL                             | 0        | 18            | 0           
| DRM                              | 1        | 134           | 1           
| FUSECODE                         | 0        | 1             | 0           
| HARD0N1                          | 11       | 6672          | 1           
| HSST                             | 0        | 1             | 0           
| IOCKDIV                          | 0        | 20            | 0           
| IOCKDLY                          | 0        | 40            | 0           
| IOCKGATE                         | 0        | 20            | 0           
| + IOCKGATE as Bypass             | 0        |               |             
| IOL                              | 17       | 400           | 5           
| IPAL                             | 0        | 1             | 0           
| LDO                              | 0        | 4             | 0           
| OSC                              | 0        | 1             | 0           
| PCIE                             | 0        | 1             | 0           
| PLL                              | 0        | 5             | 0           
| RCKB                             | 0        | 24            | 0           
| + RCKB as Bypass                 | 0        |               |             
| RESCAL                           | 0        | 4             | 0           
| SCANCHAIN                        | 0        | 2             | 0           
| START                            | 1        | 1             | 100         
| UDID                             | 0        | 1             | 0           
| USCM                             | 1        | 30            | 4           
| + USCM as Bypass                 | 0        |               |             
+----------------------------------------------------------------------------+

Finished route optimize. (CPU time elapsed 0h:00m:06s)
Design 'flash_read_top' has been routed successfully.
Saving design to DB.
Action Route Optimize: Export DB successfully.
Action route_optimize: Real time elapsed is 0h:0m:8s
Action route_optimize: CPU time elapsed is 0h:0m:6s
Action route_optimize: Process CPU time elapsed is 0h:0m:9s
Action route_optimize: Peak memory pool usage is 666 MB

Current time: Thu Oct  1 18:27:42 2026
Action from compile to route_optimize: Total Real Time elapsed is 0h:0m:47s
Action from compile to route_optimize: Total CPU time elapsed is 0h:0m:29s
Action from compile to route_optimize: Total Process CPU Time elapsed is 0h:0m:45s
Process "Route Optimize" done.
Executing : wait_on_tasks [get_tasks pnr_1] -to_action route_optimize successfully.
Executing : get_tasks pnr_1
Executing : get_tasks pnr_1 successfully.
Executing : launch_tasks [get_tasks pnr_1] -to_action report_timing
 
Command: launch_tasks [get_tasks {pnr_1}] -to_action report_timing
wait_on_tasks [get_tasks {pnr_1}] -to_action report_timing
Process "Report Timing" started.
Current time: Thu Oct  1 18:27:43 2026
Executing : launch_tasks [get_tasks pnr_1] -to_action report_timing successfully.
Executing : get_tasks pnr_1
Executing : get_tasks pnr_1 successfully.
Executing : wait_on_tasks [get_tasks pnr_1] -to_action report_timing
Compiling architecture definition.
Analyzing project file 'D:/pango/works/ECSDC_FPGA_2026/prj_tasks/pnr_1/report_timing/report_timing.ptemp'.
#Generated by Fabric Compiler (version 2025.2 build 211867) at Thu Oct  1 18:27:43 2026
Parameters for debugging are loaded as follows:
Compiling verification operator library.
Compiling vendor parameter file.
Compiling common defs.
Compiling prim grid devices.
Compiling place grid timing.
Compiling gate devices.
Compiling gate operators.
Compiling gate operators impls.
Building architecture model.
Loading device packaging model.
Reading design from pnr DB.
Start Report Post-PnR timing.
NOTE: The technology fpga was specified.
NOTE: delay_model specified was generic_cmos.
NOTE: Using the fpga syntax tables...
Elaborate the liberty model.
I: Multithreading enabled for Timing using a maximum of 4 processes.
Totals:
 Calls to malloc = 0
 Calls to calloc = 327490

Constructing timing graph ...
Timing graph has been constructed successfully
W: Timing-4086: Port 'sys_qspi_dq[0]' is not constrained, it is treated as combinational input.
W: Timing-4087: Port 'sys_qspi_dq[0]' is not constrained, it is treated as combinational output.
W: Timing-4086: Port 'sys_qspi_dq[1]' is not constrained, it is treated as combinational input.
W: Timing-4087: Port 'sys_qspi_dq[1]' is not constrained, it is treated as combinational output.
W: Timing-4086: Port 'sys_qspi_dq[2]' is not constrained, it is treated as combinational input.
W: Timing-4087: Port 'sys_qspi_dq[2]' is not constrained, it is treated as combinational output.
W: Timing-4086: Port 'sys_qspi_dq[3]' is not constrained, it is treated as combinational input.
W: Timing-4087: Port 'sys_qspi_dq[3]' is not constrained, it is treated as combinational output.
W: Timing-4087: Port 'sys_cp2102_tx' is not constrained, it is treated as combinational output.
W: Timing-4087: Port 'sys_led[0]' is not constrained, it is treated as combinational output.
W: Timing-4087: Port 'sys_led[1]' is not constrained, it is treated as combinational output.
W: Timing-4087: Port 'sys_led[2]' is not constrained, it is treated as combinational output.
W: Timing-4087: Port 'sys_led[3]' is not constrained, it is treated as combinational output.
W: Timing-4087: Port 'sys_led[4]' is not constrained, it is treated as combinational output.
W: Timing-4087: Port 'sys_led[5]' is not constrained, it is treated as combinational output.
W: Timing-4087: Port 'sys_led[6]' is not constrained, it is treated as combinational output.
W: Timing-4087: Port 'sys_led[7]' is not constrained, it is treated as combinational output.
W: Timing-4087: Port 'sys_qspi_csn' is not constrained, it is treated as combinational output.
W: Timing-4087: Port 'sys_qspi_sck' is not constrained, it is treated as combinational output.
W: Timing-4086: Port 'sys_rstn' is not constrained, it is treated as combinational input.
Action Report Timing: Export DB successfully.
Report timing is finished successfully.
Action report_timing: Real time elapsed is 0h:0m:5s
Action report_timing: CPU time elapsed is 0h:0m:3s
Action report_timing: Process CPU time elapsed is 0h:0m:5s
Action report_timing: Peak memory pool usage is 424 MB

Current time: Thu Oct  1 18:27:47 2026
Action from compile to report_timing: Total Real Time elapsed is 0h:0m:52s
Action from compile to report_timing: Total CPU time elapsed is 0h:0m:32s
Action from compile to report_timing: Total Process CPU Time elapsed is 0h:0m:50s
Process "Report Timing" done.
Executing : wait_on_tasks [get_tasks pnr_1] -to_action report_timing successfully.
Executing : get_tasks pnr_1
Executing : get_tasks pnr_1 successfully.
Executing : launch_tasks [get_tasks pnr_1] -to_action gen_bit_stream
 
Command: launch_tasks [get_tasks {pnr_1}] -to_action gen_bit_stream
wait_on_tasks [get_tasks {pnr_1}] -to_action gen_bit_stream
Process "Generate Bitstream" started.
Current time: Thu Oct  1 18:27:47 2026
Executing : launch_tasks [get_tasks pnr_1] -to_action gen_bit_stream successfully.
Executing : get_tasks pnr_1
Executing : get_tasks pnr_1 successfully.
Executing : wait_on_tasks [get_tasks pnr_1] -to_action gen_bit_stream
Compiling architecture definition.
Analyzing project file 'D:/pango/works/ECSDC_FPGA_2026/prj_tasks/pnr_1/generate_bitstream/gen_bit_stream.ptemp'.
#Generated by Fabric Compiler (version 2025.2 build 211867) at Thu Oct  1 18:27:48 2026
Parameters for debugging are loaded as follows:
Compiling verification operator library.
Compiling vendor parameter file.
Compiling common defs.
Compiling prim grid devices.
Compiling place grid timing.
Compiling gate devices.
Compiling gate operators.
Compiling gate operators impls.
Building architecture model.
Loading device packaging model.
Reading design from DB.
NOTE: The technology fpga was specified.
NOTE: delay_model specified was generic_cmos.
NOTE: Using the fpga syntax tables...
Elaborate the liberty model.
I: Multithreading enabled for Timing using a maximum of 4 processes.
Totals:
 Calls to malloc = 0
 Calls to calloc = 327490

Start Generating Programming File...
Reading design from DB takes 0.250000 sec.
Generating architecture configuration.
I: Multithreading enabled for bit stream using a maximum of 2 processes.
Bit Gen CPU time: 0.781250
The bitstream file is "D:/pango/works/ECSDC_FPGA_2026/prj_tasks/pnr_1/generate_bitstream/flash_read_top.sbit"
Generate programming file takes 2.312500 sec.
Generating Programming File done.
Action gen_bit_stream: Real time elapsed is 0h:0m:8s
Action gen_bit_stream: CPU time elapsed is 0h:0m:5s
Action gen_bit_stream: Process CPU time elapsed is 0h:0m:8s
Action gen_bit_stream: Peak memory pool usage is 653 MB

Current time: Thu Oct  1 18:27:54 2026
Action from compile to gen_bit_stream: Total Real Time elapsed is 0h:1m:0s
Action from compile to gen_bit_stream: Total CPU time elapsed is 0h:0m:37s
Action from compile to gen_bit_stream: Total Process CPU Time elapsed is 0h:0m:58s
Process "Generate Bitstream" done.
Executing : wait_on_tasks [get_tasks pnr_1] -to_action gen_bit_stream successfully.


Executing : save_project
Executing : save_project successfully.
