#Build: Fabric Compiler 2025.2, Build 211867, Jan 16 16:10 2026
#Install: D:\pango\PDS_2025.2-ads\bin
#Application name: pds_shell.exe
#OS: Windows 11 10.0.26100
#CPU: Unknown
#RAM(GB): 16
#Hostname: hustlyrm
#Generated by Fabric Compiler (version 2025.2 build 211867) at Thu Oct  1 18:41:48 2026
Compiling architecture definition.
Analyzing project file 'D:/pango/works/ECSDC_FPGA_2026/prj_tasks/syn_1/compile/compile.ptemp'.
#Generated by Fabric Compiler (version 2025.2 build 211867) at Thu Oct  1 18:41:49 2026
Parameters for debugging are loaded as follows:
License checkout: fabric_ads from D:/pango/PDS_2025.2-ads/new_pds_F4A80DA47D72.lic
Compiling verification operator library.
Compiling vendor parameter file.
Loading technology operator library.
Compiling technology operator library.
Compiling technology operator (valence) library.
I: Enable Verilog2k features and keywords
Start rtl-analyze.
I: Include path: D:/pango/works/ECSDC_FPGA_2026
I: Verilog-0001: Analyzing file D:/pango/works/ECSDC_FPGA_2026/Designs/flash_read_top.v.
I: Verilog-0002: [D:/pango/works/ECSDC_FPGA_2026/Designs/flash_read_top.v(line number: 2)] Analyzing module flash_read_top (library work).
Parsing done.
I: Verilog-0001: Analyzing file D:/pango/works/ECSDC_FPGA_2026/Designs/Hardware/cp2102/cp2102_driver.v.
I: Verilog-0002: [D:/pango/works/ECSDC_FPGA_2026/Designs/Hardware/cp2102/cp2102_driver.v(line number: 6)] Analyzing module cp2102 (library work).
I: Verilog-0002: [D:/pango/works/ECSDC_FPGA_2026/Designs/Hardware/cp2102/cp2102_driver.v(line number: 208)] Analyzing module cp2102_uart_tx (library work).
Parsing done.
I: Verilog-0001: Analyzing file D:/pango/works/ECSDC_FPGA_2026/Designs/Hardware/cp2102/cp2102_top.v.
I: Verilog-0002: [D:/pango/works/ECSDC_FPGA_2026/Designs/Hardware/cp2102/cp2102_top.v(line number: 2)] Analyzing module cp2102_top (library work).
Parsing done.
I: Verilog-0001: Analyzing file D:/pango/works/ECSDC_FPGA_2026/Designs/Hardware/flash/flash_driver.v.
I: Verilog-0002: [D:/pango/works/ECSDC_FPGA_2026/Designs/Hardware/flash/flash_driver.v(line number: 4)] Analyzing module flash_driver (library work).
Parsing done.
I: Verilog-0001: Analyzing file D:/pango/works/ECSDC_FPGA_2026/Designs/Hardware/flash/flash_top.v.
I: Verilog-0002: [D:/pango/works/ECSDC_FPGA_2026/Designs/Hardware/flash/flash_top.v(line number: 2)] Analyzing module flash_top (library work).
Parsing done.
I: Verilog-0001: Analyzing file D:/pango/works/ECSDC_FPGA_2026/Designs/Driver/spi/qspi_master_rx.v.
I: Verilog-0002: [D:/pango/works/ECSDC_FPGA_2026/Designs/Driver/spi/qspi_master_rx.v(line number: 4)] Analyzing module qspi_master_rx (library work).
Parsing done.
I: Verilog-0001: Analyzing file D:/pango/works/ECSDC_FPGA_2026/Designs/Driver/uart/uart_tx.v.
I: Verilog-0002: [D:/pango/works/ECSDC_FPGA_2026/Designs/Driver/uart/uart_tx.v(line number: 5)] Analyzing module uart_tx (library work).
Parsing done.
I: Verilog-0001: Analyzing file D:/pango/works/ECSDC_FPGA_2026/Designs/Driver/uart/uart_rx.v.
I: Verilog-0002: [D:/pango/works/ECSDC_FPGA_2026/Designs/Driver/uart/uart_rx.v(line number: 3)] Analyzing module uart_rx (library work).
Parsing done.
I: Verilog-0001: Analyzing file D:/pango/works/ECSDC_FPGA_2026/Designs/Hardware/led/led_top.v.
I: Verilog-0002: [D:/pango/works/ECSDC_FPGA_2026/Designs/Hardware/led/led_top.v(line number: 2)] Analyzing module led_top (library work).
Parsing done.
I: Verilog-0001: Analyzing file D:/pango/works/ECSDC_FPGA_2026/ipcore/cp2102_tx_fifo/rtl/ipml_fifo_ctrl_v1_14_cp2102_tx_fifo.v.
I: Verilog-0002: [D:/pango/works/ECSDC_FPGA_2026/ipcore/cp2102_tx_fifo/rtl/ipml_fifo_ctrl_v1_14_cp2102_tx_fifo.v(line number: 18)] Analyzing module ipml_fifo_ctrl_v1_14_cp2102_tx_fifo (library cp2102_tx_fifo).
I: [D:/pango/works/ECSDC_FPGA_2026/ipcore/cp2102_tx_fifo/rtl/ipml_fifo_ctrl_v1_14_cp2102_tx_fifo.v(line number: 56)] Convert attribute name from syn_preserve to PAP_PRESERVE
I: [D:/pango/works/ECSDC_FPGA_2026/ipcore/cp2102_tx_fifo/rtl/ipml_fifo_ctrl_v1_14_cp2102_tx_fifo.v(line number: 58)] Convert attribute name from syn_preserve to PAP_PRESERVE
I: [D:/pango/works/ECSDC_FPGA_2026/ipcore/cp2102_tx_fifo/rtl/ipml_fifo_ctrl_v1_14_cp2102_tx_fifo.v(line number: 69)] Convert attribute name from syn_preserve to PAP_PRESERVE
I: [D:/pango/works/ECSDC_FPGA_2026/ipcore/cp2102_tx_fifo/rtl/ipml_fifo_ctrl_v1_14_cp2102_tx_fifo.v(line number: 71)] Convert attribute name from syn_preserve to PAP_PRESERVE
I: [D:/pango/works/ECSDC_FPGA_2026/ipcore/cp2102_tx_fifo/rtl/ipml_fifo_ctrl_v1_14_cp2102_tx_fifo.v(line number: 99)] Convert attribute name from syn_preserve to PAP_PRESERVE
I: [D:/pango/works/ECSDC_FPGA_2026/ipcore/cp2102_tx_fifo/rtl/ipml_fifo_ctrl_v1_14_cp2102_tx_fifo.v(line number: 100)] Convert attribute name from syn_preserve to PAP_PRESERVE
Parsing done.
I: Verilog-0001: Analyzing file D:/pango/works/ECSDC_FPGA_2026/ipcore/cp2102_tx_fifo/rtl/ipml_sdpram_v1_13_cp2102_tx_fifo.v.
I: Verilog-0002: [D:/pango/works/ECSDC_FPGA_2026/ipcore/cp2102_tx_fifo/rtl/ipml_sdpram_v1_13_cp2102_tx_fifo.v(line number: 18)] Analyzing module ipml_sdpram_v1_13_cp2102_tx_fifo (library cp2102_tx_fifo).
W: Verilog-2064: [D:/pango/works/ECSDC_FPGA_2026/ipcore/cp2102_tx_fifo/rtl/ipml_sdpram_v1_13_cp2102_tx_fifo.v(line number: 305)] Within an initial construct, only memory $readmemh/$readmemb initialization and variable initialization statements are supported and other statements will be ignored. Simulation mismatch may occur.
Parsing done.
I: Verilog-0001: Analyzing file D:/pango/works/ECSDC_FPGA_2026/ipcore/cp2102_tx_fifo/rtl/ipml_fifo_v1_14_cp2102_tx_fifo.v.
I: Verilog-0002: [D:/pango/works/ECSDC_FPGA_2026/ipcore/cp2102_tx_fifo/rtl/ipml_fifo_v1_14_cp2102_tx_fifo.v(line number: 23)] Analyzing module ipml_fifo_v1_14_cp2102_tx_fifo (library cp2102_tx_fifo).
Parsing done.
I: Verilog-0001: Analyzing file D:/pango/works/ECSDC_FPGA_2026/ipcore/cp2102_tx_fifo/cp2102_tx_fifo.v.
I: Verilog-0002: [D:/pango/works/ECSDC_FPGA_2026/ipcore/cp2102_tx_fifo/cp2102_tx_fifo.v(line number: 16)] Analyzing module cp2102_tx_fifo (library cp2102_tx_fifo).
Parsing done.
I: Verilog-0001: Analyzing file D:/pango/works/ECSDC_FPGA_2026/ipcore/flash_rx_fifo/rtl/ipml_fifo_ctrl_v1_14_flash_rx_fifo.v.
I: Verilog-0002: [D:/pango/works/ECSDC_FPGA_2026/ipcore/flash_rx_fifo/rtl/ipml_fifo_ctrl_v1_14_flash_rx_fifo.v(line number: 18)] Analyzing module ipml_fifo_ctrl_v1_14_flash_rx_fifo (library flash_rx_fifo).
I: [D:/pango/works/ECSDC_FPGA_2026/ipcore/flash_rx_fifo/rtl/ipml_fifo_ctrl_v1_14_flash_rx_fifo.v(line number: 56)] Convert attribute name from syn_preserve to PAP_PRESERVE
I: [D:/pango/works/ECSDC_FPGA_2026/ipcore/flash_rx_fifo/rtl/ipml_fifo_ctrl_v1_14_flash_rx_fifo.v(line number: 58)] Convert attribute name from syn_preserve to PAP_PRESERVE
I: [D:/pango/works/ECSDC_FPGA_2026/ipcore/flash_rx_fifo/rtl/ipml_fifo_ctrl_v1_14_flash_rx_fifo.v(line number: 69)] Convert attribute name from syn_preserve to PAP_PRESERVE
I: [D:/pango/works/ECSDC_FPGA_2026/ipcore/flash_rx_fifo/rtl/ipml_fifo_ctrl_v1_14_flash_rx_fifo.v(line number: 71)] Convert attribute name from syn_preserve to PAP_PRESERVE
I: [D:/pango/works/ECSDC_FPGA_2026/ipcore/flash_rx_fifo/rtl/ipml_fifo_ctrl_v1_14_flash_rx_fifo.v(line number: 99)] Convert attribute name from syn_preserve to PAP_PRESERVE
I: [D:/pango/works/ECSDC_FPGA_2026/ipcore/flash_rx_fifo/rtl/ipml_fifo_ctrl_v1_14_flash_rx_fifo.v(line number: 100)] Convert attribute name from syn_preserve to PAP_PRESERVE
Parsing done.
I: Verilog-0001: Analyzing file D:/pango/works/ECSDC_FPGA_2026/ipcore/flash_rx_fifo/rtl/ipml_sdpram_v1_13_flash_rx_fifo.v.
I: Verilog-0002: [D:/pango/works/ECSDC_FPGA_2026/ipcore/flash_rx_fifo/rtl/ipml_sdpram_v1_13_flash_rx_fifo.v(line number: 18)] Analyzing module ipml_sdpram_v1_13_flash_rx_fifo (library flash_rx_fifo).
W: Verilog-2064: [D:/pango/works/ECSDC_FPGA_2026/ipcore/flash_rx_fifo/rtl/ipml_sdpram_v1_13_flash_rx_fifo.v(line number: 305)] Within an initial construct, only memory $readmemh/$readmemb initialization and variable initialization statements are supported and other statements will be ignored. Simulation mismatch may occur.
Parsing done.
I: Verilog-0001: Analyzing file D:/pango/works/ECSDC_FPGA_2026/ipcore/flash_rx_fifo/rtl/ipml_fifo_v1_14_flash_rx_fifo.v.
I: Verilog-0002: [D:/pango/works/ECSDC_FPGA_2026/ipcore/flash_rx_fifo/rtl/ipml_fifo_v1_14_flash_rx_fifo.v(line number: 23)] Analyzing module ipml_fifo_v1_14_flash_rx_fifo (library flash_rx_fifo).
Parsing done.
I: Verilog-0001: Analyzing file D:/pango/works/ECSDC_FPGA_2026/ipcore/flash_rx_fifo/flash_rx_fifo.v.
I: Verilog-0002: [D:/pango/works/ECSDC_FPGA_2026/ipcore/flash_rx_fifo/flash_rx_fifo.v(line number: 16)] Analyzing module flash_rx_fifo (library flash_rx_fifo).
Parsing done.
I: Verilog-0001: Analyzing file D:/pango/works/ECSDC_FPGA_2026/ipcore/pll_50mhz/pll_50mhz.v.
I: Verilog-0002: [D:/pango/works/ECSDC_FPGA_2026/ipcore/pll_50mhz/pll_50mhz.v(line number: 18)] Analyzing module pll_50mhz (library pll_50mhz).
Parsing done.
I: Module "flash_read_top" is set as top module
Executing : rtl-analyze successfully. Time elapsed: 1.506s wall, 0.031s user + 0.000s system = 0.031s CPU (2.1%). Peak memory used: 177 MB.

Start rtl-elaborate.
I: Verilog-0003: [D:/pango/works/ECSDC_FPGA_2026/Designs/flash_read_top.v(line number: 2)] Elaborating module flash_read_top.
I: Verilog-0004: [D:/pango/works/ECSDC_FPGA_2026/Designs/flash_read_top.v(line number: 50)] Elaborating instance u_cp2102_top.
I: Verilog-0003: [D:/pango/works/ECSDC_FPGA_2026/Designs/Hardware/cp2102/cp2102_top.v(line number: 2)] Elaborating module cp2102_top.
I: Module instance {flash_read_top/u_cp2102_top} parameter value:
    UART_CLK_FREQ = 32'sh2FAF080 | 50000000 | 32'sb00000010111110101111000010000000
    UART_BAUD_RATE = 32'shE1000 | 921600 | 32'sb00000000000011100001000000000000
    PAYLOAD_WORDS = 32'sh8 | 8 | 32'sb00000000000000000000000000001000
I: Verilog-0004: [D:/pango/works/ECSDC_FPGA_2026/Designs/Hardware/cp2102/cp2102_top.v(line number: 21)] Elaborating instance u_cp2102.
I: Verilog-0003: [D:/pango/works/ECSDC_FPGA_2026/Designs/Hardware/cp2102/cp2102_driver.v(line number: 6)] Elaborating module cp2102.
I: Module instance {flash_read_top/u_cp2102_top/u_cp2102} parameter value:
    SYS_CLK_FREQ = 32'sh2FAF080 | 50000000 | 32'sb00000010111110101111000010000000
    UART_CLK_FREQ = 32'sh2FAF080 | 50000000 | 32'sb00000010111110101111000010000000
    BAUD_RATE = 32'shE1000 | 921600 | 32'sb00000000000011100001000000000000
    DATA_BITS = 32'sh8 | 8 | 32'sb00000000000000000000000000001000
    PARITY = NONE
    STOP_BITS = 32'sh1 | 1 | 32'sb00000000000000000000000000000001
    PAYLOAD_WORDS = 32'sh8 | 8 | 32'sb00000000000000000000000000001000
I: Verilog-0004: [D:/pango/works/ECSDC_FPGA_2026/Designs/Hardware/cp2102/cp2102_driver.v(line number: 38)] Elaborating instance u_cp2102_tx_fifo.
I: Verilog-0003: [D:/pango/works/ECSDC_FPGA_2026/ipcore/cp2102_tx_fifo/cp2102_tx_fifo.v(line number: 16)] Elaborating module cp2102_tx_fifo.
I: Verilog-0004: [D:/pango/works/ECSDC_FPGA_2026/ipcore/cp2102_tx_fifo/cp2102_tx_fifo.v(line number: 174)] Elaborating instance U_ipml_fifo_cp2102_tx_fifo.
I: Verilog-0003: [D:/pango/works/ECSDC_FPGA_2026/ipcore/cp2102_tx_fifo/rtl/ipml_fifo_v1_14_cp2102_tx_fifo.v(line number: 23)] Elaborating module ipml_fifo_v1_14_cp2102_tx_fifo.
I: Module instance {flash_read_top/u_cp2102_top/u_cp2102/u_cp2102_tx_fifo/U_ipml_fifo_cp2102_tx_fifo} parameter value:
    c_SIM_DEVICE = LOGOS
    c_WR_DEPTH_WIDTH = 32'sh9 | 9 | 32'sb00000000000000000000000000001001
    c_WR_DATA_WIDTH = 32'sh20 | 32 | 32'sb00000000000000000000000000100000
    c_RD_DEPTH_WIDTH = 32'sh9 | 9 | 32'sb00000000000000000000000000001001
    c_RD_DATA_WIDTH = 32'sh20 | 32 | 32'sb00000000000000000000000000100000
    c_OUTPUT_REG = 32'sh0 | 0 | 32'sb00000000000000000000000000000000
    c_RD_OCE_EN = 32'sh0 | 0 | 32'sb00000000000000000000000000000000
    c_RESET_TYPE = ASYNC_RESET
    c_POWER_OPT = 32'sh0 | 0 | 32'sb00000000000000000000000000000000
    c_RD_CLK_OR_POL_INV = 32'sh0 | 0 | 32'sb00000000000000000000000000000000
    c_WR_BYTE_EN = 32'sh0 | 0 | 32'sb00000000000000000000000000000000
    c_BE_WIDTH = 32'sh1 | 1 | 32'sb00000000000000000000000000000001
    c_FIFO_TYPE = ASYN
    c_ALMOST_FULL_NUM = 32'sh1C | 28 | 32'sb00000000000000000000000000011100
    c_ALMOST_EMPTY_NUM = 32'sh4 | 4 | 32'sb00000000000000000000000000000100
    c_DATA_VALID_EN = 32'sh0 | 0 | 32'sb00000000000000000000000000000000
    c_PREFETCH_EN = 32'sh0 | 0 | 32'sb00000000000000000000000000000000
I: Verilog-0004: [D:/pango/works/ECSDC_FPGA_2026/ipcore/cp2102_tx_fifo/rtl/ipml_fifo_v1_14_cp2102_tx_fifo.v(line number: 96)] Elaborating instance U_ipml_sdpram.
I: Verilog-0003: [D:/pango/works/ECSDC_FPGA_2026/ipcore/cp2102_tx_fifo/rtl/ipml_sdpram_v1_13_cp2102_tx_fifo.v(line number: 18)] Elaborating module ipml_sdpram_v1_13_cp2102_tx_fifo.
I: Module instance {flash_read_top/u_cp2102_top/u_cp2102/u_cp2102_tx_fifo/U_ipml_fifo_cp2102_tx_fifo/U_ipml_sdpram} parameter value:
    c_SIM_DEVICE = LOGOS
    c_WR_ADDR_WIDTH = 32'sh9 | 9 | 32'sb00000000000000000000000000001001
    c_WR_DATA_WIDTH = 32'sh20 | 32 | 32'sb00000000000000000000000000100000
    c_RD_ADDR_WIDTH = 32'sh9 | 9 | 32'sb00000000000000000000000000001001
    c_RD_DATA_WIDTH = 32'sh20 | 32 | 32'sb00000000000000000000000000100000
    c_OUTPUT_REG = 32'sh0 | 0 | 32'sb00000000000000000000000000000000
    c_RD_OCE_EN = 32'sh0 | 0 | 32'sb00000000000000000000000000000000
    c_WR_ADDR_STROBE_EN = 32'sh0 | 0 | 32'sb00000000000000000000000000000000
    c_RD_ADDR_STROBE_EN = 32'sh0 | 0 | 32'sb00000000000000000000000000000000
    c_WR_CLK_EN = 32'sh1 | 1 | 32'sb00000000000000000000000000000001
    c_RD_CLK_EN = 32'sh1 | 1 | 32'sb00000000000000000000000000000001
    c_RD_CLK_OR_POL_INV = 32'sh0 | 0 | 32'sb00000000000000000000000000000000
    c_RESET_TYPE = ASYNC_RESET
    c_POWER_OPT = 32'sh0 | 0 | 32'sb00000000000000000000000000000000
    c_INIT_FILE = NONE
    c_INIT_FORMAT = BIN
    c_WR_BYTE_EN = 32'sh0 | 0 | 32'sb00000000000000000000000000000000
    c_BE_WIDTH = 32'sh1 | 1 | 32'sb00000000000000000000000000000001
W: Verilog-2039: [D:/pango/works/ECSDC_FPGA_2026/ipcore/cp2102_tx_fifo/rtl/ipml_sdpram_v1_13_cp2102_tx_fifo.v(line number: 472)] Value of replication constant '(CAS_DATA_WIDTH_A - c_WR_DATA_WIDTH)' in multiple concatenation is 0.
W: Verilog-2039: [D:/pango/works/ECSDC_FPGA_2026/ipcore/cp2102_tx_fifo/rtl/ipml_sdpram_v1_13_cp2102_tx_fifo.v(line number: 474)] Value of replication constant '(ADDR_WIDTH_A - c_WR_ADDR_WIDTH)' in multiple concatenation is 0.
W: Verilog-2038: [D:/pango/works/ECSDC_FPGA_2026/ipcore/cp2102_tx_fifo/rtl/ipml_sdpram_v1_13_cp2102_tx_fifo.v(line number: 484)] This case item expression '1' never match with the case expression 'DRM_DATA_WIDTH_A'.
W: Verilog-2038: [D:/pango/works/ECSDC_FPGA_2026/ipcore/cp2102_tx_fifo/rtl/ipml_sdpram_v1_13_cp2102_tx_fifo.v(line number: 485)] This case item expression '2' never match with the case expression 'DRM_DATA_WIDTH_A'.
W: Verilog-2038: [D:/pango/works/ECSDC_FPGA_2026/ipcore/cp2102_tx_fifo/rtl/ipml_sdpram_v1_13_cp2102_tx_fifo.v(line number: 486)] This case item expression '4' never match with the case expression 'DRM_DATA_WIDTH_A'.
W: Verilog-2038: [D:/pango/works/ECSDC_FPGA_2026/ipcore/cp2102_tx_fifo/rtl/ipml_sdpram_v1_13_cp2102_tx_fifo.v(line number: 487)] This case item expression '8' never match with the case expression 'DRM_DATA_WIDTH_A'.
W: Verilog-2038: [D:/pango/works/ECSDC_FPGA_2026/ipcore/cp2102_tx_fifo/rtl/ipml_sdpram_v1_13_cp2102_tx_fifo.v(line number: 487)] This case item expression '9' never match with the case expression 'DRM_DATA_WIDTH_A'.
W: Verilog-2038: [D:/pango/works/ECSDC_FPGA_2026/ipcore/cp2102_tx_fifo/rtl/ipml_sdpram_v1_13_cp2102_tx_fifo.v(line number: 488)] This case item expression '18' never match with the case expression 'DRM_DATA_WIDTH_A'.
W: Verilog-2038: [D:/pango/works/ECSDC_FPGA_2026/ipcore/cp2102_tx_fifo/rtl/ipml_sdpram_v1_13_cp2102_tx_fifo.v(line number: 484)] This case item expression '1' never match with the case expression 'DRM_DATA_WIDTH_A'.
W: Verilog-2038: [D:/pango/works/ECSDC_FPGA_2026/ipcore/cp2102_tx_fifo/rtl/ipml_sdpram_v1_13_cp2102_tx_fifo.v(line number: 485)] This case item expression '2' never match with the case expression 'DRM_DATA_WIDTH_A'.
W: Verilog-2038: [D:/pango/works/ECSDC_FPGA_2026/ipcore/cp2102_tx_fifo/rtl/ipml_sdpram_v1_13_cp2102_tx_fifo.v(line number: 486)] This case item expression '4' never match with the case expression 'DRM_DATA_WIDTH_A'.
W: Verilog-2038: [D:/pango/works/ECSDC_FPGA_2026/ipcore/cp2102_tx_fifo/rtl/ipml_sdpram_v1_13_cp2102_tx_fifo.v(line number: 487)] This case item expression '8' never match with the case expression 'DRM_DATA_WIDTH_A'.
W: Verilog-2038: [D:/pango/works/ECSDC_FPGA_2026/ipcore/cp2102_tx_fifo/rtl/ipml_sdpram_v1_13_cp2102_tx_fifo.v(line number: 487)] This case item expression '9' never match with the case expression 'DRM_DATA_WIDTH_A'.
W: Verilog-2038: [D:/pango/works/ECSDC_FPGA_2026/ipcore/cp2102_tx_fifo/rtl/ipml_sdpram_v1_13_cp2102_tx_fifo.v(line number: 488)] This case item expression '18' never match with the case expression 'DRM_DATA_WIDTH_A'.
W: Verilog-2039: [D:/pango/works/ECSDC_FPGA_2026/ipcore/cp2102_tx_fifo/rtl/ipml_sdpram_v1_13_cp2102_tx_fifo.v(line number: 620)] Value of replication constant '(ADDR_WIDTH_B - c_RD_ADDR_WIDTH)' in multiple concatenation is 0.
W: Verilog-2038: [D:/pango/works/ECSDC_FPGA_2026/ipcore/cp2102_tx_fifo/rtl/ipml_sdpram_v1_13_cp2102_tx_fifo.v(line number: 674)] This case item expression '1' never match with the case expression 'DRM_DATA_WIDTH_B'.
W: Verilog-2038: [D:/pango/works/ECSDC_FPGA_2026/ipcore/cp2102_tx_fifo/rtl/ipml_sdpram_v1_13_cp2102_tx_fifo.v(line number: 675)] This case item expression '2' never match with the case expression 'DRM_DATA_WIDTH_B'.
W: Verilog-2038: [D:/pango/works/ECSDC_FPGA_2026/ipcore/cp2102_tx_fifo/rtl/ipml_sdpram_v1_13_cp2102_tx_fifo.v(line number: 676)] This case item expression '4' never match with the case expression 'DRM_DATA_WIDTH_B'.
W: Verilog-2038: [D:/pango/works/ECSDC_FPGA_2026/ipcore/cp2102_tx_fifo/rtl/ipml_sdpram_v1_13_cp2102_tx_fifo.v(line number: 677)] This case item expression '8' never match with the case expression 'DRM_DATA_WIDTH_B'.
W: Verilog-2038: [D:/pango/works/ECSDC_FPGA_2026/ipcore/cp2102_tx_fifo/rtl/ipml_sdpram_v1_13_cp2102_tx_fifo.v(line number: 677)] This case item expression '9' never match with the case expression 'DRM_DATA_WIDTH_B'.
W: Verilog-2038: [D:/pango/works/ECSDC_FPGA_2026/ipcore/cp2102_tx_fifo/rtl/ipml_sdpram_v1_13_cp2102_tx_fifo.v(line number: 678)] This case item expression '18' never match with the case expression 'DRM_DATA_WIDTH_B'.
I: Verilog-0004: [D:/pango/works/ECSDC_FPGA_2026/ipcore/cp2102_tx_fifo/rtl/ipml_sdpram_v1_13_cp2102_tx_fifo.v(line number: 839)] Elaborating instance U_GTP_DRM9K.
I: Verilog-0004: [D:/pango/works/ECSDC_FPGA_2026/ipcore/cp2102_tx_fifo/rtl/ipml_sdpram_v1_13_cp2102_tx_fifo.v(line number: 839)] Elaborating instance U_GTP_DRM9K.
I: Sdm-0004: [D:/pango/works/ECSDC_FPGA_2026/ipcore/cp2102_tx_fifo/rtl/ipml_sdpram_v1_13_cp2102_tx_fifo.v(line number: 47)] Input port wr_byte_en in module ipml_sdpram_v1_13_cp2102_tx_fifo has no load.
W: Verilog-2020: [D:/pango/works/ECSDC_FPGA_2026/ipcore/cp2102_tx_fifo/rtl/ipml_sdpram_v1_13_cp2102_tx_fifo.v(line number: 760)] Net DA_bus[8] in ipml_sdpram_v1_13_cp2102_tx_fifo(original module ipml_sdpram_v1_13_cp2102_tx_fifo) does not have a driver, tie it to 0.
W: Verilog-2020: [D:/pango/works/ECSDC_FPGA_2026/ipcore/cp2102_tx_fifo/rtl/ipml_sdpram_v1_13_cp2102_tx_fifo.v(line number: 760)] Net DA_bus[17] in ipml_sdpram_v1_13_cp2102_tx_fifo(original module ipml_sdpram_v1_13_cp2102_tx_fifo) does not have a driver, tie it to 0.
W: Verilog-2020: [D:/pango/works/ECSDC_FPGA_2026/ipcore/cp2102_tx_fifo/rtl/ipml_sdpram_v1_13_cp2102_tx_fifo.v(line number: 760)] Net DA_bus[26] in ipml_sdpram_v1_13_cp2102_tx_fifo(original module ipml_sdpram_v1_13_cp2102_tx_fifo) does not have a driver, tie it to 0.
W: Verilog-2020: [D:/pango/works/ECSDC_FPGA_2026/ipcore/cp2102_tx_fifo/rtl/ipml_sdpram_v1_13_cp2102_tx_fifo.v(line number: 760)] Net DA_bus[35] in ipml_sdpram_v1_13_cp2102_tx_fifo(original module ipml_sdpram_v1_13_cp2102_tx_fifo) does not have a driver, tie it to 0.
W: Verilog-2020: [D:/pango/works/ECSDC_FPGA_2026/ipcore/cp2102_tx_fifo/rtl/ipml_sdpram_v1_13_cp2102_tx_fifo.v(line number: 761)] Net DB_bus[8] in ipml_sdpram_v1_13_cp2102_tx_fifo(original module ipml_sdpram_v1_13_cp2102_tx_fifo) does not have a driver, tie it to 0.
W: Verilog-2020: [D:/pango/works/ECSDC_FPGA_2026/ipcore/cp2102_tx_fifo/rtl/ipml_sdpram_v1_13_cp2102_tx_fifo.v(line number: 761)] Net DB_bus[17] in ipml_sdpram_v1_13_cp2102_tx_fifo(original module ipml_sdpram_v1_13_cp2102_tx_fifo) does not have a driver, tie it to 0.
W: Verilog-2020: [D:/pango/works/ECSDC_FPGA_2026/ipcore/cp2102_tx_fifo/rtl/ipml_sdpram_v1_13_cp2102_tx_fifo.v(line number: 761)] Net DB_bus[26] in ipml_sdpram_v1_13_cp2102_tx_fifo(original module ipml_sdpram_v1_13_cp2102_tx_fifo) does not have a driver, tie it to 0.
W: Verilog-2020: [D:/pango/works/ECSDC_FPGA_2026/ipcore/cp2102_tx_fifo/rtl/ipml_sdpram_v1_13_cp2102_tx_fifo.v(line number: 761)] Net DB_bus[35] in ipml_sdpram_v1_13_cp2102_tx_fifo(original module ipml_sdpram_v1_13_cp2102_tx_fifo) does not have a driver, tie it to 0.
I: Verilog-0004: [D:/pango/works/ECSDC_FPGA_2026/ipcore/cp2102_tx_fifo/rtl/ipml_fifo_v1_14_cp2102_tx_fifo.v(line number: 127)] Elaborating instance U_ipml_fifo_ctrl.
I: Verilog-0003: [D:/pango/works/ECSDC_FPGA_2026/ipcore/cp2102_tx_fifo/rtl/ipml_fifo_ctrl_v1_14_cp2102_tx_fifo.v(line number: 18)] Elaborating module ipml_fifo_ctrl_v1_14_cp2102_tx_fifo.
I: Module instance {flash_read_top/u_cp2102_top/u_cp2102/u_cp2102_tx_fifo/U_ipml_fifo_cp2102_tx_fifo/U_ipml_fifo_ctrl} parameter value:
    c_WR_DEPTH_WIDTH = 32'sh9 | 9 | 32'sb00000000000000000000000000001001
    c_RD_DEPTH_WIDTH = 32'sh9 | 9 | 32'sb00000000000000000000000000001001
    c_FIFO_TYPE = ASYN
    c_ALMOST_FULL_NUM = 32'sh1C | 28 | 32'sb00000000000000000000000000011100
    c_ALMOST_EMPTY_NUM = 32'sh4 | 4 | 32'sb00000000000000000000000000000100
    c_PREFETCH_EN = 32'sh0 | 0 | 32'sb00000000000000000000000000000000
    c_DATA_VALID_EN = 32'sh0 | 0 | 32'sb00000000000000000000000000000000
    c_OUTPUT_REG = 32'sh0 | 0 | 32'sb00000000000000000000000000000000
    c_FAB_REG = 32'sh0 | 0 | 32'sb00000000000000000000000000000000
    c_RD_CLK_OR_POL_INV = 32'sh0 | 0 | 32'sb00000000000000000000000000000000
W: Verilog-2039: [D:/pango/works/ECSDC_FPGA_2026/ipcore/cp2102_tx_fifo/rtl/ipml_fifo_ctrl_v1_14_cp2102_tx_fifo.v(line number: 652)] Value of replication constant '(c_RD_DEPTH_WIDTH - c_WR_DEPTH_WIDTH)' in multiple concatenation is 0.
I: Verilog-0004: [D:/pango/works/ECSDC_FPGA_2026/Designs/Hardware/cp2102/cp2102_driver.v(line number: 101)] Elaborating instance u_uart_tx.
I: Verilog-0003: [D:/pango/works/ECSDC_FPGA_2026/Designs/Hardware/cp2102/cp2102_driver.v(line number: 208)] Elaborating module cp2102_uart_tx.
I: Module instance {flash_read_top/u_cp2102_top/u_cp2102/u_uart_tx} parameter value:
    UART_CLK_FREQ = 32'sh2FAF080 | 50000000 | 32'sb00000010111110101111000010000000
    BAUD_RATE = 32'shE1000 | 921600 | 32'sb00000000000011100001000000000000
    DATA_BITS = 32'sh8 | 8 | 32'sb00000000000000000000000000001000
    PARITY = NONE
    STOP_BITS = 32'sh1 | 1 | 32'sb00000000000000000000000000000001
I: Verilog-0004: [D:/pango/works/ECSDC_FPGA_2026/Designs/flash_read_top.v(line number: 61)] Elaborating instance u_led_top.
I: Verilog-0003: [D:/pango/works/ECSDC_FPGA_2026/Designs/Hardware/led/led_top.v(line number: 2)] Elaborating module led_top.
I: Verilog-0004: [D:/pango/works/ECSDC_FPGA_2026/Designs/flash_read_top.v(line number: 31)] Elaborating instance u_flash_top.
I: Verilog-0003: [D:/pango/works/ECSDC_FPGA_2026/Designs/Hardware/flash/flash_top.v(line number: 2)] Elaborating module flash_top.
I: Module instance {flash_read_top/u_flash_top} parameter value:
    QSPI_CLK_FREQ = 32'sh2FAF080 | 50000000 | 32'sb00000010111110101111000010000000
    QSPI_SCK_FREQ = 32'shBEBC20 | 12500000 | 32'sb00000000101111101011110000100000
    QSPI_MODE = 32'sh0 | 0 | 32'sb00000000000000000000000000000000
    FLASH_READ_OPCODE = 8'h6B | 8'd107 | 8'b01101011
    HASH_ADDRESS = 24'h202000 | 24'd2105344 | 24'b001000000010000000000000
    FLASH_DUMMY_CYCLES = 8'h8 | 8'd8 | 8'b00001000
    FLASH_BYTE_COUNT = 32'sh20 | 32 | 32'sb00000000000000000000000000100000
I: Verilog-0004: [D:/pango/works/ECSDC_FPGA_2026/Designs/Hardware/flash/flash_top.v(line number: 32)] Elaborating instance u_flash_driver.
I: Verilog-0003: [D:/pango/works/ECSDC_FPGA_2026/Designs/Hardware/flash/flash_driver.v(line number: 4)] Elaborating module flash_driver.
I: Module instance {flash_read_top/u_flash_top/u_flash_driver} parameter value:
    QSPI_CLK_FREQ = 32'sh2FAF080 | 50000000 | 32'sb00000010111110101111000010000000
    QSPI_SCK_FREQ = 32'shBEBC20 | 12500000 | 32'sb00000000101111101011110000100000
    QSPI_MODE = 32'sh0 | 0 | 32'sb00000000000000000000000000000000
    FLASH_READ_OPCODE = 8'h6B | 8'd107 | 8'b01101011
    FLASH_START_ADDRESS = 24'h202000 | 24'd2105344 | 24'b001000000010000000000000
    FLASH_DUMMY_CYCLES = 8'h8 | 8'd8 | 8'b00001000
    FLASH_BYTE_COUNT = 32'sh20 | 32 | 32'sb00000000000000000000000000100000
I: Verilog-0004: [D:/pango/works/ECSDC_FPGA_2026/Designs/Hardware/flash/flash_driver.v(line number: 41)] Elaborating instance u_qspi_master_rx.
I: Verilog-0003: [D:/pango/works/ECSDC_FPGA_2026/Designs/Driver/spi/qspi_master_rx.v(line number: 4)] Elaborating module qspi_master_rx.
I: Module instance {flash_read_top/u_flash_top/u_flash_driver/u_qspi_master_rx} parameter value:
    QSPI_CLK_FREQ = 32'sh2FAF080 | 50000000 | 32'sb00000010111110101111000010000000
    QSPI_SCK_FREQ = 32'shBEBC20 | 12500000 | 32'sb00000000101111101011110000100000
    QSPI_MODE = 32'sh0 | 0 | 32'sb00000000000000000000000000000000
    READ_OPCODE = 8'h6B | 8'd107 | 8'b01101011
    READ_START_ADDRESS = 24'h202000 | 24'd2105344 | 24'b001000000010000000000000
    READ_DUMMY_CYCLES = 8'h8 | 8'd8 | 8'b00001000
    INIT_QUAD_ENABLE = 32'sh1 | 1 | 32'sb00000000000000000000000000000001
    INIT_CS_HIGH_CYCLES = 32'sh4 | 4 | 32'sb00000000000000000000000000000100
    QE_INIT_DELAY_CYCLES = 32'shF4240 | 1000000 | 32'sb00000000000011110100001001000000
W: Verilog-2038: [D:/pango/works/ECSDC_FPGA_2026/Designs/Driver/spi/qspi_master_rx.v(line number: 95)] This case item expression '8'bzzzzzzzz' never match with the case expression 'value'.
W: Verilog-2038: [D:/pango/works/ECSDC_FPGA_2026/Designs/Driver/spi/qspi_master_rx.v(line number: 105)] This case item expression '24'bzzzzzzzzzzzzzzzzzzzzzzzz' never match with the case expression 'value'.
W: Verilog-2038: [D:/pango/works/ECSDC_FPGA_2026/Designs/Driver/spi/qspi_master_rx.v(line number: 115)] This case item expression '8'bzzzzzzzz' never match with the case expression 'value'.
Executing : rtl-elaborate successfully. Time elapsed: 0.063s wall, 0.062s user + 0.000s system = 0.062s CPU (99.9%). Peak memory used: 187 MB.

Start rtl-prep.
W: Sdm-2020: [D:/pango/works/ECSDC_FPGA_2026/ipcore/cp2102_tx_fifo/rtl/ipml_sdpram_v1_13_cp2102_tx_fifo.v(line number: 627)] Unused register rd_addr_bsel_rd_ce was removed.
W: Sdm-2020: [D:/pango/works/ECSDC_FPGA_2026/ipcore/cp2102_tx_fifo/rtl/ipml_sdpram_v1_13_cp2102_tx_fifo.v(line number: 1047)] Unused register addr_bus_rd_ce was removed.
W: Sdm-2020: [D:/pango/works/ECSDC_FPGA_2026/ipcore/cp2102_tx_fifo/rtl/ipml_sdpram_v1_13_cp2102_tx_fifo.v(line number: 1054)] Unused register addr_bus_rd_oce was removed.
W: Sdm-2020: [D:/pango/works/ECSDC_FPGA_2026/ipcore/cp2102_tx_fifo/rtl/ipml_sdpram_v1_13_cp2102_tx_fifo.v(line number: 1061)] Unused register addr_bus_rd_invt was removed.
Executing : rtl-prep successfully. Time elapsed: 0.021s wall, 0.031s user + 0.000s system = 0.031s CPU (146.0%). Peak memory used: 187 MB.

Start rtl-infer.
Start DFF-inference.
C: Sdm-3003: [D:/pango/works/ECSDC_FPGA_2026/Designs/Driver/spi/qspi_master_rx.v(line number: 200)] Reduce accumulator init_wait_count size from 32 to 20.
W: Sdm-2000: [D:/pango/works/ECSDC_FPGA_2026/Designs/Driver/spi/qspi_master_rx.v(line number: 200)] Removed register node u_flash_top/u_flash_driver/u_qspi_master_rx/init_wait_count[31] that is stuck at constant 0.
W: Sdm-2000: [D:/pango/works/ECSDC_FPGA_2026/Designs/Driver/spi/qspi_master_rx.v(line number: 200)] Removed register node u_flash_top/u_flash_driver/u_qspi_master_rx/init_wait_count[30] that is stuck at constant 0.
W: Sdm-2000: [D:/pango/works/ECSDC_FPGA_2026/Designs/Driver/spi/qspi_master_rx.v(line number: 200)] Removed register node u_flash_top/u_flash_driver/u_qspi_master_rx/init_wait_count[29] that is stuck at constant 0.
W: Sdm-2000: [D:/pango/works/ECSDC_FPGA_2026/Designs/Driver/spi/qspi_master_rx.v(line number: 200)] Removed register node u_flash_top/u_flash_driver/u_qspi_master_rx/init_wait_count[28] that is stuck at constant 0.
W: Sdm-2000: [D:/pango/works/ECSDC_FPGA_2026/Designs/Driver/spi/qspi_master_rx.v(line number: 200)] Removed register node u_flash_top/u_flash_driver/u_qspi_master_rx/init_wait_count[27] that is stuck at constant 0.
W: Sdm-2000: [D:/pango/works/ECSDC_FPGA_2026/Designs/Driver/spi/qspi_master_rx.v(line number: 200)] Removed register node u_flash_top/u_flash_driver/u_qspi_master_rx/init_wait_count[26] that is stuck at constant 0.
W: Sdm-2000: [D:/pango/works/ECSDC_FPGA_2026/Designs/Driver/spi/qspi_master_rx.v(line number: 200)] Removed register node u_flash_top/u_flash_driver/u_qspi_master_rx/init_wait_count[25] that is stuck at constant 0.
W: Sdm-2000: [D:/pango/works/ECSDC_FPGA_2026/Designs/Driver/spi/qspi_master_rx.v(line number: 200)] Removed register node u_flash_top/u_flash_driver/u_qspi_master_rx/init_wait_count[24] that is stuck at constant 0.
W: Sdm-2000: [D:/pango/works/ECSDC_FPGA_2026/Designs/Driver/spi/qspi_master_rx.v(line number: 200)] Removed register node u_flash_top/u_flash_driver/u_qspi_master_rx/init_wait_count[23] that is stuck at constant 0.
W: Sdm-2000: [D:/pango/works/ECSDC_FPGA_2026/Designs/Driver/spi/qspi_master_rx.v(line number: 200)] Removed register node u_flash_top/u_flash_driver/u_qspi_master_rx/init_wait_count[22] that is stuck at constant 0.
W: Sdm-2000: [D:/pango/works/ECSDC_FPGA_2026/Designs/Driver/spi/qspi_master_rx.v(line number: 200)] Removed register node u_flash_top/u_flash_driver/u_qspi_master_rx/init_wait_count[21] that is stuck at constant 0.
W: Sdm-2000: [D:/pango/works/ECSDC_FPGA_2026/Designs/Driver/spi/qspi_master_rx.v(line number: 200)] Removed register node u_flash_top/u_flash_driver/u_qspi_master_rx/init_wait_count[20] that is stuck at constant 0.
Executing : DFF-inference successfully.
W: Sdm-2000: [D:/pango/works/ECSDC_FPGA_2026/ipcore/cp2102_tx_fifo/rtl/ipml_sdpram_v1_13_cp2102_tx_fifo.v(line number: 556)] Removed register node u_cp2102_top/u_cp2102/u_cp2102_tx_fifo/U_ipml_fifo_cp2102_tx_fifo/U_ipml_sdpram/wr_cs_bit2_bus_ff[0] that is stuck at constant 0.
W: Sdm-2000: [D:/pango/works/ECSDC_FPGA_2026/ipcore/cp2102_tx_fifo/rtl/ipml_sdpram_v1_13_cp2102_tx_fifo.v(line number: 556)] Removed register node u_cp2102_top/u_cp2102/u_cp2102_tx_fifo/U_ipml_fifo_cp2102_tx_fifo/U_ipml_sdpram/wr_cs_bit0_ff that is stuck at constant 0.
W: Sdm-2000: [D:/pango/works/ECSDC_FPGA_2026/ipcore/cp2102_tx_fifo/rtl/ipml_sdpram_v1_13_cp2102_tx_fifo.v(line number: 556)] Removed register node u_cp2102_top/u_cp2102/u_cp2102_tx_fifo/U_ipml_fifo_cp2102_tx_fifo/U_ipml_sdpram/wr_cs_bit1_bus_ff[0] that is stuck at constant 0.
W: Sdm-2000: [D:/pango/works/ECSDC_FPGA_2026/ipcore/cp2102_tx_fifo/rtl/ipml_sdpram_v1_13_cp2102_tx_fifo.v(line number: 745)] Removed register node u_cp2102_top/u_cp2102/u_cp2102_tx_fifo/U_ipml_fifo_cp2102_tx_fifo/U_ipml_sdpram/rd_cs_bit0_ff that is stuck at constant 0.
W: Sdm-2000: [D:/pango/works/ECSDC_FPGA_2026/ipcore/cp2102_tx_fifo/rtl/ipml_sdpram_v1_13_cp2102_tx_fifo.v(line number: 745)] Removed register node u_cp2102_top/u_cp2102/u_cp2102_tx_fifo/U_ipml_fifo_cp2102_tx_fifo/U_ipml_sdpram/rd_cs_bit1_bus_ff[0] that is stuck at constant 0.
W: Sdm-2000: [D:/pango/works/ECSDC_FPGA_2026/ipcore/cp2102_tx_fifo/rtl/ipml_sdpram_v1_13_cp2102_tx_fifo.v(line number: 745)] Removed register node u_cp2102_top/u_cp2102/u_cp2102_tx_fifo/U_ipml_fifo_cp2102_tx_fifo/U_ipml_sdpram/rd_cs_bit2_bus_ff[0] that is stuck at constant 0.
I: Removed inst frame_sent that is redundant to frame_done.
Executing : rtl-infer successfully. Time elapsed: 0.412s wall, 0.188s user + 0.203s system = 0.391s CPU (94.8%). Peak memory used: 189 MB.

Start rtl-control-opt.
Executing : rtl-control-opt successfully. Time elapsed: 0.040s wall, 0.000s user + 0.031s system = 0.031s CPU (78.1%). Peak memory used: 189 MB.

Start rtl-data-opt.
Executing : rtl-data-opt successfully. Time elapsed: 0.017s wall, 0.000s user + 0.016s system = 0.016s CPU (91.0%). Peak memory used: 189 MB.

Start FSM inference.
I: FSM tx_state_fsm[3:0] inferred.
FSM tx_state_fsm[3:0] STG:
Number of reachable states: 9
Input nets: N66 N206 N208 header_byte_index tx_fifo_rd_empty_inv tx_mode[1:0] uart_busy 
S0(0000)-->S1(0001): 1xxxxxxx
S1(0001)-->S2(0010): xxxxxxx0
S2(0010)-->S3(0011): xxxxxxx1
S3(0011)-->S1(0001): xxx0x000
S3(0011)-->S4(0100): xxx1x000
S3(0011)-->S4(0100): x01xx010
S3(0011)-->S6(0110): xx0xx010
S3(0011)-->S7(0111): x11xx010
S3(0011)-->S8(1000): xxxxx100
S4(0100)-->S5(0101): xxxx1xxx
S5(0101)-->S6(0110): xxxxxxxx
S6(0110)-->S2(0010): xxxxxxx0
S7(0111)-->S2(0010): xxxxxxx0
S8(1000)-->S2(0010): xxxxxxx0
S3(0011)-->S0(0000): xxxxx110

I: FSM tx_mode_fsm[1:0] inferred.
FSM tx_mode_fsm[1:0] STG:
Number of reachable states: 4
Input nets: N215 N218 N254 N284 header_byte_index uart_busy_inv 
S0(00)-->S1(01): x1xx11
S1(01)-->S2(10): x1x1x1
S2(10)-->S3(11): x1xxx1
S0(00)-->S0(00): xx1xxx
S1(01)-->S0(00): xx1xxx
S2(10)-->S0(00): xx1xxx
S3(11)-->S0(00): xx1xxx
S0(00)-->S1(01): 1xxxxx
S1(01)-->S1(01): 1xxxxx
S2(10)-->S1(01): 1xxxxx
S3(11)-->S1(01): 1xxxxx

I: FSM byte_index_fsm[1:0] inferred.
FSM byte_index_fsm[1:0] STG:
Number of reachable states: 4
Input nets: 
S0(00)-->S1(01): x
S1(01)-->S2(10): x
S2(10)-->S3(11): x
S3(11)-->S0(00): x

I: FSM uart_state_fsm[2:0] inferred.
FSM uart_state_fsm[2:0] STG:
Number of reachable states: 4
Input nets: N143 N148 bit_done uart_data_valid_tx 
S0(000)-->S1(001): xxx1
S1(001)-->S2(010): xx1x
S2(010)-->S3(100): x1xx
S2(010)-->S3(100): x11x
S3(100)-->S0(000): 1xxx

I: FSM state_current_fsm[3:0] inferred.
FSM state_current_fsm[3:0] STG:
Number of reachable states: 10
Input nets: N68_inv N86_inv N107_inv N480 N481 N485 N486 init_done_inv rx_data_ready sck_reg_inv sck_tick 
S0(0000)-->S1(0001): xxxxxxx0xxx
S0(0000)-->S5(0101): xxxxxxx1xxx
S1(0001)-->S2(0010): xxx1xxxxx11
S2(0010)-->S3(0011): xxxxx10xx11
S2(0010)-->S4(0100): xxxxx11xx11
S3(0011)-->S4(0100): 1xxxxxxxx11
S2(0010)-->S4(0100): 1xxxx11xx11
S3(0011)-->S4(0100): 1xxxx11xx11
S4(0100)-->S4(0100): xxxxxxxxxxx
S5(0101)-->S6(0110): xxx1xxxxx11
S6(0110)-->S7(0111): x1xxxxxxxxx
S7(0111)-->S8(1000): xxx1xxxxx11
S8(1000)-->S9(1001): xxxx1xxxx11
S9(1001)-->S0(0000): xx1xxxxxxxx

Executing : FSM inference successfully. Time elapsed: 0.061s wall, 0.016s user + 0.047s system = 0.062s CPU (101.7%). Peak memory used: 190 MB.

Start sdm2adm.
I: Constant propagation done on N954 (bmsREDOR).
I: Constant propagation done on N955 (bmsREDOR).
I: Constant propagation done on N304 (bmsWIDEMUX).
I: Constant propagation done on N334 (bmsWIDEMUX).
I: Constant propagation done on N335 (bmsWIDEMUX).
I: Constant propagation done on N654 (bmsWIDEMUX).
I: Constant propagation done on N743 (bmsWIDEMUX).
I: Constant propagation done on N335 (bmsWIDEMUX).
I: Constant propagation done on N252 (bmsWIDEMUX).
I: Constant propagation done on N334 (bmsWIDEMUX).
Executing : sdm2adm successfully. Time elapsed: 0.034s wall, 0.016s user + 0.016s system = 0.031s CPU (91.3%). Peak memory used: 201 MB.

Saving design to DB.
Action Compile: Export DB successfully.
Action compile: Real time elapsed is 0h:0m:5s
Action compile: CPU time elapsed is 0h:0m:1s
Action compile: Process CPU time elapsed is 0h:0m:1s
Action compile: Peak memory pool usage is 201 MB

Current time: Thu Oct  1 18:41:52 2026
Action from compile to compile: Total Real Time elapsed is 0h:0m:5s
Action from compile to compile: Total CPU time elapsed is 0h:0m:1s
Action from compile to compile: Total Process CPU Time elapsed is 0h:0m:1s
Compiling architecture definition.
Analyzing project file 'D:/pango/works/ECSDC_FPGA_2026/prj_tasks/syn_1/synthesize/synthesize.ptemp'.
#Generated by Fabric Compiler (version 2025.2 build 211867) at Thu Oct  1 18:41:53 2026
Parameters for debugging are loaded as follows:
License checkout: fabric_ads from D:/pango/PDS_2025.2-ads/new_pds_F4A80DA47D72.lic
Compiling verification operator library.
Compiling vendor parameter file.
Compiling common defs.
Loading technology operator library.
Compiling technology operator library.
Compiling technology operator (valence) library.
Reading design from compile DB
NOTE: The technology fpga was specified.
NOTE: delay_model specified was generic_cmos.
NOTE: Using the fpga syntax tables...
Elaborate the liberty model.
I: Multithreading enabled for Timing using a maximum of 4 processes.
Totals:
 Calls to malloc = 0
 Calls to calloc = 111555

Reading design from compile DB successfully.
Constraint check start.
Compiling prim grid devices.
Building architecture model.
Loading device packaging model.
Building architecture floorplan logic view.
W: ConstraintEditor-4040: [D:/pango/works/ECSDC_FPGA_2026/Constraints/flash/flash.fdc(line number: 5)] Port p:sys_qspi_csn has been placed at location AA3, whose type is share pin.
W: ConstraintEditor-4040: [D:/pango/works/ECSDC_FPGA_2026/Constraints/system/system.fdc(line number: 8)] Port p:sys_rstn has been placed at location AB13, whose type is share pin.
W: ConstraintEditor-4040: [D:/pango/works/ECSDC_FPGA_2026/Constraints/flash/flash.fdc(line number: 9)] Port p:sys_qspi_sck has been placed at location Y20, whose type is share pin.
W: ConstraintEditor-4040: [D:/pango/works/ECSDC_FPGA_2026/Constraints/flash/flash.fdc(line number: 13)] Port p:sys_qspi_dq[0] has been placed at location AB20, whose type is share pin.
W: ConstraintEditor-4040: [D:/pango/works/ECSDC_FPGA_2026/Constraints/flash/flash.fdc(line number: 17)] Port p:sys_qspi_dq[1] has been placed at location AA20, whose type is share pin.
W: ConstraintEditor-4040: [D:/pango/works/ECSDC_FPGA_2026/Constraints/flash/flash.fdc(line number: 21)] Port p:sys_qspi_dq[2] has been placed at location R13, whose type is share pin.
W: ConstraintEditor-4040: [D:/pango/works/ECSDC_FPGA_2026/Constraints/flash/flash.fdc(line number: 25)] Port p:sys_qspi_dq[3] has been placed at location T14, whose type is share pin.
W: ConstraintEditor-4042: Port 'p:sys_qspi_csn' lacks attribute 'PAP_IO_DRIVE', it's better to set the attribute for port.
W: ConstraintEditor-4042: Port 'p:sys_qspi_csn' lacks attribute 'PAP_IO_SLEW', it's better to set the attribute for port.
W: ConstraintEditor-4042: Port 'p:sys_qspi_csn' lacks attribute 'BUS_KEEPER', it's better to set the attribute for port.
W: ConstraintEditor-4042: Port 'p:sys_qspi_sck' lacks attribute 'PAP_IO_DRIVE', it's better to set the attribute for port.
W: ConstraintEditor-4042: Port 'p:sys_qspi_sck' lacks attribute 'PAP_IO_SLEW', it's better to set the attribute for port.
W: ConstraintEditor-4042: Port 'p:sys_qspi_sck' lacks attribute 'BUS_KEEPER', it's better to set the attribute for port.
W: ConstraintEditor-4042: Port 'p:sys_qspi_dq[0]' lacks attribute 'PAP_IO_DRIVE', it's better to set the attribute for port.
W: ConstraintEditor-4042: Port 'p:sys_qspi_dq[0]' lacks attribute 'PAP_IO_SLEW', it's better to set the attribute for port.
W: ConstraintEditor-4042: Port 'p:sys_qspi_dq[0]' lacks attribute 'BUS_KEEPER', it's better to set the attribute for port.
W: ConstraintEditor-4042: Port 'p:sys_qspi_dq[1]' lacks attribute 'PAP_IO_DRIVE', it's better to set the attribute for port.
W: ConstraintEditor-4042: Port 'p:sys_qspi_dq[1]' lacks attribute 'PAP_IO_SLEW', it's better to set the attribute for port.
W: ConstraintEditor-4042: Port 'p:sys_qspi_dq[1]' lacks attribute 'BUS_KEEPER', it's better to set the attribute for port.
W: ConstraintEditor-4042: Port 'p:sys_qspi_dq[2]' lacks attribute 'PAP_IO_DRIVE', it's better to set the attribute for port.
W: ConstraintEditor-4042: Port 'p:sys_qspi_dq[2]' lacks attribute 'PAP_IO_SLEW', it's better to set the attribute for port.
W: ConstraintEditor-4042: Port 'p:sys_qspi_dq[2]' lacks attribute 'BUS_KEEPER', it's better to set the attribute for port.
W: ConstraintEditor-4042: Port 'p:sys_qspi_dq[3]' lacks attribute 'PAP_IO_DRIVE', it's better to set the attribute for port.
W: ConstraintEditor-4042: Port 'p:sys_qspi_dq[3]' lacks attribute 'PAP_IO_SLEW', it's better to set the attribute for port.
W: ConstraintEditor-4042: Port 'p:sys_qspi_dq[3]' lacks attribute 'BUS_KEEPER', it's better to set the attribute for port.
W: ConstraintEditor-4042: Port 'p:sys_cp2102_tx' lacks attribute 'PAP_IO_DRIVE', it's better to set the attribute for port.
W: ConstraintEditor-4042: Port 'p:sys_cp2102_tx' lacks attribute 'PAP_IO_SLEW', it's better to set the attribute for port.
W: ConstraintEditor-4042: Port 'p:sys_led[0]' lacks attribute 'PAP_IO_DRIVE', it's better to set the attribute for port.
W: ConstraintEditor-4042: Port 'p:sys_led[0]' lacks attribute 'PAP_IO_SLEW', it's better to set the attribute for port.
W: ConstraintEditor-4042: Port 'p:sys_led[0]' lacks attribute 'BUS_KEEPER', it's better to set the attribute for port.
W: ConstraintEditor-4042: Port 'p:sys_led[1]' lacks attribute 'PAP_IO_DRIVE', it's better to set the attribute for port.
W: ConstraintEditor-4042: Port 'p:sys_led[1]' lacks attribute 'PAP_IO_SLEW', it's better to set the attribute for port.
W: ConstraintEditor-4042: Port 'p:sys_led[1]' lacks attribute 'BUS_KEEPER', it's better to set the attribute for port.
W: ConstraintEditor-4042: Port 'p:sys_led[2]' lacks attribute 'PAP_IO_DRIVE', it's better to set the attribute for port.
W: ConstraintEditor-4042: Port 'p:sys_led[2]' lacks attribute 'PAP_IO_SLEW', it's better to set the attribute for port.
W: ConstraintEditor-4042: Port 'p:sys_led[2]' lacks attribute 'BUS_KEEPER', it's better to set the attribute for port.
W: ConstraintEditor-4042: Port 'p:sys_led[3]' lacks attribute 'PAP_IO_DRIVE', it's better to set the attribute for port.
W: ConstraintEditor-4042: Port 'p:sys_led[3]' lacks attribute 'PAP_IO_SLEW', it's better to set the attribute for port.
W: ConstraintEditor-4042: Port 'p:sys_led[3]' lacks attribute 'BUS_KEEPER', it's better to set the attribute for port.
W: ConstraintEditor-4042: Port 'p:sys_led[4]' lacks attribute 'PAP_IO_DRIVE', it's better to set the attribute for port.
W: ConstraintEditor-4042: Port 'p:sys_led[4]' lacks attribute 'PAP_IO_SLEW', it's better to set the attribute for port.
W: ConstraintEditor-4042: Port 'p:sys_led[4]' lacks attribute 'BUS_KEEPER', it's better to set the attribute for port.
W: ConstraintEditor-4042: Port 'p:sys_led[5]' lacks attribute 'PAP_IO_DRIVE', it's better to set the attribute for port.
W: ConstraintEditor-4042: Port 'p:sys_led[5]' lacks attribute 'PAP_IO_SLEW', it's better to set the attribute for port.
W: ConstraintEditor-4042: Port 'p:sys_led[5]' lacks attribute 'BUS_KEEPER', it's better to set the attribute for port.
W: ConstraintEditor-4042: Port 'p:sys_led[6]' lacks attribute 'PAP_IO_DRIVE', it's better to set the attribute for port.
W: ConstraintEditor-4042: Port 'p:sys_led[6]' lacks attribute 'PAP_IO_SLEW', it's better to set the attribute for port.
W: ConstraintEditor-4042: Port 'p:sys_led[6]' lacks attribute 'BUS_KEEPER', it's better to set the attribute for port.
W: ConstraintEditor-4042: Port 'p:sys_led[7]' lacks attribute 'PAP_IO_DRIVE', it's better to set the attribute for port.
W: ConstraintEditor-4042: Port 'p:sys_led[7]' lacks attribute 'PAP_IO_SLEW', it's better to set the attribute for port.
W: ConstraintEditor-4042: Port 'p:sys_led[7]' lacks attribute 'BUS_KEEPER', it's better to set the attribute for port.
Found 0 error(s), 0 critical warning(s), 51 warning(s), out of 72 constraint(s), you can contact with D:/pango/works/ECSDC_FPGA_2026/prj_tasks/syn_1/synthesize/constraint_check.ccr for more detail information.
Constraint check end.
Total time(hh:mm:ss) of constraint check : 00:00:01
Executing : get_pins U_ipml_fifo*.wr_clk
I: Timing-4124: The pattern 'U_ipml_fifo*.wr_clk' in command 'get_pins U_ipml_fifo*.wr_clk' match 1 objects below: t:u_cp2102_top/u_cp2102/u_cp2102_tx_fifo/U_ipml_fifo_cp2102_tx_fifo/wr_clk
Executing : get_pins U_ipml_fifo*.wr_clk successfully.
Executing : get_clocks -of_object [get_pins U_ipml_fifo*.wr_clk]
Executing : get_clocks -of_object [get_pins U_ipml_fifo*.wr_clk] successfully.
Executing : get_pins U_ipml_fifo*.rd_clk
I: Timing-4124: The pattern 'U_ipml_fifo*.rd_clk' in command 'get_pins U_ipml_fifo*.rd_clk' match 1 objects below: t:u_cp2102_top/u_cp2102/u_cp2102_tx_fifo/U_ipml_fifo_cp2102_tx_fifo/rd_clk
Executing : get_pins U_ipml_fifo*.rd_clk successfully.
Executing : get_clocks -of_object [get_pins U_ipml_fifo*.rd_clk]
Executing : get_clocks -of_object [get_pins U_ipml_fifo*.rd_clk] successfully.
Executing : get_property -min -period [get_clocks -of_object [get_pins U_ipml_fifo*.wr_clk]]
Executing : get_property -min -period [get_clocks -of_object [get_pins U_ipml_fifo*.wr_clk]] successfully.
Executing : get_property -min -period [get_clocks -of_object [get_pins U_ipml_fifo*.rd_clk]]
Executing : get_property -min -period [get_clocks -of_object [get_pins U_ipml_fifo*.rd_clk]] successfully.
Executing : get_cells {*U_ipml_fifo*.U_ipml_fifo_ctrl*.ASYN_CTRL.rptr[*]}
I: Timing-4124: The pattern '*U_ipml_fifo*.U_ipml_fifo_ctrl*.ASYN_CTRL.rptr[*]' in command 'get_cells {*U_ipml_fifo*.U_ipml_fifo_ctrl*.ASYN_CTRL.rptr[*]}' match 1 objects below: i:u_cp2102_top/u_cp2102/u_cp2102_tx_fifo/U_ipml_fifo_cp2102_tx_fifo/U_ipml_fifo_ctrl/ASYN_CTRL.rptr[9:0]
Executing : get_cells {*U_ipml_fifo*.U_ipml_fifo_ctrl*.ASYN_CTRL.rptr[*]} successfully.
Executing : get_cells {*U_ipml_fifo*.U_ipml_fifo_ctrl*.ASYN_CTRL.wrptr1[*]}
I: Timing-4124: The pattern '*U_ipml_fifo*.U_ipml_fifo_ctrl*.ASYN_CTRL.wrptr1[*]' in command 'get_cells {*U_ipml_fifo*.U_ipml_fifo_ctrl*.ASYN_CTRL.wrptr1[*]}' match 1 objects below: i:u_cp2102_top/u_cp2102/u_cp2102_tx_fifo/U_ipml_fifo_cp2102_tx_fifo/U_ipml_fifo_ctrl/ASYN_CTRL.wrptr1[9:0]
Executing : get_cells {*U_ipml_fifo*.U_ipml_fifo_ctrl*.ASYN_CTRL.wrptr1[*]} successfully.
Executing : set_max_delay -datapath_only [get_property -min -period [get_clocks -of_object [get_pins U_ipml_fifo*.rd_clk]]] -from [get_cells {*U_ipml_fifo*.U_ipml_fifo_ctrl*.ASYN_CTRL.rptr[*]}] -to [get_cells {*U_ipml_fifo*.U_ipml_fifo_ctrl*.ASYN_CTRL.wrptr1[*]}]
Executing : set_max_delay -datapath_only [get_property -min -period [get_clocks -of_object [get_pins U_ipml_fifo*.rd_clk]]] -from [get_cells {*U_ipml_fifo*.U_ipml_fifo_ctrl*.ASYN_CTRL.rptr[*]}] -to [get_cells {*U_ipml_fifo*.U_ipml_fifo_ctrl*.ASYN_CTRL.wrptr1[*]}] successfully.
Executing : get_cells {*U_ipml_fifo*.U_ipml_fifo_ctrl*.ASYN_CTRL.wptr[*]}
I: Timing-4124: The pattern '*U_ipml_fifo*.U_ipml_fifo_ctrl*.ASYN_CTRL.wptr[*]' in command 'get_cells {*U_ipml_fifo*.U_ipml_fifo_ctrl*.ASYN_CTRL.wptr[*]}' match 1 objects below: i:u_cp2102_top/u_cp2102/u_cp2102_tx_fifo/U_ipml_fifo_cp2102_tx_fifo/U_ipml_fifo_ctrl/ASYN_CTRL.wptr[9:0]
Executing : get_cells {*U_ipml_fifo*.U_ipml_fifo_ctrl*.ASYN_CTRL.wptr[*]} successfully.
Executing : get_cells {*U_ipml_fifo*.U_ipml_fifo_ctrl*.ASYN_CTRL.rwptr1[*]}
I: Timing-4124: The pattern '*U_ipml_fifo*.U_ipml_fifo_ctrl*.ASYN_CTRL.rwptr1[*]' in command 'get_cells {*U_ipml_fifo*.U_ipml_fifo_ctrl*.ASYN_CTRL.rwptr1[*]}' match 1 objects below: i:u_cp2102_top/u_cp2102/u_cp2102_tx_fifo/U_ipml_fifo_cp2102_tx_fifo/U_ipml_fifo_ctrl/ASYN_CTRL.rwptr1[9:0]
Executing : get_cells {*U_ipml_fifo*.U_ipml_fifo_ctrl*.ASYN_CTRL.rwptr1[*]} successfully.
Executing : set_max_delay -datapath_only [get_property -min -period [get_clocks -of_object [get_pins U_ipml_fifo*.wr_clk]]] -from [get_cells {*U_ipml_fifo*.U_ipml_fifo_ctrl*.ASYN_CTRL.wptr[*]}] -to [get_cells {*U_ipml_fifo*.U_ipml_fifo_ctrl*.ASYN_CTRL.rwptr1[*]}]
Executing : set_max_delay -datapath_only [get_property -min -period [get_clocks -of_object [get_pins U_ipml_fifo*.wr_clk]]] -from [get_cells {*U_ipml_fifo*.U_ipml_fifo_ctrl*.ASYN_CTRL.wptr[*]}] -to [get_cells {*U_ipml_fifo*.U_ipml_fifo_ctrl*.ASYN_CTRL.rwptr1[*]}] successfully.
Start pre-mapping.
I: Constant propagation done on u_flash_top/u_flash_driver/u_qspi_master_rx/N467 (bmsREDAND).
I: Constant propagation done on u_flash_top/u_flash_driver/u_qspi_master_rx/N468 (bmsREDAND).
W: Adm-4083: [D:/pango/works/ECSDC_FPGA_2026/Designs/Driver/spi/qspi_master_rx.v(line number: 200)] Removed bmsWIDEDFFCPE inst dummy_cycles_reg[7:0] at 0 that is stuck at constant 0.
W: Adm-4083: [D:/pango/works/ECSDC_FPGA_2026/Designs/Driver/spi/qspi_master_rx.v(line number: 200)] Removed bmsWIDEDFFCPE inst dummy_cycles_reg[7:0] at 1 that is stuck at constant 0.
W: Adm-4083: [D:/pango/works/ECSDC_FPGA_2026/Designs/Driver/spi/qspi_master_rx.v(line number: 200)] Removed bmsWIDEDFFCPE inst dummy_cycles_reg[7:0] at 2 that is stuck at constant 0.
W: Adm-4083: [D:/pango/works/ECSDC_FPGA_2026/Designs/Driver/spi/qspi_master_rx.v(line number: 200)] Removed bmsWIDEDFFCPE inst dummy_cycles_reg[7:0] at 4 that is stuck at constant 0.
W: Adm-4083: [D:/pango/works/ECSDC_FPGA_2026/Designs/Driver/spi/qspi_master_rx.v(line number: 200)] Removed bmsWIDEDFFCPE inst dummy_cycles_reg[7:0] at 5 that is stuck at constant 0.
W: Adm-4083: [D:/pango/works/ECSDC_FPGA_2026/Designs/Driver/spi/qspi_master_rx.v(line number: 200)] Removed bmsWIDEDFFCPE inst dummy_cycles_reg[7:0] at 6 that is stuck at constant 0.
W: Adm-4083: [D:/pango/works/ECSDC_FPGA_2026/Designs/Driver/spi/qspi_master_rx.v(line number: 200)] Removed bmsWIDEDFFCPE inst dummy_cycles_reg[7:0] at 7 that is stuck at constant 0.
I: Constant propagation done on u_flash_top/u_flash_driver/u_qspi_master_rx/dummy_cycles_reg[7:0] (bmsWIDEDFFCPE).
W: Adm-4083: [D:/pango/works/ECSDC_FPGA_2026/Designs/Driver/spi/qspi_master_rx.v(line number: 200)] Removed bmsWIDEDFFCPE inst init_data_shift[7:0] at 0 that is stuck at constant 0.
I: Constant propagation done on u_flash_top/u_flash_driver/u_qspi_master_rx/init_data_shift[7:0] (bmsWIDEDFFCPE).
I: Constant propagation done on u_flash_top/u_flash_driver/u_qspi_master_rx/opcode_config[2]_inv (bmsINV).
I: Constant propagation done on u_flash_top/u_flash_driver/u_qspi_master_rx/opcode_config[3]_inv (bmsINV).
I: Constant propagation done on u_flash_top/u_flash_driver/u_qspi_master_rx/opcode_config[4]_inv (bmsINV).
I: Constant propagation done on u_flash_top/u_flash_driver/u_qspi_master_rx/opcode_config[5]_inv (bmsINV).
I: Constant propagation done on u_flash_top/u_flash_driver/u_qspi_master_rx/opcode_config[6]_inv (bmsINV).
I: Constant propagation done on u_flash_top/u_flash_driver/u_qspi_master_rx/opcode_config[7]_inv (bmsINV).
W: Adm-4083: [D:/pango/works/ECSDC_FPGA_2026/Designs/Driver/spi/qspi_master_rx.v(line number: 200)] Removed bmsWIDEDFFCPE inst address_shift[23:0] at 0 that is stuck at constant 0.
W: Adm-4082: [D:/pango/works/ECSDC_FPGA_2026/Designs/Driver/spi/qspi_master_rx.v(line number: 200)] Removed bmsWIDEDFFCPE inst single_data_reg that is stuck at constant 0.
W: Adm-4083: [D:/pango/works/ECSDC_FPGA_2026/Designs/Driver/spi/qspi_master_rx.v(line number: 200)] Removed bmsWIDEDFFCPE inst address_shift[23:0] at 1 that is stuck at constant 0.
W: Adm-4083: [D:/pango/works/ECSDC_FPGA_2026/Designs/Driver/spi/qspi_master_rx.v(line number: 200)] Removed bmsWIDEDFFCPE inst data_bit_count[2:0] at 0 that is stuck at constant 0.
W: Adm-4083: [D:/pango/works/ECSDC_FPGA_2026/Designs/Driver/spi/qspi_master_rx.v(line number: 200)] Removed bmsWIDEDFFCPE inst data_bit_count[2:0] at 1 that is stuck at constant 0.
W: Adm-4083: [D:/pango/works/ECSDC_FPGA_2026/Designs/Driver/spi/qspi_master_rx.v(line number: 200)] Removed bmsWIDEDFFCPE inst data_bit_count[2:0] at 2 that is stuck at constant 0.
W: Adm-4083: [D:/pango/works/ECSDC_FPGA_2026/Designs/Driver/spi/qspi_master_rx.v(line number: 200)] Removed bmsWIDEDFFCPE inst address_shift[23:0] at 2 that is stuck at constant 0.
W: Adm-4083: [D:/pango/works/ECSDC_FPGA_2026/Designs/Driver/spi/qspi_master_rx.v(line number: 200)] Removed bmsWIDEDFFCPE inst address_shift[23:0] at 3 that is stuck at constant 0.
W: Adm-4083: [D:/pango/works/ECSDC_FPGA_2026/Designs/Driver/spi/qspi_master_rx.v(line number: 200)] Removed bmsWIDEDFFCPE inst address_shift[23:0] at 4 that is stuck at constant 0.
W: Adm-4083: [D:/pango/works/ECSDC_FPGA_2026/Designs/Driver/spi/qspi_master_rx.v(line number: 200)] Removed bmsWIDEDFFCPE inst address_shift[23:0] at 5 that is stuck at constant 0.
W: Adm-4083: [D:/pango/works/ECSDC_FPGA_2026/Designs/Driver/spi/qspi_master_rx.v(line number: 200)] Removed bmsWIDEDFFCPE inst address_shift[23:0] at 6 that is stuck at constant 0.
W: Adm-4083: [D:/pango/works/ECSDC_FPGA_2026/Designs/Driver/spi/qspi_master_rx.v(line number: 200)] Removed bmsWIDEDFFCPE inst address_shift[23:0] at 7 that is stuck at constant 0.
W: Adm-4083: [D:/pango/works/ECSDC_FPGA_2026/Designs/Driver/spi/qspi_master_rx.v(line number: 200)] Removed bmsWIDEDFFCPE inst address_shift[23:0] at 8 that is stuck at constant 0.
W: Adm-4083: [D:/pango/works/ECSDC_FPGA_2026/Designs/Driver/spi/qspi_master_rx.v(line number: 200)] Removed bmsWIDEDFFCPE inst address_shift[23:0] at 9 that is stuck at constant 0.
W: Adm-4083: [D:/pango/works/ECSDC_FPGA_2026/Designs/Driver/spi/qspi_master_rx.v(line number: 200)] Removed bmsWIDEDFFCPE inst address_shift[23:0] at 10 that is stuck at constant 0.
W: Adm-4083: [D:/pango/works/ECSDC_FPGA_2026/Designs/Driver/spi/qspi_master_rx.v(line number: 200)] Removed bmsWIDEDFFCPE inst address_shift[23:0] at 11 that is stuck at constant 0.
W: Adm-4083: [D:/pango/works/ECSDC_FPGA_2026/Designs/Driver/spi/qspi_master_rx.v(line number: 200)] Removed bmsWIDEDFFCPE inst address_shift[23:0] at 12 that is stuck at constant 0.
W: Public-4060: [D:/pango/works/ECSDC_FPGA_2026/Designs/flash_read_top.v(line number: 61)] Hierarchical instance 'u_led_top' is dangling and will be cleaned.
I: Encoding type of FSM 'tx_mode_fsm[1:0]' is: original.
I: Encoding table of FSM 'tx_mode_fsm[1:0]':
I: from  u_cp2102_top/u_cp2102/tx_mode[1] u_cp2102_top/u_cp2102/tx_mode[0]
I: to  u_cp2102_top/u_cp2102/tx_mode_reg[1] u_cp2102_top/u_cp2102/tx_mode_reg[0]
I: 00 => 00
I: 01 => 01
I: 10 => 10
I: 11 => 11
I: Encoding type of FSM 'tx_state_fsm[3:0]' is: onehot.
I: Encoding table of FSM 'tx_state_fsm[3:0]':
I: from  u_cp2102_top/u_cp2102/tx_state[3] u_cp2102_top/u_cp2102/tx_state[2] u_cp2102_top/u_cp2102/tx_state[1] u_cp2102_top/u_cp2102/tx_state[0]
I: to  u_cp2102_top/u_cp2102/tx_state_reg[8] u_cp2102_top/u_cp2102/tx_state_reg[7] u_cp2102_top/u_cp2102/tx_state_reg[6] u_cp2102_top/u_cp2102/tx_state_reg[5] u_cp2102_top/u_cp2102/tx_state_reg[4] u_cp2102_top/u_cp2102/tx_state_reg[3] u_cp2102_top/u_cp2102/tx_state_reg[2] u_cp2102_top/u_cp2102/tx_state_reg[1] u_cp2102_top/u_cp2102/tx_state_reg[0]
I: 0000 => 000000001
I: 0001 => 000000010
I: 0010 => 000000100
I: 0011 => 000001000
I: 0100 => 000010000
I: 0101 => 000100000
I: 0110 => 001000000
I: 0111 => 010000000
I: 1000 => 100000000
I: Encoding type of FSM 'uart_state_fsm[2:0]' is: original.
I: Encoding table of FSM 'uart_state_fsm[2:0]':
I: from  u_cp2102_top/u_cp2102/u_uart_tx/uart_state[2] u_cp2102_top/u_cp2102/u_uart_tx/uart_state[1] u_cp2102_top/u_cp2102/u_uart_tx/uart_state[0]
I: to  u_cp2102_top/u_cp2102/u_uart_tx/uart_state_reg[2] u_cp2102_top/u_cp2102/u_uart_tx/uart_state_reg[1] u_cp2102_top/u_cp2102/u_uart_tx/uart_state_reg[0]
I: 000 => 000
I: 001 => 001
I: 010 => 010
I: 100 => 100
I: Encoding type of FSM 'byte_index_fsm[1:0]' is: original.
I: Encoding table of FSM 'byte_index_fsm[1:0]':
I: from  u_flash_top/u_flash_driver/byte_index[1] u_flash_top/u_flash_driver/byte_index[0]
I: to  u_flash_top/u_flash_driver/byte_index_reg[1] u_flash_top/u_flash_driver/byte_index_reg[0]
I: 00 => 00
I: 01 => 01
I: 10 => 10
I: 11 => 11
I: Encoding type of FSM 'state_current_fsm[3:0]' is: onehot.
I: Encoding table of FSM 'state_current_fsm[3:0]':
I: from  u_flash_top/u_flash_driver/u_qspi_master_rx/state_current[3] u_flash_top/u_flash_driver/u_qspi_master_rx/state_current[2] u_flash_top/u_flash_driver/u_qspi_master_rx/state_current[1] u_flash_top/u_flash_driver/u_qspi_master_rx/state_current[0]
I: to  u_flash_top/u_flash_driver/u_qspi_master_rx/state_current_reg[9] u_flash_top/u_flash_driver/u_qspi_master_rx/state_current_reg[8] u_flash_top/u_flash_driver/u_qspi_master_rx/state_current_reg[7] u_flash_top/u_flash_driver/u_qspi_master_rx/state_current_reg[6] u_flash_top/u_flash_driver/u_qspi_master_rx/state_current_reg[5] u_flash_top/u_flash_driver/u_qspi_master_rx/state_current_reg[4] u_flash_top/u_flash_driver/u_qspi_master_rx/state_current_reg[3] u_flash_top/u_flash_driver/u_qspi_master_rx/state_current_reg[2] u_flash_top/u_flash_driver/u_qspi_master_rx/state_current_reg[1] u_flash_top/u_flash_driver/u_qspi_master_rx/state_current_reg[0]
I: 0000 => 0000000001
I: 0001 => 0000000010
I: 0010 => 0000000100
I: 0011 => 0000001000
I: 0100 => 0000010000
I: 0101 => 0000100000
I: 0110 => 0001000000
I: 0111 => 0010000000
I: 1000 => 0100000000
I: 1001 => 1000000000
W: Public-4008: [D:/pango/works/ECSDC_FPGA_2026/Designs/Hardware/cp2102/cp2102_driver.v(line number: 244)] Instance 'u_cp2102_top/u_cp2102/u_uart_tx/parity_bit' of 'bmsWIDEDFFCPE' unit is dangling and will be cleaned.
Executing : pre-mapping successfully. Time elapsed: 0.093s wall, 0.125s user + 0.031s system = 0.156s CPU (168.2%). Peak memory used: 262 MB.

Start mod-gen.
W: Public-4008: [D:/pango/works/ECSDC_FPGA_2026/ipcore/cp2102_tx_fifo/rtl/ipml_fifo_ctrl_v1_14_cp2102_tx_fifo.v(line number: 825)] Instance 'u_cp2102_top/u_cp2102/u_cp2102_tx_fifo/U_ipml_fifo_cp2102_tx_fifo/U_ipml_fifo_ctrl/almost_empty' of 'bmsWIDEDFFCPE' unit is dangling and will be cleaned.
W: Public-4008: [D:/pango/works/ECSDC_FPGA_2026/ipcore/cp2102_tx_fifo/rtl/ipml_fifo_ctrl_v1_14_cp2102_tx_fifo.v(line number: 801)] Instance 'u_cp2102_top/u_cp2102/u_cp2102_tx_fifo/U_ipml_fifo_cp2102_tx_fifo/U_ipml_fifo_ctrl/almost_full' of 'bmsWIDEDFFCPE' unit is dangling and will be cleaned.
W: Public-4008: [D:/pango/works/ECSDC_FPGA_2026/ipcore/cp2102_tx_fifo/rtl/ipml_fifo_ctrl_v1_14_cp2102_tx_fifo.v(line number: 463)] Instance 'u_cp2102_top/u_cp2102/u_cp2102_tx_fifo/U_ipml_fifo_cp2102_tx_fifo/U_ipml_fifo_ctrl/gen_no_prefetch_ctrl.gen_std_fifo_vld_nor.data_valid' of 'bmsWIDEDFFCPE' unit is dangling and will be cleaned.
W: Public-4008: [D:/pango/works/ECSDC_FPGA_2026/ipcore/cp2102_tx_fifo/rtl/ipml_fifo_ctrl_v1_14_cp2102_tx_fifo.v(line number: 834)] Instance 'u_cp2102_top/u_cp2102/u_cp2102_tx_fifo/U_ipml_fifo_cp2102_tx_fifo/U_ipml_fifo_ctrl/rd_water_level_i[9:0]' of 'bmsWIDEDFFCPE' unit is dangling and will be cleaned.
W: Public-4008: [D:/pango/works/ECSDC_FPGA_2026/ipcore/cp2102_tx_fifo/rtl/ipml_fifo_ctrl_v1_14_cp2102_tx_fifo.v(line number: 809)] Instance 'u_cp2102_top/u_cp2102/u_cp2102_tx_fifo/U_ipml_fifo_cp2102_tx_fifo/U_ipml_fifo_ctrl/wr_water_level_i[9:0]' of 'bmsWIDEDFFCPE' unit is dangling and will be cleaned.
W: Public-4008: [D:/pango/works/ECSDC_FPGA_2026/Designs/Hardware/flash/flash_driver.v(line number: 62)] Instance 'u_flash_top/u_flash_driver/word_count_reg[31:0]' of 'bmsWIDEDFFCPE' unit is dangling and will be cleaned.
W: Adm-4083: [D:/pango/works/ECSDC_FPGA_2026/Designs/Hardware/cp2102/cp2102_driver.v(line number: 244)] Removed bmsWIDEDFFCPE inst u_cp2102_top/u_cp2102/u_uart_tx/clock_count[31:0] at 6 that is stuck at constant 0.
W: Adm-4083: [D:/pango/works/ECSDC_FPGA_2026/Designs/Hardware/cp2102/cp2102_driver.v(line number: 244)] Removed bmsWIDEDFFCPE inst u_cp2102_top/u_cp2102/u_uart_tx/clock_count[31:0] at 7 that is stuck at constant 0.
W: Adm-4083: [D:/pango/works/ECSDC_FPGA_2026/Designs/Hardware/cp2102/cp2102_driver.v(line number: 244)] Removed bmsWIDEDFFCPE inst u_cp2102_top/u_cp2102/u_uart_tx/clock_count[31:0] at 8 that is stuck at constant 0.
W: Adm-4083: [D:/pango/works/ECSDC_FPGA_2026/Designs/Hardware/cp2102/cp2102_driver.v(line number: 244)] Removed bmsWIDEDFFCPE inst u_cp2102_top/u_cp2102/u_uart_tx/clock_count[31:0] at 9 that is stuck at constant 0.
W: Adm-4083: [D:/pango/works/ECSDC_FPGA_2026/Designs/Hardware/cp2102/cp2102_driver.v(line number: 244)] Removed bmsWIDEDFFCPE inst u_cp2102_top/u_cp2102/u_uart_tx/clock_count[31:0] at 10 that is stuck at constant 0.
W: Adm-4083: [D:/pango/works/ECSDC_FPGA_2026/Designs/Hardware/cp2102/cp2102_driver.v(line number: 244)] Removed bmsWIDEDFFCPE inst u_cp2102_top/u_cp2102/u_uart_tx/clock_count[31:0] at 11 that is stuck at constant 0.
W: Adm-4083: [D:/pango/works/ECSDC_FPGA_2026/Designs/Hardware/cp2102/cp2102_driver.v(line number: 244)] Removed bmsWIDEDFFCPE inst u_cp2102_top/u_cp2102/u_uart_tx/clock_count[31:0] at 12 that is stuck at constant 0.
W: Adm-4083: [D:/pango/works/ECSDC_FPGA_2026/Designs/Hardware/cp2102/cp2102_driver.v(line number: 244)] Removed bmsWIDEDFFCPE inst u_cp2102_top/u_cp2102/u_uart_tx/clock_count[31:0] at 13 that is stuck at constant 0.
W: Adm-4083: [D:/pango/works/ECSDC_FPGA_2026/Designs/Hardware/cp2102/cp2102_driver.v(line number: 244)] Removed bmsWIDEDFFCPE inst u_cp2102_top/u_cp2102/u_uart_tx/clock_count[31:0] at 14 that is stuck at constant 0.
W: Adm-4083: [D:/pango/works/ECSDC_FPGA_2026/Designs/Hardware/cp2102/cp2102_driver.v(line number: 244)] Removed bmsWIDEDFFCPE inst u_cp2102_top/u_cp2102/u_uart_tx/clock_count[31:0] at 15 that is stuck at constant 0.
W: Adm-4083: [D:/pango/works/ECSDC_FPGA_2026/Designs/Hardware/cp2102/cp2102_driver.v(line number: 244)] Removed bmsWIDEDFFCPE inst u_cp2102_top/u_cp2102/u_uart_tx/clock_count[31:0] at 16 that is stuck at constant 0.
W: Adm-4083: [D:/pango/works/ECSDC_FPGA_2026/Designs/Hardware/cp2102/cp2102_driver.v(line number: 244)] Removed bmsWIDEDFFCPE inst u_cp2102_top/u_cp2102/u_uart_tx/clock_count[31:0] at 17 that is stuck at constant 0.
W: Adm-4083: [D:/pango/works/ECSDC_FPGA_2026/Designs/Hardware/cp2102/cp2102_driver.v(line number: 244)] Removed bmsWIDEDFFCPE inst u_cp2102_top/u_cp2102/u_uart_tx/clock_count[31:0] at 18 that is stuck at constant 0.
W: Adm-4083: [D:/pango/works/ECSDC_FPGA_2026/Designs/Hardware/cp2102/cp2102_driver.v(line number: 244)] Removed bmsWIDEDFFCPE inst u_cp2102_top/u_cp2102/u_uart_tx/clock_count[31:0] at 19 that is stuck at constant 0.
W: Adm-4083: [D:/pango/works/ECSDC_FPGA_2026/Designs/Hardware/cp2102/cp2102_driver.v(line number: 244)] Removed bmsWIDEDFFCPE inst u_cp2102_top/u_cp2102/u_uart_tx/clock_count[31:0] at 20 that is stuck at constant 0.
W: Adm-4083: [D:/pango/works/ECSDC_FPGA_2026/Designs/Hardware/cp2102/cp2102_driver.v(line number: 244)] Removed bmsWIDEDFFCPE inst u_cp2102_top/u_cp2102/u_uart_tx/clock_count[31:0] at 21 that is stuck at constant 0.
W: Adm-4083: [D:/pango/works/ECSDC_FPGA_2026/Designs/Hardware/cp2102/cp2102_driver.v(line number: 244)] Removed bmsWIDEDFFCPE inst u_cp2102_top/u_cp2102/u_uart_tx/clock_count[31:0] at 22 that is stuck at constant 0.
W: Adm-4083: [D:/pango/works/ECSDC_FPGA_2026/Designs/Hardware/cp2102/cp2102_driver.v(line number: 244)] Removed bmsWIDEDFFCPE inst u_cp2102_top/u_cp2102/u_uart_tx/clock_count[31:0] at 23 that is stuck at constant 0.
W: Adm-4083: [D:/pango/works/ECSDC_FPGA_2026/Designs/Hardware/cp2102/cp2102_driver.v(line number: 244)] Removed bmsWIDEDFFCPE inst u_cp2102_top/u_cp2102/u_uart_tx/clock_count[31:0] at 24 that is stuck at constant 0.
W: Adm-4083: [D:/pango/works/ECSDC_FPGA_2026/Designs/Hardware/cp2102/cp2102_driver.v(line number: 244)] Removed bmsWIDEDFFCPE inst u_cp2102_top/u_cp2102/u_uart_tx/clock_count[31:0] at 25 that is stuck at constant 0.
W: Adm-4083: [D:/pango/works/ECSDC_FPGA_2026/Designs/Hardware/cp2102/cp2102_driver.v(line number: 244)] Removed bmsWIDEDFFCPE inst u_cp2102_top/u_cp2102/u_uart_tx/clock_count[31:0] at 26 that is stuck at constant 0.
W: Adm-4083: [D:/pango/works/ECSDC_FPGA_2026/Designs/Hardware/cp2102/cp2102_driver.v(line number: 244)] Removed bmsWIDEDFFCPE inst u_cp2102_top/u_cp2102/u_uart_tx/clock_count[31:0] at 27 that is stuck at constant 0.
W: Adm-4083: [D:/pango/works/ECSDC_FPGA_2026/Designs/Hardware/cp2102/cp2102_driver.v(line number: 244)] Removed bmsWIDEDFFCPE inst u_cp2102_top/u_cp2102/u_uart_tx/clock_count[31:0] at 28 that is stuck at constant 0.
W: Adm-4083: [D:/pango/works/ECSDC_FPGA_2026/Designs/Hardware/cp2102/cp2102_driver.v(line number: 244)] Removed bmsWIDEDFFCPE inst u_cp2102_top/u_cp2102/u_uart_tx/clock_count[31:0] at 29 that is stuck at constant 0.
W: Adm-4083: [D:/pango/works/ECSDC_FPGA_2026/Designs/Hardware/cp2102/cp2102_driver.v(line number: 244)] Removed bmsWIDEDFFCPE inst u_cp2102_top/u_cp2102/u_uart_tx/clock_count[31:0] at 30 that is stuck at constant 0.
W: Adm-4083: [D:/pango/works/ECSDC_FPGA_2026/Designs/Hardware/cp2102/cp2102_driver.v(line number: 244)] Removed bmsWIDEDFFCPE inst u_cp2102_top/u_cp2102/u_uart_tx/clock_count[31:0] at 31 that is stuck at constant 0.
Executing : mod-gen successfully. Time elapsed: 0.120s wall, 0.125s user + 0.047s system = 0.172s CPU (143.6%). Peak memory used: 277 MB.

Start logic-optimization.
Executing : logic-optimization successfully. Time elapsed: 0.171s wall, 0.141s user + 0.016s system = 0.156s CPU (91.4%). Peak memory used: 285 MB.

Start tech-mapping phase 1.
W: Public-4008: [D:/pango/works/ECSDC_FPGA_2026/Designs/Driver/spi/qspi_master_rx.v(line number: 200)] Instance 'u_flash_top/u_flash_driver/u_qspi_master_rx/dq_out_reg[1]' of 'bmsWIDEDFFCPE' unit is dangling and will be cleaned.
W: Public-4008: [D:/pango/works/ECSDC_FPGA_2026/Designs/Driver/spi/qspi_master_rx.v(line number: 200)] Instance 'u_flash_top/u_flash_driver/u_qspi_master_rx/dq_out_reg[2]' of 'bmsWIDEDFFCPE' unit is dangling and will be cleaned.
W: Public-4008: [D:/pango/works/ECSDC_FPGA_2026/Designs/Driver/spi/qspi_master_rx.v(line number: 200)] Instance 'u_flash_top/u_flash_driver/u_qspi_master_rx/dq_out_reg[3]' of 'bmsWIDEDFFCPE' unit is dangling and will be cleaned.
W: Public-4008: [D:/pango/works/ECSDC_FPGA_2026/Designs/Driver/spi/qspi_master_rx.v(line number: 200)] Instance 'u_flash_top/u_flash_driver/u_qspi_master_rx/init_data_shift[0]' of 'bmsWIDEDFFCPE' unit is dangling and will be cleaned.
W: Public-4008: [D:/pango/works/ECSDC_FPGA_2026/Designs/Driver/spi/qspi_master_rx.v(line number: 200)] Instance 'u_flash_top/u_flash_driver/u_qspi_master_rx/init_data_shift[7]' of 'bmsWIDEDFFCPE' unit is dangling and will be cleaned.
W: Public-4008: [D:/pango/works/ECSDC_FPGA_2026/Designs/Driver/spi/qspi_master_rx.v(line number: 200)] Instance 'u_flash_top/u_flash_driver/u_qspi_master_rx/command_shift[7]' of 'bmsWIDEDFFCPE' unit is dangling and will be cleaned.
W: Public-4008: [D:/pango/works/ECSDC_FPGA_2026/Designs/Driver/spi/qspi_master_rx.v(line number: 200)] Instance 'u_flash_top/u_flash_driver/u_qspi_master_rx/data_shift[4]' of 'bmsWIDEDFFCPE' unit is dangling and will be cleaned.
W: Public-4008: [D:/pango/works/ECSDC_FPGA_2026/Designs/Driver/spi/qspi_master_rx.v(line number: 200)] Instance 'u_flash_top/u_flash_driver/u_qspi_master_rx/data_shift[5]' of 'bmsWIDEDFFCPE' unit is dangling and will be cleaned.
W: Public-4008: [D:/pango/works/ECSDC_FPGA_2026/Designs/Driver/spi/qspi_master_rx.v(line number: 200)] Instance 'u_flash_top/u_flash_driver/u_qspi_master_rx/data_shift[6]' of 'bmsWIDEDFFCPE' unit is dangling and will be cleaned.
W: Public-4008: [D:/pango/works/ECSDC_FPGA_2026/Designs/Driver/spi/qspi_master_rx.v(line number: 200)] Instance 'u_flash_top/u_flash_driver/u_qspi_master_rx/data_shift[7]' of 'bmsWIDEDFFCPE' unit is dangling and will be cleaned.
W: Public-4008: [D:/pango/works/ECSDC_FPGA_2026/Designs/Hardware/cp2102/cp2102_driver.v(line number: 244)] Instance 'u_cp2102_top/u_cp2102/u_uart_tx/clock_count[6]' of 'bmsWIDEDFFCPE' unit is dangling and will be cleaned.
W: Public-4008: [D:/pango/works/ECSDC_FPGA_2026/Designs/Hardware/cp2102/cp2102_driver.v(line number: 244)] Instance 'u_cp2102_top/u_cp2102/u_uart_tx/clock_count[7]' of 'bmsWIDEDFFCPE' unit is dangling and will be cleaned.
W: Public-4008: [D:/pango/works/ECSDC_FPGA_2026/Designs/Hardware/cp2102/cp2102_driver.v(line number: 244)] Instance 'u_cp2102_top/u_cp2102/u_uart_tx/clock_count[8]' of 'bmsWIDEDFFCPE' unit is dangling and will be cleaned.
W: Public-4008: [D:/pango/works/ECSDC_FPGA_2026/Designs/Hardware/cp2102/cp2102_driver.v(line number: 244)] Instance 'u_cp2102_top/u_cp2102/u_uart_tx/clock_count[9]' of 'bmsWIDEDFFCPE' unit is dangling and will be cleaned.
W: Public-4008: [D:/pango/works/ECSDC_FPGA_2026/Designs/Hardware/cp2102/cp2102_driver.v(line number: 244)] Instance 'u_cp2102_top/u_cp2102/u_uart_tx/clock_count[10]' of 'bmsWIDEDFFCPE' unit is dangling and will be cleaned.
W: Public-4008: [D:/pango/works/ECSDC_FPGA_2026/Designs/Hardware/cp2102/cp2102_driver.v(line number: 244)] Instance 'u_cp2102_top/u_cp2102/u_uart_tx/clock_count[11]' of 'bmsWIDEDFFCPE' unit is dangling and will be cleaned.
W: Public-4008: [D:/pango/works/ECSDC_FPGA_2026/Designs/Hardware/cp2102/cp2102_driver.v(line number: 244)] Instance 'u_cp2102_top/u_cp2102/u_uart_tx/clock_count[12]' of 'bmsWIDEDFFCPE' unit is dangling and will be cleaned.
W: Public-4008: [D:/pango/works/ECSDC_FPGA_2026/Designs/Hardware/cp2102/cp2102_driver.v(line number: 244)] Instance 'u_cp2102_top/u_cp2102/u_uart_tx/clock_count[13]' of 'bmsWIDEDFFCPE' unit is dangling and will be cleaned.
W: Public-4008: [D:/pango/works/ECSDC_FPGA_2026/Designs/Hardware/cp2102/cp2102_driver.v(line number: 244)] Instance 'u_cp2102_top/u_cp2102/u_uart_tx/clock_count[14]' of 'bmsWIDEDFFCPE' unit is dangling and will be cleaned.
W: Public-4008: [D:/pango/works/ECSDC_FPGA_2026/Designs/Hardware/cp2102/cp2102_driver.v(line number: 244)] Instance 'u_cp2102_top/u_cp2102/u_uart_tx/clock_count[15]' of 'bmsWIDEDFFCPE' unit is dangling and will be cleaned.
W: Public-4008: [D:/pango/works/ECSDC_FPGA_2026/Designs/Hardware/cp2102/cp2102_driver.v(line number: 244)] Instance 'u_cp2102_top/u_cp2102/u_uart_tx/clock_count[16]' of 'bmsWIDEDFFCPE' unit is dangling and will be cleaned.
W: Public-4008: [D:/pango/works/ECSDC_FPGA_2026/Designs/Hardware/cp2102/cp2102_driver.v(line number: 244)] Instance 'u_cp2102_top/u_cp2102/u_uart_tx/clock_count[17]' of 'bmsWIDEDFFCPE' unit is dangling and will be cleaned.
W: Public-4008: [D:/pango/works/ECSDC_FPGA_2026/Designs/Hardware/cp2102/cp2102_driver.v(line number: 244)] Instance 'u_cp2102_top/u_cp2102/u_uart_tx/clock_count[18]' of 'bmsWIDEDFFCPE' unit is dangling and will be cleaned.
W: Public-4008: [D:/pango/works/ECSDC_FPGA_2026/Designs/Hardware/cp2102/cp2102_driver.v(line number: 244)] Instance 'u_cp2102_top/u_cp2102/u_uart_tx/clock_count[19]' of 'bmsWIDEDFFCPE' unit is dangling and will be cleaned.
W: Public-4008: [D:/pango/works/ECSDC_FPGA_2026/Designs/Hardware/cp2102/cp2102_driver.v(line number: 244)] Instance 'u_cp2102_top/u_cp2102/u_uart_tx/clock_count[20]' of 'bmsWIDEDFFCPE' unit is dangling and will be cleaned.
W: Public-4008: [D:/pango/works/ECSDC_FPGA_2026/Designs/Hardware/cp2102/cp2102_driver.v(line number: 244)] Instance 'u_cp2102_top/u_cp2102/u_uart_tx/clock_count[21]' of 'bmsWIDEDFFCPE' unit is dangling and will be cleaned.
W: Public-4008: [D:/pango/works/ECSDC_FPGA_2026/Designs/Hardware/cp2102/cp2102_driver.v(line number: 244)] Instance 'u_cp2102_top/u_cp2102/u_uart_tx/clock_count[22]' of 'bmsWIDEDFFCPE' unit is dangling and will be cleaned.
W: Public-4008: [D:/pango/works/ECSDC_FPGA_2026/Designs/Hardware/cp2102/cp2102_driver.v(line number: 244)] Instance 'u_cp2102_top/u_cp2102/u_uart_tx/clock_count[23]' of 'bmsWIDEDFFCPE' unit is dangling and will be cleaned.
W: Public-4008: [D:/pango/works/ECSDC_FPGA_2026/Designs/Hardware/cp2102/cp2102_driver.v(line number: 244)] Instance 'u_cp2102_top/u_cp2102/u_uart_tx/clock_count[24]' of 'bmsWIDEDFFCPE' unit is dangling and will be cleaned.
W: Public-4008: [D:/pango/works/ECSDC_FPGA_2026/Designs/Hardware/cp2102/cp2102_driver.v(line number: 244)] Instance 'u_cp2102_top/u_cp2102/u_uart_tx/clock_count[25]' of 'bmsWIDEDFFCPE' unit is dangling and will be cleaned.
W: Public-4008: [D:/pango/works/ECSDC_FPGA_2026/Designs/Hardware/cp2102/cp2102_driver.v(line number: 244)] Instance 'u_cp2102_top/u_cp2102/u_uart_tx/clock_count[26]' of 'bmsWIDEDFFCPE' unit is dangling and will be cleaned.
W: Public-4008: [D:/pango/works/ECSDC_FPGA_2026/Designs/Hardware/cp2102/cp2102_driver.v(line number: 244)] Instance 'u_cp2102_top/u_cp2102/u_uart_tx/clock_count[27]' of 'bmsWIDEDFFCPE' unit is dangling and will be cleaned.
W: Public-4008: [D:/pango/works/ECSDC_FPGA_2026/Designs/Hardware/cp2102/cp2102_driver.v(line number: 244)] Instance 'u_cp2102_top/u_cp2102/u_uart_tx/clock_count[28]' of 'bmsWIDEDFFCPE' unit is dangling and will be cleaned.
W: Public-4008: [D:/pango/works/ECSDC_FPGA_2026/Designs/Hardware/cp2102/cp2102_driver.v(line number: 244)] Instance 'u_cp2102_top/u_cp2102/u_uart_tx/clock_count[29]' of 'bmsWIDEDFFCPE' unit is dangling and will be cleaned.
W: Public-4008: [D:/pango/works/ECSDC_FPGA_2026/Designs/Hardware/cp2102/cp2102_driver.v(line number: 244)] Instance 'u_cp2102_top/u_cp2102/u_uart_tx/clock_count[30]' of 'bmsWIDEDFFCPE' unit is dangling and will be cleaned.
W: Public-4008: [D:/pango/works/ECSDC_FPGA_2026/Designs/Hardware/cp2102/cp2102_driver.v(line number: 244)] Instance 'u_cp2102_top/u_cp2102/u_uart_tx/clock_count[31]' of 'bmsWIDEDFFCPE' unit is dangling and will be cleaned.
W: Public-4008: [D:/pango/works/ECSDC_FPGA_2026/Designs/Driver/spi/qspi_master_rx.v(line number: 200)] Instance 'u_flash_top/u_flash_driver/u_qspi_master_rx/dummy_cycles_reg[0]' of 'bmsWIDEDFFCPE' unit is dangling and will be cleaned.
W: Public-4008: [D:/pango/works/ECSDC_FPGA_2026/Designs/Driver/spi/qspi_master_rx.v(line number: 200)] Instance 'u_flash_top/u_flash_driver/u_qspi_master_rx/dummy_cycles_reg[1]' of 'bmsWIDEDFFCPE' unit is dangling and will be cleaned.
W: Public-4008: [D:/pango/works/ECSDC_FPGA_2026/Designs/Driver/spi/qspi_master_rx.v(line number: 200)] Instance 'u_flash_top/u_flash_driver/u_qspi_master_rx/dummy_cycles_reg[2]' of 'bmsWIDEDFFCPE' unit is dangling and will be cleaned.
W: Public-4008: [D:/pango/works/ECSDC_FPGA_2026/Designs/Driver/spi/qspi_master_rx.v(line number: 200)] Instance 'u_flash_top/u_flash_driver/u_qspi_master_rx/dummy_cycles_reg[4]' of 'bmsWIDEDFFCPE' unit is dangling and will be cleaned.
W: Public-4008: [D:/pango/works/ECSDC_FPGA_2026/Designs/Driver/spi/qspi_master_rx.v(line number: 200)] Instance 'u_flash_top/u_flash_driver/u_qspi_master_rx/dummy_cycles_reg[5]' of 'bmsWIDEDFFCPE' unit is dangling and will be cleaned.
W: Public-4008: [D:/pango/works/ECSDC_FPGA_2026/Designs/Driver/spi/qspi_master_rx.v(line number: 200)] Instance 'u_flash_top/u_flash_driver/u_qspi_master_rx/dummy_cycles_reg[6]' of 'bmsWIDEDFFCPE' unit is dangling and will be cleaned.
W: Public-4008: [D:/pango/works/ECSDC_FPGA_2026/Designs/Driver/spi/qspi_master_rx.v(line number: 200)] Instance 'u_flash_top/u_flash_driver/u_qspi_master_rx/dummy_cycles_reg[7]' of 'bmsWIDEDFFCPE' unit is dangling and will be cleaned.
W: Public-4008: [D:/pango/works/ECSDC_FPGA_2026/Designs/Driver/spi/qspi_master_rx.v(line number: 200)] Instance 'u_flash_top/u_flash_driver/u_qspi_master_rx/address_shift[0]' of 'bmsWIDEDFFCPE' unit is dangling and will be cleaned.
W: Public-4008: [D:/pango/works/ECSDC_FPGA_2026/Designs/Driver/spi/qspi_master_rx.v(line number: 200)] Instance 'u_flash_top/u_flash_driver/u_qspi_master_rx/address_shift[1]' of 'bmsWIDEDFFCPE' unit is dangling and will be cleaned.
W: Public-4008: [D:/pango/works/ECSDC_FPGA_2026/Designs/Driver/spi/qspi_master_rx.v(line number: 200)] Instance 'u_flash_top/u_flash_driver/u_qspi_master_rx/address_shift[2]' of 'bmsWIDEDFFCPE' unit is dangling and will be cleaned.
W: Public-4008: [D:/pango/works/ECSDC_FPGA_2026/Designs/Driver/spi/qspi_master_rx.v(line number: 200)] Instance 'u_flash_top/u_flash_driver/u_qspi_master_rx/address_shift[3]' of 'bmsWIDEDFFCPE' unit is dangling and will be cleaned.
W: Public-4008: [D:/pango/works/ECSDC_FPGA_2026/Designs/Driver/spi/qspi_master_rx.v(line number: 200)] Instance 'u_flash_top/u_flash_driver/u_qspi_master_rx/address_shift[4]' of 'bmsWIDEDFFCPE' unit is dangling and will be cleaned.
W: Public-4008: [D:/pango/works/ECSDC_FPGA_2026/Designs/Driver/spi/qspi_master_rx.v(line number: 200)] Instance 'u_flash_top/u_flash_driver/u_qspi_master_rx/address_shift[5]' of 'bmsWIDEDFFCPE' unit is dangling and will be cleaned.
W: Public-4008: [D:/pango/works/ECSDC_FPGA_2026/Designs/Driver/spi/qspi_master_rx.v(line number: 200)] Instance 'u_flash_top/u_flash_driver/u_qspi_master_rx/address_shift[6]' of 'bmsWIDEDFFCPE' unit is dangling and will be cleaned.
W: Public-4008: [D:/pango/works/ECSDC_FPGA_2026/Designs/Driver/spi/qspi_master_rx.v(line number: 200)] Instance 'u_flash_top/u_flash_driver/u_qspi_master_rx/address_shift[7]' of 'bmsWIDEDFFCPE' unit is dangling and will be cleaned.
W: Public-4008: [D:/pango/works/ECSDC_FPGA_2026/Designs/Driver/spi/qspi_master_rx.v(line number: 200)] Instance 'u_flash_top/u_flash_driver/u_qspi_master_rx/address_shift[8]' of 'bmsWIDEDFFCPE' unit is dangling and will be cleaned.
W: Public-4008: [D:/pango/works/ECSDC_FPGA_2026/Designs/Driver/spi/qspi_master_rx.v(line number: 200)] Instance 'u_flash_top/u_flash_driver/u_qspi_master_rx/address_shift[9]' of 'bmsWIDEDFFCPE' unit is dangling and will be cleaned.
W: Public-4008: [D:/pango/works/ECSDC_FPGA_2026/Designs/Driver/spi/qspi_master_rx.v(line number: 200)] Instance 'u_flash_top/u_flash_driver/u_qspi_master_rx/address_shift[10]' of 'bmsWIDEDFFCPE' unit is dangling and will be cleaned.
W: Public-4008: [D:/pango/works/ECSDC_FPGA_2026/Designs/Driver/spi/qspi_master_rx.v(line number: 200)] Instance 'u_flash_top/u_flash_driver/u_qspi_master_rx/address_shift[11]' of 'bmsWIDEDFFCPE' unit is dangling and will be cleaned.
W: Public-4008: [D:/pango/works/ECSDC_FPGA_2026/Designs/Driver/spi/qspi_master_rx.v(line number: 200)] Instance 'u_flash_top/u_flash_driver/u_qspi_master_rx/address_shift[12]' of 'bmsWIDEDFFCPE' unit is dangling and will be cleaned.
Executing : tech-mapping phase 1 successfully. Time elapsed: 0.037s wall, 0.000s user + 0.016s system = 0.016s CPU (42.6%). Peak memory used: 285 MB.

Start tech-mapping phase 2.
Executing : tech-mapping phase 2 successfully. Time elapsed: 0.197s wall, 0.203s user + 0.000s system = 0.203s CPU (103.3%). Peak memory used: 292 MB.

Start tech-optimization.
Executing : tech-optimization successfully. Time elapsed: 0.038s wall, 0.016s user + 0.062s system = 0.078s CPU (208.1%). Peak memory used: 293 MB.

Start phys-optimization.
Executing : phys-optimization successfully. Time elapsed: 0.000s wall, 0.000s user + 0.000s system = 0.000s CPU (n/a%). Peak memory used: 293 MB.

Start restore-hierarchy.
Executing : restore-hierarchy successfully. Time elapsed: 0.010s wall, 0.016s user + 0.000s system = 0.016s CPU (162.2%). Peak memory used: 293 MB.


Cell Usage:
GTP_DFF_C                    76 uses
GTP_DFF_CE                  221 uses
GTP_DFF_P                     1 use
GTP_DFF_PE                    2 uses
GTP_DRM9K                     2 uses
GTP_GRS                       1 use
GTP_INV                       3 uses
GTP_LUT1                      7 uses
GTP_LUT2                     49 uses
GTP_LUT3                     50 uses
GTP_LUT4                     40 uses
GTP_LUT5                     95 uses
GTP_LUT5CARRY                69 uses
GTP_LUT5M                    25 uses
GTP_MUX2LUT6                  1 use

I/O ports: 17
GTP_INBUF                   2 uses
GTP_IOBUF                   4 uses
GTP_OUTBUF                 11 uses

Mapping Summary:
Total LUTs: 335 of 42800 (0.78%)
	LUTs as dram: 0 of 17000 (0.00%)
	LUTs as logic: 335
Total Registers: 300 of 64200 (0.47%)
Total Latches: 0

DRM18K:
Total DRM18Ks = 1.0 of 134 (0.75%)

APM:
Total APMs = 0.00 of 84 (0.00%)

Total I/O ports = 17 of 296 (5.74%)


Overview of Control Sets:

Number of unique control sets : 33

Histogram:
**************************************************************
  Fanout      | Count    | Sync Set/Reset    Async Set/Reset
--------------------------------------------------------------
  [0, 2)      | 3        | 0                 3
  [2, 4)      | 5        | 0                 5
  [4, 6)      | 7        | 0                 7
  [6, 8)      | 2        | 0                 2
  [8, 10)     | 9        | 0                 9
  [10, 12)    | 4        | 0                 4
  [12, 14)    | 0        | 0                 0
  [14, 16)    | 0        | 0                 0
  [16, Inf)   | 3        | 0                 3
--------------------------------------------------------------
  The maximum fanout: 77
==============================================================

Flip-Flop Distribution:
************************************************************************
  Clock Enable    Sync Set/Reset    Async Set/Reset    Total Registers
------------------------------------------------------------------------
  NO              NO                NO                 0
  NO              NO                YES                77
  NO              YES               NO                 0
  YES             NO                NO                 0
  YES             NO                YES                223
  YES             YES               NO                 0
========================================================================

Latch Distribution:
************************************************
  Gate Enable    Preset/Clear    Total Latches
************************************************
  NO             NO              0
  NO             YES             0
  YES            NO              0
  YES            YES             0
************************************************

Design 'flash_read_top' has been successfully synthesized to architecture-specific objects.
Saving design to DB.
Action Synthesize: Export DB successfully.
Saving design to flash_read_top_syn.vm
Constructing timing graph ...
Timing graph has been constructed successfully
W: Timing-4086: Port 'sys_qspi_dq[0]' is not constrained, it is treated as combinational input.
W: Timing-4087: Port 'sys_qspi_dq[0]' is not constrained, it is treated as combinational output.
W: Timing-4086: Port 'sys_qspi_dq[1]' is not constrained, it is treated as combinational input.
W: Timing-4087: Port 'sys_qspi_dq[1]' is not constrained, it is treated as combinational output.
W: Timing-4086: Port 'sys_qspi_dq[2]' is not constrained, it is treated as combinational input.
W: Timing-4087: Port 'sys_qspi_dq[2]' is not constrained, it is treated as combinational output.
W: Timing-4086: Port 'sys_qspi_dq[3]' is not constrained, it is treated as combinational input.
W: Timing-4087: Port 'sys_qspi_dq[3]' is not constrained, it is treated as combinational output.
W: Timing-4087: Port 'sys_cp2102_tx' is not constrained, it is treated as combinational output.
W: Timing-4087: Port 'sys_led[0]' is not constrained, it is treated as combinational output.
W: Timing-4087: Port 'sys_led[1]' is not constrained, it is treated as combinational output.
W: Timing-4087: Port 'sys_led[2]' is not constrained, it is treated as combinational output.
W: Timing-4087: Port 'sys_led[3]' is not constrained, it is treated as combinational output.
W: Timing-4087: Port 'sys_led[4]' is not constrained, it is treated as combinational output.
W: Timing-4087: Port 'sys_led[5]' is not constrained, it is treated as combinational output.
W: Timing-4087: Port 'sys_led[6]' is not constrained, it is treated as combinational output.
W: Timing-4087: Port 'sys_led[7]' is not constrained, it is treated as combinational output.
W: Timing-4087: Port 'sys_qspi_csn' is not constrained, it is treated as combinational output.
W: Timing-4087: Port 'sys_qspi_sck' is not constrained, it is treated as combinational output.
W: Timing-4086: Port 'sys_rstn' is not constrained, it is treated as combinational input.
Action synthesize: Real time elapsed is 0h:0m:4s
Action synthesize: CPU time elapsed is 0h:0m:2s
Action synthesize: Process CPU time elapsed is 0h:0m:3s
Action synthesize: Peak memory pool usage is 293 MB

Current time: Thu Oct  1 18:41:55 2026
Action from compile to synthesize: Total Real Time elapsed is 0h:0m:9s
Action from compile to synthesize: Total CPU time elapsed is 0h:0m:3s
Action from compile to synthesize: Total Process CPU Time elapsed is 0h:0m:4s
Compiling architecture definition.
Analyzing project file 'D:/pango/works/ECSDC_FPGA_2026/prj_tasks/pnr_1/device_map/dev_map.ptemp'.
#Generated by Fabric Compiler (version 2025.2 build 211867) at Thu Oct  1 18:41:56 2026
Parameters for debugging are loaded as follows:
Compiling verification operator library.
Compiling vendor parameter file.
Compiling common defs.
Loading technology operator library.
Compiling technology operator library.
Compiling technology operator (valence) library.
Compiling operator packing rules.
Compiling prim grid devices.
Compiling gate devices.
Compiling gate operators.
Compiling gate operators impls.
Compiling tech operator impls.
Building architecture model.
Loading device packaging model.
NOTE: The technology fpga was specified.
NOTE: delay_model specified was generic_cmos.
NOTE: Using the fpga syntax tables...
Elaborate the liberty model.
I: Multithreading enabled for Timing using a maximum of 4 processes.
Totals:
 Calls to malloc = 0
 Calls to calloc = 111555

Constraint check start.
Constraint check end.
Total time(hh:mm:ss) of constraint check : 00:00:00
Flattening design 'flash_read_top'
Logical Constraint:
+--------------------------------------------------------------------------------------------------------+
| Object                                                               | Attribute          | Value     
+--------------------------------------------------------------------------------------------------------+
| i:sys_clk_50mhz_ibuf                                                 | PAP_DONT_TOUCH     | TRUE      
| i:sys_rstn_ibuf                                                      | PAP_DONT_TOUCH     | TRUE      
| i:u_flash_top.u_flash_driver.u_qspi_master_rx.sys_qspi_dq_tri[0]     | PAP_DONT_TOUCH     | TRUE      
| i:u_flash_top.u_flash_driver.u_qspi_master_rx.sys_qspi_dq_tri[1]     | PAP_DONT_TOUCH     | TRUE      
| i:u_flash_top.u_flash_driver.u_qspi_master_rx.sys_qspi_dq_tri[2]     | PAP_DONT_TOUCH     | TRUE      
| i:u_flash_top.u_flash_driver.u_qspi_master_rx.sys_qspi_dq_tri[3]     | PAP_DONT_TOUCH     | TRUE      
+--------------------------------------------------------------------------------------------------------+

Device mapping started.
Optimizing circuit logic.
Checking design netlist.
Processing tech operator.
I: The instance clkbufg_0(GTP_CLKBUFG) has been inserted on the net nt_sys_clk_50mhz in design, driver pin O(instance sys_clk_50mhz_ibuf) -> load pin CLK(instance u_cp2102_top/u_cp2102/frame_checksum[0]).
Converting tech operator to gate operator.
Minimun Fanout To Report "1".
Number of Nets (Fanout>=Min Fanout) To Report "100".
Processing gate operator.
I: Infer CARRY group, base inst: u_flash_top/u_flash_driver/N25_1_1/gateop, insts:5.
I: Infer CARRY group, base inst: u_cp2102_top/u_cp2102/u_uart_tx/N50_1_1/gateop, insts:5.
I: Infer CARRY group, base inst: u_flash_top/u_flash_driver/u_qspi_master_rx/N67_1_1/gateop, insts:7.
I: Infer CARRY group, base inst: u_flash_top/u_flash_driver/u_qspi_master_rx/N68.lt_0/gateop, insts:3.
I: Infer CARRY group, base inst: u_flash_top/u_flash_driver/u_qspi_master_rx/N217_1_1/gateop, insts:19.
I: Infer CARRY group, base inst: u_cp2102_top/u_cp2102/u_cp2102_tx_fifo/U_ipml_fifo_cp2102_tx_fifo/U_ipml_fifo_ctrl/N2_1/gateop, insts:10.
I: Infer CARRY group, base inst: u_cp2102_top/u_cp2102/u_cp2102_tx_fifo/U_ipml_fifo_cp2102_tx_fifo/U_ipml_fifo_ctrl/N94_1/gateop, insts:10.
I: Infer CARRY group, base inst: u_cp2102_top/u_cp2102/u_cp2102_tx_fifo/U_ipml_fifo_cp2102_tx_fifo/U_ipml_fifo_ctrl/N187.eq_0/gateop, insts:5.
I: Infer CARRY group, base inst: u_cp2102_top/u_cp2102/u_cp2102_tx_fifo/U_ipml_fifo_cp2102_tx_fifo/U_ipml_fifo_ctrl/N190.eq_0/gateop, insts:5.
Device Utilization Summary:
+------------------------------------------------------------------------+
| Logic Utilization     | Used     | Available     | Utilization(%)     
+------------------------------------------------------------------------+
| APM                   | 0        | 84            | 0                  
| IOCKDLY               | 0        | 40            | 0                  
| FF                    | 300      | 64200         | 1                  
| LUT                   | 335      | 42800         | 1                  
| Distributed RAM       | 0        | 17000         | 0                  
| DLL                   | 0        | 10            | 0                  
| DQSL                  | 0        | 18            | 0                  
| DRM                   | 1        | 134           | 1                  
| FUSECODE              | 0        | 1             | 0                  
| IO                    | 17       | 296           | 6                  
| IOCKDIV               | 0        | 20            | 0                  
| IOCKGATE              | 0        | 20            | 0                  
| IPAL                  | 0        | 1             | 0                  
| PLL                   | 0        | 5             | 0                  
| RCKB                  | 0        | 24            | 0                  
| SCANCHAIN             | 0        | 2             | 0                  
| START                 | 1        | 1             | 100                
| USCM                  | 1        | 30            | 4                  
| HSST                  | 0        | 1             | 0                  
| OSC                   | 0        | 1             | 0                  
| CRYSTAL               | 0        | 2             | 0                  
| RESCAL                | 0        | 4             | 0                  
| UDID                  | 0        | 1             | 0                  
| PCIE                  | 0        | 1             | 0                  
| LDO                   | 0        | 4             | 0                  
+------------------------------------------------------------------------+

Generate Detailed Map Report "False".
Device mapping done.
Total device mapping takes 0.05 sec.

Design 'flash_read_top' has been successfully mapped to architecture-specific objects.
Saving design to DB.
Action Device Map: Export DB successfully.
Override Pcf "True".
W: Public-4010: Pcf file D:/pango/works/ECSDC_FPGA_2026/prj_tasks/pnr_1/device_map/flash_read_top.pcf has been covered.
Action dev_map: Real time elapsed is 0h:0m:4s
Action dev_map: CPU time elapsed is 0h:0m:2s
Action dev_map: Process CPU time elapsed is 0h:0m:2s
Action dev_map: Peak memory pool usage is 246 MB

Current time: Thu Oct  1 18:41:58 2026
Action from compile to dev_map: Total Real Time elapsed is 0h:0m:13s
Action from compile to dev_map: Total CPU time elapsed is 0h:0m:5s
Action from compile to dev_map: Total Process CPU Time elapsed is 0h:0m:6s
Compiling architecture definition.
Analyzing project file 'D:/pango/works/ECSDC_FPGA_2026/prj_tasks/pnr_1/place_route/place.ptemp'.
#Generated by Fabric Compiler (version 2025.2 build 211867) at Thu Oct  1 18:41:59 2026
Parameters for debugging are loaded as follows:
Compiling verification operator library.
Compiling vendor parameter file.
Compiling common defs.
Compiling prim grid devices.
Compiling place grid timing.
Compiling gate devices.
Compiling gate operators.
Compiling gate operators impls.
Building architecture model.
Loading device packaging model.
Building architecture floorplan logic view.
Constraint check start.
W: ConstraintEditor-4042: Port 'sys_qspi_dq[0]' lacks attribute 'SLEW', it's better to set the attribute for port.
W: ConstraintEditor-4042: Port 'sys_qspi_dq[0]' lacks attribute 'DRIVE', it's better to set the attribute for port.
W: ConstraintEditor-4042: Port 'sys_qspi_dq[0]' lacks attribute 'BUS_KEEPER', it's better to set the attribute for port.
W: ConstraintEditor-4040: [D:/pango/works/ECSDC_FPGA_2026/prj_tasks/pnr_1/device_map/flash_read_top.pcf(line number: 3)] Port sys_qspi_dq[0] has been placed at location AB20, whose type is share pin.
W: ConstraintEditor-4042: Port 'sys_qspi_dq[1]' lacks attribute 'SLEW', it's better to set the attribute for port.
W: ConstraintEditor-4042: Port 'sys_qspi_dq[1]' lacks attribute 'DRIVE', it's better to set the attribute for port.
W: ConstraintEditor-4042: Port 'sys_qspi_dq[1]' lacks attribute 'BUS_KEEPER', it's better to set the attribute for port.
W: ConstraintEditor-4040: [D:/pango/works/ECSDC_FPGA_2026/prj_tasks/pnr_1/device_map/flash_read_top.pcf(line number: 4)] Port sys_qspi_dq[1] has been placed at location AA20, whose type is share pin.
W: ConstraintEditor-4042: Port 'sys_qspi_dq[2]' lacks attribute 'SLEW', it's better to set the attribute for port.
W: ConstraintEditor-4042: Port 'sys_qspi_dq[2]' lacks attribute 'DRIVE', it's better to set the attribute for port.
W: ConstraintEditor-4042: Port 'sys_qspi_dq[2]' lacks attribute 'BUS_KEEPER', it's better to set the attribute for port.
W: ConstraintEditor-4040: [D:/pango/works/ECSDC_FPGA_2026/prj_tasks/pnr_1/device_map/flash_read_top.pcf(line number: 5)] Port sys_qspi_dq[2] has been placed at location R13, whose type is share pin.
W: ConstraintEditor-4042: Port 'sys_qspi_dq[3]' lacks attribute 'SLEW', it's better to set the attribute for port.
W: ConstraintEditor-4042: Port 'sys_qspi_dq[3]' lacks attribute 'DRIVE', it's better to set the attribute for port.
W: ConstraintEditor-4042: Port 'sys_qspi_dq[3]' lacks attribute 'BUS_KEEPER', it's better to set the attribute for port.
W: ConstraintEditor-4040: [D:/pango/works/ECSDC_FPGA_2026/prj_tasks/pnr_1/device_map/flash_read_top.pcf(line number: 6)] Port sys_qspi_dq[3] has been placed at location T14, whose type is share pin.
W: ConstraintEditor-4042: Port 'sys_cp2102_tx' lacks attribute 'SLEW', it's better to set the attribute for port.
W: ConstraintEditor-4042: Port 'sys_cp2102_tx' lacks attribute 'DRIVE', it's better to set the attribute for port.
W: ConstraintEditor-4042: Port 'sys_led[0]' lacks attribute 'SLEW', it's better to set the attribute for port.
W: ConstraintEditor-4042: Port 'sys_led[0]' lacks attribute 'DRIVE', it's better to set the attribute for port.
W: ConstraintEditor-4042: Port 'sys_led[0]' lacks attribute 'BUS_KEEPER', it's better to set the attribute for port.
W: ConstraintEditor-4042: Port 'sys_led[1]' lacks attribute 'SLEW', it's better to set the attribute for port.
W: ConstraintEditor-4042: Port 'sys_led[1]' lacks attribute 'DRIVE', it's better to set the attribute for port.
W: ConstraintEditor-4042: Port 'sys_led[1]' lacks attribute 'BUS_KEEPER', it's better to set the attribute for port.
W: ConstraintEditor-4042: Port 'sys_led[2]' lacks attribute 'SLEW', it's better to set the attribute for port.
W: ConstraintEditor-4042: Port 'sys_led[2]' lacks attribute 'DRIVE', it's better to set the attribute for port.
W: ConstraintEditor-4042: Port 'sys_led[2]' lacks attribute 'BUS_KEEPER', it's better to set the attribute for port.
W: ConstraintEditor-4042: Port 'sys_led[3]' lacks attribute 'SLEW', it's better to set the attribute for port.
W: ConstraintEditor-4042: Port 'sys_led[3]' lacks attribute 'DRIVE', it's better to set the attribute for port.
W: ConstraintEditor-4042: Port 'sys_led[3]' lacks attribute 'BUS_KEEPER', it's better to set the attribute for port.
W: ConstraintEditor-4042: Port 'sys_led[4]' lacks attribute 'SLEW', it's better to set the attribute for port.
W: ConstraintEditor-4042: Port 'sys_led[4]' lacks attribute 'DRIVE', it's better to set the attribute for port.
W: ConstraintEditor-4042: Port 'sys_led[4]' lacks attribute 'BUS_KEEPER', it's better to set the attribute for port.
W: ConstraintEditor-4042: Port 'sys_led[5]' lacks attribute 'SLEW', it's better to set the attribute for port.
W: ConstraintEditor-4042: Port 'sys_led[5]' lacks attribute 'DRIVE', it's better to set the attribute for port.
W: ConstraintEditor-4042: Port 'sys_led[5]' lacks attribute 'BUS_KEEPER', it's better to set the attribute for port.
W: ConstraintEditor-4042: Port 'sys_led[6]' lacks attribute 'SLEW', it's better to set the attribute for port.
W: ConstraintEditor-4042: Port 'sys_led[6]' lacks attribute 'DRIVE', it's better to set the attribute for port.
W: ConstraintEditor-4042: Port 'sys_led[6]' lacks attribute 'BUS_KEEPER', it's better to set the attribute for port.
W: ConstraintEditor-4042: Port 'sys_led[7]' lacks attribute 'SLEW', it's better to set the attribute for port.
W: ConstraintEditor-4042: Port 'sys_led[7]' lacks attribute 'DRIVE', it's better to set the attribute for port.
W: ConstraintEditor-4042: Port 'sys_led[7]' lacks attribute 'BUS_KEEPER', it's better to set the attribute for port.
W: ConstraintEditor-4042: Port 'sys_qspi_csn' lacks attribute 'SLEW', it's better to set the attribute for port.
W: ConstraintEditor-4042: Port 'sys_qspi_csn' lacks attribute 'DRIVE', it's better to set the attribute for port.
W: ConstraintEditor-4042: Port 'sys_qspi_csn' lacks attribute 'BUS_KEEPER', it's better to set the attribute for port.
W: ConstraintEditor-4040: [D:/pango/works/ECSDC_FPGA_2026/prj_tasks/pnr_1/device_map/flash_read_top.pcf(line number: 16)] Port sys_qspi_csn has been placed at location AA3, whose type is share pin.
W: ConstraintEditor-4042: Port 'sys_qspi_sck' lacks attribute 'SLEW', it's better to set the attribute for port.
W: ConstraintEditor-4042: Port 'sys_qspi_sck' lacks attribute 'DRIVE', it's better to set the attribute for port.
W: ConstraintEditor-4042: Port 'sys_qspi_sck' lacks attribute 'BUS_KEEPER', it's better to set the attribute for port.
W: ConstraintEditor-4040: [D:/pango/works/ECSDC_FPGA_2026/prj_tasks/pnr_1/device_map/flash_read_top.pcf(line number: 17)] Port sys_qspi_sck has been placed at location Y20, whose type is share pin.
W: ConstraintEditor-4040: [D:/pango/works/ECSDC_FPGA_2026/prj_tasks/pnr_1/device_map/flash_read_top.pcf(line number: 19)] Port sys_rstn has been placed at location AB13, whose type is share pin.
C: ConstraintEditor-2022: There are some ports' attributes are set to default value, please read [D:/pango/works/ECSDC_FPGA_2026/prj_tasks/pnr_1/place_route/ports_defalut_attribute.txt(line number:0)] to confirm.
Found 0 error(s), 1 critical warning(s), 51 warning(s), out of 17 constraint(s)
Constraint check end.
Total time(hh:mm:ss) of constraint check : 00:00:00
NOTE: The technology fpga was specified.
NOTE: delay_model specified was generic_cmos.
NOTE: Using the fpga syntax tables...
Elaborate the liberty model.
I: Multithreading enabled for Timing using a maximum of 4 processes.
Totals:
 Calls to malloc = 0
 Calls to calloc = 327490

Placement started. Type: EP_COMMON_FLOW.

Stage 1 EP_INIT start.
Stage: after EP_INIT | Time (s): real = 0h:0m:5s ; cpu = 0h:0m:3s ; process = 0h:0m:5s | Memory (MB): curr = 439.632812 ; peak = 440.667969 | Checksum: 4AD32AEED12936C5

Design Layer Utilization:
	LUT: 0.783%
	FF: 0.503%
	DRM: 0.746%
	IO: 4.864%

Stage 2 EP_DL start.
build place dedicate switch graph takes 0.97 sec
Place location constraint group with base node:sys_clk_50mhz_ibuf/opit_1 at IOL_327_210
Place location constraint group with base node:sys_cp2102_tx_obuf/opit_1 at IOL_43_6
Place location constraint group with base node:sys_led_obuf[0]/opit_1 at IOL_19_374
Place location constraint group with base node:sys_led_obuf[1]/opit_1 at IOL_19_373
Place location constraint group with base node:sys_led_obuf[2]/opit_1 at IOL_35_374
Place location constraint group with base node:sys_led_obuf[3]/opit_1 at IOL_35_373
Place location constraint group with base node:sys_led_obuf[4]/opit_1 at IOL_67_374
Place location constraint group with base node:sys_led_obuf[5]/opit_1 at IOL_67_373
Place location constraint group with base node:sys_led_obuf[6]/opit_1 at IOL_47_374
Place location constraint group with base node:sys_led_obuf[7]/opit_1 at IOL_47_373
Place location constraint group with base node:sys_qspi_csn_obuf/opit_1 at IOL_15_5
Place location constraint group with base node:sys_qspi_sck_obuf/opit_1 at IOL_323_6
Place location constraint group with base node:sys_rstn_ibuf/opit_1 at IOL_167_5
Place location constraint group with base node:u_flash_top.u_flash_driver.u_qspi_master_rx.sys_qspi_dq_tri[0]/opit_1 at IOL_315_5
Place location constraint group with base node:u_flash_top.u_flash_driver.u_qspi_master_rx.sys_qspi_dq_tri[1]/opit_1 at IOL_315_6
Place location constraint group with base node:u_flash_top.u_flash_driver.u_qspi_master_rx.sys_qspi_dq_tri[2]/opit_1 at IOL_247_6
Place location constraint group with base node:u_flash_top.u_flash_driver.u_qspi_master_rx.sys_qspi_dq_tri[3]/opit_1 at IOL_247_5
Place location constraint node:BKCL_auto_0 at BKCL_188_376
Place location constraint node:BKCL_auto_1 at BKCL_328_184
Place location constraint node:BKCL_auto_2 at BKCL_192_0
DRCP Convert Loc Constraint successful.

Stage 2.1 pre clock plan start.
Mapping instance GRS_INST/grs to START_324_2.
I: Clock statistic: 1 USCM.
solve clock designs takes 0.02 sec with memory (MB): curr = 515.324219, peak = 518.726562.
Mapping instance clkbufg_0/gopclkbufg to USCM_84_108:impl_uscm_rtb_a-USCM.
Stage: after pre clock plan | Time (s): real = 0h:0m:7s ; cpu = 0h:0m:4s ; process = 0h:0m:7s | Memory (MB): curr = 515.480469 ; peak = 518.726562

Place location constraint node:clkbufg_0/gopclkbufg at USCM_84_108
DRCP Convert Loc Constraint successful.
Stage: after EP_DL | Time (s): real = 0h:0m:7s ; cpu = 0h:0m:4s ; process = 0h:0m:7s | Memory (MB): curr = 515.558594 ; peak = 518.726562 | Checksum: FC10691D8B404AAD


Stage 3 EP_FIP start.
DRCP Convert Loc Constraint successful.

Stage 3.1 fip global place start.
[GP] num_thread=0
I: Multithreading enabled for place using a maximum of 4 processes.
[GP] Placement Initial Method "Quad".
[GP] Placement Decongestion Mode "1".
[GP] Recovery Analysis in GP "Enable".
I: Loading Timing Delay Info...
I: Load Timing Delay Info successfully.
Init coarse delay table.
Read place coarse delay table takes 0.33 sec.
[GP] Init timing API takes 1.51 sec.
[GP] Init GP graph takes 1.56 sec.
Device graph total memory: 11.16541767 MB
[GP] Read position from netlist take 0 msec
[GP] Total node move: 38468.77, average node move: 93.60
First map gop timing takes 0.00 sec
[GP] SA handle 2 clusters.
[GP] SA init_cost = 75245.000000, final_cost = 75245.000000, final_cost/init_cost = 1.000000, occupied region_num = 2.
[GP] SA Optimize take time: 0.003000 sec.
[GP] Timing analysis take 0.006000 secs.
[GP] MarginTNSS=0, TNSS=0, WSS=6070
[GP] Place thread size: 4
[GP] Node size: 9558, net size: 549
[GP] Design graph total memory: 32.97327423 MB
[GP] Timing analysis take 0.005000 secs.
[GP] MarginTNSS=0, TNSS=0, WSS=10663
[GP] Step 0 take 0.048 secs: WL=3199.66 OF=0.602817
[GP] Timing analysis take 0.006000 secs.
[GP] MarginTNSS=0, TNSS=0, WSS=13407
[GP] Step 1 take 0.326 secs: WL=2320.28 OF=0.502735
[GP] Timing analysis take 0.007000 secs.
[GP] MarginTNSS=0, TNSS=0, WSS=13750
[GP] Step 2 take 0.324 secs: WL=2032.92 OF=0.427098
[GP] Timing analysis take 0.007000 secs.
[GP] MarginTNSS=0, TNSS=0, WSS=14055
[GP] Timing analysis take 0.006000 secs.
[GP] MarginTNSS=0, TNSS=0, WSS=14090
[GP] Step 3 take 0.326 secs: WL=1893.44 OF=0.395612
[GP] Timing analysis take 0.006000 secs.
[GP] MarginTNSS=0, TNSS=0, WSS=14136
[GP] Step 4 take 0.172 secs: WL=1920.21 OF=0.359667
[GP] Timing analysis take 0.007000 secs.
[GP] MarginTNSS=0, TNSS=0, WSS=14399
[GP] Step 5 take 0.168 secs: WL=1895.43 OF=0.311391
[GP] Timing analysis take 0.008000 secs.
[GP] MarginTNSS=0, TNSS=0, WSS=14214
[GP] Step 6 take 0.186 secs: WL=1913.76 OF=0.244789
[GP] Timing analysis take 0.007000 secs.
[GP] MarginTNSS=0, TNSS=0, WSS=14477
[GP] Step 7 take 0.183 secs: WL=1927.03 OF=0.185905
[GP] Timing analysis take 0.007000 secs.
[GP] MarginTNSS=0, TNSS=0, WSS=14265
[GP] Step 8 take 0.196 secs: WL=1927.88 OF=0.120143
[GP] Timing analysis take 0.008000 secs.
[GP] MarginTNSS=0, TNSS=0, WSS=14265
[GP] Final best WL=1943.353243 OF=0.089648, totally takes 2.065000 secs, run timing analysis 12 times totally takes 0.080000 secs.
[GP] Total node move: 43025.00, average node move: 104.68
[GP] Placer use memory: 14.89470291 MB
Stage: after fip global place | Performance: WL = 1771 ; TNS =  0 ; WNS =  14265 | Time (s): real = 0h:0m:10s ; cpu = 0h:0m:8s ; process = 0h:0m:13s | Memory (MB): curr = 662.816406 ; peak = 678.773438 | Checksum: B0142680CDE8E33

Flat initial placement flow takes 3.312.
Stage: after EP_FIP | Performance: WL = 1771 ; TNS =  0 ; WNS =  14265 | Time (s): real = 0h:0m:11s ; cpu = 0h:0m:8s ; process = 0h:0m:13s | Memory (MB): curr = 661.640625 ; peak = 678.773438 | Checksum: B0142680CDE8E33


Stage 4 EP_CAGP start.

Stage 4.1 cagp site packing start.
Stage: after pack legalize group | Performance: avg_mov = 0.000000 ; max_mov = 0 ; mov_var = 0.000000
Stage: after cagp site packing | Performance: WL = 3924 | Time (s): real = 0h:0m:11s ; cpu = 0h:0m:8s ; process = 0h:0m:13s | Memory (MB): curr = 683.281250 ; peak = 688.726562 | Checksum: 399789A3E089429


Stage 4.2 cagp macro placement start.
Stage: after cagp macro placement | Performance: WL = 3924 | Time (s): real = 0h:0m:11s ; cpu = 0h:0m:8s ; process = 0h:0m:13s | Memory (MB): curr = 683.691406 ; peak = 688.726562 | Checksum: 399789A3E089429


Stage 4.3 post clock plan start.
pre solve all clock design takes 0.00 sec with memory (MB): curr = 683.781250, peak = 688.726562.
CRA timing analysis with worst slack 13363 takes 0.02 sec.
CRA cost 0 takes 0.02 sec.
solve all clock design takes 0.02 sec with memory (MB): curr = 684.445312, peak = 688.726562.
expand load region takes 0.00 sec.
Stage: after post clock plan | Time (s): real = 0h:0m:11s ; cpu = 0h:0m:8s ; process = 0h:0m:14s | Memory (MB): curr = 684.582031 ; peak = 688.726562

Movement during CRA, max : (0, 0) , total : (0, 0) , count : 0 , avg : (0, 0) .
Stage: after EP_CAGP | Performance: WL = 3924 ; TNS =  0 ; WNS =  13363 | Time (s): real = 0h:0m:11s ; cpu = 0h:0m:8s ; process = 0h:0m:14s | Memory (MB): curr = 684.593750 ; peak = 688.726562 | Checksum: 8ED3BDA7F3981379


Stage 5 EP_DRCP start.

Stage 5.1 DRC Placement start.
DRC final successful.
Stage: after DRC Placement | Time (s): real = 0h:0m:11s ; cpu = 0h:0m:8s ; process = 0h:0m:14s | Memory (MB): curr = 684.621094 ; peak = 688.726562


Stage 5.2 IO Placement start.
The average distance in IO place is 0.000000.
Stage: after IO Placement | Time (s): real = 0h:0m:11s ; cpu = 0h:0m:8s ; process = 0h:0m:14s | Memory (MB): curr = 684.785156 ; peak = 688.726562

Stage: after EP_DRCP | Performance: WL = 3924 ; TNS =  0 ; WNS =  13363 | Time (s): real = 0h:0m:11s ; cpu = 0h:0m:8s ; process = 0h:0m:14s | Memory (MB): curr = 684.796875 ; peak = 688.726562 | Checksum: 1397C71CEAF6B2CE


Stage 6 EP_MP start.

Stage 6.1 macro place start.
The average distance of DRM is 0.000000, The max distance of DRM is 0.000000
Stage: after macro place | Performance: WL = 4007 | Time (s): real = 0h:0m:11s ; cpu = 0h:0m:8s ; process = 0h:0m:14s | Memory (MB): curr = 684.902344 ; peak = 688.726562 | Checksum: B5DB0F9A12340947


Stage 6.2 mp post global place start.
[GP] num_thread=0
I: Multithreading enabled for place using a maximum of 4 processes.
[GP] Init timing API takes 0.00 sec.
[GP] Init GP graph takes 0.01 sec.
Device graph total memory: 11.16932392 MB
[GP] Read position from netlist take 0 msec
[GP] Timing analysis take 0.084000 secs.
[GP] MarginTNSS=0, TNSS=0, WSS=13363
[GP] Place thread size: 4
[GP] Node size: 9197, net size: 489
[GP] Design graph total memory: 28.72851276 MB
[GP] Timing analysis take 0.005000 secs.
[GP] MarginTNSS=0, TNSS=0, WSS=13770
[GP] Step 0 take 0.026 secs: WL=3153.40 OF=0.187306
[GP] Timing analysis take 0.007000 secs.
[GP] MarginTNSS=0, TNSS=0, WSS=14318
[GP] Step 1 take 0.171 secs: WL=2092.39 OF=0.260581
[GP] Timing analysis take 0.006000 secs.
[GP] MarginTNSS=0, TNSS=0, WSS=14273
[GP] Step 2 take 0.158 secs: WL=2128.88 OF=0.191843
[GP] Timing analysis take 0.005000 secs.
[GP] MarginTNSS=0, TNSS=0, WSS=14165
[GP] Step 3 take 0.151 secs: WL=2164.35 OF=0.141553
[GP] Timing analysis take 0.007000 secs.
[GP] MarginTNSS=0, TNSS=0, WSS=14212
[GP] Step 4 take 0.154 secs: WL=2205.62 OF=0.088385
[GP] Timing analysis take 0.009000 secs.
[GP] MarginTNSS=0, TNSS=0, WSS=14212
[GP] Final best WL=2218.963034 OF=0.075238, totally takes 0.721000 secs, run timing analysis 7 times totally takes 0.123000 secs.
[GP] Total node move: 824.35, average node move: 4.74
[GP] Placer use memory: 5.89147949 MB
Stage: after mp post global place | Performance: WL = 2089 ; TNS =  0 ; WNS =  14212 | Time (s): real = 0h:0m:12s ; cpu = 0h:0m:9s ; process = 0h:0m:15s | Memory (MB): curr = 680.703125 ; peak = 688.726562 | Checksum: 9E8A6BCD412DFF1F

MP flow takes 0.656.
Stage: after EP_MP | Performance: WL = 2089 ; TNS =  0 ; WNS =  14212 | Time (s): real = 0h:0m:12s ; cpu = 0h:0m:9s ; process = 0h:0m:15s | Memory (MB): curr = 680.703125 ; peak = 688.726562 | Checksum: 9E8A6BCD412DFF1F


Stage 7 EP_LP start.
Stage: after legalization | Performance: avg_mov = 0.100775 ; max_mov = 1 ; mov_var = 0.090620
Legalize placement flow takes 0.000.
Stage: after EP_LP | Performance: WL = 2121 ; TNS =  0 ; WNS =  14274 | Time (s): real = 0h:0m:12s ; cpu = 0h:0m:9s ; process = 0h:0m:15s | Memory (MB): curr = 683.437500 ; peak = 688.726562 | Checksum: F89811BBF4664665


Stage 8 EP_DP start.
Stage: before DP | Performance: WL = 2121 ; TNS = 0 ; WNS = 14274
Stage: after DP | Performance: WL = 2121 ; TNS = 0 ; WNS = 14274
EP_DP takes 0 sec.
Stage: after EP_DP | Performance: WL = 2121 ; TNS =  0 ; WNS =  14274 | Time (s): real = 0h:0m:12s ; cpu = 0h:0m:9s ; process = 0h:0m:16s | Memory (MB): curr = 685.023438 ; peak = 688.726562 | Checksum: F89811BBF4664665


Stage 9 EP_FP start.
AutoDRC Flow for Design Check After Place Start.
AutoDRC Flow for Design Check After Place End.
Stage: after EP_FP | Performance: WL = 2121 ; TNS =  0 ; WNS =  14274 | Time (s): real = 0h:0m:12s ; cpu = 0h:0m:9s ; process = 0h:0m:16s | Memory (MB): curr = 686.781250 ; peak = 688.726562 | Checksum: 58B89F66328D5DBC


Congestion analysis started.
I: Start printing congestion info.
I: Finish printing congestion info.
Congestion analysis takes 0.11 sec.


Device Utilization Summary :
+----------------------------------------------------------------------------+
| Device Type                      | Used     | Available     | Util(%)     
+----------------------------------------------------------------------------+
| CLMA                             | 86       | 6450          | 2           
| + FF                             | 195      | 38700         | 1           
| + LUT                            | 223      | 25800         | 1           
|   + LUT as Logic                 | 223      |               |             
|   + LUT as Const                 | 0        |               |             
|   + LUT as Bypass                | 0        |               |             
| CLMS                             | 47       | 4250          | 2           
| + FF                             | 105      | 25500         | 1           
| + LUT                            | 112      | 17000         | 1           
|   + LUT as Logic                 | 112      |               |             
|   + LUT as Memory                | 0        |               |             
|     + LUT as Distributed RAM     | 0        |               |             
|   + LUT as Const                 | 0        |               |             
|   + LUT as Bypass                | 0        |               |             
| IO                               | 17       | 296           | 6           
| + IOBD                           | 8        | 64            | 13          
| + IOBR_LR                        | 0        | 7             | 0           
| + IOBR_TB                        | 1        | 8             | 13          
| + IOBS_LR                        | 1        | 161           | 1           
| + IOBS_TB                        | 7        | 56            | 13          
| APM                              | 0        | 84            | 0           
| BKCL                             | 3        | 4             | 75          
| CRYSTAL                          | 0        | 2             | 0           
| DLL                              | 0        | 10            | 0           
| DQSL                             | 0        | 18            | 0           
| DRM                              | 1        | 134           | 1           
| FUSECODE                         | 0        | 1             | 0           
| HARD0N1                          | 0        | 6672          | 0           
| HSST                             | 0        | 1             | 0           
| IOCKDIV                          | 0        | 20            | 0           
| IOCKDLY                          | 0        | 40            | 0           
| IOCKGATE                         | 0        | 20            | 0           
| + IOCKGATE as Bypass             | 0        |               |             
| IOL                              | 17       | 400           | 5           
| IPAL                             | 0        | 1             | 0           
| LDO                              | 0        | 4             | 0           
| OSC                              | 0        | 1             | 0           
| PCIE                             | 0        | 1             | 0           
| PLL                              | 0        | 5             | 0           
| RCKB                             | 0        | 24            | 0           
| + RCKB as Bypass                 | 0        |               |             
| RESCAL                           | 0        | 4             | 0           
| SCANCHAIN                        | 0        | 2             | 0           
| START                            | 1        | 1             | 100         
| UDID                             | 0        | 1             | 0           
| USCM                             | 1        | 30            | 4           
| + USCM as Bypass                 | 0        |               |             
+----------------------------------------------------------------------------+

Total placement takes 6.08 sec.
Finished placement.
Design 'flash_read_top' has been placed successfully.
Action place: Real time elapsed is 0h:0m:13s
Action place: CPU time elapsed is 0h:0m:9s
Action place: Process CPU time elapsed is 0h:0m:16s
Action place: Peak memory pool usage is 766 MB

Current time: Thu Oct  1 18:42:10 2026
Action from place to place: Total Real Time elapsed is 0h:0m:26s
Action from place to place: Total CPU time elapsed is 0h:0m:14s
Action from place to place: Total Process CPU Time elapsed is 0h:0m:22s
Compiling architecture definition.
Analyzing project file 'D:/pango/works/ECSDC_FPGA_2026/prj_tasks/pnr_1/place_route/route.ptemp'.
#Generated by Fabric Compiler (version 2025.2 build 211867) at Thu Oct  1 18:42:11 2026
Parameters for debugging are loaded as follows:
Compiling verification operator library.
Compiling vendor parameter file.
Compiling common defs.
Compiling prim grid devices.
Compiling place grid timing.
Compiling gate devices.
Compiling gate operators.
Compiling gate operators impls.
Building architecture model.
Loading device packaging model.
Building architecture floorplan logic view.
NOTE: The technology fpga was specified.
NOTE: delay_model specified was generic_cmos.
NOTE: Using the fpga syntax tables...
Elaborate the liberty model.
I: Multithreading enabled for Timing using a maximum of 4 processes.
Totals:
 Calls to malloc = 0
 Calls to calloc = 327490


Routing started.
Build routing arch for double attribute device.
Enter timing driven router mode.
I: Multithreading enabled for route using a maximum of 6 processes.
Building routing graph takes 1.29 sec.
Enable Recovery Analysis in Routing
Init coarse delay table.
I: Loading Timing Delay Info...
I: Load Timing Delay Info successfully.
Read place coarse delay table takes 0.34 sec.
build place dedicate switch graph takes 1.08 sec
Setup STE netlist take 1708 msec.
Slack Weight : 90
CE/RS signal series limit : 500
Dispose control chain take 13 msec.
Collect const net info take 31 msec.
Total nets for routing: 526.
Total loads for routing: 2113.
Direct connect net size: 120
Build all design net take 26 msec.
Processing design graph takes 1.78 sec.
Route info is not supported in this chip.
Delay table total memory: 40.33989143 MB
Route graph total memory: 74.38510990 MB
Route design total memory: 1.46933365 MB
The remaining process takes 0.01 sec.
Stage: after context initialize | Time (s): real = 0h:0m:9s ; cpu = 0h:0m:7s ; process = 0h:0m:9s | Memory (MB): curr = 674.578125 ; peak = 713.496094 | Checksum: F05BB00EE4999FFF
Global routing takes 0.00 sec.
Pin Cost Increasing Speed 300
Unrouted clock nets at iteration 0 (0.001 sec): 0
Stage: after clock route | Time (s): real = 0h:0m:9s ; cpu = 0h:0m:7s ; process = 0h:0m:9s | Memory (MB): curr = 675.500000 ; peak = 713.496094 | Checksum: 972CD299B2A14B74
Total route nets size: 522
Pre route takes 0.130 sec
Stage: after pre route | Performance: TNS = 0 ; WNS = 15064 ; THS = 0 ; WHS = 161 | Time (s): real = 0h:0m:9s ; cpu = 0h:0m:7s ; process = 0h:0m:10s | Memory (MB): curr = 689.308594 ; peak = 713.496094 | Checksum: DF6A51DB93665689
Unrouted general nets at iteration 3 (MT total route time: 0.042 sec): 370(overused: 1863)
Unrouted general nets at iteration 4 (MT total route time: 0.033 sec): 326(overused: 1346)
Unrouted general nets at iteration 5 (MT total route time: 0.028 sec): 273(overused: 890)
Unrouted general nets at iteration 6 (MT total route time: 0.024 sec): 203(overused: 536)
Unrouted general nets at iteration 7 (MT total route time: 0.022 sec): 152(overused: 333)
Unrouted general nets at iteration 8 (MT total route time: 0.012 sec): 98(overused: 195)
Unrouted general nets at iteration 9 (MT total route time: 0.010 sec): 44(overused: 82)
Unrouted general nets at iteration 10 (MT total route time: 0.006 sec): 23(overused: 44)
Unrouted general nets at iteration 11 (MT total route time: 0.006 sec): 21(overused: 22)
Unrouted general nets at iteration 12 (MT total route time: 0.002 sec): 13(overused: 14)
Unrouted general nets at iteration 13 (MT total route time: 0.002 sec): 9(overused: 12)
Unrouted general nets at iteration 14 (MT total route time: 0.002 sec): 11(overused: 14)
Unrouted general nets at iteration 15 (MT total route time: 0.001 sec): 9(overused: 12)
Unrouted general nets at iteration 16 (MT total route time: 0.001 sec): 7(overused: 10)
Unrouted general nets at iteration 17 (MT total route time: 0.000 sec): 0(overused: 0)
----General net take 0.000 sec(route net take 0.000 sec, inc cost take 0.000 sec, iter times: 1)
----const net route take 0.002 sec
Unrouted nets at iteration 18 (0.003 sec): 0
Stage: after detail route | Performance: TNS = 0 ; WNS = 14219 ; THS = NA ; WHS = NA | Time (s): real = 0h:0m:10s ; cpu = 0h:0m:7s ; process = 0h:0m:10s | Memory (MB): curr = 691.886719 ; peak = 713.496094 | Checksum: 5661C16B13B57782
Begin rip-up and reroute:
Rip-up and reroute takes 0.01 sec.
Stage: after ripup & reroute | Performance: TNS = 0 ; WNS = 14219 ; THS = NA ; WHS = NA | Time (s): real = 0h:0m:10s ; cpu = 0h:0m:7s ; process = 0h:0m:10s | Memory (MB): curr = 693.222656 ; peak = 713.496094 | Checksum: 5A09CECD8AFCA2FE
Detailed routing takes 0.75 sec.
Sort Original Nets take 0.003 sec
Check HPIO div result take 0.000 sec
Total net: 526, route succeed net: 526
Generate routing result take 0.002 sec
Handle PERMUX permutation take 0.012 sec
Handle const net take 0.002 sec
Handle route through take 0.004 sec
Used SRB routing arc is 4212.
Stage: after finish route | Performance: TNS = 0 ; WNS = 14219 ; THS = NA ; WHS = NA | Time (s): real = 0h:0m:10s ; cpu = 0h:0m:7s ; process = 0h:0m:10s | Memory (MB): curr = 667.097656 ; peak = 713.496094 | Checksum: 7BE3A0EE42C8605A
Finish routing takes 0.12 sec.
Total routing takes 4.06 sec.

Device Utilization Summary :
+----------------------------------------------------------------------------+
| Device Type                      | Used     | Available     | Util(%)     
+----------------------------------------------------------------------------+
| CLMA                             | 98       | 6450          | 2           
| + FF                             | 195      | 38700         | 1           
| + LUT                            | 263      | 25800         | 2           
|   + LUT as Logic                 | 223      |               |             
|   + LUT as Const                 | 34       |               |             
|   + LUT as Bypass                | 6        |               |             
| CLMS                             | 55       | 4250          | 2           
| + FF                             | 105      | 25500         | 1           
| + LUT                            | 147      | 17000         | 1           
|   + LUT as Logic                 | 112      |               |             
|   + LUT as Memory                | 0        |               |             
|     + LUT as Distributed RAM     | 0        |               |             
|   + LUT as Const                 | 35       |               |             
|   + LUT as Bypass                | 0        |               |             
| IO                               | 17       | 296           | 6           
| + IOBD                           | 8        | 64            | 13          
| + IOBR_LR                        | 0        | 7             | 0           
| + IOBR_TB                        | 1        | 8             | 13          
| + IOBS_LR                        | 1        | 161           | 1           
| + IOBS_TB                        | 7        | 56            | 13          
| APM                              | 0        | 84            | 0           
| BKCL                             | 3        | 4             | 75          
| CRYSTAL                          | 0        | 2             | 0           
| DLL                              | 0        | 10            | 0           
| DQSL                             | 0        | 18            | 0           
| DRM                              | 1        | 134           | 1           
| FUSECODE                         | 0        | 1             | 0           
| HARD0N1                          | 9        | 6672          | 1           
| HSST                             | 0        | 1             | 0           
| IOCKDIV                          | 0        | 20            | 0           
| IOCKDLY                          | 0        | 40            | 0           
| IOCKGATE                         | 0        | 20            | 0           
| + IOCKGATE as Bypass             | 0        |               |             
| IOL                              | 17       | 400           | 5           
| IPAL                             | 0        | 1             | 0           
| LDO                              | 0        | 4             | 0           
| OSC                              | 0        | 1             | 0           
| PCIE                             | 0        | 1             | 0           
| PLL                              | 0        | 5             | 0           
| RCKB                             | 0        | 24            | 0           
| + RCKB as Bypass                 | 0        |               |             
| RESCAL                           | 0        | 4             | 0           
| SCANCHAIN                        | 0        | 2             | 0           
| START                            | 1        | 1             | 100         
| UDID                             | 0        | 1             | 0           
| USCM                             | 1        | 30            | 4           
| + USCM as Bypass                 | 0        |               |             
+----------------------------------------------------------------------------+

Finished routing. (CPU time elapsed 0h:00m:07s)
Design 'flash_read_top' has been routed successfully.
Saving design to DB.
Action Route: Export DB successfully.
Action route: Real time elapsed is 0h:0m:10s
Action route: CPU time elapsed is 0h:0m:8s
Action route: Process CPU time elapsed is 0h:0m:10s
Action route: Peak memory pool usage is 713 MB

Current time: Thu Oct  1 18:42:19 2026
Action from compile to route: Total Real Time elapsed is 0h:0m:36s
Action from compile to route: Total CPU time elapsed is 0h:0m:22s
Action from compile to route: Total Process CPU Time elapsed is 0h:0m:32s
Compiling architecture definition.
Analyzing project file 'D:/pango/works/ECSDC_FPGA_2026/prj_tasks/pnr_1/place_route/route_optimize.ptemp'.
#Generated by Fabric Compiler (version 2025.2 build 211867) at Thu Oct  1 18:42:21 2026
Parameters for debugging are loaded as follows:
Compiling verification operator library.
Compiling vendor parameter file.
Compiling common defs.
Compiling prim grid devices.
Compiling place grid timing.
Compiling gate devices.
Compiling gate operators.
Compiling gate operators impls.
Building architecture model.
Loading device packaging model.
Building architecture floorplan logic view.
NOTE: The technology fpga was specified.
NOTE: delay_model specified was generic_cmos.
NOTE: Using the fpga syntax tables...
Elaborate the liberty model.
I: Multithreading enabled for Timing using a maximum of 4 processes.
Totals:
 Calls to malloc = 0
 Calls to calloc = 327490


Route Optimize started.
Build routing arch for double attribute device.
Enter timing driven router mode.
I: Multithreading enabled for route using a maximum of 6 processes.
Read Column Clock Map.
Building routing graph takes 1.26 sec.
Total nets for routing: 603.
Total loads for routing: 2113.
Direct connect net size: 120
Build all design net take 15 msec.
Processing design graph takes 0.01 sec.
Route info is not supported in this chip.
Delay table total memory: 40.33989143 MB
Route graph total memory: 74.39319706 MB
Route design total memory: 0.44185257 MB
The remaining process takes 0.01 sec.
Stage: after context initialize in post route | Time (s): real = 0h:0m:7s ; cpu = 0h:0m:5s ; process = 0h:0m:8s | Memory (MB): curr = 636.429688 ; peak = 668.390625 | Checksum: 8C8C27A4510B1479
Load route result takes 0.00 sec
Fix Hold Violation Threshold For Clock Path Cross SRB(ps) : 200
Fix Hold Violation Threshold For Clock Path On Clock Tree(ps) : 100
Hold fix to no violation.
Hold fix to threshold
Stage: after hold fix | Performance: TNS = 0 ; WNS = 14219 ; THS = 0 ; WHS = 161 | Time (s): real = 0h:0m:8s ; cpu = 0h:0m:6s ; process = 0h:0m:8s | Memory (MB): curr = 651.222656 ; peak = 668.390625 | Checksum: EE74EBB8DA3641B3
Hold Violation Fix in router takes 0.22 sec.
Sort Original Nets take 0.000 sec
Total net: 603, route succeed net: 603
Generate routing result take 0.002 sec
Handle PERMUX permutation take 0.001 sec
Handle const net take 0.000 sec
Handle route through take 0.005 sec
Used SRB routing arc is 4212.
Stage: after finish post route | Performance: TNS = 0 ; WNS = 14219 ; THS = NA ; WHS = NA | Time (s): real = 0h:0m:8s ; cpu = 0h:0m:6s ; process = 0h:0m:8s | Memory (MB): curr = 652.425781 ; peak = 668.390625 | Checksum: 33B5D7B7FB9D3C0
Finish post route takes 0.11 sec.
Total post route takes 1.85 sec.

Device Utilization Summary :
+----------------------------------------------------------------------------+
| Device Type                      | Used     | Available     | Util(%)     
+----------------------------------------------------------------------------+
| CLMA                             | 98       | 6450          | 2           
| + FF                             | 195      | 38700         | 1           
| + LUT                            | 263      | 25800         | 2           
|   + LUT as Logic                 | 223      |               |             
|   + LUT as Const                 | 34       |               |             
|   + LUT as Bypass                | 6        |               |             
| CLMS                             | 55       | 4250          | 2           
| + FF                             | 105      | 25500         | 1           
| + LUT                            | 147      | 17000         | 1           
|   + LUT as Logic                 | 112      |               |             
|   + LUT as Memory                | 0        |               |             
|     + LUT as Distributed RAM     | 0        |               |             
|   + LUT as Const                 | 35       |               |             
|   + LUT as Bypass                | 0        |               |             
| IO                               | 17       | 296           | 6           
| + IOBD                           | 8        | 64            | 13          
| + IOBR_LR                        | 0        | 7             | 0           
| + IOBR_TB                        | 1        | 8             | 13          
| + IOBS_LR                        | 1        | 161           | 1           
| + IOBS_TB                        | 7        | 56            | 13          
| APM                              | 0        | 84            | 0           
| BKCL                             | 3        | 4             | 75          
| CRYSTAL                          | 0        | 2             | 0           
| DLL                              | 0        | 10            | 0           
| DQSL                             | 0        | 18            | 0           
| DRM                              | 1        | 134           | 1           
| FUSECODE                         | 0        | 1             | 0           
| HARD0N1                          | 9        | 6672          | 1           
| HSST                             | 0        | 1             | 0           
| IOCKDIV                          | 0        | 20            | 0           
| IOCKDLY                          | 0        | 40            | 0           
| IOCKGATE                         | 0        | 20            | 0           
| + IOCKGATE as Bypass             | 0        |               |             
| IOL                              | 17       | 400           | 5           
| IPAL                             | 0        | 1             | 0           
| LDO                              | 0        | 4             | 0           
| OSC                              | 0        | 1             | 0           
| PCIE                             | 0        | 1             | 0           
| PLL                              | 0        | 5             | 0           
| RCKB                             | 0        | 24            | 0           
| + RCKB as Bypass                 | 0        |               |             
| RESCAL                           | 0        | 4             | 0           
| SCANCHAIN                        | 0        | 2             | 0           
| START                            | 1        | 1             | 100         
| UDID                             | 0        | 1             | 0           
| USCM                             | 1        | 30            | 4           
| + USCM as Bypass                 | 0        |               |             
+----------------------------------------------------------------------------+

Finished route optimize. (CPU time elapsed 0h:00m:06s)
Design 'flash_read_top' has been routed successfully.
Saving design to DB.
Action Route Optimize: Export DB successfully.
Action route_optimize: Real time elapsed is 0h:0m:8s
Action route_optimize: CPU time elapsed is 0h:0m:6s
Action route_optimize: Process CPU time elapsed is 0h:0m:8s
Action route_optimize: Peak memory pool usage is 668 MB

Current time: Thu Oct  1 18:42:27 2026
Action from compile to route_optimize: Total Real Time elapsed is 0h:0m:44s
Action from compile to route_optimize: Total CPU time elapsed is 0h:0m:28s
Action from compile to route_optimize: Total Process CPU Time elapsed is 0h:0m:40s
Compiling architecture definition.
Analyzing project file 'D:/pango/works/ECSDC_FPGA_2026/prj_tasks/pnr_1/report_timing/report_timing.ptemp'.
#Generated by Fabric Compiler (version 2025.2 build 211867) at Thu Oct  1 18:42:28 2026
Parameters for debugging are loaded as follows:
Compiling verification operator library.
Compiling vendor parameter file.
Compiling common defs.
Compiling prim grid devices.
Compiling place grid timing.
Compiling gate devices.
Compiling gate operators.
Compiling gate operators impls.
Building architecture model.
Loading device packaging model.
Reading design from pnr DB.
Start Report Post-PnR timing.
NOTE: The technology fpga was specified.
NOTE: delay_model specified was generic_cmos.
NOTE: Using the fpga syntax tables...
Elaborate the liberty model.
I: Multithreading enabled for Timing using a maximum of 4 processes.
Totals:
 Calls to malloc = 0
 Calls to calloc = 327490

Constructing timing graph ...
Timing graph has been constructed successfully
W: Timing-4086: Port 'sys_qspi_dq[0]' is not constrained, it is treated as combinational input.
W: Timing-4087: Port 'sys_qspi_dq[0]' is not constrained, it is treated as combinational output.
W: Timing-4086: Port 'sys_qspi_dq[1]' is not constrained, it is treated as combinational input.
W: Timing-4087: Port 'sys_qspi_dq[1]' is not constrained, it is treated as combinational output.
W: Timing-4086: Port 'sys_qspi_dq[2]' is not constrained, it is treated as combinational input.
W: Timing-4087: Port 'sys_qspi_dq[2]' is not constrained, it is treated as combinational output.
W: Timing-4086: Port 'sys_qspi_dq[3]' is not constrained, it is treated as combinational input.
W: Timing-4087: Port 'sys_qspi_dq[3]' is not constrained, it is treated as combinational output.
W: Timing-4087: Port 'sys_cp2102_tx' is not constrained, it is treated as combinational output.
W: Timing-4087: Port 'sys_led[0]' is not constrained, it is treated as combinational output.
W: Timing-4087: Port 'sys_led[1]' is not constrained, it is treated as combinational output.
W: Timing-4087: Port 'sys_led[2]' is not constrained, it is treated as combinational output.
W: Timing-4087: Port 'sys_led[3]' is not constrained, it is treated as combinational output.
W: Timing-4087: Port 'sys_led[4]' is not constrained, it is treated as combinational output.
W: Timing-4087: Port 'sys_led[5]' is not constrained, it is treated as combinational output.
W: Timing-4087: Port 'sys_led[6]' is not constrained, it is treated as combinational output.
W: Timing-4087: Port 'sys_led[7]' is not constrained, it is treated as combinational output.
W: Timing-4087: Port 'sys_qspi_csn' is not constrained, it is treated as combinational output.
W: Timing-4087: Port 'sys_qspi_sck' is not constrained, it is treated as combinational output.
W: Timing-4086: Port 'sys_rstn' is not constrained, it is treated as combinational input.
Action Report Timing: Export DB successfully.
Report timing is finished successfully.
Action report_timing: Real time elapsed is 0h:0m:4s
Action report_timing: CPU time elapsed is 0h:0m:3s
Action report_timing: Process CPU time elapsed is 0h:0m:5s
Action report_timing: Peak memory pool usage is 423 MB

Current time: Thu Oct  1 18:42:31 2026
Action from compile to report_timing: Total Real Time elapsed is 0h:0m:48s
Action from compile to report_timing: Total CPU time elapsed is 0h:0m:31s
Action from compile to report_timing: Total Process CPU Time elapsed is 0h:0m:45s
Compiling architecture definition.
Analyzing project file 'D:/pango/works/ECSDC_FPGA_2026/prj_tasks/pnr_1/generate_bitstream/gen_bit_stream.ptemp'.
#Generated by Fabric Compiler (version 2025.2 build 211867) at Thu Oct  1 18:42:33 2026
Parameters for debugging are loaded as follows:
Compiling verification operator library.
Compiling vendor parameter file.
Compiling common defs.
Compiling prim grid devices.
Compiling place grid timing.
Compiling gate devices.
Compiling gate operators.
Compiling gate operators impls.
Building architecture model.
Loading device packaging model.
Reading design from DB.
NOTE: The technology fpga was specified.
NOTE: delay_model specified was generic_cmos.
NOTE: Using the fpga syntax tables...
Elaborate the liberty model.
I: Multithreading enabled for Timing using a maximum of 4 processes.
Totals:
 Calls to malloc = 0
 Calls to calloc = 327490

Start Generating Programming File...
Reading design from DB takes 0.234375 sec.
Generating architecture configuration.
I: Multithreading enabled for bit stream using a maximum of 2 processes.
Bit Gen CPU time: 0.828125
The bitstream file is "D:/pango/works/ECSDC_FPGA_2026/prj_tasks/pnr_1/generate_bitstream/flash_read_top.sbit"
Generate programming file takes 2.437500 sec.
Generating Programming File done.
Action gen_bit_stream: Real time elapsed is 0h:0m:8s
Action gen_bit_stream: CPU time elapsed is 0h:0m:5s
Action gen_bit_stream: Process CPU time elapsed is 0h:0m:8s
Action gen_bit_stream: Peak memory pool usage is 652 MB

Current time: Thu Oct  1 18:42:39 2026
Action from compile to gen_bit_stream: Total Real Time elapsed is 0h:0m:56s
Action from compile to gen_bit_stream: Total CPU time elapsed is 0h:0m:36s
Action from compile to gen_bit_stream: Total Process CPU Time elapsed is 0h:0m:53s
