[Info] [2026-9-30 17:33:24] /***************************Start Configuration***************************/
[Info] [2026-9-30 17:33:24] Path: D:/pango/PDS_2025.2-ads/bin
[Info] [2026-9-30 17:33:24] Version: 211867
[Info] [2026-9-30 17:33:25] Current Path: D:/pango/works/ECSDC_FPGA_2026
[Info] [2026-9-30 17:33:25] PDS Dir Path: D:/pango/works/ECSDC_FPGA_2026
[Debug] [2026-9-30 17:33:27] Begin to Converte file.
[Debug] [2026-9-30 17:33:41] End to Converte file.
[Info] [2026-9-30 22:05:58] /***************************End Configration***************************/
[Info] [2026-9-30 22:06:07] /***************************Start Configuration***************************/
[Info] [2026-9-30 22:06:07] Path: D:/pango/PDS_2025.2-ads/bin
[Info] [2026-9-30 22:06:07] Version: 211867
[Info] [2026-9-30 22:06:08] Current Path: D:/pango/works/ECSDC_FPGA_2026
[Info] [2026-9-30 22:06:08] PDS Dir Path: D:/pango/works/ECSDC_FPGA_2026
[Info] [2026-9-30 22:06:11] Configuration is not connect with server. connect first then scan chain.
[Debug] [2026-9-30 22:06:11] Client Local host name:hustlyrm
[Debug] [2026-9-30 22:06:11] Client Local Address:10.13.49.44
[Debug] [2026-9-30 22:06:11] Server Address:127.0.0.1, Port:65420
[Debug] [2026-9-30 22:06:11] Log::Print : Connecting to server[127.0.0.1 : 65420].
[Info] [2026-9-30 22:06:12] Connect OK, Server: 127.0.0.1  Port: 65420
[Debug] [2026-9-30 22:06:12] Finish.
[Info] [2026-9-30 22:06:12] Connect server succeeded
[Debug] [2026-9-30 22:06:12] Send RPC:1
[Debug] [2026-9-30 22:06:12] Send cmd [check version information:40004] OK
[Debug] [2026-9-30 22:06:12] Log::Print : Connect to server[127.0.0.1 : 65420] successfully.
[Debug] [2026-9-30 22:06:13] Send RPC:2
[Debug] [2026-9-30 22:06:13] Send cmd [get_cable_paras:40010] OK
[Debug] [2026-9-30 22:06:13] Begin to send initialize chain cmd...
[Debug] [2026-9-30 22:06:13] Send RPC:3
[Debug] [2026-9-30 22:06:13] Send cmd [Open config cable:20001] OK
[Debug] [2026-9-30 22:06:13] End to send initialize chain cmd.
[Debug] [2026-9-30 22:06:13] COMMAND[check version information] execute successfully, takes 0.9 secs.
[Debug] [2026-9-30 22:06:13] Log::Print : COMMAND[check version information] execute successfully, takes 0.9 secs.
[Debug] [2026-9-30 22:06:14] Before cable list reserve:1
[Debug] [2026-9-30 22:06:14] After cable list reserve
[Debug] [2026-9-30 22:06:14] COMMAND[get_cable_paras] execute successfully, takes 1.1 secs.
[Debug] [2026-9-30 22:06:14] Log::Print : The cable List : 
Cable index 0:USB Cable II/fffffffffffffffe 

[Debug] [2026-9-30 22:06:14] Log::Print : COMMAND[get_cable_paras] execute successfully, takes 1.1 secs.
[Debug] [2026-9-30 22:06:14] begin the exec of open cable cmd...
[Debug] [2026-9-30 22:06:14] Begin to deal with chain from server...
[Debug] [2026-9-30 22:06:14] Begin to set user chain...
[Debug] [2026-9-30 22:06:14] End to set user chain.
[Debug] [2026-9-30 22:06:14] Begin to update graphic item and tree item ...
[Debug] [2026-9-30 22:06:14] End to update graphic item and tree item ...
[Debug] [2026-9-30 22:06:14] Log::Print : PANGO USB CABLE II cable driver: D2XX DLL
[Debug] [2026-9-30 22:06:14] Log::Print : Memory(MB): peak = 71.3555;gain = 71.3555; diff = 0.683594
[Debug] [2026-9-30 22:06:14] Log::Print : PGL50H
[Debug] [2026-9-30 22:06:14] Log::Print : This device configure situation (done bit): 1
[Info] [2026-9-30 22:06:22] set OpenLastPath: D:/pango/works/ECSDC_FPGA_2026/prj_tasks/pnr_1/generate_bitstream/flash_read_top.sbit
[Debug] [2026-9-30 22:06:22] begin to get device info from CFG file...
[Debug] [2026-9-30 22:06:22] end to get device info from CFG file...
[Debug] [2026-9-30 22:06:22] Begin to update graphic item and tree item ...
[Debug] [2026-9-30 22:06:22] End to update graphic item and tree item ...
[Debug] [2026-9-30 22:06:22] Begin to update graphic item and tree item ...
[Debug] [2026-9-30 22:06:22] End to update graphic item and tree item ...
[Debug] [2026-9-30 22:06:22] End to deal wiht chain from server.
[Debug] [2026-9-30 22:06:22] end the exec of open cable cmd.
[Debug] [2026-9-30 22:06:22] COMMAND[Open config cable] execute successfully, takes 9.3 secs.
[Debug] [2026-9-30 22:06:22] Log::Print : COMMAND[Open config cable] execute successfully, takes 9.3 secs.
[Debug] [2026-9-30 22:06:25] Begin to send programming cmd...
[Debug] [2026-9-30 22:06:25] Send RPC:4
[Debug] [2026-9-30 22:06:25] Begin to send program data.
[Debug] [2026-9-30 22:06:25] End to send program data.
[Debug] [2026-9-30 22:06:25] Send cmd [Program:20002] OK
[Debug] [2026-9-30 22:06:25] The value of Progress is 6
[Debug] [2026-9-30 22:06:25] The value of Progress is 10
[Debug] [2026-9-30 22:06:25] The value of Progress is 15
[Debug] [2026-9-30 22:06:25] The value of Progress is 20
[Debug] [2026-9-30 22:06:25] The value of Progress is 25
[Debug] [2026-9-30 22:06:25] The value of Progress is 30
[Debug] [2026-9-30 22:06:25] The value of Progress is 35
[Debug] [2026-9-30 22:06:25] The value of Progress is 40
[Debug] [2026-9-30 22:06:25] The value of Progress is 45
[Debug] [2026-9-30 22:06:25] The value of Progress is 50
[Debug] [2026-9-30 22:06:26] The value of Progress is 55
[Debug] [2026-9-30 22:06:26] The value of Progress is 60
[Debug] [2026-9-30 22:06:26] The value of Progress is 65
[Debug] [2026-9-30 22:06:26] The value of Progress is 70
[Debug] [2026-9-30 22:06:26] The value of Progress is 75
[Debug] [2026-9-30 22:06:26] The value of Progress is 80
[Debug] [2026-9-30 22:06:26] The value of Progress is 85
[Debug] [2026-9-30 22:06:26] The value of Progress is 90
[Debug] [2026-9-30 22:06:26] The value of Progress is 95
[Debug] [2026-9-30 22:06:26] The value of Progress is 100
[Debug] [2026-9-30 22:06:26] COMMAND[Program] execute successfully, takes 1.8 secs.
[Debug] [2026-9-30 22:06:26] End to send programming cmd.
[Debug] [2026-9-30 22:06:26] Log::Print : [2026.09.30 22:06:26]Finish program D:/pango/works/ECSDC_FPGA_2026/prj_tasks/pnr_1/generate_bitstream/flash_read_top.sbit
[Debug] [2026-9-30 22:06:26] Log::Print : The done bit is 1
[Debug] [2026-9-30 22:06:26] Log::Print : COMMAND[Program] execute successfully, takes 1.8 secs.
[Debug] [2026-9-30 22:06:40] Begin to send scan outer flash cmd...
[Debug] [2026-9-30 22:06:40] Send RPC:5
[Debug] [2026-9-30 22:06:40] Send cmd [Scan Outer SPI Flash:20300] OK
[Debug] [2026-9-30 22:06:40] End to send scan outer flash cmd.
[Debug] [2026-9-30 22:06:40] begin to exec scan jtag flash cmd...
[Debug] [2026-9-30 22:06:40] Begin to initialize JtagFlash for selected FPGA Device...
[Debug] [2026-9-30 22:06:40] Begin to update graphic item and tree item ...
[Debug] [2026-9-30 22:06:40] End to update graphic item and tree item ...
[Debug] [2026-9-30 22:06:43] selected file name is empty and ignore.
[Debug] [2026-9-30 22:06:43] End to initialize OuterFlash for selected FPGA Device...
[Debug] [2026-9-30 22:06:43] end to exec scan jtag flash cmd...
[Debug] [2026-9-30 22:06:43] COMMAND[Scan Outer SPI Flash] execute successfully, takes 3.1 secs.
[Debug] [2026-9-30 22:06:43] Log::Print : COMMAND[Scan Outer SPI Flash] execute successfully, takes 3.1 secs.
[Debug] [2026-9-30 22:06:47] Begin to Converte file.
[Debug] [2026-9-30 22:06:51] begin to get device info from CFG file...
[Debug] [2026-9-30 22:06:51] end to get device info from CFG file...
[Debug] [2026-9-30 22:08:51] End to Converte file.
[Debug] [2026-9-30 22:08:55] Begin to Converte file.
[Debug] [2026-9-30 22:08:55] End to Converte file.
[Debug] [2026-9-30 22:09:55] begin to parse sfc file.
[Debug] [2026-9-30 22:09:55] begin to get device info from CFG file...
[Debug] [2026-9-30 22:09:55] end to get device info from CFG file...
[Debug] [2026-9-30 22:09:55] begin to get device info from CFG file...
[Debug] [2026-9-30 22:09:55] end to get device info from CFG file...
[Debug] [2026-9-30 22:09:55] end to parse sfc file.
[Debug] [2026-9-30 22:09:55] Log::Print : The Start Address of bit file D:/pango/works/ECSDC_FPGA_2026/prj_tasks/pnr_1/generate_bitstream/flash_read_top.sbit: 0x0
[Debug] [2026-9-30 22:09:55] Log::Print : The Start Address of User Data D:/pango/works/ECSDC_FPGA_2026/Debug/lut_checksum.bin: 0x202000
[Debug] [2026-9-30 22:10:04] Begin to assign configuration file...
[Info] [2026-9-30 22:10:16] set OpenLastPath: D:/pango/works/ECSDC_FPGA_2026/prj_tasks/pnr_1/generate_bitstream/flash_read_top.sfc
[Debug] [2026-9-30 22:10:16] begin to check SFC File and Flash Device Read Mode.
[Debug] [2026-9-30 22:10:16] end to check SFC File and Flash Device Read Mode.
[Debug] [2026-9-30 22:10:16] Begin to update graphic item and tree item ...
[Debug] [2026-9-30 22:10:16] End to update graphic item and tree item ...
[Debug] [2026-9-30 22:10:16] End to assign configuration file...
[Debug] [2026-9-30 22:10:18] begin to send promgram jtag flash cmd.
[Debug] [2026-9-30 22:10:18] begin to send jtag flash erase cmd
[Debug] [2026-9-30 22:10:18] Send RPC:6
[Debug] [2026-9-30 22:10:18] Begin to send embed flash erase data.
[Debug] [2026-9-30 22:10:18] Begin to send flash erase data.
[Debug] [2026-9-30 22:10:18] End to send flash erase data.
[Debug] [2026-9-30 22:10:18] End to send embed flash erase data.
[Debug] [2026-9-30 22:10:18] Send cmd [Erase Outer Flash:20302] OK
[Debug] [2026-9-30 22:10:18] Log::Print : The start address of operating flash is 0x0.
[Debug] [2026-9-30 22:10:18] The value of Progress is 1
[Debug] [2026-9-30 22:10:19] The value of Progress is 6
[Debug] [2026-9-30 22:10:20] The value of Progress is 12
[Debug] [2026-9-30 22:10:21] The value of Progress is 15
[Debug] [2026-9-30 22:10:21] The value of Progress is 21
[Debug] [2026-9-30 22:10:22] The value of Progress is 27
[Debug] [2026-9-30 22:10:23] The value of Progress is 30
[Debug] [2026-9-30 22:10:24] The value of Progress is 36
[Debug] [2026-9-30 22:10:24] The value of Progress is 42
[Debug] [2026-9-30 22:10:25] The value of Progress is 45
[Debug] [2026-9-30 22:10:25] The value of Progress is 51
[Debug] [2026-9-30 22:10:26] The value of Progress is 57
[Debug] [2026-9-30 22:10:27] The value of Progress is 60
[Debug] [2026-9-30 22:10:27] The value of Progress is 66
[Debug] [2026-9-30 22:10:28] The value of Progress is 72
[Debug] [2026-9-30 22:10:29] The value of Progress is 75
[Debug] [2026-9-30 22:10:30] The value of Progress is 81
[Debug] [2026-9-30 22:10:30] The value of Progress is 87
[Debug] [2026-9-30 22:10:31] The value of Progress is 90
[Debug] [2026-9-30 22:10:31] The value of Progress is 96
[Debug] [2026-9-30 22:10:31] The value of Progress is 100
[Debug] [2026-9-30 22:10:31] COMMAND[Erase Outer Flash] execute finish, takes 13.3 secs.
[Debug] [2026-9-30 22:10:31] end to send jtag flash erase cmd.
[Debug] [2026-9-30 22:10:31] Send RPC:7
[Debug] [2026-9-30 22:10:31] Begin to send jtag flash program data.
[Debug] [2026-9-30 22:10:31] Begin to send flash program data.
[Debug] [2026-9-30 22:10:31] End to send flash program data.
[Debug] [2026-9-30 22:10:31] End to send embed flash program data.
[Debug] [2026-9-30 22:10:31] Send cmd [Program Outer Flash:20301] OK
[Debug] [2026-9-30 22:10:31] Log::Print : COMMAND[Erase Outer Flash] execute finish, takes 13.3 secs.
[Debug] [2026-9-30 22:10:31] Log::Print : The start address of operating flash is 0x0.
[Debug] [2026-9-30 22:10:34] The value of Progress is 1
[Debug] [2026-9-30 22:10:36] The value of Progress is 6
[Debug] [2026-9-30 22:10:38] The value of Progress is 10
[Debug] [2026-9-30 22:10:40] The value of Progress is 15
[Debug] [2026-9-30 22:10:42] The value of Progress is 20
[Debug] [2026-9-30 22:10:44] The value of Progress is 25
[Debug] [2026-9-30 22:10:46] The value of Progress is 30
[Debug] [2026-9-30 22:10:48] The value of Progress is 35
[Debug] [2026-9-30 22:10:50] The value of Progress is 40
[Debug] [2026-9-30 22:10:52] The value of Progress is 45
[Debug] [2026-9-30 22:10:54] The value of Progress is 50
[Debug] [2026-9-30 22:10:56] The value of Progress is 55
[Debug] [2026-9-30 22:10:58] The value of Progress is 60
[Debug] [2026-9-30 22:10:59] The value of Progress is 65
[Debug] [2026-9-30 22:11:01] The value of Progress is 70
[Debug] [2026-9-30 22:11:04] The value of Progress is 75
[Debug] [2026-9-30 22:11:05] The value of Progress is 80
[Debug] [2026-9-30 22:11:07] The value of Progress is 85
[Debug] [2026-9-30 22:11:09] The value of Progress is 90
[Debug] [2026-9-30 22:11:11] The value of Progress is 95
[Debug] [2026-9-30 22:11:13] The value of Progress is 100
[Debug] [2026-9-30 22:11:13] COMMAND[Program Outer Flash] execute finish, takes 41.6 secs.
[Debug] [2026-9-30 22:11:13] begin to send jtag flash verify cmd
[Debug] [2026-9-30 22:11:13] Send RPC:8
[Debug] [2026-9-30 22:11:13] Begin to send embed flash verify data.
[Debug] [2026-9-30 22:11:13] Begin to send flash verify data.
[Debug] [2026-9-30 22:11:13] End to send flash verify data.
[Debug] [2026-9-30 22:11:13] End to send embed flash verify data.
[Debug] [2026-9-30 22:11:13] Send cmd [Verify Outer Flash:20303] OK
[Debug] [2026-9-30 22:11:13] Log::Print : COMMAND[Program Outer Flash] execute finish, takes 41.6 secs.
[Debug] [2026-9-30 22:11:13] Log::Print : The start address of operating flash is 0x0.
[Debug] [2026-9-30 22:11:13] The value of Progress is 1
[Debug] [2026-9-30 22:11:13] The value of Progress is 6
[Debug] [2026-9-30 22:11:13] The value of Progress is 10
[Debug] [2026-9-30 22:11:14] The value of Progress is 15
[Debug] [2026-9-30 22:11:14] The value of Progress is 20
[Debug] [2026-9-30 22:11:14] The value of Progress is 25
[Debug] [2026-9-30 22:11:14] The value of Progress is 30
[Debug] [2026-9-30 22:11:14] The value of Progress is 35
[Debug] [2026-9-30 22:11:14] The value of Progress is 40
[Debug] [2026-9-30 22:11:14] The value of Progress is 45
[Debug] [2026-9-30 22:11:15] The value of Progress is 50
[Debug] [2026-9-30 22:11:15] The value of Progress is 55
[Debug] [2026-9-30 22:11:15] The value of Progress is 60
[Debug] [2026-9-30 22:11:15] The value of Progress is 65
[Debug] [2026-9-30 22:11:15] The value of Progress is 70
[Debug] [2026-9-30 22:11:15] The value of Progress is 75
[Debug] [2026-9-30 22:11:15] The value of Progress is 80
[Debug] [2026-9-30 22:11:16] The value of Progress is 85
[Debug] [2026-9-30 22:11:16] The value of Progress is 90
[Debug] [2026-9-30 22:11:16] The value of Progress is 95
[Debug] [2026-9-30 22:11:16] The value of Progress is 100
[Debug] [2026-9-30 22:11:16] COMMAND[Verify Outer Flash] execute successfully, takes 2.8 secs.
[Debug] [2026-9-30 22:11:16] end to send jtag flash verify cmd
[Debug] [2026-9-30 22:11:16] end to send jtag flash program cmd.
[Debug] [2026-9-30 22:11:16] Log::Print : COMMAND[Verify Outer Flash] execute successfully, takes 2.8 secs.
[Info] [2026-9-30 22:24:56] /***************************Start Configuration***************************/
[Info] [2026-9-30 22:24:56] Path: D:/pango/PDS_2025.2-ads/bin
[Info] [2026-9-30 22:24:56] Version: 211867
[Info] [2026-9-30 22:25:14] /***************************Start Configuration***************************/
[Info] [2026-9-30 22:25:14] Path: D:/pango/PDS_2025.2-ads/bin
[Info] [2026-9-30 22:25:14] Version: 211867
[Info] [2026-9-30 22:25:15] Current Path: D:/pango/works/ECSDC_FPGA_2026
[Info] [2026-9-30 22:25:15] PDS Dir Path: 
[Info] [2026-9-30 22:25:15] /***************************End Configration***************************/
[Info] [2026-9-30 22:25:29] /***************************Start Configuration***************************/
[Info] [2026-9-30 22:25:29] Path: D:/pango/PDS_2025.2-ads/bin
[Info] [2026-9-30 22:25:29] Version: 211867
[Info] [2026-9-30 22:25:30] Current Path: D:/pango/works/ECSDC_FPGA_2026
[Info] [2026-9-30 22:25:30] PDS Dir Path: 
[Debug] [2026-9-30 22:25:30] begin to get device info from CFG file...
[Debug] [2026-9-30 22:25:30] end to get device info from CFG file...
[Debug] [2026-9-30 22:25:30] begin to get device info from CFG file...
[Debug] [2026-9-30 22:25:30] end to get device info from CFG file...
[Info] [2026-9-30 22:25:30] /***************************End Configration***************************/
[Debug] [2026-9-30 22:29:42] Begin to assign configuration file...
[Info] [2026-9-30 22:29:46] set OpenLastPath: D:/pango/works/ECSDC_FPGA_2026/prj_tasks/pnr_1/generate_bitstream/flash_read_top.sfc
[Debug] [2026-9-30 22:29:46] begin to check SFC File and Flash Device Read Mode.
[Debug] [2026-9-30 22:29:46] end to check SFC File and Flash Device Read Mode.
[Debug] [2026-9-30 22:29:46] Begin to update graphic item and tree item ...
[Debug] [2026-9-30 22:29:46] End to update graphic item and tree item ...
[Debug] [2026-9-30 22:29:46] End to assign configuration file...
[Debug] [2026-9-30 22:29:49] begin to send promgram jtag flash cmd.
[Debug] [2026-9-30 22:29:49] begin to send jtag flash erase cmd
[Debug] [2026-9-30 22:29:49] Send RPC:9
[Debug] [2026-9-30 22:29:49] Begin to send embed flash erase data.
[Debug] [2026-9-30 22:29:49] Begin to send flash erase data.
[Debug] [2026-9-30 22:29:49] End to send flash erase data.
[Debug] [2026-9-30 22:29:49] End to send embed flash erase data.
[Debug] [2026-9-30 22:29:49] Send cmd [Erase Outer Flash:20302] OK
[Debug] [2026-9-30 22:29:50] Log::Print : The start address of operating flash is 0x0.
[Debug] [2026-9-30 22:29:50] The value of Progress is 1
[Debug] [2026-9-30 22:29:51] The value of Progress is 6
[Debug] [2026-9-30 22:29:52] The value of Progress is 12
[Debug] [2026-9-30 22:29:52] The value of Progress is 15
[Debug] [2026-9-30 22:29:53] The value of Progress is 21
[Debug] [2026-9-30 22:29:54] The value of Progress is 27
[Debug] [2026-9-30 22:29:54] The value of Progress is 30
[Debug] [2026-9-30 22:29:55] The value of Progress is 36
[Debug] [2026-9-30 22:29:56] The value of Progress is 42
[Debug] [2026-9-30 22:29:56] The value of Progress is 45
[Debug] [2026-9-30 22:29:57] The value of Progress is 51
[Debug] [2026-9-30 22:29:58] The value of Progress is 57
[Debug] [2026-9-30 22:29:58] The value of Progress is 60
[Debug] [2026-9-30 22:29:59] The value of Progress is 66
[Debug] [2026-9-30 22:30:00] The value of Progress is 72
[Debug] [2026-9-30 22:30:00] The value of Progress is 75
[Debug] [2026-9-30 22:30:01] The value of Progress is 81
[Debug] [2026-9-30 22:30:02] The value of Progress is 87
[Debug] [2026-9-30 22:30:02] The value of Progress is 90
[Debug] [2026-9-30 22:30:03] The value of Progress is 96
[Debug] [2026-9-30 22:30:03] The value of Progress is 100
[Debug] [2026-9-30 22:30:03] COMMAND[Erase Outer Flash] execute finish, takes 13.8 secs.
[Debug] [2026-9-30 22:30:03] end to send jtag flash erase cmd.
[Debug] [2026-9-30 22:30:03] Send RPC:10
[Debug] [2026-9-30 22:30:03] Begin to send jtag flash program data.
[Debug] [2026-9-30 22:30:03] Begin to send flash program data.
[Debug] [2026-9-30 22:30:03] End to send flash program data.
[Debug] [2026-9-30 22:30:03] End to send embed flash program data.
[Debug] [2026-9-30 22:30:03] Send cmd [Program Outer Flash:20301] OK
[Debug] [2026-9-30 22:30:03] Log::Print : COMMAND[Erase Outer Flash] execute finish, takes 13.8 secs.
[Debug] [2026-9-30 22:30:03] Log::Print : The start address of operating flash is 0x0.
[Debug] [2026-9-30 22:30:06] The value of Progress is 1
[Debug] [2026-9-30 22:30:08] The value of Progress is 6
[Debug] [2026-9-30 22:30:09] The value of Progress is 10
[Debug] [2026-9-30 22:30:11] The value of Progress is 15
[Debug] [2026-9-30 22:30:13] The value of Progress is 20
[Debug] [2026-9-30 22:30:15] The value of Progress is 25
[Debug] [2026-9-30 22:30:17] The value of Progress is 30
[Debug] [2026-9-30 22:30:19] The value of Progress is 35
[Debug] [2026-9-30 22:30:21] The value of Progress is 40
[Debug] [2026-9-30 22:30:23] The value of Progress is 45
[Debug] [2026-9-30 22:30:25] The value of Progress is 50
[Debug] [2026-9-30 22:30:27] The value of Progress is 55
[Debug] [2026-9-30 22:30:29] The value of Progress is 60
[Debug] [2026-9-30 22:30:31] The value of Progress is 65
[Debug] [2026-9-30 22:30:33] The value of Progress is 70
[Debug] [2026-9-30 22:30:35] The value of Progress is 75
[Debug] [2026-9-30 22:30:37] The value of Progress is 80
[Debug] [2026-9-30 22:30:39] The value of Progress is 85
[Debug] [2026-9-30 22:30:41] The value of Progress is 90
[Debug] [2026-9-30 22:30:43] The value of Progress is 95
[Debug] [2026-9-30 22:30:45] The value of Progress is 100
[Debug] [2026-9-30 22:30:45] COMMAND[Program Outer Flash] execute finish, takes 41.5 secs.
[Debug] [2026-9-30 22:30:45] begin to send jtag flash verify cmd
[Debug] [2026-9-30 22:30:45] Send RPC:11
[Debug] [2026-9-30 22:30:45] Begin to send embed flash verify data.
[Debug] [2026-9-30 22:30:45] Begin to send flash verify data.
[Debug] [2026-9-30 22:30:45] End to send flash verify data.
[Debug] [2026-9-30 22:30:45] End to send embed flash verify data.
[Debug] [2026-9-30 22:30:45] Send cmd [Verify Outer Flash:20303] OK
[Debug] [2026-9-30 22:30:45] Log::Print : COMMAND[Program Outer Flash] execute finish, takes 41.5 secs.
[Debug] [2026-9-30 22:30:45] Log::Print : The start address of operating flash is 0x0.
[Debug] [2026-9-30 22:30:45] The value of Progress is 1
[Debug] [2026-9-30 22:30:45] The value of Progress is 6
[Debug] [2026-9-30 22:30:45] The value of Progress is 10
[Debug] [2026-9-30 22:30:45] The value of Progress is 15
[Debug] [2026-9-30 22:30:45] The value of Progress is 20
[Debug] [2026-9-30 22:30:46] The value of Progress is 25
[Debug] [2026-9-30 22:30:46] The value of Progress is 30
[Debug] [2026-9-30 22:30:46] The value of Progress is 35
[Debug] [2026-9-30 22:30:46] The value of Progress is 40
[Debug] [2026-9-30 22:30:46] The value of Progress is 45
[Debug] [2026-9-30 22:30:46] The value of Progress is 50
[Debug] [2026-9-30 22:30:46] The value of Progress is 55
[Debug] [2026-9-30 22:30:46] The value of Progress is 60
[Debug] [2026-9-30 22:30:47] The value of Progress is 65
[Debug] [2026-9-30 22:30:47] The value of Progress is 70
[Debug] [2026-9-30 22:30:47] The value of Progress is 75
[Debug] [2026-9-30 22:30:47] The value of Progress is 80
[Debug] [2026-9-30 22:30:47] The value of Progress is 85
[Debug] [2026-9-30 22:30:47] The value of Progress is 90
[Debug] [2026-9-30 22:30:47] The value of Progress is 95
[Debug] [2026-9-30 22:30:48] The value of Progress is 100
[Debug] [2026-9-30 22:30:48] COMMAND[Verify Outer Flash] execute successfully, takes 2.8 secs.
[Debug] [2026-9-30 22:30:48] end to send jtag flash verify cmd
[Debug] [2026-9-30 22:30:48] end to send jtag flash program cmd.
[Debug] [2026-9-30 22:30:48] Log::Print : COMMAND[Verify Outer Flash] execute successfully, takes 2.8 secs.
[Debug] [2026-9-30 22:35:43] Begin to assign configuration file...
[Debug] [2026-9-30 22:35:53] selected file name is empty and ignore.
[Debug] [2026-9-30 22:35:53] End to assign configuration file...
[Info] [2026-9-30 22:43:10] /***************************Start Configuration***************************/
[Info] [2026-9-30 22:43:10] Path: D:/pango/PDS_2025.2-ads/bin
[Info] [2026-9-30 22:43:10] Version: 211867
[Info] [2026-9-30 22:43:11] Current Path: D:/pango/works/ECSDC_FPGA_2026
[Info] [2026-9-30 22:43:11] PDS Dir Path: 
[Debug] [2026-9-30 22:43:11] begin to get device info from CFG file...
[Debug] [2026-9-30 22:43:11] end to get device info from CFG file...
[Debug] [2026-9-30 22:43:11] begin to get device info from CFG file...
[Debug] [2026-9-30 22:43:11] end to get device info from CFG file...
[Info] [2026-9-30 22:43:11] /***************************End Configration***************************/
[Info] [2026-9-30 22:51:57] /***************************Start Configuration***************************/
[Info] [2026-9-30 22:51:57] Path: D:/pango/PDS_2025.2-ads/bin
[Info] [2026-9-30 22:51:57] Version: 211867
[Debug] [2026-10-1 16:32:41] Begin to assign configuration file...
[Info] [2026-10-1 16:33:05] set OpenLastPath: D:/pango/works/ECSDC_FPGA_2026/prj_tasks/pnr_1/generate_bitstream/flash_read_top.sfc
[Debug] [2026-10-1 16:33:05] begin to check SFC File and Flash Device Read Mode.
[Debug] [2026-10-1 16:33:05] end to check SFC File and Flash Device Read Mode.
[Debug] [2026-10-1 16:33:05] Begin to update graphic item and tree item ...
[Debug] [2026-10-1 16:33:05] End to update graphic item and tree item ...
[Debug] [2026-10-1 16:33:05] End to assign configuration file...
[Debug] [2026-10-1 16:33:10] begin to send promgram jtag flash cmd.
[Debug] [2026-10-1 16:33:10] begin to send jtag flash erase cmd
[Debug] [2026-10-1 16:33:10] Send RPC:12
[Debug] [2026-10-1 16:33:10] Begin to send embed flash erase data.
[Debug] [2026-10-1 16:33:10] Begin to send flash erase data.
[Debug] [2026-10-1 16:33:10] End to send flash erase data.
[Debug] [2026-10-1 16:33:10] End to send embed flash erase data.
[Debug] [2026-10-1 16:33:10] Send cmd [Erase Outer Flash:20302] OK
[Debug] [2026-10-1 16:33:10] Log::Print : The start address of operating flash is 0x0.
[Error] [2026-10-1 16:33:10] fail to exec Erase Outer Flash cmd...
[Debug] [2026-10-1 16:33:10] end to send jtag flash erase cmd.
[Error] [2026-10-1 16:33:10] Flash Erasing failed before programming.
[Error] [2026-10-1 16:33:10] MsgOut: JtagServer-0001: No PANGO USB CABLE II cable was found in the system.
[Error] [2026-10-1 16:33:10] MsgOut: JtagServer-0306: No devices were detected while scanning the JTAG chain, failed to detect the JTAG device chain.
[Error] [2026-10-1 16:33:10] MsgOut: Configuration-0008: Failed to execute the command 'Erase Outer Flash'.
[Debug] [2026-10-1 16:33:13] Begin to send initialize chain cmd...
[Debug] [2026-10-1 16:33:13] Send RPC:13
[Debug] [2026-10-1 16:33:13] Send cmd [Open config cable:20001] OK
[Debug] [2026-10-1 16:33:13] End to send initialize chain cmd.
[Error] [2026-10-1 16:33:13] fail to exec Open config cable cmd...
[Debug] [2026-10-1 16:33:13] Log::Print : Memory(MB): peak = 72.9336;gain = 27.957; diff = 0
[Error] [2026-10-1 16:33:13] MsgOut: JtagServer-0001: No PANGO USB CABLE II cable was found in the system.
[Error] [2026-10-1 16:33:13] MsgOut: JtagServer-0306: No devices were detected while scanning the JTAG chain, failed to detect the JTAG device chain.
[Warn] [2026-10-1 16:33:13] MsgOut: Please check the device power, cable connection situation and whether put the chip in the right way or not.
   If these do not work, try to restart the software.
[Error] [2026-10-1 16:33:13] MsgOut: Configuration-0008: Failed to execute the command 'Open config cable'.
[Debug] [2026-10-1 16:33:14] Begin to send initialize chain cmd...
[Debug] [2026-10-1 16:33:14] Send RPC:14
[Debug] [2026-10-1 16:33:14] Send cmd [Open config cable:20001] OK
[Debug] [2026-10-1 16:33:14] End to send initialize chain cmd.
[Error] [2026-10-1 16:33:14] fail to exec Open config cable cmd...
[Debug] [2026-10-1 16:33:14] Log::Print : Memory(MB): peak = 72.9336;gain = 27.957; diff = 0
[Error] [2026-10-1 16:33:14] MsgOut: JtagServer-0001: No PANGO USB CABLE II cable was found in the system.
[Error] [2026-10-1 16:33:14] MsgOut: JtagServer-0306: No devices were detected while scanning the JTAG chain, failed to detect the JTAG device chain.
[Warn] [2026-10-1 16:33:14] MsgOut: Please check the device power, cable connection situation and whether put the chip in the right way or not.
   If these do not work, try to restart the software.
[Error] [2026-10-1 16:33:14] MsgOut: Configuration-0008: Failed to execute the command 'Open config cable'.
[Info] [2026-10-1 16:33:16] /***************************End Configration***************************/
[Info] [2026-10-1 16:38:33] /***************************Start Configuration***************************/
[Info] [2026-10-1 16:38:33] Path: D:/pango/PDS_2025.2-ads/bin
[Info] [2026-10-1 16:38:33] Version: 211867
[Info] [2026-10-1 16:38:34] Current Path: D:/pango/works/ECSDC_FPGA_2026
[Info] [2026-10-1 16:38:34] PDS Dir Path: D:/pango/works/ECSDC_FPGA_2026
[Info] [2026-10-1 16:38:38] Configuration is not connect with server. connect first then scan chain.
[Debug] [2026-10-1 16:38:38] Client Local host name:hustlyrm
[Debug] [2026-10-1 16:38:38] Client Local Address:10.13.49.44
[Debug] [2026-10-1 16:38:38] Server Address:127.0.0.1, Port:65420
[Debug] [2026-10-1 16:38:39] Log::Print : Connecting to server[127.0.0.1 : 65420].
[Info] [2026-10-1 16:38:39] Connect OK, Server: 127.0.0.1  Port: 65420
[Debug] [2026-10-1 16:38:39] Finish.
[Info] [2026-10-1 16:38:39] Connect server succeeded
[Debug] [2026-10-1 16:38:39] Send RPC:1
[Debug] [2026-10-1 16:38:39] Send cmd [check version information:40004] OK
[Debug] [2026-10-1 16:38:39] Log::Print : Connect to server[127.0.0.1 : 65420] successfully.
[Debug] [2026-10-1 16:38:40] Send RPC:2
[Debug] [2026-10-1 16:38:40] Send cmd [get_cable_paras:40010] OK
[Debug] [2026-10-1 16:38:40] Begin to send initialize chain cmd...
[Debug] [2026-10-1 16:38:40] Send RPC:3
[Debug] [2026-10-1 16:38:40] Send cmd [Open config cable:20001] OK
[Debug] [2026-10-1 16:38:40] End to send initialize chain cmd.
[Debug] [2026-10-1 16:38:40] COMMAND[check version information] execute successfully, takes 0.9 secs.
[Debug] [2026-10-1 16:38:40] Log::Print : COMMAND[check version information] execute successfully, takes 0.9 secs.
[Debug] [2026-10-1 16:38:41] Before cable list reserve:0
[Debug] [2026-10-1 16:38:41] After cable list reserve
[Debug] [2026-10-1 16:38:41] COMMAND[get_cable_paras] execute successfully, takes 1.3 secs.
[Debug] [2026-10-1 16:38:41] Log::Print : The cable List : 

[Debug] [2026-10-1 16:38:41] Log::Print : COMMAND[get_cable_paras] execute successfully, takes 1.3 secs.
[Error] [2026-10-1 16:38:41] fail to exec Open config cable cmd...
[Debug] [2026-10-1 16:38:41] Log::Print : Memory(MB): peak = 75.2852;gain = 74.6406; diff = 0
[Error] [2026-10-1 16:38:41] MsgOut: No cable was found in system.
[Warn] [2026-10-1 16:38:41] MsgOut: Please check the device power, cable connection situation and whether put the chip in the right way or not.
   If these do not work, try to restart the software.
[Error] [2026-10-1 16:38:41] MsgOut: Configuration-0008: Failed to execute the command 'Open config cable'.
[Debug] [2026-10-1 16:39:02] Begin to send initialize chain cmd...
[Debug] [2026-10-1 16:39:02] Send RPC:4
[Debug] [2026-10-1 16:39:02] Send cmd [Open config cable:20001] OK
[Debug] [2026-10-1 16:39:02] End to send initialize chain cmd.
[Error] [2026-10-1 16:39:02] fail to exec Open config cable cmd...
[Debug] [2026-10-1 16:39:02] Log::Print : Memory(MB): peak = 75.2852;gain = 74.6367; diff = 0
[Error] [2026-10-1 16:39:02] MsgOut: No cable was found in system.
[Warn] [2026-10-1 16:39:02] MsgOut: Please check the device power, cable connection situation and whether put the chip in the right way or not.
   If these do not work, try to restart the software.
[Error] [2026-10-1 16:39:02] MsgOut: Configuration-0008: Failed to execute the command 'Open config cable'.
[Debug] [2026-10-1 16:39:03] Begin to send initialize chain cmd...
[Debug] [2026-10-1 16:39:03] Send RPC:5
[Debug] [2026-10-1 16:39:03] Send cmd [Open config cable:20001] OK
[Debug] [2026-10-1 16:39:03] End to send initialize chain cmd.
[Error] [2026-10-1 16:39:03] fail to exec Open config cable cmd...
[Debug] [2026-10-1 16:39:03] Log::Print : Memory(MB): peak = 75.2852;gain = 74.6367; diff = 0
[Error] [2026-10-1 16:39:03] MsgOut: No cable was found in system.
[Warn] [2026-10-1 16:39:03] MsgOut: Please check the device power, cable connection situation and whether put the chip in the right way or not.
   If these do not work, try to restart the software.
[Error] [2026-10-1 16:39:03] MsgOut: Configuration-0008: Failed to execute the command 'Open config cable'.
[Debug] [2026-10-1 16:39:04] Begin to send initialize chain cmd...
[Debug] [2026-10-1 16:39:04] Send RPC:6
[Debug] [2026-10-1 16:39:04] Send cmd [Open config cable:20001] OK
[Debug] [2026-10-1 16:39:04] End to send initialize chain cmd.
[Error] [2026-10-1 16:39:04] fail to exec Open config cable cmd...
[Debug] [2026-10-1 16:39:04] Log::Print : Memory(MB): peak = 75.2852;gain = 74.6367; diff = 0
[Error] [2026-10-1 16:39:04] MsgOut: No cable was found in system.
[Warn] [2026-10-1 16:39:04] MsgOut: Please check the device power, cable connection situation and whether put the chip in the right way or not.
   If these do not work, try to restart the software.
[Error] [2026-10-1 16:39:04] MsgOut: Configuration-0008: Failed to execute the command 'Open config cable'.
[Debug] [2026-10-1 16:39:05] Begin to send initialize chain cmd...
[Debug] [2026-10-1 16:39:05] Send RPC:7
[Debug] [2026-10-1 16:39:05] Send cmd [Open config cable:20001] OK
[Debug] [2026-10-1 16:39:05] End to send initialize chain cmd.
[Error] [2026-10-1 16:39:05] fail to exec Open config cable cmd...
[Debug] [2026-10-1 16:39:05] Log::Print : Memory(MB): peak = 75.2852;gain = 74.6367; diff = 0
[Error] [2026-10-1 16:39:05] MsgOut: No cable was found in system.
[Warn] [2026-10-1 16:39:05] MsgOut: Please check the device power, cable connection situation and whether put the chip in the right way or not.
   If these do not work, try to restart the software.
[Error] [2026-10-1 16:39:05] MsgOut: Configuration-0008: Failed to execute the command 'Open config cable'.
[Debug] [2026-10-1 16:39:06] Begin to send initialize chain cmd...
[Debug] [2026-10-1 16:39:06] Send RPC:8
[Debug] [2026-10-1 16:39:06] Send cmd [Open config cable:20001] OK
[Debug] [2026-10-1 16:39:06] End to send initialize chain cmd.
[Error] [2026-10-1 16:39:06] fail to exec Open config cable cmd...
[Debug] [2026-10-1 16:39:06] Log::Print : Memory(MB): peak = 75.2852;gain = 74.6367; diff = 0
[Error] [2026-10-1 16:39:06] MsgOut: No cable was found in system.
[Warn] [2026-10-1 16:39:06] MsgOut: Please check the device power, cable connection situation and whether put the chip in the right way or not.
   If these do not work, try to restart the software.
[Error] [2026-10-1 16:39:06] MsgOut: Configuration-0008: Failed to execute the command 'Open config cable'.
[Debug] [2026-10-1 16:39:11] Begin to send initialize chain cmd...
[Debug] [2026-10-1 16:39:11] Send RPC:9
[Debug] [2026-10-1 16:39:11] Send cmd [Open config cable:20001] OK
[Debug] [2026-10-1 16:39:11] End to send initialize chain cmd.
[Error] [2026-10-1 16:39:11] fail to exec Open config cable cmd...
[Debug] [2026-10-1 16:39:11] Log::Print : Memory(MB): peak = 75.2852;gain = 74.6445; diff = 0
[Error] [2026-10-1 16:39:11] MsgOut: No cable was found in system.
[Warn] [2026-10-1 16:39:11] MsgOut: Please check the device power, cable connection situation and whether put the chip in the right way or not.
   If these do not work, try to restart the software.
[Error] [2026-10-1 16:39:11] MsgOut: Configuration-0008: Failed to execute the command 'Open config cable'.
[Debug] [2026-10-1 16:39:12] Begin to send initialize chain cmd...
[Debug] [2026-10-1 16:39:12] Send RPC:10
[Debug] [2026-10-1 16:39:12] Send cmd [Open config cable:20001] OK
[Debug] [2026-10-1 16:39:12] End to send initialize chain cmd.
[Error] [2026-10-1 16:39:12] fail to exec Open config cable cmd...
[Debug] [2026-10-1 16:39:12] Log::Print : Memory(MB): peak = 75.2852;gain = 74.6445; diff = 0
[Error] [2026-10-1 16:39:12] MsgOut: No cable was found in system.
[Warn] [2026-10-1 16:39:12] MsgOut: Please check the device power, cable connection situation and whether put the chip in the right way or not.
   If these do not work, try to restart the software.
[Error] [2026-10-1 16:39:12] MsgOut: Configuration-0008: Failed to execute the command 'Open config cable'.
[Debug] [2026-10-1 16:39:12] Begin to send initialize chain cmd...
[Debug] [2026-10-1 16:39:12] Send RPC:11
[Debug] [2026-10-1 16:39:12] Send cmd [Open config cable:20001] OK
[Debug] [2026-10-1 16:39:12] End to send initialize chain cmd.
[Error] [2026-10-1 16:39:12] fail to exec Open config cable cmd...
[Debug] [2026-10-1 16:39:12] Log::Print : Memory(MB): peak = 75.2852;gain = 74.6445; diff = 0
[Error] [2026-10-1 16:39:12] MsgOut: No cable was found in system.
[Warn] [2026-10-1 16:39:12] MsgOut: Please check the device power, cable connection situation and whether put the chip in the right way or not.
   If these do not work, try to restart the software.
[Error] [2026-10-1 16:39:12] MsgOut: Configuration-0008: Failed to execute the command 'Open config cable'.
[Debug] [2026-10-1 16:39:13] Begin to send initialize chain cmd...
[Debug] [2026-10-1 16:39:13] Send RPC:12
[Debug] [2026-10-1 16:39:13] Send cmd [Open config cable:20001] OK
[Debug] [2026-10-1 16:39:13] End to send initialize chain cmd.
[Error] [2026-10-1 16:39:13] fail to exec Open config cable cmd...
[Debug] [2026-10-1 16:39:13] Log::Print : Memory(MB): peak = 75.2852;gain = 74.6445; diff = 0
[Error] [2026-10-1 16:39:13] MsgOut: No cable was found in system.
[Warn] [2026-10-1 16:39:13] MsgOut: Please check the device power, cable connection situation and whether put the chip in the right way or not.
   If these do not work, try to restart the software.
[Error] [2026-10-1 16:39:13] MsgOut: Configuration-0008: Failed to execute the command 'Open config cable'.
[Debug] [2026-10-1 16:39:13] Begin to send initialize chain cmd...
[Debug] [2026-10-1 16:39:13] Send RPC:13
[Debug] [2026-10-1 16:39:13] Send cmd [Open config cable:20001] OK
[Debug] [2026-10-1 16:39:13] End to send initialize chain cmd.
[Error] [2026-10-1 16:39:13] fail to exec Open config cable cmd...
[Debug] [2026-10-1 16:39:13] Log::Print : Memory(MB): peak = 75.2852;gain = 74.6445; diff = 0
[Error] [2026-10-1 16:39:13] MsgOut: No cable was found in system.
[Warn] [2026-10-1 16:39:13] MsgOut: Please check the device power, cable connection situation and whether put the chip in the right way or not.
   If these do not work, try to restart the software.
[Error] [2026-10-1 16:39:13] MsgOut: Configuration-0008: Failed to execute the command 'Open config cable'.
[Debug] [2026-10-1 16:39:13] Begin to send initialize chain cmd...
[Debug] [2026-10-1 16:39:13] Send RPC:14
[Debug] [2026-10-1 16:39:13] Send cmd [Open config cable:20001] OK
[Debug] [2026-10-1 16:39:13] End to send initialize chain cmd.
[Error] [2026-10-1 16:39:13] fail to exec Open config cable cmd...
[Debug] [2026-10-1 16:39:13] Log::Print : Memory(MB): peak = 75.2852;gain = 74.6445; diff = 0
[Error] [2026-10-1 16:39:13] MsgOut: No cable was found in system.
[Warn] [2026-10-1 16:39:13] MsgOut: Please check the device power, cable connection situation and whether put the chip in the right way or not.
   If these do not work, try to restart the software.
[Error] [2026-10-1 16:39:13] MsgOut: Configuration-0008: Failed to execute the command 'Open config cable'.
[Debug] [2026-10-1 16:39:13] Begin to send initialize chain cmd...
[Debug] [2026-10-1 16:39:13] Send RPC:15
[Debug] [2026-10-1 16:39:13] Send cmd [Open config cable:20001] OK
[Debug] [2026-10-1 16:39:13] End to send initialize chain cmd.
[Error] [2026-10-1 16:39:13] fail to exec Open config cable cmd...
[Debug] [2026-10-1 16:39:13] Log::Print : Memory(MB): peak = 75.2852;gain = 74.6445; diff = 0
[Error] [2026-10-1 16:39:13] MsgOut: No cable was found in system.
[Warn] [2026-10-1 16:39:13] MsgOut: Please check the device power, cable connection situation and whether put the chip in the right way or not.
   If these do not work, try to restart the software.
[Error] [2026-10-1 16:39:13] MsgOut: Configuration-0008: Failed to execute the command 'Open config cable'.
[Debug] [2026-10-1 16:39:35] Begin to send initialize chain cmd...
[Debug] [2026-10-1 16:39:35] Send RPC:16
[Debug] [2026-10-1 16:39:35] Send cmd [Open config cable:20001] OK
[Debug] [2026-10-1 16:39:35] End to send initialize chain cmd.
[Error] [2026-10-1 16:39:35] fail to exec Open config cable cmd...
[Debug] [2026-10-1 16:39:35] Log::Print : Memory(MB): peak = 75.2852;gain = 74.6445; diff = 0
[Error] [2026-10-1 16:39:35] MsgOut: No cable was found in system.
[Warn] [2026-10-1 16:39:35] MsgOut: Please check the device power, cable connection situation and whether put the chip in the right way or not.
   If these do not work, try to restart the software.
[Error] [2026-10-1 16:39:35] MsgOut: Configuration-0008: Failed to execute the command 'Open config cable'.
[Debug] [2026-10-1 16:39:36] Begin to send initialize chain cmd...
[Debug] [2026-10-1 16:39:36] Send RPC:17
[Debug] [2026-10-1 16:39:36] Send cmd [Open config cable:20001] OK
[Debug] [2026-10-1 16:39:36] End to send initialize chain cmd.
[Error] [2026-10-1 16:39:36] fail to exec Open config cable cmd...
[Debug] [2026-10-1 16:39:36] Log::Print : Memory(MB): peak = 75.2852;gain = 74.6445; diff = 0
[Error] [2026-10-1 16:39:36] MsgOut: No cable was found in system.
[Warn] [2026-10-1 16:39:36] MsgOut: Please check the device power, cable connection situation and whether put the chip in the right way or not.
   If these do not work, try to restart the software.
[Error] [2026-10-1 16:39:36] MsgOut: Configuration-0008: Failed to execute the command 'Open config cable'.
[Debug] [2026-10-1 16:39:37] Begin to send initialize chain cmd...
[Debug] [2026-10-1 16:39:37] Send RPC:18
[Debug] [2026-10-1 16:39:37] Send cmd [Open config cable:20001] OK
[Debug] [2026-10-1 16:39:37] End to send initialize chain cmd.
[Error] [2026-10-1 16:39:37] fail to exec Open config cable cmd...
[Debug] [2026-10-1 16:39:37] Log::Print : Memory(MB): peak = 75.2852;gain = 74.6445; diff = 0
[Error] [2026-10-1 16:39:37] MsgOut: No cable was found in system.
[Warn] [2026-10-1 16:39:37] MsgOut: Please check the device power, cable connection situation and whether put the chip in the right way or not.
   If these do not work, try to restart the software.
[Error] [2026-10-1 16:39:37] MsgOut: Configuration-0008: Failed to execute the command 'Open config cable'.
[Debug] [2026-10-1 16:40:09] Begin to send initialize chain cmd...
[Debug] [2026-10-1 16:40:09] Send RPC:19
[Debug] [2026-10-1 16:40:09] Send cmd [Open config cable:20001] OK
[Debug] [2026-10-1 16:40:09] End to send initialize chain cmd.
[Error] [2026-10-1 16:40:09] fail to exec Open config cable cmd...
[Debug] [2026-10-1 16:40:09] Log::Print : Memory(MB): peak = 75.2852;gain = 74.5977; diff = 0
[Error] [2026-10-1 16:40:09] MsgOut: No cable was found in system.
[Warn] [2026-10-1 16:40:09] MsgOut: Please check the device power, cable connection situation and whether put the chip in the right way or not.
   If these do not work, try to restart the software.
[Error] [2026-10-1 16:40:09] MsgOut: Configuration-0008: Failed to execute the command 'Open config cable'.
[Debug] [2026-10-1 16:40:11] Begin to send initialize chain cmd...
[Debug] [2026-10-1 16:40:11] Send RPC:20
[Debug] [2026-10-1 16:40:11] Send cmd [Open config cable:20001] OK
[Debug] [2026-10-1 16:40:11] End to send initialize chain cmd.
[Error] [2026-10-1 16:40:11] fail to exec Open config cable cmd...
[Debug] [2026-10-1 16:40:11] Log::Print : Memory(MB): peak = 75.2852;gain = 74.5977; diff = 0
[Error] [2026-10-1 16:40:11] MsgOut: No cable was found in system.
[Warn] [2026-10-1 16:40:11] MsgOut: Please check the device power, cable connection situation and whether put the chip in the right way or not.
   If these do not work, try to restart the software.
[Error] [2026-10-1 16:40:11] MsgOut: Configuration-0008: Failed to execute the command 'Open config cable'.
[Debug] [2026-10-1 16:40:11] Begin to send initialize chain cmd...
[Debug] [2026-10-1 16:40:11] Send RPC:21
[Debug] [2026-10-1 16:40:11] Send cmd [Open config cable:20001] OK
[Debug] [2026-10-1 16:40:11] End to send initialize chain cmd.
[Error] [2026-10-1 16:40:11] fail to exec Open config cable cmd...
[Debug] [2026-10-1 16:40:11] Log::Print : Memory(MB): peak = 75.2852;gain = 74.5977; diff = 0
[Error] [2026-10-1 16:40:11] MsgOut: No cable was found in system.
[Warn] [2026-10-1 16:40:11] MsgOut: Please check the device power, cable connection situation and whether put the chip in the right way or not.
   If these do not work, try to restart the software.
[Error] [2026-10-1 16:40:11] MsgOut: Configuration-0008: Failed to execute the command 'Open config cable'.
[Debug] [2026-10-1 16:40:11] Begin to send initialize chain cmd...
[Debug] [2026-10-1 16:40:11] Send RPC:22
[Debug] [2026-10-1 16:40:11] Send cmd [Open config cable:20001] OK
[Debug] [2026-10-1 16:40:11] End to send initialize chain cmd.
[Error] [2026-10-1 16:40:11] fail to exec Open config cable cmd...
[Debug] [2026-10-1 16:40:11] Log::Print : Memory(MB): peak = 75.2852;gain = 74.5977; diff = 0
[Error] [2026-10-1 16:40:11] MsgOut: No cable was found in system.
[Warn] [2026-10-1 16:40:11] MsgOut: Please check the device power, cable connection situation and whether put the chip in the right way or not.
   If these do not work, try to restart the software.
[Error] [2026-10-1 16:40:11] MsgOut: Configuration-0008: Failed to execute the command 'Open config cable'.
[Debug] [2026-10-1 16:40:12] Begin to send initialize chain cmd...
[Debug] [2026-10-1 16:40:12] Send RPC:23
[Debug] [2026-10-1 16:40:12] Send cmd [Open config cable:20001] OK
[Debug] [2026-10-1 16:40:12] End to send initialize chain cmd.
[Error] [2026-10-1 16:40:12] fail to exec Open config cable cmd...
[Debug] [2026-10-1 16:40:12] Log::Print : Memory(MB): peak = 75.2852;gain = 74.5977; diff = 0
[Error] [2026-10-1 16:40:12] MsgOut: No cable was found in system.
[Warn] [2026-10-1 16:40:12] MsgOut: Please check the device power, cable connection situation and whether put the chip in the right way or not.
   If these do not work, try to restart the software.
[Error] [2026-10-1 16:40:12] MsgOut: Configuration-0008: Failed to execute the command 'Open config cable'.
[Info] [2026-10-1 16:40:22] /***************************End Configration***************************/
[Info] [2026-10-1 16:40:26] /***************************Start Configuration***************************/
[Info] [2026-10-1 16:40:26] Path: D:/pango/PDS_2025.2-ads/bin
[Info] [2026-10-1 16:40:26] Version: 211867
[Info] [2026-10-1 16:40:27] Current Path: D:/pango/works/ECSDC_FPGA_2026
[Info] [2026-10-1 16:40:27] PDS Dir Path: D:/pango/works/ECSDC_FPGA_2026
[Info] [2026-10-1 16:40:31] Configuration is not connect with server. connect first then scan chain.
[Debug] [2026-10-1 16:40:31] Client Local host name:hustlyrm
[Debug] [2026-10-1 16:40:31] Client Local Address:10.13.49.44
[Debug] [2026-10-1 16:40:31] Server Address:127.0.0.1, Port:65420
[Debug] [2026-10-1 16:40:31] Log::Print : Connecting to server[127.0.0.1 : 65420].
[Info] [2026-10-1 16:40:32] Connect OK, Server: 127.0.0.1  Port: 65420
[Debug] [2026-10-1 16:40:32] Finish.
[Info] [2026-10-1 16:40:32] Connect server succeeded
[Debug] [2026-10-1 16:40:32] Send RPC:1
[Debug] [2026-10-1 16:40:32] Send cmd [check version information:40004] OK
[Debug] [2026-10-1 16:40:32] Log::Print : Connect to server[127.0.0.1 : 65420] successfully.
[Debug] [2026-10-1 16:40:32] Send RPC:2
[Debug] [2026-10-1 16:40:32] Send cmd [get_cable_paras:40010] OK
[Debug] [2026-10-1 16:40:32] Begin to send initialize chain cmd...
[Debug] [2026-10-1 16:40:32] Send RPC:3
[Debug] [2026-10-1 16:40:32] Send cmd [Open config cable:20001] OK
[Debug] [2026-10-1 16:40:32] End to send initialize chain cmd.
[Debug] [2026-10-1 16:40:32] COMMAND[check version information] execute successfully, takes 0.8 secs.
[Debug] [2026-10-1 16:40:32] Log::Print : COMMAND[check version information] execute successfully, takes 0.8 secs.
[Debug] [2026-10-1 16:40:34] Before cable list reserve:1
[Debug] [2026-10-1 16:40:34] After cable list reserve
[Debug] [2026-10-1 16:40:34] COMMAND[get_cable_paras] execute successfully, takes 1.1 secs.
[Debug] [2026-10-1 16:40:34] Log::Print : The cable List : 
Cable index 0:USB Cable II/fffffffffffffffe 

[Debug] [2026-10-1 16:40:34] Log::Print : COMMAND[get_cable_paras] execute successfully, takes 1.1 secs.
[Debug] [2026-10-1 16:40:34] begin the exec of open cable cmd...
[Debug] [2026-10-1 16:40:34] Begin to deal with chain from server...
[Debug] [2026-10-1 16:40:34] Begin to set user chain...
[Debug] [2026-10-1 16:40:34] End to set user chain.
[Debug] [2026-10-1 16:40:34] Begin to update graphic item and tree item ...
[Debug] [2026-10-1 16:40:34] End to update graphic item and tree item ...
[Debug] [2026-10-1 16:40:34] Log::Print : PANGO USB CABLE II cable driver: D2XX DLL
[Debug] [2026-10-1 16:40:34] Log::Print : Memory(MB): peak = 71.7422;gain = 71.7422; diff = 0.683594
[Debug] [2026-10-1 16:40:34] Log::Print : PGL50H
[Debug] [2026-10-1 16:40:34] Log::Print : This device configure situation (done bit): 1
[Info] [2026-10-1 16:40:45] set OpenLastPath: D:/pango/works/ECSDC_FPGA_2026/prj_tasks/pnr_1/generate_bitstream/flash_read_top.sbit
[Debug] [2026-10-1 16:40:45] begin to get device info from CFG file...
[Debug] [2026-10-1 16:40:45] end to get device info from CFG file...
[Debug] [2026-10-1 16:40:45] Begin to update graphic item and tree item ...
[Debug] [2026-10-1 16:40:45] End to update graphic item and tree item ...
[Debug] [2026-10-1 16:40:45] Begin to update graphic item and tree item ...
[Debug] [2026-10-1 16:40:45] End to update graphic item and tree item ...
[Debug] [2026-10-1 16:40:45] End to deal wiht chain from server.
[Debug] [2026-10-1 16:40:45] end the exec of open cable cmd.
[Debug] [2026-10-1 16:40:45] COMMAND[Open config cable] execute successfully, takes 12.1 secs.
[Debug] [2026-10-1 16:40:45] Log::Print : COMMAND[Open config cable] execute successfully, takes 12.1 secs.
[Debug] [2026-10-1 16:40:49] Begin to Converte file.
[Debug] [2026-10-1 16:41:06] begin to get device info from CFG file...
[Debug] [2026-10-1 16:41:06] end to get device info from CFG file...
[Debug] [2026-10-1 16:41:35] begin to parse sfc file.
[Debug] [2026-10-1 16:41:35] begin to get device info from CFG file...
[Debug] [2026-10-1 16:41:35] end to get device info from CFG file...
[Debug] [2026-10-1 16:41:35] begin to get device info from CFG file...
[Debug] [2026-10-1 16:41:35] end to get device info from CFG file...
[Debug] [2026-10-1 16:41:35] end to parse sfc file.
[Debug] [2026-10-1 16:41:35] Log::Print : The Start Address of bit file D:/pango/works/ECSDC_FPGA_2026/prj_tasks/pnr_1/generate_bitstream/flash_read_top.sbit: 0x0
[Debug] [2026-10-1 16:41:35] Log::Print : The Start Address of User Data D:/pango/works/ECSDC_FPGA_2026/Debug/lut_checksum.bin: 0x202000
[Debug] [2026-10-1 16:41:37] End to Converte file.
[Debug] [2026-10-1 16:41:42] Begin to send scan outer flash cmd...
[Debug] [2026-10-1 16:41:42] Send RPC:4
[Debug] [2026-10-1 16:41:42] Send cmd [Scan Outer SPI Flash:20300] OK
[Debug] [2026-10-1 16:41:42] End to send scan outer flash cmd.
[Debug] [2026-10-1 16:41:42] begin to exec scan jtag flash cmd...
[Debug] [2026-10-1 16:41:42] Begin to initialize JtagFlash for selected FPGA Device...
[Debug] [2026-10-1 16:41:42] Begin to update graphic item and tree item ...
[Debug] [2026-10-1 16:41:42] End to update graphic item and tree item ...
[Info] [2026-10-1 16:41:57] set OpenLastPath: D:/pango/works/ECSDC_FPGA_2026/prj_tasks/pnr_1/generate_bitstream/flash_read_top.sfc
[Debug] [2026-10-1 16:41:57] begin to check SFC File and Flash Device Read Mode.
[Debug] [2026-10-1 16:41:57] end to check SFC File and Flash Device Read Mode.
[Debug] [2026-10-1 16:41:57] Begin to update graphic item and tree item ...
[Debug] [2026-10-1 16:41:57] End to update graphic item and tree item ...
[Debug] [2026-10-1 16:41:57] End to initialize OuterFlash for selected FPGA Device...
[Debug] [2026-10-1 16:41:57] end to exec scan jtag flash cmd...
[Debug] [2026-10-1 16:41:57] COMMAND[Scan Outer SPI Flash] execute successfully, takes 14.5 secs.
[Debug] [2026-10-1 16:41:57] Log::Print : COMMAND[Scan Outer SPI Flash] execute successfully, takes 14.5 secs.
[Debug] [2026-10-1 16:42:02] begin to send promgram jtag flash cmd.
[Debug] [2026-10-1 16:42:02] begin to send jtag flash erase cmd
[Debug] [2026-10-1 16:42:02] Send RPC:5
[Debug] [2026-10-1 16:42:02] Begin to send embed flash erase data.
[Debug] [2026-10-1 16:42:02] Begin to send flash erase data.
[Debug] [2026-10-1 16:42:02] End to send flash erase data.
[Debug] [2026-10-1 16:42:02] End to send embed flash erase data.
[Debug] [2026-10-1 16:42:02] Send cmd [Erase Outer Flash:20302] OK
[Debug] [2026-10-1 16:42:02] Log::Print : The start address of operating flash is 0x0.
[Debug] [2026-10-1 16:42:02] The value of Progress is 1
[Debug] [2026-10-1 16:42:03] The value of Progress is 6
[Debug] [2026-10-1 16:42:04] The value of Progress is 12
[Debug] [2026-10-1 16:42:05] The value of Progress is 15
[Debug] [2026-10-1 16:42:05] The value of Progress is 21
[Debug] [2026-10-1 16:42:06] The value of Progress is 27
[Debug] [2026-10-1 16:42:07] The value of Progress is 30
[Debug] [2026-10-1 16:42:07] The value of Progress is 36
[Debug] [2026-10-1 16:42:08] The value of Progress is 42
[Debug] [2026-10-1 16:42:09] The value of Progress is 45
[Debug] [2026-10-1 16:42:10] The value of Progress is 51
[Debug] [2026-10-1 16:42:10] The value of Progress is 57
[Debug] [2026-10-1 16:42:11] The value of Progress is 60
[Debug] [2026-10-1 16:42:12] The value of Progress is 66
[Debug] [2026-10-1 16:42:12] The value of Progress is 72
[Debug] [2026-10-1 16:42:13] The value of Progress is 75
[Debug] [2026-10-1 16:42:14] The value of Progress is 81
[Debug] [2026-10-1 16:42:15] The value of Progress is 87
[Debug] [2026-10-1 16:42:15] The value of Progress is 90
[Debug] [2026-10-1 16:42:16] The value of Progress is 96
[Debug] [2026-10-1 16:42:16] The value of Progress is 100
[Debug] [2026-10-1 16:42:16] COMMAND[Erase Outer Flash] execute finish, takes 13.7 secs.
[Debug] [2026-10-1 16:42:16] end to send jtag flash erase cmd.
[Debug] [2026-10-1 16:42:16] Send RPC:6
[Debug] [2026-10-1 16:42:16] Begin to send jtag flash program data.
[Debug] [2026-10-1 16:42:16] Begin to send flash program data.
[Debug] [2026-10-1 16:42:16] End to send flash program data.
[Debug] [2026-10-1 16:42:16] End to send embed flash program data.
[Debug] [2026-10-1 16:42:16] Send cmd [Program Outer Flash:20301] OK
[Debug] [2026-10-1 16:42:16] Log::Print : COMMAND[Erase Outer Flash] execute finish, takes 13.7 secs.
[Debug] [2026-10-1 16:42:16] Log::Print : The start address of operating flash is 0x0.
[Debug] [2026-10-1 16:42:18] The value of Progress is 1
[Debug] [2026-10-1 16:42:21] The value of Progress is 6
[Debug] [2026-10-1 16:42:22] The value of Progress is 10
[Debug] [2026-10-1 16:42:24] The value of Progress is 15
[Debug] [2026-10-1 16:42:26] The value of Progress is 20
[Debug] [2026-10-1 16:42:28] The value of Progress is 25
[Debug] [2026-10-1 16:42:30] The value of Progress is 30
[Debug] [2026-10-1 16:42:32] The value of Progress is 35
[Debug] [2026-10-1 16:42:34] The value of Progress is 40
[Debug] [2026-10-1 16:42:36] The value of Progress is 45
[Debug] [2026-10-1 16:42:38] The value of Progress is 50
[Debug] [2026-10-1 16:42:40] The value of Progress is 55
[Debug] [2026-10-1 16:42:42] The value of Progress is 60
[Debug] [2026-10-1 16:42:44] The value of Progress is 65
[Debug] [2026-10-1 16:42:46] The value of Progress is 70
[Debug] [2026-10-1 16:42:48] The value of Progress is 75
[Debug] [2026-10-1 16:42:50] The value of Progress is 80
[Debug] [2026-10-1 16:42:52] The value of Progress is 85
[Debug] [2026-10-1 16:42:54] The value of Progress is 90
[Debug] [2026-10-1 16:42:56] The value of Progress is 95
[Debug] [2026-10-1 16:42:58] The value of Progress is 100
[Debug] [2026-10-1 16:42:58] COMMAND[Program Outer Flash] execute finish, takes 42.2 secs.
[Debug] [2026-10-1 16:42:58] begin to send jtag flash verify cmd
[Debug] [2026-10-1 16:42:58] Send RPC:7
[Debug] [2026-10-1 16:42:58] Begin to send embed flash verify data.
[Debug] [2026-10-1 16:42:58] Begin to send flash verify data.
[Debug] [2026-10-1 16:42:58] End to send flash verify data.
[Debug] [2026-10-1 16:42:58] End to send embed flash verify data.
[Debug] [2026-10-1 16:42:58] Send cmd [Verify Outer Flash:20303] OK
[Debug] [2026-10-1 16:42:58] Log::Print : COMMAND[Program Outer Flash] execute finish, takes 42.2 secs.
[Debug] [2026-10-1 16:42:58] Log::Print : The start address of operating flash is 0x0.
[Debug] [2026-10-1 16:42:58] The value of Progress is 1
[Debug] [2026-10-1 16:42:58] The value of Progress is 6
[Debug] [2026-10-1 16:42:58] The value of Progress is 10
[Debug] [2026-10-1 16:42:58] The value of Progress is 15
[Debug] [2026-10-1 16:42:59] The value of Progress is 20
[Debug] [2026-10-1 16:42:59] The value of Progress is 25
[Debug] [2026-10-1 16:42:59] The value of Progress is 30
[Debug] [2026-10-1 16:42:59] The value of Progress is 35
[Debug] [2026-10-1 16:42:59] The value of Progress is 40
[Debug] [2026-10-1 16:42:59] The value of Progress is 45
[Debug] [2026-10-1 16:42:59] The value of Progress is 50
[Debug] [2026-10-1 16:43:00] The value of Progress is 55
[Debug] [2026-10-1 16:43:00] The value of Progress is 60
[Debug] [2026-10-1 16:43:00] The value of Progress is 65
[Debug] [2026-10-1 16:43:00] The value of Progress is 70
[Debug] [2026-10-1 16:43:00] The value of Progress is 75
[Debug] [2026-10-1 16:43:00] The value of Progress is 80
[Debug] [2026-10-1 16:43:00] The value of Progress is 85
[Debug] [2026-10-1 16:43:00] The value of Progress is 90
[Debug] [2026-10-1 16:43:01] The value of Progress is 95
[Debug] [2026-10-1 16:43:01] The value of Progress is 100
[Debug] [2026-10-1 16:43:01] COMMAND[Verify Outer Flash] execute successfully, takes 2.9 secs.
[Debug] [2026-10-1 16:43:01] end to send jtag flash verify cmd
[Debug] [2026-10-1 16:43:01] end to send jtag flash program cmd.
[Debug] [2026-10-1 16:43:01] Log::Print : COMMAND[Verify Outer Flash] execute successfully, takes 2.9 secs.
[Info] [2026-10-1 16:53:37] /***************************Start Configuration***************************/
[Info] [2026-10-1 16:53:37] Path: D:/pango/PDS_2025.2-ads/bin
[Info] [2026-10-1 16:53:37] Version: 211867
[Info] [2026-10-1 16:53:37] /***************************Start Configuration***************************/
[Info] [2026-10-1 16:53:37] Path: D:/pango/PDS_2025.2-ads/bin
[Info] [2026-10-1 16:53:37] Version: 211867
[Info] [2026-10-1 16:54:36] /***************************Start Configuration***************************/
[Info] [2026-10-1 16:54:36] Path: D:/pango/PDS_2025.2-ads/bin
[Info] [2026-10-1 16:54:36] Version: 211867
[Info] [2026-10-1 16:59:27] /***************************Start Configuration***************************/
[Info] [2026-10-1 16:59:27] Path: D:/pango/PDS_2025.2-ads/bin
[Info] [2026-10-1 16:59:27] Version: 211867
[Info] [2026-10-1 16:59:28] Current Path: D:/pango/works/ECSDC_FPGA_2026
[Info] [2026-10-1 16:59:28] PDS Dir Path: 
[Info] [2026-10-1 16:59:28] /***************************End Configration***************************/
[Info] [2026-10-1 16:59:55] /***************************Start Configuration***************************/
[Info] [2026-10-1 16:59:55] Path: D:/pango/PDS_2025.2-ads/bin
[Info] [2026-10-1 16:59:55] Version: 211867
[Info] [2026-10-1 17:02:03] /***************************Start Configuration***************************/
[Info] [2026-10-1 17:02:03] Path: D:/pango/PDS_2025.2-ads/bin
[Info] [2026-10-1 17:02:03] Version: 211867
[Info] [2026-10-1 17:02:04] Current Path: D:/pango/works/ECSDC_FPGA_2026
[Info] [2026-10-1 17:02:04] PDS Dir Path: 
[Info] [2026-10-1 17:02:34] /***************************Start Configuration***************************/
[Info] [2026-10-1 17:02:34] Path: D:/pango/PDS_2025.2-ads/bin
[Info] [2026-10-1 17:02:34] Version: 211867
[Info] [2026-10-1 17:02:35] Current Path: D:/pango/works/ECSDC_FPGA_2026
[Info] [2026-10-1 17:02:35] PDS Dir Path: 
[Debug] [2026-10-1 17:02:35] begin to exec the cfg_help tcl cmd.
[Debug] [2026-10-1 17:02:35] end to  exec the cfg_help tcl cmd.
[Info] [2026-10-1 17:03:52] /***************************Start Configuration***************************/
[Info] [2026-10-1 17:03:52] Path: D:/pango/PDS_2025.2-ads/bin
[Info] [2026-10-1 17:03:52] Version: 211867
[Info] [2026-10-1 17:03:53] Current Path: D:/pango/works/ECSDC_FPGA_2026
[Info] [2026-10-1 17:03:53] PDS Dir Path: 
[Debug] [2026-10-1 17:03:53] begin to check the cfg_jtag_flash_scan_device exec condition.
[Error] [2026-10-1 17:03:53] The connection is disconnected, please connect to server first.
[Error] [2026-10-1 17:03:53] cfg_jtag_flash_scan_device command can't be exec
[Info] [2026-10-1 17:04:25] /***************************Start Configuration***************************/
[Info] [2026-10-1 17:04:25] Path: D:/pango/PDS_2025.2-ads/bin
[Info] [2026-10-1 17:04:25] Version: 211867
[Info] [2026-10-1 17:04:26] Current Path: D:/pango/works/ECSDC_FPGA_2026
[Info] [2026-10-1 17:04:26] PDS Dir Path: 
[Info] [2026-10-1 17:05:15] /***************************Start Configuration***************************/
[Info] [2026-10-1 17:05:15] Path: D:/pango/PDS_2025.2-ads/bin
[Info] [2026-10-1 17:05:15] Version: 211867
[Info] [2026-10-1 17:05:16] Current Path: D:/pango/works/ECSDC_FPGA_2026
[Info] [2026-10-1 17:05:16] PDS Dir Path: 
[Info] [2026-10-1 17:07:57] /***************************Start Configuration***************************/
[Info] [2026-10-1 17:07:57] Path: D:/pango/PDS_2025.2-ads/bin
[Info] [2026-10-1 17:07:57] Version: 211867
[Info] [2026-10-1 17:07:58] Current Path: D:/pango/works/ECSDC_FPGA_2026
[Info] [2026-10-1 17:07:58] PDS Dir Path: 
[Info] [2026-10-1 17:09:32] /***************************Start Configuration***************************/
[Info] [2026-10-1 17:09:32] Path: D:/pango/PDS_2025.2-ads/bin
[Info] [2026-10-1 17:09:32] Version: 211867
[Info] [2026-10-1 17:09:33] Current Path: D:/pango/works/ECSDC_FPGA_2026
[Info] [2026-10-1 17:09:33] PDS Dir Path: 
[Debug] [2026-10-1 17:09:33] begin to check the cfg_connect exec condition.
[Debug] [2026-10-1 17:09:33] end to check the cfg_connect exec condition.
[Debug] [2026-10-1 17:09:33] Client Local host name:hustlyrm
[Debug] [2026-10-1 17:09:33] Client Local Address:10.13.49.44
[Debug] [2026-10-1 17:09:33] Server Address:127.0.0.1, Port:65420
[Info] [2026-10-1 17:09:33] Connect OK, Server: 127.0.0.1  Port: 65420
[Debug] [2026-10-1 17:09:33] Finish.
[Info] [2026-10-1 17:09:33] Connect server succeeded
[Debug] [2026-10-1 17:09:33] Send RPC:1
[Debug] [2026-10-1 17:09:33] Send cmd [check version information:40004] OK
[Debug] [2026-10-1 17:09:33] Send RPC:2
[Debug] [2026-10-1 17:09:33] Send cmd [get_cable_paras:40010] OK
[Debug] [2026-10-1 17:09:33] COMMAND[check version information] execute successfully, takes 0.0 secs.
[Debug] [2026-10-1 17:09:35] Before cable list reserve:1
[Debug] [2026-10-1 17:09:35] After cable list reserve
[Debug] [2026-10-1 17:09:35] COMMAND[get_cable_paras] execute successfully, takes 1.6 secs.
[Debug] [2026-10-1 17:09:35] cfg_connect succeed.
[Debug] [2026-10-1 17:09:36] Send RPC:3
[Debug] [2026-10-1 17:09:36] Send cmd [Open config cable:20001] OK
[Debug] [2026-10-1 17:09:36] begin the exec of open cable cmd...
[Debug] [2026-10-1 17:09:36] Begin to deal with chain from server...
[Debug] [2026-10-1 17:09:36] Begin to set user chain...
[Debug] [2026-10-1 17:09:36] End to set user chain.
[Debug] [2026-10-1 17:09:36] end the exec of open cable cmd.
[Debug] [2026-10-1 17:09:36] COMMAND[Open config cable] execute successfully, takes 0.0 secs.
[Debug] [2026-10-1 17:09:37] cfg_scan_chain succeed.
[Debug] [2026-10-1 17:09:37] begin to check the cfg_jtag_flash_scan_device exec condition.
[Debug] [2026-10-1 17:09:37] end to check the cfg_jtag_flash_scan_device exec condition.
[Debug] [2026-10-1 17:09:37] Send RPC:4
[Debug] [2026-10-1 17:09:37] Send cmd [Scan Outer SPI Flash:20300] OK
[Debug] [2026-10-1 17:09:37] begin to exec scan jtag flash cmd...
[Debug] [2026-10-1 17:09:37] Begin to initialize JtagFlash for selected FPGA Device...
[Debug] [2026-10-1 17:09:37] end to exec scan jtag flash cmd...
[Debug] [2026-10-1 17:09:37] COMMAND[Scan Outer SPI Flash] execute successfully, takes 0.0 secs.
[Debug] [2026-10-1 17:09:38] cfg_jtag_flash_scan_device succeed.
[Debug] [2026-10-1 17:09:39] begin to check the cfg_jtag_flash_readback exec condition.
[Error] [2026-10-1 17:09:39] cfg_jtag_flash_readback command can't be exec
[Info] [2026-10-1 17:10:31] /***************************Start Configuration***************************/
[Info] [2026-10-1 17:10:31] Path: D:/pango/PDS_2025.2-ads/bin
[Info] [2026-10-1 17:10:31] Version: 211867
[Info] [2026-10-1 17:10:32] Current Path: D:/pango/works/ECSDC_FPGA_2026
[Info] [2026-10-1 17:10:32] PDS Dir Path: 
[Debug] [2026-10-1 17:10:32] begin to check the cfg_jtag_flash_assign_file exec condition.
[Error] [2026-10-1 17:10:32] there is no device, please check.
[Error] [2026-10-1 17:10:32] cfg_jtag_flash_assign_file command can't be exec
[Info] [2026-10-1 17:11:23] /***************************Start Configuration***************************/
[Info] [2026-10-1 17:11:23] Path: D:/pango/PDS_2025.2-ads/bin
[Info] [2026-10-1 17:11:23] Version: 211867
[Info] [2026-10-1 17:11:24] Current Path: D:/pango/works/ECSDC_FPGA_2026
[Info] [2026-10-1 17:11:24] PDS Dir Path: 
[Debug] [2026-10-1 17:11:24] begin to check the cfg_connect exec condition.
[Debug] [2026-10-1 17:11:24] end to check the cfg_connect exec condition.
[Debug] [2026-10-1 17:11:24] Client Local host name:hustlyrm
[Debug] [2026-10-1 17:11:24] Client Local Address:10.13.49.44
[Debug] [2026-10-1 17:11:24] Server Address:127.0.0.1, Port:65420
[Info] [2026-10-1 17:11:24] Connect OK, Server: 127.0.0.1  Port: 65420
[Debug] [2026-10-1 17:11:24] Finish.
[Info] [2026-10-1 17:11:24] Connect server succeeded
[Debug] [2026-10-1 17:11:24] Send RPC:1
[Debug] [2026-10-1 17:11:24] Send cmd [check version information:40004] OK
[Debug] [2026-10-1 17:11:24] Send RPC:2
[Debug] [2026-10-1 17:11:24] Send cmd [get_cable_paras:40010] OK
[Debug] [2026-10-1 17:11:24] COMMAND[check version information] execute successfully, takes 0.0 secs.
[Debug] [2026-10-1 17:11:26] Before cable list reserve:1
[Debug] [2026-10-1 17:11:26] After cable list reserve
[Debug] [2026-10-1 17:11:26] COMMAND[get_cable_paras] execute successfully, takes 1.5 secs.
[Debug] [2026-10-1 17:11:26] cfg_connect succeed.
[Debug] [2026-10-1 17:11:27] Send RPC:3
[Debug] [2026-10-1 17:11:27] Send cmd [Open config cable:20001] OK
[Debug] [2026-10-1 17:11:27] begin the exec of open cable cmd...
[Debug] [2026-10-1 17:11:27] Begin to deal with chain from server...
[Debug] [2026-10-1 17:11:27] Begin to set user chain...
[Debug] [2026-10-1 17:11:27] End to set user chain.
[Debug] [2026-10-1 17:11:27] end the exec of open cable cmd.
[Debug] [2026-10-1 17:11:27] COMMAND[Open config cable] execute successfully, takes 0.0 secs.
[Debug] [2026-10-1 17:11:28] cfg_scan_chain succeed.
[Debug] [2026-10-1 17:11:28] begin to check the cfg_jtag_flash_scan_device exec condition.
[Debug] [2026-10-1 17:11:28] end to check the cfg_jtag_flash_scan_device exec condition.
[Debug] [2026-10-1 17:11:28] Send RPC:4
[Debug] [2026-10-1 17:11:28] Send cmd [Scan Outer SPI Flash:20300] OK
[Debug] [2026-10-1 17:11:28] begin to exec scan jtag flash cmd...
[Debug] [2026-10-1 17:11:28] Begin to initialize JtagFlash for selected FPGA Device...
[Debug] [2026-10-1 17:11:28] end to exec scan jtag flash cmd...
[Debug] [2026-10-1 17:11:28] COMMAND[Scan Outer SPI Flash] execute successfully, takes 0.0 secs.
[Debug] [2026-10-1 17:11:29] cfg_jtag_flash_scan_device succeed.
[Debug] [2026-10-1 17:11:30] begin to check the cfg_jtag_flash_assign_file exec condition.
[Debug] [2026-10-1 17:11:30] end to check the cfg_jtag_flash_assign_file exec condition.
[Debug] [2026-10-1 17:11:30] begin to check SFC File and Flash Device Read Mode.
[Debug] [2026-10-1 17:11:30] end to check SFC File and Flash Device Read Mode.
[Debug] [2026-10-1 17:11:30] cfg_jtag_flash_assign_file succeed.
[Debug] [2026-10-1 17:11:30] begin to check the cfg_jtag_flash_readback exec condition.
[Debug] [2026-10-1 17:11:30] end to check the cfg_jtag_flash_readback exec condition.
[Debug] [2026-10-1 17:11:30] Send RPC:5
[Debug] [2026-10-1 17:11:30] Begin to send embed flash read back data.
[Debug] [2026-10-1 17:11:30] Begin to send flash read back data.
[Debug] [2026-10-1 17:11:30] End to send flash read back data.
[Debug] [2026-10-1 17:11:30] End to send embed flash read back data.
[Debug] [2026-10-1 17:11:30] Send cmd [Read back Outer Flash:20305] OK
[Debug] [2026-10-1 17:11:30] The value of Progress is 1
[Debug] [2026-10-1 17:11:30] The value of Progress is 6
[Debug] [2026-10-1 17:11:30] The value of Progress is 10
[Debug] [2026-10-1 17:11:31] The value of Progress is 15
[Debug] [2026-10-1 17:11:31] The value of Progress is 20
[Debug] [2026-10-1 17:11:31] The value of Progress is 25
[Debug] [2026-10-1 17:11:31] The value of Progress is 30
[Debug] [2026-10-1 17:11:31] The value of Progress is 35
[Debug] [2026-10-1 17:11:31] The value of Progress is 40
[Debug] [2026-10-1 17:11:31] The value of Progress is 45
[Debug] [2026-10-1 17:11:31] The value of Progress is 50
[Debug] [2026-10-1 17:11:32] The value of Progress is 55
[Debug] [2026-10-1 17:11:32] The value of Progress is 60
[Debug] [2026-10-1 17:11:32] The value of Progress is 65
[Debug] [2026-10-1 17:11:32] The value of Progress is 70
[Debug] [2026-10-1 17:11:32] The value of Progress is 75
[Debug] [2026-10-1 17:11:32] The value of Progress is 80
[Debug] [2026-10-1 17:11:32] The value of Progress is 85
[Debug] [2026-10-1 17:11:33] The value of Progress is 90
[Debug] [2026-10-1 17:11:33] The value of Progress is 95
[Debug] [2026-10-1 17:11:33] The value of Progress is 100
[Debug] [2026-10-1 17:11:33] COMMAND[Read back Outer Flash] execute successfully, takes 2.7 secs.
[Debug] [2026-10-1 17:11:33] cfg_jtag_flash_readback succeed.
[Info] [2026-10-1 17:13:21] /***************************Start Configuration***************************/
[Info] [2026-10-1 17:13:21] Path: D:/pango/PDS_2025.2-ads/bin
[Info] [2026-10-1 17:13:21] Version: 211867
[Info] [2026-10-1 17:13:22] Current Path: D:/pango/works/ECSDC_FPGA_2026
[Info] [2026-10-1 17:13:22] PDS Dir Path: 
[Debug] [2026-10-1 17:13:22] begin to check the cfg_connect exec condition.
[Debug] [2026-10-1 17:13:22] end to check the cfg_connect exec condition.
[Debug] [2026-10-1 17:13:22] Client Local host name:hustlyrm
[Debug] [2026-10-1 17:13:22] Client Local Address:10.13.49.44
[Debug] [2026-10-1 17:13:22] Server Address:127.0.0.1, Port:65420
[Info] [2026-10-1 17:13:22] Connect OK, Server: 127.0.0.1  Port: 65420
[Debug] [2026-10-1 17:13:22] Finish.
[Info] [2026-10-1 17:13:22] Connect server succeeded
[Debug] [2026-10-1 17:13:22] Send RPC:1
[Debug] [2026-10-1 17:13:22] Send cmd [check version information:40004] OK
[Debug] [2026-10-1 17:13:22] Send RPC:2
[Debug] [2026-10-1 17:13:22] Send cmd [get_cable_paras:40010] OK
[Debug] [2026-10-1 17:13:22] COMMAND[check version information] execute successfully, takes 0.0 secs.
[Debug] [2026-10-1 17:13:23] Before cable list reserve:1
[Debug] [2026-10-1 17:13:23] After cable list reserve
[Debug] [2026-10-1 17:13:23] COMMAND[get_cable_paras] execute successfully, takes 1.6 secs.
[Debug] [2026-10-1 17:13:24] cfg_connect succeed.
[Debug] [2026-10-1 17:13:24] Send RPC:3
[Debug] [2026-10-1 17:13:24] Send cmd [Open config cable:20001] OK
[Debug] [2026-10-1 17:13:24] begin the exec of open cable cmd...
[Debug] [2026-10-1 17:13:24] Begin to deal with chain from server...
[Debug] [2026-10-1 17:13:24] Begin to set user chain...
[Debug] [2026-10-1 17:13:24] End to set user chain.
[Debug] [2026-10-1 17:13:24] end the exec of open cable cmd.
[Debug] [2026-10-1 17:13:24] COMMAND[Open config cable] execute successfully, takes 0.0 secs.
[Debug] [2026-10-1 17:13:25] cfg_scan_chain succeed.
[Debug] [2026-10-1 17:13:26] begin to check the cfg_jtag_flash_scan_device exec condition.
[Debug] [2026-10-1 17:13:26] end to check the cfg_jtag_flash_scan_device exec condition.
[Debug] [2026-10-1 17:13:26] Send RPC:4
[Debug] [2026-10-1 17:13:26] Send cmd [Scan Outer SPI Flash:20300] OK
[Debug] [2026-10-1 17:13:26] begin to exec scan jtag flash cmd...
[Debug] [2026-10-1 17:13:26] Begin to initialize JtagFlash for selected FPGA Device...
[Debug] [2026-10-1 17:13:26] end to exec scan jtag flash cmd...
[Debug] [2026-10-1 17:13:26] COMMAND[Scan Outer SPI Flash] execute successfully, takes 0.0 secs.
[Debug] [2026-10-1 17:13:27] cfg_jtag_flash_scan_device succeed.
[Debug] [2026-10-1 17:13:27] begin to check the cfg_jtag_flash_assign_file exec condition.
[Debug] [2026-10-1 17:13:27] end to check the cfg_jtag_flash_assign_file exec condition.
[Debug] [2026-10-1 17:13:27] begin to check SFC File and Flash Device Read Mode.
[Debug] [2026-10-1 17:13:27] end to check SFC File and Flash Device Read Mode.
[Debug] [2026-10-1 17:13:27] cfg_jtag_flash_assign_file succeed.
[Debug] [2026-10-1 17:13:28] begin to check the cfg_jtag_flash_verify exec condition.
[Debug] [2026-10-1 17:13:28] end to check the cfg_jtag_flash_verify exec condition.
[Debug] [2026-10-1 17:13:28] Send RPC:5
[Debug] [2026-10-1 17:13:28] Begin to send embed flash verify data.
[Debug] [2026-10-1 17:13:28] Begin to send flash verify data.
[Debug] [2026-10-1 17:13:28] End to send flash verify data.
[Debug] [2026-10-1 17:13:28] End to send embed flash verify data.
[Debug] [2026-10-1 17:13:28] Send cmd [Verify Outer Flash:20303] OK
[Debug] [2026-10-1 17:13:28] The value of Progress is 1
[Debug] [2026-10-1 17:13:28] The value of Progress is 6
[Debug] [2026-10-1 17:13:28] The value of Progress is 10
[Debug] [2026-10-1 17:13:28] The value of Progress is 15
[Debug] [2026-10-1 17:13:28] The value of Progress is 20
[Debug] [2026-10-1 17:13:29] The value of Progress is 25
[Debug] [2026-10-1 17:13:29] The value of Progress is 30
[Debug] [2026-10-1 17:13:29] The value of Progress is 35
[Debug] [2026-10-1 17:13:29] The value of Progress is 40
[Debug] [2026-10-1 17:13:29] The value of Progress is 45
[Debug] [2026-10-1 17:13:29] The value of Progress is 50
[Debug] [2026-10-1 17:13:29] The value of Progress is 55
[Debug] [2026-10-1 17:13:30] The value of Progress is 60
[Debug] [2026-10-1 17:13:30] The value of Progress is 65
[Debug] [2026-10-1 17:13:30] The value of Progress is 70
[Debug] [2026-10-1 17:13:30] The value of Progress is 75
[Debug] [2026-10-1 17:13:30] The value of Progress is 80
[Debug] [2026-10-1 17:13:30] The value of Progress is 85
[Debug] [2026-10-1 17:13:30] The value of Progress is 90
[Debug] [2026-10-1 17:13:31] The value of Progress is 95
[Debug] [2026-10-1 17:13:31] The value of Progress is 100
[Debug] [2026-10-1 17:13:31] COMMAND[Verify Outer Flash] execute successfully, takes 2.8 secs.
[Debug] [2026-10-1 17:13:31] cfg_jtag_flash_verify succeed.
[Debug] [2026-10-1 17:13:31] begin to check the cfg_jtag_flash_verify_checksum exec condition.
[Error] [2026-10-1 17:13:31] cfg_jtag_flash_verify_checksum command can't be exec
[Info] [2026-10-1 17:54:41] /***************************Start Configuration***************************/
[Info] [2026-10-1 17:54:41] Path: D:/pango/PDS_2025.2-ads/bin
[Info] [2026-10-1 17:54:41] Version: 211867
[Info] [2026-10-1 17:54:42] Current Path: D:/pango/works/ECSDC_FPGA_2026
[Info] [2026-10-1 17:54:42] PDS Dir Path: 
[Debug] [2026-10-1 17:54:42] begin to get device info from CFG file...
[Debug] [2026-10-1 17:54:42] end to get device info from CFG file...
[Debug] [2026-10-1 17:54:42] begin to get device info from CFG file...
[Debug] [2026-10-1 17:54:42] end to get device info from CFG file...
[Info] [2026-10-1 17:54:42] /***************************End Configration***************************/
[Info] [2026-10-1 18:05:13] /***************************Start Configuration***************************/
[Info] [2026-10-1 18:05:13] Path: D:/pango/PDS_2025.2-ads/bin
[Info] [2026-10-1 18:05:13] Version: 211867
[Info] [2026-10-1 18:05:53] /***************************Start Configuration***************************/
[Info] [2026-10-1 18:05:53] Path: D:/pango/PDS_2025.2-ads/bin
[Info] [2026-10-1 18:05:53] Version: 211867
[Info] [2026-10-1 18:05:54] Current Path: D:/pango/works/ECSDC_FPGA_2026
[Info] [2026-10-1 18:05:54] PDS Dir Path: 
[Debug] [2026-10-1 18:05:54] begin to exec the cfg_help tcl cmd.
[Debug] [2026-10-1 18:05:54] end to  exec the cfg_help tcl cmd.
[Info] [2026-10-1 18:06:28] /***************************Start Configuration***************************/
[Info] [2026-10-1 18:06:28] Path: D:/pango/PDS_2025.2-ads/bin
[Info] [2026-10-1 18:06:28] Version: 211867
[Info] [2026-10-1 18:06:29] Current Path: D:/pango/works/ECSDC_FPGA_2026
[Info] [2026-10-1 18:06:29] PDS Dir Path: 
[Debug] [2026-10-1 18:06:29] begin to check the cfg_jtag_flash_program exec condition.
[Error] [2026-10-1 18:06:29] The connection is disconnected, please connect to server first.
[Error] [2026-10-1 18:06:29] cfg_jtag_flash_program command can't be exec
[Info] [2026-10-1 18:06:29] /***************************End Configration***************************/
[Info] [2026-10-1 18:06:59] /***************************Start Configuration***************************/
[Info] [2026-10-1 18:06:59] Path: D:/pango/PDS_2025.2-ads/bin
[Info] [2026-10-1 18:06:59] Version: 211867
[Info] [2026-10-1 18:07:00] Current Path: D:/pango/works/ECSDC_FPGA_2026
[Info] [2026-10-1 18:07:00] PDS Dir Path: 
[Info] [2026-10-1 18:07:47] /***************************Start Configuration***************************/
[Info] [2026-10-1 18:07:47] Path: D:/pango/PDS_2025.2-ads/bin
[Info] [2026-10-1 18:07:47] Version: 211867
[Info] [2026-10-1 18:07:48] Current Path: D:/pango/works/ECSDC_FPGA_2026
[Info] [2026-10-1 18:07:48] PDS Dir Path: 
[Info] [2026-10-1 18:08:37] /***************************Start Configuration***************************/
[Info] [2026-10-1 18:08:37] Path: D:/pango/PDS_2025.2-ads/bin
[Info] [2026-10-1 18:08:37] Version: 211867
[Info] [2026-10-1 18:08:38] Current Path: D:/pango/works/ECSDC_FPGA_2026
[Info] [2026-10-1 18:08:38] PDS Dir Path: 
[Info] [2026-10-1 18:08:38] /***************************End Configration***************************/
[Info] [2026-10-1 18:09:10] /***************************Start Configuration***************************/
[Info] [2026-10-1 18:09:10] Path: D:/pango/PDS_2025.2-ads/bin
[Info] [2026-10-1 18:09:10] Version: 211867
[Info] [2026-10-1 18:09:11] Current Path: D:/pango/works/ECSDC_FPGA_2026
[Info] [2026-10-1 18:09:11] PDS Dir Path: 
[Debug] [2026-10-1 18:09:11] begin to check the cfg_connect exec condition.
[Debug] [2026-10-1 18:09:11] end to check the cfg_connect exec condition.
[Debug] [2026-10-1 18:09:11] Client Local host name:hustlyrm
[Debug] [2026-10-1 18:09:11] Client Local Address:10.13.49.44
[Debug] [2026-10-1 18:09:11] Server Address:127.0.0.1, Port:65420
[Info] [2026-10-1 18:09:11] Connect OK, Server: 127.0.0.1  Port: 65420
[Debug] [2026-10-1 18:09:11] Finish.
[Info] [2026-10-1 18:09:11] Connect server succeeded
[Debug] [2026-10-1 18:09:11] Send RPC:1
[Debug] [2026-10-1 18:09:11] Send cmd [check version information:40004] OK
[Debug] [2026-10-1 18:09:11] Send RPC:2
[Debug] [2026-10-1 18:09:11] Send cmd [get_cable_paras:40010] OK
[Debug] [2026-10-1 18:09:11] COMMAND[check version information] execute successfully, takes 0.0 secs.
[Debug] [2026-10-1 18:09:12] Before cable list reserve:1
[Debug] [2026-10-1 18:09:12] After cable list reserve
[Debug] [2026-10-1 18:09:12] COMMAND[get_cable_paras] execute successfully, takes 1.3 secs.
[Debug] [2026-10-1 18:09:13] cfg_connect succeed.
[Debug] [2026-10-1 18:09:13] Send RPC:3
[Debug] [2026-10-1 18:09:13] Send cmd [Open config cable:20001] OK
[Debug] [2026-10-1 18:09:13] begin the exec of open cable cmd...
[Debug] [2026-10-1 18:09:13] Begin to deal with chain from server...
[Debug] [2026-10-1 18:09:13] Begin to set user chain...
[Debug] [2026-10-1 18:09:13] End to set user chain.
[Debug] [2026-10-1 18:09:13] end the exec of open cable cmd.
[Debug] [2026-10-1 18:09:13] COMMAND[Open config cable] execute successfully, takes 0.1 secs.
[Debug] [2026-10-1 18:09:14] cfg_scan_chain succeed.
[Debug] [2026-10-1 18:09:15] begin to check the cfg_jtag_flash_scan_device exec condition.
[Debug] [2026-10-1 18:09:15] end to check the cfg_jtag_flash_scan_device exec condition.
[Debug] [2026-10-1 18:09:15] Send RPC:4
[Debug] [2026-10-1 18:09:15] Send cmd [Scan Outer SPI Flash:20300] OK
[Debug] [2026-10-1 18:09:15] begin to exec scan jtag flash cmd...
[Debug] [2026-10-1 18:09:15] Begin to initialize JtagFlash for selected FPGA Device...
[Debug] [2026-10-1 18:09:15] end to exec scan jtag flash cmd...
[Debug] [2026-10-1 18:09:15] COMMAND[Scan Outer SPI Flash] execute successfully, takes 0.0 secs.
[Debug] [2026-10-1 18:09:16] cfg_jtag_flash_scan_device succeed.
[Info] [2026-10-1 18:10:09] /***************************Start Configuration***************************/
[Info] [2026-10-1 18:10:09] Path: D:/pango/PDS_2025.2-ads/bin
[Info] [2026-10-1 18:10:09] Version: 211867
[Info] [2026-10-1 18:10:10] Current Path: D:/pango/works/ECSDC_FPGA_2026
[Info] [2026-10-1 18:10:10] PDS Dir Path: 
[Debug] [2026-10-1 18:10:10] begin to check the cfg_connect exec condition.
[Debug] [2026-10-1 18:10:10] end to check the cfg_connect exec condition.
[Debug] [2026-10-1 18:10:10] Client Local host name:hustlyrm
[Debug] [2026-10-1 18:10:10] Client Local Address:10.13.49.44
[Debug] [2026-10-1 18:10:10] Server Address:127.0.0.1, Port:65420
[Info] [2026-10-1 18:10:10] Connect OK, Server: 127.0.0.1  Port: 65420
[Debug] [2026-10-1 18:10:10] Finish.
[Info] [2026-10-1 18:10:10] Connect server succeeded
[Debug] [2026-10-1 18:10:10] Send RPC:1
[Debug] [2026-10-1 18:10:10] Send cmd [check version information:40004] OK
[Debug] [2026-10-1 18:10:10] Send RPC:2
[Debug] [2026-10-1 18:10:10] Send cmd [get_cable_paras:40010] OK
[Debug] [2026-10-1 18:10:10] COMMAND[check version information] execute successfully, takes 0.0 secs.
[Debug] [2026-10-1 18:10:11] Before cable list reserve:1
[Debug] [2026-10-1 18:10:11] After cable list reserve
[Debug] [2026-10-1 18:10:11] COMMAND[get_cable_paras] execute successfully, takes 1.2 secs.
[Debug] [2026-10-1 18:10:12] cfg_connect succeed.
[Debug] [2026-10-1 18:10:13] Send RPC:3
[Debug] [2026-10-1 18:10:13] Send cmd [Open config cable:20001] OK
[Debug] [2026-10-1 18:10:13] begin the exec of open cable cmd...
[Debug] [2026-10-1 18:10:13] Begin to deal with chain from server...
[Debug] [2026-10-1 18:10:13] Begin to set user chain...
[Debug] [2026-10-1 18:10:13] End to set user chain.
[Debug] [2026-10-1 18:10:13] end the exec of open cable cmd.
[Debug] [2026-10-1 18:10:13] COMMAND[Open config cable] execute successfully, takes 0.0 secs.
[Debug] [2026-10-1 18:10:14] cfg_scan_chain succeed.
[Debug] [2026-10-1 18:10:14] begin to check the cfg_jtag_flash_scan_device exec condition.
[Debug] [2026-10-1 18:10:14] end to check the cfg_jtag_flash_scan_device exec condition.
[Debug] [2026-10-1 18:10:14] Send RPC:4
[Debug] [2026-10-1 18:10:14] Send cmd [Scan Outer SPI Flash:20300] OK
[Debug] [2026-10-1 18:10:14] begin to exec scan jtag flash cmd...
[Debug] [2026-10-1 18:10:14] Begin to initialize JtagFlash for selected FPGA Device...
[Debug] [2026-10-1 18:10:14] end to exec scan jtag flash cmd...
[Debug] [2026-10-1 18:10:14] COMMAND[Scan Outer SPI Flash] execute successfully, takes 0.0 secs.
[Debug] [2026-10-1 18:10:15] cfg_jtag_flash_scan_device succeed.
[Debug] [2026-10-1 18:10:16] begin to check the cfg_jtag_flash_assign_file exec condition.
[Debug] [2026-10-1 18:10:16] end to check the cfg_jtag_flash_assign_file exec condition.
[Debug] [2026-10-1 18:10:16] begin to check SFC File and Flash Device Read Mode.
[Debug] [2026-10-1 18:10:16] end to check SFC File and Flash Device Read Mode.
[Debug] [2026-10-1 18:10:16] cfg_jtag_flash_assign_file succeed.
[Debug] [2026-10-1 18:10:16] begin to check the cfg_jtag_flash_verify exec condition.
[Debug] [2026-10-1 18:10:16] end to check the cfg_jtag_flash_verify exec condition.
[Debug] [2026-10-1 18:10:16] Send RPC:5
[Debug] [2026-10-1 18:10:16] Begin to send embed flash verify data.
[Debug] [2026-10-1 18:10:16] Begin to send flash verify data.
[Debug] [2026-10-1 18:10:16] End to send flash verify data.
[Debug] [2026-10-1 18:10:16] End to send embed flash verify data.
[Debug] [2026-10-1 18:10:16] Send cmd [Verify Outer Flash:20303] OK
[Debug] [2026-10-1 18:10:16] The value of Progress is 1
[Debug] [2026-10-1 18:10:16] The value of Progress is 6
[Debug] [2026-10-1 18:10:17] The value of Progress is 10
[Debug] [2026-10-1 18:10:17] The value of Progress is 15
[Debug] [2026-10-1 18:10:17] The value of Progress is 20
[Debug] [2026-10-1 18:10:17] The value of Progress is 25
[Debug] [2026-10-1 18:10:17] The value of Progress is 30
[Debug] [2026-10-1 18:10:17] The value of Progress is 35
[Debug] [2026-10-1 18:10:17] The value of Progress is 40
[Debug] [2026-10-1 18:10:17] The value of Progress is 45
[Debug] [2026-10-1 18:10:18] The value of Progress is 50
[Debug] [2026-10-1 18:10:18] The value of Progress is 55
[Debug] [2026-10-1 18:10:18] The value of Progress is 60
[Debug] [2026-10-1 18:10:18] The value of Progress is 65
[Debug] [2026-10-1 18:10:18] The value of Progress is 70
[Debug] [2026-10-1 18:10:18] The value of Progress is 75
[Debug] [2026-10-1 18:10:18] The value of Progress is 80
[Debug] [2026-10-1 18:10:18] The value of Progress is 85
[Debug] [2026-10-1 18:10:19] The value of Progress is 90
[Debug] [2026-10-1 18:10:19] The value of Progress is 95
[Debug] [2026-10-1 18:10:19] The value of Progress is 100
[Error] [2026-10-1 18:10:19] fail to exec Verify Outer Flash cmd...
[Error] [2026-10-1 18:10:19] cfg_jtag_flash_verify failed.
[Info] [2026-10-1 18:10:20] /***************************End Configration***************************/
[Info] [2026-10-1 18:11:22] /***************************Start Configuration***************************/
[Info] [2026-10-1 18:11:22] Path: D:/pango/PDS_2025.2-ads/bin
[Info] [2026-10-1 18:11:22] Version: 211867
[Info] [2026-10-1 18:11:23] Current Path: D:/pango/works/ECSDC_FPGA_2026
[Info] [2026-10-1 18:11:23] PDS Dir Path: 
[Debug] [2026-10-1 18:11:23] begin to check the cfg_connect exec condition.
[Debug] [2026-10-1 18:11:23] end to check the cfg_connect exec condition.
[Debug] [2026-10-1 18:11:23] Client Local host name:hustlyrm
[Debug] [2026-10-1 18:11:23] Client Local Address:10.13.49.44
[Debug] [2026-10-1 18:11:23] Server Address:127.0.0.1, Port:65420
[Info] [2026-10-1 18:11:23] Connect OK, Server: 127.0.0.1  Port: 65420
[Debug] [2026-10-1 18:11:23] Finish.
[Info] [2026-10-1 18:11:23] Connect server succeeded
[Debug] [2026-10-1 18:11:23] Send RPC:1
[Debug] [2026-10-1 18:11:23] Send cmd [check version information:40004] OK
[Debug] [2026-10-1 18:11:23] Send RPC:2
[Debug] [2026-10-1 18:11:23] Send cmd [get_cable_paras:40010] OK
[Debug] [2026-10-1 18:11:23] COMMAND[check version information] execute successfully, takes 0.0 secs.
[Debug] [2026-10-1 18:11:24] Before cable list reserve:1
[Debug] [2026-10-1 18:11:24] After cable list reserve
[Debug] [2026-10-1 18:11:24] COMMAND[get_cable_paras] execute successfully, takes 1.4 secs.
[Debug] [2026-10-1 18:11:25] cfg_connect succeed.
[Debug] [2026-10-1 18:11:25] Send RPC:3
[Debug] [2026-10-1 18:11:25] Send cmd [Open config cable:20001] OK
[Debug] [2026-10-1 18:11:25] begin the exec of open cable cmd...
[Debug] [2026-10-1 18:11:25] Begin to deal with chain from server...
[Debug] [2026-10-1 18:11:25] Begin to set user chain...
[Debug] [2026-10-1 18:11:25] End to set user chain.
[Debug] [2026-10-1 18:11:25] end the exec of open cable cmd.
[Debug] [2026-10-1 18:11:25] COMMAND[Open config cable] execute successfully, takes 0.1 secs.
[Debug] [2026-10-1 18:11:26] cfg_scan_chain succeed.
[Debug] [2026-10-1 18:11:27] begin to check the cfg_jtag_flash_scan_device exec condition.
[Debug] [2026-10-1 18:11:27] end to check the cfg_jtag_flash_scan_device exec condition.
[Debug] [2026-10-1 18:11:27] Send RPC:4
[Debug] [2026-10-1 18:11:27] Send cmd [Scan Outer SPI Flash:20300] OK
[Debug] [2026-10-1 18:11:27] begin to exec scan jtag flash cmd...
[Debug] [2026-10-1 18:11:27] Begin to initialize JtagFlash for selected FPGA Device...
[Debug] [2026-10-1 18:11:27] end to exec scan jtag flash cmd...
[Debug] [2026-10-1 18:11:27] COMMAND[Scan Outer SPI Flash] execute successfully, takes 0.0 secs.
[Debug] [2026-10-1 18:11:28] cfg_jtag_flash_scan_device succeed.
[Debug] [2026-10-1 18:11:28] begin to check the cfg_jtag_flash_assign_file exec condition.
[Debug] [2026-10-1 18:11:28] end to check the cfg_jtag_flash_assign_file exec condition.
[Debug] [2026-10-1 18:11:28] begin to check SFC File and Flash Device Read Mode.
[Debug] [2026-10-1 18:11:28] end to check SFC File and Flash Device Read Mode.
[Debug] [2026-10-1 18:11:28] cfg_jtag_flash_assign_file succeed.
[Debug] [2026-10-1 18:11:29] begin to check the cfg_jtag_flash_program exec condition.
[Debug] [2026-10-1 18:11:29] end to check the cfg_jtag_flash_program exec condition.
[Debug] [2026-10-1 18:11:29] Send RPC:5
[Debug] [2026-10-1 18:11:29] Begin to send jtag flash program data.
[Debug] [2026-10-1 18:11:29] Begin to send flash program data.
[Debug] [2026-10-1 18:11:29] End to send flash program data.
[Debug] [2026-10-1 18:11:29] End to send embed flash program data.
[Debug] [2026-10-1 18:11:29] Send cmd [Program Outer Flash:20301] OK
[Debug] [2026-10-1 18:11:31] The value of Progress is 1
[Debug] [2026-10-1 18:11:33] The value of Progress is 6
[Debug] [2026-10-1 18:11:34] The value of Progress is 10
[Debug] [2026-10-1 18:11:36] The value of Progress is 15
[Debug] [2026-10-1 18:11:38] The value of Progress is 20
[Debug] [2026-10-1 18:11:39] The value of Progress is 25
[Debug] [2026-10-1 18:11:41] The value of Progress is 30
[Debug] [2026-10-1 18:11:43] The value of Progress is 35
[Debug] [2026-10-1 18:11:44] The value of Progress is 40
[Debug] [2026-10-1 18:11:46] The value of Progress is 45
[Debug] [2026-10-1 18:11:48] The value of Progress is 50
[Debug] [2026-10-1 18:11:49] The value of Progress is 55
[Debug] [2026-10-1 18:11:51] The value of Progress is 60
[Debug] [2026-10-1 18:11:53] The value of Progress is 65
[Debug] [2026-10-1 18:11:54] The value of Progress is 70
[Debug] [2026-10-1 18:11:56] The value of Progress is 75
[Debug] [2026-10-1 18:11:57] The value of Progress is 80
[Debug] [2026-10-1 18:11:59] The value of Progress is 85
[Debug] [2026-10-1 18:12:01] The value of Progress is 90
[Debug] [2026-10-1 18:12:02] The value of Progress is 95
[Debug] [2026-10-1 18:12:04] The value of Progress is 100
[Debug] [2026-10-1 18:12:04] COMMAND[Program Outer Flash] execute finish, takes 35.2 secs.
[Debug] [2026-10-1 18:12:04] cfg_jtag_flash_program succeed.
[Debug] [2026-10-1 18:12:05] begin to check the cfg_jtag_flash_verify exec condition.
[Debug] [2026-10-1 18:12:05] end to check the cfg_jtag_flash_verify exec condition.
[Debug] [2026-10-1 18:12:05] Send RPC:6
[Debug] [2026-10-1 18:12:05] Begin to send embed flash verify data.
[Debug] [2026-10-1 18:12:05] Begin to send flash verify data.
[Debug] [2026-10-1 18:12:05] End to send flash verify data.
[Debug] [2026-10-1 18:12:05] End to send embed flash verify data.
[Debug] [2026-10-1 18:12:05] Send cmd [Verify Outer Flash:20303] OK
[Debug] [2026-10-1 18:12:05] The value of Progress is 1
[Debug] [2026-10-1 18:12:05] The value of Progress is 6
[Debug] [2026-10-1 18:12:05] The value of Progress is 10
[Debug] [2026-10-1 18:12:05] The value of Progress is 15
[Debug] [2026-10-1 18:12:05] The value of Progress is 20
[Debug] [2026-10-1 18:12:05] The value of Progress is 25
[Debug] [2026-10-1 18:12:06] The value of Progress is 30
[Debug] [2026-10-1 18:12:06] The value of Progress is 35
[Debug] [2026-10-1 18:12:06] The value of Progress is 40
[Debug] [2026-10-1 18:12:06] The value of Progress is 45
[Debug] [2026-10-1 18:12:06] The value of Progress is 50
[Debug] [2026-10-1 18:12:06] The value of Progress is 55
[Debug] [2026-10-1 18:12:06] The value of Progress is 60
[Debug] [2026-10-1 18:12:06] The value of Progress is 65
[Debug] [2026-10-1 18:12:07] The value of Progress is 70
[Debug] [2026-10-1 18:12:07] The value of Progress is 75
[Debug] [2026-10-1 18:12:07] The value of Progress is 80
[Debug] [2026-10-1 18:12:07] The value of Progress is 85
[Debug] [2026-10-1 18:12:07] The value of Progress is 90
[Debug] [2026-10-1 18:12:07] The value of Progress is 95
[Debug] [2026-10-1 18:12:07] The value of Progress is 100
[Error] [2026-10-1 18:12:07] fail to exec Verify Outer Flash cmd...
[Error] [2026-10-1 18:12:08] cfg_jtag_flash_verify failed.
[Info] [2026-10-1 18:12:08] /***************************End Configration***************************/
[Info] [2026-10-1 18:13:11] /***************************Start Configuration***************************/
[Info] [2026-10-1 18:13:11] Path: D:/pango/PDS_2025.2-ads/bin
[Info] [2026-10-1 18:13:11] Version: 211867
[Info] [2026-10-1 18:13:12] Current Path: D:/pango/works/ECSDC_FPGA_2026
[Info] [2026-10-1 18:13:12] PDS Dir Path: 
[Debug] [2026-10-1 18:13:12] begin to check the cfg_connect exec condition.
[Debug] [2026-10-1 18:13:12] end to check the cfg_connect exec condition.
[Debug] [2026-10-1 18:13:12] Client Local host name:hustlyrm
[Debug] [2026-10-1 18:13:12] Client Local Address:10.13.49.44
[Debug] [2026-10-1 18:13:12] Server Address:127.0.0.1, Port:65420
[Info] [2026-10-1 18:13:12] Connect OK, Server: 127.0.0.1  Port: 65420
[Debug] [2026-10-1 18:13:12] Finish.
[Info] [2026-10-1 18:13:12] Connect server succeeded
[Debug] [2026-10-1 18:13:12] Send RPC:1
[Debug] [2026-10-1 18:13:12] Send cmd [check version information:40004] OK
[Debug] [2026-10-1 18:13:12] Send RPC:2
[Debug] [2026-10-1 18:13:12] Send cmd [get_cable_paras:40010] OK
[Debug] [2026-10-1 18:13:12] COMMAND[check version information] execute successfully, takes 0.0 secs.
[Debug] [2026-10-1 18:13:13] Before cable list reserve:1
[Debug] [2026-10-1 18:13:13] After cable list reserve
[Debug] [2026-10-1 18:13:13] COMMAND[get_cable_paras] execute successfully, takes 1.2 secs.
[Debug] [2026-10-1 18:13:14] cfg_connect succeed.
[Debug] [2026-10-1 18:13:14] Send RPC:3
[Debug] [2026-10-1 18:13:14] Send cmd [Open config cable:20001] OK
[Debug] [2026-10-1 18:13:14] begin the exec of open cable cmd...
[Debug] [2026-10-1 18:13:14] Begin to deal with chain from server...
[Debug] [2026-10-1 18:13:14] Begin to set user chain...
[Debug] [2026-10-1 18:13:14] End to set user chain.
[Debug] [2026-10-1 18:13:14] end the exec of open cable cmd.
[Debug] [2026-10-1 18:13:14] COMMAND[Open config cable] execute successfully, takes 0.0 secs.
[Debug] [2026-10-1 18:13:15] cfg_scan_chain succeed.
[Debug] [2026-10-1 18:13:16] begin to check the cfg_jtag_flash_scan_device exec condition.
[Debug] [2026-10-1 18:13:16] end to check the cfg_jtag_flash_scan_device exec condition.
[Debug] [2026-10-1 18:13:16] Send RPC:4
[Debug] [2026-10-1 18:13:16] Send cmd [Scan Outer SPI Flash:20300] OK
[Debug] [2026-10-1 18:13:16] begin to exec scan jtag flash cmd...
[Debug] [2026-10-1 18:13:16] Begin to initialize JtagFlash for selected FPGA Device...
[Debug] [2026-10-1 18:13:16] end to exec scan jtag flash cmd...
[Debug] [2026-10-1 18:13:16] COMMAND[Scan Outer SPI Flash] execute successfully, takes 0.0 secs.
[Debug] [2026-10-1 18:13:17] cfg_jtag_flash_scan_device succeed.
[Debug] [2026-10-1 18:13:17] begin to check the cfg_jtag_flash_readback exec condition.
[Error] [2026-10-1 18:13:17] cfg_jtag_flash_readback command can't be exec
[Info] [2026-10-1 18:13:17] /***************************End Configration***************************/
[Info] [2026-10-1 18:13:46] /***************************Start Configuration***************************/
[Info] [2026-10-1 18:13:46] Path: D:/pango/PDS_2025.2-ads/bin
[Info] [2026-10-1 18:13:46] Version: 211867
[Info] [2026-10-1 18:13:47] Current Path: D:/pango/works/ECSDC_FPGA_2026
[Info] [2026-10-1 18:13:47] PDS Dir Path: 
[Debug] [2026-10-1 18:13:47] begin to check the cfg_connect exec condition.
[Debug] [2026-10-1 18:13:47] end to check the cfg_connect exec condition.
[Debug] [2026-10-1 18:13:47] Client Local host name:hustlyrm
[Debug] [2026-10-1 18:13:47] Client Local Address:10.13.49.44
[Debug] [2026-10-1 18:13:47] Server Address:127.0.0.1, Port:65420
[Info] [2026-10-1 18:13:47] Connect OK, Server: 127.0.0.1  Port: 65420
[Debug] [2026-10-1 18:13:47] Finish.
[Info] [2026-10-1 18:13:47] Connect server succeeded
[Debug] [2026-10-1 18:13:47] Send RPC:1
[Debug] [2026-10-1 18:13:47] Send cmd [check version information:40004] OK
[Debug] [2026-10-1 18:13:47] Send RPC:2
[Debug] [2026-10-1 18:13:47] Send cmd [get_cable_paras:40010] OK
[Debug] [2026-10-1 18:13:47] COMMAND[check version information] execute successfully, takes 0.0 secs.
[Debug] [2026-10-1 18:13:48] Before cable list reserve:1
[Debug] [2026-10-1 18:13:48] After cable list reserve
[Debug] [2026-10-1 18:13:48] COMMAND[get_cable_paras] execute successfully, takes 1.2 secs.
[Debug] [2026-10-1 18:13:49] cfg_connect succeed.
[Debug] [2026-10-1 18:13:49] Send RPC:3
[Debug] [2026-10-1 18:13:49] Send cmd [Open config cable:20001] OK
[Debug] [2026-10-1 18:13:49] begin the exec of open cable cmd...
[Debug] [2026-10-1 18:13:49] Begin to deal with chain from server...
[Debug] [2026-10-1 18:13:49] Begin to set user chain...
[Debug] [2026-10-1 18:13:49] End to set user chain.
[Debug] [2026-10-1 18:13:49] end the exec of open cable cmd.
[Debug] [2026-10-1 18:13:49] COMMAND[Open config cable] execute successfully, takes 0.0 secs.
[Debug] [2026-10-1 18:13:50] cfg_scan_chain succeed.
[Debug] [2026-10-1 18:13:51] begin to check the cfg_jtag_flash_scan_device exec condition.
[Debug] [2026-10-1 18:13:51] end to check the cfg_jtag_flash_scan_device exec condition.
[Debug] [2026-10-1 18:13:51] Send RPC:4
[Debug] [2026-10-1 18:13:51] Send cmd [Scan Outer SPI Flash:20300] OK
[Debug] [2026-10-1 18:13:51] begin to exec scan jtag flash cmd...
[Debug] [2026-10-1 18:13:51] Begin to initialize JtagFlash for selected FPGA Device...
[Debug] [2026-10-1 18:13:51] end to exec scan jtag flash cmd...
[Debug] [2026-10-1 18:13:51] COMMAND[Scan Outer SPI Flash] execute successfully, takes 0.0 secs.
[Debug] [2026-10-1 18:13:52] cfg_jtag_flash_scan_device succeed.
[Debug] [2026-10-1 18:13:53] begin to check the cfg_jtag_flash_assign_file exec condition.
[Debug] [2026-10-1 18:13:53] end to check the cfg_jtag_flash_assign_file exec condition.
[Debug] [2026-10-1 18:13:53] begin to check SFC File and Flash Device Read Mode.
[Debug] [2026-10-1 18:13:53] end to check SFC File and Flash Device Read Mode.
[Debug] [2026-10-1 18:13:53] cfg_jtag_flash_assign_file succeed.
[Debug] [2026-10-1 18:13:53] begin to check the cfg_jtag_flash_readback exec condition.
[Debug] [2026-10-1 18:13:53] end to check the cfg_jtag_flash_readback exec condition.
[Debug] [2026-10-1 18:13:53] Send RPC:5
[Debug] [2026-10-1 18:13:53] Begin to send embed flash read back data.
[Debug] [2026-10-1 18:13:53] Begin to send flash read back data.
[Debug] [2026-10-1 18:13:53] End to send flash read back data.
[Debug] [2026-10-1 18:13:53] End to send embed flash read back data.
[Debug] [2026-10-1 18:13:53] Send cmd [Read back Outer Flash:20305] OK
[Debug] [2026-10-1 18:13:53] The value of Progress is 1
[Debug] [2026-10-1 18:13:53] The value of Progress is 6
[Debug] [2026-10-1 18:13:53] The value of Progress is 10
[Debug] [2026-10-1 18:13:53] The value of Progress is 15
[Debug] [2026-10-1 18:13:54] The value of Progress is 20
[Debug] [2026-10-1 18:13:54] The value of Progress is 25
[Debug] [2026-10-1 18:13:54] The value of Progress is 30
[Debug] [2026-10-1 18:13:54] The value of Progress is 35
[Debug] [2026-10-1 18:13:54] The value of Progress is 40
[Debug] [2026-10-1 18:13:54] The value of Progress is 45
[Debug] [2026-10-1 18:13:54] The value of Progress is 50
[Debug] [2026-10-1 18:13:54] The value of Progress is 55
[Debug] [2026-10-1 18:13:55] The value of Progress is 60
[Debug] [2026-10-1 18:13:55] The value of Progress is 65
[Debug] [2026-10-1 18:13:55] The value of Progress is 70
[Debug] [2026-10-1 18:13:55] The value of Progress is 75
[Debug] [2026-10-1 18:13:55] The value of Progress is 80
[Debug] [2026-10-1 18:13:55] The value of Progress is 85
[Debug] [2026-10-1 18:13:55] The value of Progress is 90
[Debug] [2026-10-1 18:13:56] The value of Progress is 95
[Debug] [2026-10-1 18:13:56] The value of Progress is 100
[Debug] [2026-10-1 18:13:56] COMMAND[Read back Outer Flash] execute successfully, takes 2.6 secs.
[Debug] [2026-10-1 18:13:56] cfg_jtag_flash_readback succeed.
[Info] [2026-10-1 18:15:21] /***************************Start Configuration***************************/
[Info] [2026-10-1 18:15:21] Path: D:/pango/PDS_2025.2-ads/bin
[Info] [2026-10-1 18:15:21] Version: 211867
[Info] [2026-10-1 18:15:22] Current Path: D:/pango/works/ECSDC_FPGA_2026
[Info] [2026-10-1 18:15:22] PDS Dir Path: 
[Debug] [2026-10-1 18:15:22] begin to check the cfg_connect exec condition.
[Debug] [2026-10-1 18:15:22] end to check the cfg_connect exec condition.
[Debug] [2026-10-1 18:15:22] Client Local host name:hustlyrm
[Debug] [2026-10-1 18:15:22] Client Local Address:10.13.49.44
[Debug] [2026-10-1 18:15:22] Server Address:127.0.0.1, Port:65420
[Info] [2026-10-1 18:15:22] Connect OK, Server: 127.0.0.1  Port: 65420
[Debug] [2026-10-1 18:15:22] Finish.
[Info] [2026-10-1 18:15:22] Connect server succeeded
[Debug] [2026-10-1 18:15:22] Send RPC:1
[Debug] [2026-10-1 18:15:22] Send cmd [check version information:40004] OK
[Debug] [2026-10-1 18:15:22] Send RPC:2
[Debug] [2026-10-1 18:15:22] Send cmd [get_cable_paras:40010] OK
[Debug] [2026-10-1 18:15:22] COMMAND[check version information] execute successfully, takes 0.0 secs.
[Debug] [2026-10-1 18:15:24] Before cable list reserve:1
[Debug] [2026-10-1 18:15:24] After cable list reserve
[Debug] [2026-10-1 18:15:24] COMMAND[get_cable_paras] execute successfully, takes 1.3 secs.
[Debug] [2026-10-1 18:15:24] cfg_connect succeed.
[Debug] [2026-10-1 18:15:25] Send RPC:3
[Debug] [2026-10-1 18:15:25] Send cmd [Open config cable:20001] OK
[Debug] [2026-10-1 18:15:25] begin the exec of open cable cmd...
[Debug] [2026-10-1 18:15:25] Begin to deal with chain from server...
[Debug] [2026-10-1 18:15:25] Begin to set user chain...
[Debug] [2026-10-1 18:15:25] End to set user chain.
[Debug] [2026-10-1 18:15:25] end the exec of open cable cmd.
[Debug] [2026-10-1 18:15:25] COMMAND[Open config cable] execute successfully, takes 0.0 secs.
[Debug] [2026-10-1 18:15:26] cfg_scan_chain succeed.
[Debug] [2026-10-1 18:15:26] begin to check the cfg_reset_fpga exec condition.
[Debug] [2026-10-1 18:15:26] end to check the cfg_reset_fpga exec condition.
[Debug] [2026-10-1 18:15:26] Send RPC:4
[Debug] [2026-10-1 18:15:26] Send cmd [Reset FPGA:20025] OK
[Debug] [2026-10-1 18:15:27] COMMAND[Reset FPGA] execute successfully, takes 0.1 secs.
[Debug] [2026-10-1 18:15:27] cfg_reset_fpga succeed.
[Info] [2026-10-1 18:16:46] /***************************Start Configuration***************************/
[Info] [2026-10-1 18:16:46] Path: D:/pango/PDS_2025.2-ads/bin
[Info] [2026-10-1 18:16:46] Version: 211867
[Info] [2026-10-1 18:16:47] Current Path: D:/pango/works/ECSDC_FPGA_2026
[Info] [2026-10-1 18:16:47] PDS Dir Path: 
[Debug] [2026-10-1 18:16:47] begin to check the cfg_connect exec condition.
[Debug] [2026-10-1 18:16:47] end to check the cfg_connect exec condition.
[Debug] [2026-10-1 18:16:47] Client Local host name:hustlyrm
[Debug] [2026-10-1 18:16:47] Client Local Address:10.13.49.44
[Debug] [2026-10-1 18:16:47] Server Address:127.0.0.1, Port:65420
[Info] [2026-10-1 18:16:47] Connect OK, Server: 127.0.0.1  Port: 65420
[Debug] [2026-10-1 18:16:47] Finish.
[Info] [2026-10-1 18:16:47] Connect server succeeded
[Debug] [2026-10-1 18:16:47] Send RPC:1
[Debug] [2026-10-1 18:16:47] Send cmd [check version information:40004] OK
[Debug] [2026-10-1 18:16:47] Send RPC:2
[Debug] [2026-10-1 18:16:47] Send cmd [get_cable_paras:40010] OK
[Debug] [2026-10-1 18:16:47] COMMAND[check version information] execute successfully, takes 0.0 secs.
[Debug] [2026-10-1 18:16:48] Before cable list reserve:1
[Debug] [2026-10-1 18:16:48] After cable list reserve
[Debug] [2026-10-1 18:16:48] COMMAND[get_cable_paras] execute successfully, takes 1.1 secs.
[Debug] [2026-10-1 18:16:49] cfg_connect succeed.
[Debug] [2026-10-1 18:16:50] Send RPC:3
[Debug] [2026-10-1 18:16:50] Send cmd [Open config cable:20001] OK
[Debug] [2026-10-1 18:16:50] begin the exec of open cable cmd...
[Debug] [2026-10-1 18:16:50] Begin to deal with chain from server...
[Debug] [2026-10-1 18:16:50] Begin to set user chain...
[Debug] [2026-10-1 18:16:50] End to set user chain.
[Debug] [2026-10-1 18:16:50] end the exec of open cable cmd.
[Debug] [2026-10-1 18:16:50] COMMAND[Open config cable] execute successfully, takes 0.0 secs.
[Debug] [2026-10-1 18:16:51] cfg_scan_chain succeed.
[Debug] [2026-10-1 18:16:51] begin to check the cfg_reset_fpga exec condition.
[Debug] [2026-10-1 18:16:51] end to check the cfg_reset_fpga exec condition.
[Debug] [2026-10-1 18:16:51] Send RPC:4
[Debug] [2026-10-1 18:16:51] Send cmd [Reset FPGA:20025] OK
[Debug] [2026-10-1 18:16:51] COMMAND[Reset FPGA] execute successfully, takes 0.1 secs.
[Debug] [2026-10-1 18:16:52] cfg_reset_fpga succeed.
[Info] [2026-10-1 18:17:29] /***************************Start Configuration***************************/
[Info] [2026-10-1 18:17:29] Path: D:/pango/PDS_2025.2-ads/bin
[Info] [2026-10-1 18:17:29] Version: 211867
[Info] [2026-10-1 18:17:30] Current Path: D:/pango/works/ECSDC_FPGA_2026
[Info] [2026-10-1 18:17:30] PDS Dir Path: 
[Info] [2026-10-1 18:17:55] /***************************Start Configuration***************************/
[Info] [2026-10-1 18:17:55] Path: D:/pango/PDS_2025.2-ads/bin
[Info] [2026-10-1 18:17:55] Version: 211867
[Info] [2026-10-1 18:17:56] Current Path: D:/pango/works/ECSDC_FPGA_2026
[Info] [2026-10-1 18:17:56] PDS Dir Path: 
[Debug] [2026-10-1 18:17:56] begin to check the cfg_connect exec condition.
[Debug] [2026-10-1 18:17:56] end to check the cfg_connect exec condition.
[Debug] [2026-10-1 18:17:56] Client Local host name:hustlyrm
[Debug] [2026-10-1 18:17:56] Client Local Address:10.13.49.44
[Debug] [2026-10-1 18:17:56] Server Address:127.0.0.1, Port:65420
[Info] [2026-10-1 18:17:56] Connect OK, Server: 127.0.0.1  Port: 65420
[Debug] [2026-10-1 18:17:56] Finish.
[Info] [2026-10-1 18:17:56] Connect server succeeded
[Debug] [2026-10-1 18:17:56] Send RPC:1
[Debug] [2026-10-1 18:17:56] Send cmd [check version information:40004] OK
[Debug] [2026-10-1 18:17:56] Send RPC:2
[Debug] [2026-10-1 18:17:56] Send cmd [get_cable_paras:40010] OK
[Debug] [2026-10-1 18:17:56] COMMAND[check version information] execute successfully, takes 0.0 secs.
[Debug] [2026-10-1 18:17:58] Before cable list reserve:1
[Debug] [2026-10-1 18:17:58] After cable list reserve
[Debug] [2026-10-1 18:17:58] COMMAND[get_cable_paras] execute successfully, takes 1.3 secs.
[Debug] [2026-10-1 18:17:58] cfg_connect succeed.
[Debug] [2026-10-1 18:17:59] Send RPC:3
[Debug] [2026-10-1 18:17:59] Send cmd [Open config cable:20001] OK
[Debug] [2026-10-1 18:17:59] begin the exec of open cable cmd...
[Debug] [2026-10-1 18:17:59] Begin to deal with chain from server...
[Debug] [2026-10-1 18:17:59] Begin to set user chain...
[Debug] [2026-10-1 18:17:59] End to set user chain.
[Debug] [2026-10-1 18:17:59] end the exec of open cable cmd.
[Debug] [2026-10-1 18:17:59] COMMAND[Open config cable] execute successfully, takes 0.0 secs.
[Debug] [2026-10-1 18:18:00] cfg_scan_chain succeed.
[Debug] [2026-10-1 18:18:00] begin to check the cfg_assign_file exec condition.
[Debug] [2026-10-1 18:18:00] end to check the cfg_assign_file exec condition.
[Debug] [2026-10-1 18:18:00] begin to get device info from CFG file...
[Debug] [2026-10-1 18:18:00] end to get device info from CFG file...
[Debug] [2026-10-1 18:18:00] cfg_assign_file succeed.
[Debug] [2026-10-1 18:18:01] begin to check the cfg_program exec condition.
[Debug] [2026-10-1 18:18:01] end to check the cfg_program exec condition.
[Debug] [2026-10-1 18:18:01] Send RPC:4
[Debug] [2026-10-1 18:18:01] Begin to send program data.
[Debug] [2026-10-1 18:18:01] End to send program data.
[Debug] [2026-10-1 18:18:01] Send cmd [Program:20002] OK
[Debug] [2026-10-1 18:18:01] The value of Progress is 6
[Debug] [2026-10-1 18:18:01] The value of Progress is 10
[Debug] [2026-10-1 18:18:01] The value of Progress is 15
[Debug] [2026-10-1 18:18:01] The value of Progress is 20
[Debug] [2026-10-1 18:18:01] The value of Progress is 25
[Debug] [2026-10-1 18:18:02] The value of Progress is 30
[Debug] [2026-10-1 18:18:02] The value of Progress is 35
[Debug] [2026-10-1 18:18:02] The value of Progress is 40
[Debug] [2026-10-1 18:18:02] The value of Progress is 45
[Debug] [2026-10-1 18:18:02] The value of Progress is 50
[Debug] [2026-10-1 18:18:02] The value of Progress is 55
[Debug] [2026-10-1 18:18:02] The value of Progress is 60
[Debug] [2026-10-1 18:18:02] The value of Progress is 65
[Debug] [2026-10-1 18:18:02] The value of Progress is 70
[Debug] [2026-10-1 18:18:02] The value of Progress is 75
[Debug] [2026-10-1 18:18:02] The value of Progress is 80
[Debug] [2026-10-1 18:18:03] The value of Progress is 85
[Debug] [2026-10-1 18:18:03] The value of Progress is 90
[Debug] [2026-10-1 18:18:03] The value of Progress is 95
[Debug] [2026-10-1 18:18:03] The value of Progress is 100
[Debug] [2026-10-1 18:18:03] COMMAND[Program] execute successfully, takes 1.8 secs.
[Debug] [2026-10-1 18:18:03] cfg_program succeed.
[Info] [2026-10-1 18:18:38] /***************************Start Configuration***************************/
[Info] [2026-10-1 18:18:38] Path: D:/pango/PDS_2025.2-ads/bin
[Info] [2026-10-1 18:18:38] Version: 211867
[Info] [2026-10-1 18:18:39] Current Path: D:/pango/works/ECSDC_FPGA_2026
[Info] [2026-10-1 18:18:39] PDS Dir Path: 
[Debug] [2026-10-1 18:18:39] begin to check the cfg_connect exec condition.
[Debug] [2026-10-1 18:18:39] end to check the cfg_connect exec condition.
[Debug] [2026-10-1 18:18:39] Client Local host name:hustlyrm
[Debug] [2026-10-1 18:18:39] Client Local Address:10.13.49.44
[Debug] [2026-10-1 18:18:39] Server Address:127.0.0.1, Port:65420
[Info] [2026-10-1 18:18:39] Connect OK, Server: 127.0.0.1  Port: 65420
[Debug] [2026-10-1 18:18:39] Finish.
[Info] [2026-10-1 18:18:39] Connect server succeeded
[Debug] [2026-10-1 18:18:39] Send RPC:1
[Debug] [2026-10-1 18:18:39] Send cmd [check version information:40004] OK
[Debug] [2026-10-1 18:18:39] Send RPC:2
[Debug] [2026-10-1 18:18:39] Send cmd [get_cable_paras:40010] OK
[Debug] [2026-10-1 18:18:39] COMMAND[check version information] execute successfully, takes 0.0 secs.
[Debug] [2026-10-1 18:18:41] Before cable list reserve:1
[Debug] [2026-10-1 18:18:41] After cable list reserve
[Debug] [2026-10-1 18:18:41] COMMAND[get_cable_paras] execute successfully, takes 1.2 secs.
[Debug] [2026-10-1 18:18:41] cfg_connect succeed.
[Debug] [2026-10-1 18:18:42] Send RPC:3
[Debug] [2026-10-1 18:18:42] Send cmd [Open config cable:20001] OK
[Debug] [2026-10-1 18:18:42] begin the exec of open cable cmd...
[Debug] [2026-10-1 18:18:42] Begin to deal with chain from server...
[Debug] [2026-10-1 18:18:42] Begin to set user chain...
[Debug] [2026-10-1 18:18:42] End to set user chain.
[Debug] [2026-10-1 18:18:42] end the exec of open cable cmd.
[Debug] [2026-10-1 18:18:42] COMMAND[Open config cable] execute successfully, takes 0.0 secs.
[Debug] [2026-10-1 18:18:43] cfg_scan_chain succeed.
[Debug] [2026-10-1 18:18:44] begin to check the cfg_reset_fpga exec condition.
[Debug] [2026-10-1 18:18:44] end to check the cfg_reset_fpga exec condition.
[Debug] [2026-10-1 18:18:44] Send RPC:4
[Debug] [2026-10-1 18:18:44] Send cmd [Reset FPGA:20025] OK
[Debug] [2026-10-1 18:18:44] COMMAND[Reset FPGA] execute successfully, takes 0.1 secs.
[Debug] [2026-10-1 18:18:45] cfg_reset_fpga succeed.
[Info] [2026-10-1 18:19:54] /***************************Start Configuration***************************/
[Info] [2026-10-1 18:19:54] Path: D:/pango/PDS_2025.2-ads/bin
[Info] [2026-10-1 18:19:54] Version: 211867
[Info] [2026-10-1 18:19:55] Current Path: D:/pango/works/ECSDC_FPGA_2026
[Info] [2026-10-1 18:19:55] PDS Dir Path: 
[Info] [2026-10-1 18:28:04] /***************************Start Configuration***************************/
[Info] [2026-10-1 18:28:04] Path: D:/pango/PDS_2025.2-ads/bin
[Info] [2026-10-1 18:28:04] Version: 211867
[Info] [2026-10-1 18:28:05] Current Path: D:/pango/works/ECSDC_FPGA_2026
[Info] [2026-10-1 18:28:05] PDS Dir Path: 
[Debug] [2026-10-1 18:28:05] begin to get device info from CFG file...
[Debug] [2026-10-1 18:28:05] end to get device info from CFG file...
[Debug] [2026-10-1 18:28:05] begin to get device info from CFG file...
[Debug] [2026-10-1 18:28:05] end to get device info from CFG file...
[Info] [2026-10-1 18:28:05] /***************************End Configration***************************/
[Info] [2026-10-1 18:28:22] /***************************Start Configuration***************************/
[Info] [2026-10-1 18:28:22] Path: D:/pango/PDS_2025.2-ads/bin
[Info] [2026-10-1 18:28:22] Version: 211867
[Info] [2026-10-1 18:28:23] Current Path: D:/pango/works/ECSDC_FPGA_2026
[Info] [2026-10-1 18:28:23] PDS Dir Path: 
[Debug] [2026-10-1 18:28:23] begin to check the cfg_connect exec condition.
[Debug] [2026-10-1 18:28:23] end to check the cfg_connect exec condition.
[Debug] [2026-10-1 18:28:23] Client Local host name:hustlyrm
[Debug] [2026-10-1 18:28:23] Client Local Address:10.13.49.44
[Debug] [2026-10-1 18:28:23] Server Address:127.0.0.1, Port:65420
[Info] [2026-10-1 18:28:23] Connect OK, Server: 127.0.0.1  Port: 65420
[Debug] [2026-10-1 18:28:23] Finish.
[Info] [2026-10-1 18:28:23] Connect server succeeded
[Debug] [2026-10-1 18:28:23] Send RPC:1
[Debug] [2026-10-1 18:28:23] Send cmd [check version information:40004] OK
[Debug] [2026-10-1 18:28:23] Send RPC:2
[Debug] [2026-10-1 18:28:23] Send cmd [get_cable_paras:40010] OK
[Debug] [2026-10-1 18:28:23] COMMAND[check version information] execute successfully, takes 0.0 secs.
[Debug] [2026-10-1 18:28:24] Before cable list reserve:1
[Debug] [2026-10-1 18:28:24] After cable list reserve
[Debug] [2026-10-1 18:28:24] COMMAND[get_cable_paras] execute successfully, takes 1.2 secs.
[Debug] [2026-10-1 18:28:25] cfg_connect succeed.
[Debug] [2026-10-1 18:28:26] Send RPC:3
[Debug] [2026-10-1 18:28:26] Send cmd [Open config cable:20001] OK
[Debug] [2026-10-1 18:28:26] begin the exec of open cable cmd...
[Debug] [2026-10-1 18:28:26] Begin to deal with chain from server...
[Debug] [2026-10-1 18:28:26] Begin to set user chain...
[Debug] [2026-10-1 18:28:26] End to set user chain.
[Debug] [2026-10-1 18:28:26] end the exec of open cable cmd.
[Debug] [2026-10-1 18:28:26] COMMAND[Open config cable] execute successfully, takes 0.0 secs.
[Debug] [2026-10-1 18:28:27] cfg_scan_chain succeed.
[Debug] [2026-10-1 18:28:27] begin to check the cfg_jtag_flash_scan_device exec condition.
[Debug] [2026-10-1 18:28:27] end to check the cfg_jtag_flash_scan_device exec condition.
[Debug] [2026-10-1 18:28:27] Send RPC:4
[Debug] [2026-10-1 18:28:27] Send cmd [Scan Outer SPI Flash:20300] OK
[Debug] [2026-10-1 18:28:27] begin to exec scan jtag flash cmd...
[Debug] [2026-10-1 18:28:27] Begin to initialize JtagFlash for selected FPGA Device...
[Debug] [2026-10-1 18:28:27] end to exec scan jtag flash cmd...
[Debug] [2026-10-1 18:28:27] COMMAND[Scan Outer SPI Flash] execute successfully, takes 0.0 secs.
[Debug] [2026-10-1 18:28:28] cfg_jtag_flash_scan_device succeed.
[Debug] [2026-10-1 18:28:29] begin to check the cfg_jtag_flash_assign_file exec condition.
[Debug] [2026-10-1 18:28:29] end to check the cfg_jtag_flash_assign_file exec condition.
[Debug] [2026-10-1 18:28:29] begin to check SFC File and Flash Device Read Mode.
[Debug] [2026-10-1 18:28:29] end to check SFC File and Flash Device Read Mode.
[Debug] [2026-10-1 18:28:29] cfg_jtag_flash_assign_file succeed.
[Debug] [2026-10-1 18:28:29] begin to check the cfg_jtag_flash_program exec condition.
[Debug] [2026-10-1 18:28:29] end to check the cfg_jtag_flash_program exec condition.
[Debug] [2026-10-1 18:28:29] Send RPC:5
[Debug] [2026-10-1 18:28:29] Begin to send jtag flash program data.
[Debug] [2026-10-1 18:28:29] Begin to send flash program data.
[Debug] [2026-10-1 18:28:29] End to send flash program data.
[Debug] [2026-10-1 18:28:29] End to send embed flash program data.
[Debug] [2026-10-1 18:28:29] Send cmd [Program Outer Flash:20301] OK
[Debug] [2026-10-1 18:28:31] The value of Progress is 1
[Debug] [2026-10-1 18:28:33] The value of Progress is 6
[Debug] [2026-10-1 18:28:35] The value of Progress is 10
[Debug] [2026-10-1 18:28:36] The value of Progress is 15
[Debug] [2026-10-1 18:28:38] The value of Progress is 20
[Debug] [2026-10-1 18:28:40] The value of Progress is 25
[Debug] [2026-10-1 18:28:41] The value of Progress is 30
[Debug] [2026-10-1 18:28:43] The value of Progress is 35
[Debug] [2026-10-1 18:28:45] The value of Progress is 40
[Debug] [2026-10-1 18:28:46] The value of Progress is 45
[Debug] [2026-10-1 18:28:48] The value of Progress is 50
[Debug] [2026-10-1 18:28:50] The value of Progress is 55
[Debug] [2026-10-1 18:28:51] The value of Progress is 60
[Debug] [2026-10-1 18:28:53] The value of Progress is 65
[Debug] [2026-10-1 18:28:55] The value of Progress is 70
[Debug] [2026-10-1 18:28:56] The value of Progress is 75
[Debug] [2026-10-1 18:28:58] The value of Progress is 80
[Debug] [2026-10-1 18:29:00] The value of Progress is 85
[Debug] [2026-10-1 18:29:01] The value of Progress is 90
[Debug] [2026-10-1 18:29:03] The value of Progress is 95
[Debug] [2026-10-1 18:29:05] The value of Progress is 100
[Debug] [2026-10-1 18:29:05] COMMAND[Program Outer Flash] execute finish, takes 35.6 secs.
[Debug] [2026-10-1 18:29:06] cfg_jtag_flash_program succeed.
[Debug] [2026-10-1 18:29:06] begin to check the cfg_jtag_flash_verify exec condition.
[Debug] [2026-10-1 18:29:06] end to check the cfg_jtag_flash_verify exec condition.
[Debug] [2026-10-1 18:29:06] Send RPC:6
[Debug] [2026-10-1 18:29:06] Begin to send embed flash verify data.
[Debug] [2026-10-1 18:29:06] Begin to send flash verify data.
[Debug] [2026-10-1 18:29:06] End to send flash verify data.
[Debug] [2026-10-1 18:29:06] End to send embed flash verify data.
[Debug] [2026-10-1 18:29:06] Send cmd [Verify Outer Flash:20303] OK
[Debug] [2026-10-1 18:29:06] The value of Progress is 1
[Debug] [2026-10-1 18:29:06] The value of Progress is 6
[Debug] [2026-10-1 18:29:06] The value of Progress is 10
[Debug] [2026-10-1 18:29:06] The value of Progress is 15
[Debug] [2026-10-1 18:29:07] The value of Progress is 20
[Debug] [2026-10-1 18:29:07] The value of Progress is 25
[Debug] [2026-10-1 18:29:07] The value of Progress is 30
[Debug] [2026-10-1 18:29:07] The value of Progress is 35
[Debug] [2026-10-1 18:29:07] The value of Progress is 40
[Debug] [2026-10-1 18:29:07] The value of Progress is 45
[Debug] [2026-10-1 18:29:07] The value of Progress is 50
[Debug] [2026-10-1 18:29:08] The value of Progress is 55
[Debug] [2026-10-1 18:29:08] The value of Progress is 60
[Debug] [2026-10-1 18:29:08] The value of Progress is 65
[Debug] [2026-10-1 18:29:08] The value of Progress is 70
[Debug] [2026-10-1 18:29:08] The value of Progress is 75
[Debug] [2026-10-1 18:29:08] The value of Progress is 80
[Debug] [2026-10-1 18:29:08] The value of Progress is 85
[Debug] [2026-10-1 18:29:08] The value of Progress is 90
[Debug] [2026-10-1 18:29:09] The value of Progress is 95
[Debug] [2026-10-1 18:29:09] The value of Progress is 100
[Error] [2026-10-1 18:29:09] fail to exec Verify Outer Flash cmd...
[Error] [2026-10-1 18:29:09] cfg_jtag_flash_verify failed.
[Info] [2026-10-1 18:29:10] /***************************End Configration***************************/
[Info] [2026-10-1 18:29:25] /***************************Start Configuration***************************/
[Info] [2026-10-1 18:29:25] Path: D:/pango/PDS_2025.2-ads/bin
[Info] [2026-10-1 18:29:25] Version: 211867
[Info] [2026-10-1 18:29:26] Current Path: D:/pango/works/ECSDC_FPGA_2026
[Info] [2026-10-1 18:29:26] PDS Dir Path: 
[Debug] [2026-10-1 18:29:26] begin to check the cfg_connect exec condition.
[Debug] [2026-10-1 18:29:26] end to check the cfg_connect exec condition.
[Debug] [2026-10-1 18:29:26] Client Local host name:hustlyrm
[Debug] [2026-10-1 18:29:26] Client Local Address:10.13.49.44
[Debug] [2026-10-1 18:29:26] Server Address:127.0.0.1, Port:65420
[Info] [2026-10-1 18:29:26] Connect OK, Server: 127.0.0.1  Port: 65420
[Debug] [2026-10-1 18:29:26] Finish.
[Info] [2026-10-1 18:29:26] Connect server succeeded
[Debug] [2026-10-1 18:29:26] Send RPC:1
[Debug] [2026-10-1 18:29:26] Send cmd [check version information:40004] OK
[Debug] [2026-10-1 18:29:26] Send RPC:2
[Debug] [2026-10-1 18:29:26] Send cmd [get_cable_paras:40010] OK
[Debug] [2026-10-1 18:29:26] COMMAND[check version information] execute successfully, takes 0.0 secs.
[Debug] [2026-10-1 18:29:27] Before cable list reserve:1
[Debug] [2026-10-1 18:29:27] After cable list reserve
[Debug] [2026-10-1 18:29:27] COMMAND[get_cable_paras] execute successfully, takes 1.3 secs.
[Debug] [2026-10-1 18:29:28] cfg_connect succeed.
[Debug] [2026-10-1 18:29:28] Send RPC:3
[Debug] [2026-10-1 18:29:28] Send cmd [Open config cable:20001] OK
[Debug] [2026-10-1 18:29:28] begin the exec of open cable cmd...
[Debug] [2026-10-1 18:29:28] Begin to deal with chain from server...
[Debug] [2026-10-1 18:29:28] Begin to set user chain...
[Debug] [2026-10-1 18:29:28] End to set user chain.
[Debug] [2026-10-1 18:29:28] end the exec of open cable cmd.
[Debug] [2026-10-1 18:29:28] COMMAND[Open config cable] execute successfully, takes 0.0 secs.
[Debug] [2026-10-1 18:29:29] cfg_scan_chain succeed.
[Debug] [2026-10-1 18:29:30] begin to check the cfg_jtag_flash_scan_device exec condition.
[Debug] [2026-10-1 18:29:30] end to check the cfg_jtag_flash_scan_device exec condition.
[Debug] [2026-10-1 18:29:30] Send RPC:4
[Debug] [2026-10-1 18:29:30] Send cmd [Scan Outer SPI Flash:20300] OK
[Debug] [2026-10-1 18:29:30] begin to exec scan jtag flash cmd...
[Debug] [2026-10-1 18:29:30] Begin to initialize JtagFlash for selected FPGA Device...
[Debug] [2026-10-1 18:29:30] end to exec scan jtag flash cmd...
[Debug] [2026-10-1 18:29:30] COMMAND[Scan Outer SPI Flash] execute successfully, takes 0.0 secs.
[Debug] [2026-10-1 18:29:31] cfg_jtag_flash_scan_device succeed.
[Debug] [2026-10-1 18:29:32] begin to check the cfg_jtag_flash_assign_file exec condition.
[Debug] [2026-10-1 18:29:32] end to check the cfg_jtag_flash_assign_file exec condition.
[Debug] [2026-10-1 18:29:32] begin to check SFC File and Flash Device Read Mode.
[Debug] [2026-10-1 18:29:32] end to check SFC File and Flash Device Read Mode.
[Debug] [2026-10-1 18:29:32] cfg_jtag_flash_assign_file succeed.
[Debug] [2026-10-1 18:29:32] begin to check the cfg_jtag_flash_readback exec condition.
[Debug] [2026-10-1 18:29:32] end to check the cfg_jtag_flash_readback exec condition.
[Debug] [2026-10-1 18:29:32] Send RPC:5
[Debug] [2026-10-1 18:29:32] Begin to send embed flash read back data.
[Debug] [2026-10-1 18:29:32] Begin to send flash read back data.
[Debug] [2026-10-1 18:29:32] End to send flash read back data.
[Debug] [2026-10-1 18:29:32] End to send embed flash read back data.
[Debug] [2026-10-1 18:29:32] Send cmd [Read back Outer Flash:20305] OK
[Debug] [2026-10-1 18:29:32] The value of Progress is 1
[Debug] [2026-10-1 18:29:32] The value of Progress is 6
[Debug] [2026-10-1 18:29:32] The value of Progress is 10
[Debug] [2026-10-1 18:29:32] The value of Progress is 15
[Debug] [2026-10-1 18:29:33] The value of Progress is 20
[Debug] [2026-10-1 18:29:33] The value of Progress is 25
[Debug] [2026-10-1 18:29:33] The value of Progress is 30
[Debug] [2026-10-1 18:29:33] The value of Progress is 35
[Debug] [2026-10-1 18:29:33] The value of Progress is 40
[Debug] [2026-10-1 18:29:33] The value of Progress is 45
[Debug] [2026-10-1 18:29:33] The value of Progress is 50
[Debug] [2026-10-1 18:29:34] The value of Progress is 55
[Debug] [2026-10-1 18:29:34] The value of Progress is 60
[Debug] [2026-10-1 18:29:34] The value of Progress is 65
[Debug] [2026-10-1 18:29:34] The value of Progress is 70
[Debug] [2026-10-1 18:29:34] The value of Progress is 75
[Debug] [2026-10-1 18:29:34] The value of Progress is 80
[Debug] [2026-10-1 18:29:34] The value of Progress is 85
[Debug] [2026-10-1 18:29:34] The value of Progress is 90
[Debug] [2026-10-1 18:29:35] The value of Progress is 95
[Debug] [2026-10-1 18:29:35] The value of Progress is 100
[Debug] [2026-10-1 18:29:35] COMMAND[Read back Outer Flash] execute successfully, takes 2.6 secs.
[Debug] [2026-10-1 18:29:35] cfg_jtag_flash_readback succeed.
[Info] [2026-10-1 18:29:49] /***************************Start Configuration***************************/
[Info] [2026-10-1 18:29:49] Path: D:/pango/PDS_2025.2-ads/bin
[Info] [2026-10-1 18:29:49] Version: 211867
[Info] [2026-10-1 18:29:50] Current Path: D:/pango/works/ECSDC_FPGA_2026
[Info] [2026-10-1 18:29:50] PDS Dir Path: 
[Debug] [2026-10-1 18:29:50] begin to check the cfg_connect exec condition.
[Debug] [2026-10-1 18:29:50] end to check the cfg_connect exec condition.
[Debug] [2026-10-1 18:29:50] Client Local host name:hustlyrm
[Debug] [2026-10-1 18:29:50] Client Local Address:10.13.49.44
[Debug] [2026-10-1 18:29:50] Server Address:127.0.0.1, Port:65420
[Info] [2026-10-1 18:29:50] Connect OK, Server: 127.0.0.1  Port: 65420
[Debug] [2026-10-1 18:29:50] Finish.
[Info] [2026-10-1 18:29:50] Connect server succeeded
[Debug] [2026-10-1 18:29:50] Send RPC:1
[Debug] [2026-10-1 18:29:50] Send cmd [check version information:40004] OK
[Debug] [2026-10-1 18:29:50] Send RPC:2
[Debug] [2026-10-1 18:29:50] Send cmd [get_cable_paras:40010] OK
[Debug] [2026-10-1 18:29:50] COMMAND[check version information] execute successfully, takes 0.0 secs.
[Debug] [2026-10-1 18:29:51] Before cable list reserve:1
[Debug] [2026-10-1 18:29:51] After cable list reserve
[Debug] [2026-10-1 18:29:51] COMMAND[get_cable_paras] execute successfully, takes 1.3 secs.
[Debug] [2026-10-1 18:29:52] cfg_connect succeed.
[Debug] [2026-10-1 18:29:53] Send RPC:3
[Debug] [2026-10-1 18:29:53] Send cmd [Open config cable:20001] OK
[Debug] [2026-10-1 18:29:53] begin the exec of open cable cmd...
[Debug] [2026-10-1 18:29:53] Begin to deal with chain from server...
[Debug] [2026-10-1 18:29:53] Begin to set user chain...
[Debug] [2026-10-1 18:29:53] End to set user chain.
[Debug] [2026-10-1 18:29:53] end the exec of open cable cmd.
[Debug] [2026-10-1 18:29:53] COMMAND[Open config cable] execute successfully, takes 0.0 secs.
[Debug] [2026-10-1 18:29:54] cfg_scan_chain succeed.
[Debug] [2026-10-1 18:29:54] begin to check the cfg_assign_file exec condition.
[Debug] [2026-10-1 18:29:54] end to check the cfg_assign_file exec condition.
[Debug] [2026-10-1 18:29:54] begin to get device info from CFG file...
[Debug] [2026-10-1 18:29:54] end to get device info from CFG file...
[Debug] [2026-10-1 18:29:54] cfg_assign_file succeed.
[Debug] [2026-10-1 18:29:55] begin to check the cfg_program exec condition.
[Debug] [2026-10-1 18:29:55] end to check the cfg_program exec condition.
[Debug] [2026-10-1 18:29:55] Send RPC:4
[Debug] [2026-10-1 18:29:55] Begin to send program data.
[Debug] [2026-10-1 18:29:55] End to send program data.
[Debug] [2026-10-1 18:29:55] Send cmd [Program:20002] OK
[Debug] [2026-10-1 18:29:55] The value of Progress is 6
[Debug] [2026-10-1 18:29:55] The value of Progress is 10
[Debug] [2026-10-1 18:29:55] The value of Progress is 15
[Debug] [2026-10-1 18:29:55] The value of Progress is 20
[Debug] [2026-10-1 18:29:55] The value of Progress is 25
[Debug] [2026-10-1 18:29:55] The value of Progress is 30
[Debug] [2026-10-1 18:29:55] The value of Progress is 35
[Debug] [2026-10-1 18:29:55] The value of Progress is 40
[Debug] [2026-10-1 18:29:55] The value of Progress is 45
[Debug] [2026-10-1 18:29:56] The value of Progress is 50
[Debug] [2026-10-1 18:29:56] The value of Progress is 55
[Debug] [2026-10-1 18:29:56] The value of Progress is 60
[Debug] [2026-10-1 18:29:56] The value of Progress is 65
[Debug] [2026-10-1 18:29:56] The value of Progress is 70
[Debug] [2026-10-1 18:29:56] The value of Progress is 75
[Debug] [2026-10-1 18:29:56] The value of Progress is 80
[Debug] [2026-10-1 18:29:56] The value of Progress is 85
[Debug] [2026-10-1 18:29:56] The value of Progress is 90
[Debug] [2026-10-1 18:29:56] The value of Progress is 95
[Debug] [2026-10-1 18:29:56] The value of Progress is 100
[Debug] [2026-10-1 18:29:56] COMMAND[Program] execute successfully, takes 1.8 secs.
[Debug] [2026-10-1 18:29:57] cfg_program succeed.
[Info] [2026-10-1 18:30:57] /***************************Start Configuration***************************/
[Info] [2026-10-1 18:30:57] Path: D:/pango/PDS_2025.2-ads/bin
[Info] [2026-10-1 18:30:57] Version: 211867
[Info] [2026-10-1 18:30:58] Current Path: D:/pango/works/ECSDC_FPGA_2026
[Info] [2026-10-1 18:30:58] PDS Dir Path: 
[Debug] [2026-10-1 18:30:58] begin to check the cfg_connect exec condition.
[Debug] [2026-10-1 18:30:58] end to check the cfg_connect exec condition.
[Debug] [2026-10-1 18:30:58] Client Local host name:hustlyrm
[Debug] [2026-10-1 18:30:58] Client Local Address:10.13.49.44
[Debug] [2026-10-1 18:30:58] Server Address:127.0.0.1, Port:65420
[Info] [2026-10-1 18:30:58] Connect OK, Server: 127.0.0.1  Port: 65420
[Debug] [2026-10-1 18:30:58] Finish.
[Info] [2026-10-1 18:30:58] Connect server succeeded
[Debug] [2026-10-1 18:30:58] Send RPC:1
[Debug] [2026-10-1 18:30:58] Send cmd [check version information:40004] OK
[Debug] [2026-10-1 18:30:58] Send RPC:2
[Debug] [2026-10-1 18:30:58] Send cmd [get_cable_paras:40010] OK
[Debug] [2026-10-1 18:30:58] COMMAND[check version information] execute successfully, takes 0.0 secs.
[Debug] [2026-10-1 18:30:59] Before cable list reserve:1
[Debug] [2026-10-1 18:30:59] After cable list reserve
[Debug] [2026-10-1 18:30:59] COMMAND[get_cable_paras] execute successfully, takes 1.2 secs.
[Debug] [2026-10-1 18:31:00] cfg_connect succeed.
[Debug] [2026-10-1 18:31:00] Send RPC:3
[Debug] [2026-10-1 18:31:00] Send cmd [Open config cable:20001] OK
[Debug] [2026-10-1 18:31:00] begin the exec of open cable cmd...
[Debug] [2026-10-1 18:31:00] Begin to deal with chain from server...
[Debug] [2026-10-1 18:31:00] Begin to set user chain...
[Debug] [2026-10-1 18:31:00] End to set user chain.
[Debug] [2026-10-1 18:31:00] end the exec of open cable cmd.
[Debug] [2026-10-1 18:31:00] COMMAND[Open config cable] execute successfully, takes 0.0 secs.
[Debug] [2026-10-1 18:31:01] cfg_scan_chain succeed.
[Debug] [2026-10-1 18:31:02] begin to check the cfg_reset_fpga exec condition.
[Debug] [2026-10-1 18:31:02] end to check the cfg_reset_fpga exec condition.
[Debug] [2026-10-1 18:31:02] Send RPC:4
[Debug] [2026-10-1 18:31:02] Send cmd [Reset FPGA:20025] OK
[Debug] [2026-10-1 18:31:02] COMMAND[Reset FPGA] execute successfully, takes 0.1 secs.
[Debug] [2026-10-1 18:31:03] cfg_reset_fpga succeed.
[Info] [2026-10-1 18:32:08] /***************************Start Configuration***************************/
[Info] [2026-10-1 18:32:08] Path: D:/pango/PDS_2025.2-ads/bin
[Info] [2026-10-1 18:32:08] Version: 211867
[Info] [2026-10-1 18:32:09] Current Path: D:/pango/works/ECSDC_FPGA_2026
[Info] [2026-10-1 18:32:09] PDS Dir Path: 
[Debug] [2026-10-1 18:32:09] begin to check the cfg_connect exec condition.
[Debug] [2026-10-1 18:32:09] end to check the cfg_connect exec condition.
[Debug] [2026-10-1 18:32:09] Client Local host name:hustlyrm
[Debug] [2026-10-1 18:32:09] Client Local Address:10.13.49.44
[Debug] [2026-10-1 18:32:09] Server Address:127.0.0.1, Port:65420
[Info] [2026-10-1 18:32:09] Connect OK, Server: 127.0.0.1  Port: 65420
[Debug] [2026-10-1 18:32:09] Finish.
[Info] [2026-10-1 18:32:09] Connect server succeeded
[Debug] [2026-10-1 18:32:09] Send RPC:1
[Debug] [2026-10-1 18:32:09] Send cmd [check version information:40004] OK
[Debug] [2026-10-1 18:32:09] Send RPC:2
[Debug] [2026-10-1 18:32:09] Send cmd [get_cable_paras:40010] OK
[Debug] [2026-10-1 18:32:09] COMMAND[check version information] execute successfully, takes 0.0 secs.
[Debug] [2026-10-1 18:32:10] Before cable list reserve:1
[Debug] [2026-10-1 18:32:10] After cable list reserve
[Debug] [2026-10-1 18:32:10] COMMAND[get_cable_paras] execute successfully, takes 1.1 secs.
[Debug] [2026-10-1 18:32:11] cfg_connect succeed.
[Debug] [2026-10-1 18:32:12] Send RPC:3
[Debug] [2026-10-1 18:32:12] Send cmd [Open config cable:20001] OK
[Debug] [2026-10-1 18:32:12] begin the exec of open cable cmd...
[Debug] [2026-10-1 18:32:12] Begin to deal with chain from server...
[Debug] [2026-10-1 18:32:12] Begin to set user chain...
[Debug] [2026-10-1 18:32:12] End to set user chain.
[Debug] [2026-10-1 18:32:12] end the exec of open cable cmd.
[Debug] [2026-10-1 18:32:12] COMMAND[Open config cable] execute successfully, takes 0.0 secs.
[Debug] [2026-10-1 18:32:13] cfg_scan_chain succeed.
[Debug] [2026-10-1 18:32:13] begin to check the cfg_assign_file exec condition.
[Debug] [2026-10-1 18:32:13] end to check the cfg_assign_file exec condition.
[Debug] [2026-10-1 18:32:13] begin to get device info from CFG file...
[Debug] [2026-10-1 18:32:13] end to get device info from CFG file...
[Debug] [2026-10-1 18:32:13] cfg_assign_file succeed.
[Debug] [2026-10-1 18:32:14] begin to check the cfg_program exec condition.
[Debug] [2026-10-1 18:32:14] end to check the cfg_program exec condition.
[Debug] [2026-10-1 18:32:14] Send RPC:4
[Debug] [2026-10-1 18:32:14] Begin to send program data.
[Debug] [2026-10-1 18:32:14] End to send program data.
[Debug] [2026-10-1 18:32:14] Send cmd [Program:20002] OK
[Debug] [2026-10-1 18:32:14] The value of Progress is 6
[Debug] [2026-10-1 18:32:14] The value of Progress is 10
[Debug] [2026-10-1 18:32:14] The value of Progress is 15
[Debug] [2026-10-1 18:32:14] The value of Progress is 20
[Debug] [2026-10-1 18:32:14] The value of Progress is 25
[Debug] [2026-10-1 18:32:14] The value of Progress is 30
[Debug] [2026-10-1 18:32:14] The value of Progress is 35
[Debug] [2026-10-1 18:32:14] The value of Progress is 40
[Debug] [2026-10-1 18:32:14] The value of Progress is 45
[Debug] [2026-10-1 18:32:15] The value of Progress is 50
[Debug] [2026-10-1 18:32:15] The value of Progress is 55
[Debug] [2026-10-1 18:32:15] The value of Progress is 60
[Debug] [2026-10-1 18:32:15] The value of Progress is 65
[Debug] [2026-10-1 18:32:15] The value of Progress is 70
[Debug] [2026-10-1 18:32:15] The value of Progress is 75
[Debug] [2026-10-1 18:32:15] The value of Progress is 80
[Debug] [2026-10-1 18:32:15] The value of Progress is 85
[Debug] [2026-10-1 18:32:15] The value of Progress is 90
[Debug] [2026-10-1 18:32:15] The value of Progress is 95
[Debug] [2026-10-1 18:32:15] The value of Progress is 100
[Debug] [2026-10-1 18:32:15] COMMAND[Program] execute successfully, takes 1.8 secs.
[Debug] [2026-10-1 18:32:16] cfg_program succeed.
[Info] [2026-10-1 18:32:30] /***************************Start Configuration***************************/
[Info] [2026-10-1 18:32:30] Path: D:/pango/PDS_2025.2-ads/bin
[Info] [2026-10-1 18:32:30] Version: 211867
[Info] [2026-10-1 18:32:31] Current Path: D:/pango/works/ECSDC_FPGA_2026
[Info] [2026-10-1 18:32:31] PDS Dir Path: 
[Debug] [2026-10-1 18:32:31] begin to check the cfg_connect exec condition.
[Debug] [2026-10-1 18:32:31] end to check the cfg_connect exec condition.
[Debug] [2026-10-1 18:32:31] Client Local host name:hustlyrm
[Debug] [2026-10-1 18:32:31] Client Local Address:10.13.49.44
[Debug] [2026-10-1 18:32:31] Server Address:127.0.0.1, Port:65420
[Info] [2026-10-1 18:32:31] Connect OK, Server: 127.0.0.1  Port: 65420
[Debug] [2026-10-1 18:32:31] Finish.
[Info] [2026-10-1 18:32:31] Connect server succeeded
[Debug] [2026-10-1 18:32:31] Send RPC:1
[Debug] [2026-10-1 18:32:31] Send cmd [check version information:40004] OK
[Debug] [2026-10-1 18:32:31] Send RPC:2
[Debug] [2026-10-1 18:32:31] Send cmd [get_cable_paras:40010] OK
[Debug] [2026-10-1 18:32:31] COMMAND[check version information] execute successfully, takes 0.0 secs.
[Debug] [2026-10-1 18:32:32] Before cable list reserve:1
[Debug] [2026-10-1 18:32:32] After cable list reserve
[Debug] [2026-10-1 18:32:32] COMMAND[get_cable_paras] execute successfully, takes 1.1 secs.
[Debug] [2026-10-1 18:32:33] cfg_connect succeed.
[Debug] [2026-10-1 18:32:34] Send RPC:3
[Debug] [2026-10-1 18:32:34] Send cmd [Open config cable:20001] OK
[Debug] [2026-10-1 18:32:34] begin the exec of open cable cmd...
[Debug] [2026-10-1 18:32:34] Begin to deal with chain from server...
[Debug] [2026-10-1 18:32:34] Begin to set user chain...
[Debug] [2026-10-1 18:32:34] End to set user chain.
[Debug] [2026-10-1 18:32:34] end the exec of open cable cmd.
[Debug] [2026-10-1 18:32:34] COMMAND[Open config cable] execute successfully, takes 0.0 secs.
[Debug] [2026-10-1 18:32:35] cfg_scan_chain succeed.
[Debug] [2026-10-1 18:32:35] begin to check the cfg_assign_file exec condition.
[Debug] [2026-10-1 18:32:35] end to check the cfg_assign_file exec condition.
[Debug] [2026-10-1 18:32:35] begin to get device info from CFG file...
[Debug] [2026-10-1 18:32:35] end to get device info from CFG file...
[Debug] [2026-10-1 18:32:35] cfg_assign_file succeed.
[Debug] [2026-10-1 18:32:36] begin to check the cfg_program exec condition.
[Debug] [2026-10-1 18:32:36] end to check the cfg_program exec condition.
[Debug] [2026-10-1 18:32:36] Send RPC:4
[Debug] [2026-10-1 18:32:36] Begin to send program data.
[Debug] [2026-10-1 18:32:36] End to send program data.
[Debug] [2026-10-1 18:32:36] Send cmd [Program:20002] OK
[Debug] [2026-10-1 18:32:36] The value of Progress is 6
[Debug] [2026-10-1 18:32:36] The value of Progress is 10
[Debug] [2026-10-1 18:32:36] The value of Progress is 15
[Debug] [2026-10-1 18:32:36] The value of Progress is 20
[Debug] [2026-10-1 18:32:36] The value of Progress is 25
[Debug] [2026-10-1 18:32:36] The value of Progress is 30
[Debug] [2026-10-1 18:32:36] The value of Progress is 35
[Debug] [2026-10-1 18:32:37] The value of Progress is 40
[Debug] [2026-10-1 18:32:37] The value of Progress is 45
[Debug] [2026-10-1 18:32:37] The value of Progress is 50
[Debug] [2026-10-1 18:32:37] The value of Progress is 55
[Debug] [2026-10-1 18:32:37] The value of Progress is 60
[Debug] [2026-10-1 18:32:37] The value of Progress is 65
[Debug] [2026-10-1 18:32:37] The value of Progress is 70
[Debug] [2026-10-1 18:32:37] The value of Progress is 75
[Debug] [2026-10-1 18:32:37] The value of Progress is 80
[Debug] [2026-10-1 18:32:37] The value of Progress is 85
[Debug] [2026-10-1 18:32:37] The value of Progress is 90
[Debug] [2026-10-1 18:32:38] The value of Progress is 95
[Debug] [2026-10-1 18:32:38] The value of Progress is 100
[Debug] [2026-10-1 18:32:38] COMMAND[Program] execute successfully, takes 1.8 secs.
[Debug] [2026-10-1 18:32:38] cfg_program succeed.
[Info] [2026-10-1 18:45:19] /***************************Start Configuration***************************/
[Info] [2026-10-1 18:45:19] Path: D:/pango/PDS_2025.2-ads/bin
[Info] [2026-10-1 18:45:19] Version: 211867
[Info] [2026-10-1 18:45:44] /***************************Start Configuration***************************/
[Info] [2026-10-1 18:45:44] Path: D:/pango/PDS_2025.2-ads/bin
[Info] [2026-10-1 18:45:44] Version: 211867
[Info] [2026-10-1 18:45:45] Current Path: D:/pango/works/ECSDC_FPGA_2026
[Info] [2026-10-1 18:45:45] PDS Dir Path: 
[Info] [2026-10-1 18:45:45] /***************************End Configration***************************/
[Info] [2026-10-1 18:46:01] /***************************Start Configuration***************************/
[Info] [2026-10-1 18:46:01] Path: D:/pango/PDS_2025.2-ads/bin
[Info] [2026-10-1 18:46:01] Version: 211867
[Info] [2026-10-1 18:46:02] Current Path: D:/pango/works/ECSDC_FPGA_2026
[Info] [2026-10-1 18:46:02] PDS Dir Path: 
[Debug] [2026-10-1 18:46:02] begin to check the cfg_connect exec condition.
[Debug] [2026-10-1 18:46:02] end to check the cfg_connect exec condition.
[Debug] [2026-10-1 18:46:02] Client Local host name:hustlyrm
[Debug] [2026-10-1 18:46:02] Client Local Address:10.13.49.44
[Debug] [2026-10-1 18:46:02] Server Address:127.0.0.1, Port:65420
[Info] [2026-10-1 18:46:02] Connect OK, Server: 127.0.0.1  Port: 65420
[Debug] [2026-10-1 18:46:02] Finish.
[Info] [2026-10-1 18:46:02] Connect server succeeded
[Debug] [2026-10-1 18:46:02] Send RPC:1
[Debug] [2026-10-1 18:46:02] Send cmd [check version information:40004] OK
[Debug] [2026-10-1 18:46:02] Send RPC:2
[Debug] [2026-10-1 18:46:02] Send cmd [get_cable_paras:40010] OK
[Debug] [2026-10-1 18:46:02] COMMAND[check version information] execute successfully, takes 0.0 secs.
[Debug] [2026-10-1 18:46:03] Before cable list reserve:1
[Debug] [2026-10-1 18:46:03] After cable list reserve
[Debug] [2026-10-1 18:46:03] COMMAND[get_cable_paras] execute successfully, takes 1.2 secs.
[Debug] [2026-10-1 18:46:04] cfg_connect succeed.
[Debug] [2026-10-1 18:46:05] Send RPC:3
[Debug] [2026-10-1 18:46:05] Send cmd [Open config cable:20001] OK
[Debug] [2026-10-1 18:46:05] begin the exec of open cable cmd...
[Debug] [2026-10-1 18:46:05] Begin to deal with chain from server...
[Debug] [2026-10-1 18:46:05] Begin to set user chain...
[Debug] [2026-10-1 18:46:05] End to set user chain.
[Debug] [2026-10-1 18:46:05] end the exec of open cable cmd.
[Debug] [2026-10-1 18:46:05] COMMAND[Open config cable] execute successfully, takes 0.0 secs.
[Debug] [2026-10-1 18:46:06] cfg_scan_chain succeed.
[Debug] [2026-10-1 18:46:06] begin to check the cfg_assign_file exec condition.
[Debug] [2026-10-1 18:46:06] end to check the cfg_assign_file exec condition.
[Debug] [2026-10-1 18:46:06] begin to get device info from CFG file...
[Debug] [2026-10-1 18:46:06] end to get device info from CFG file...
[Debug] [2026-10-1 18:46:06] cfg_assign_file succeed.
[Debug] [2026-10-1 18:46:07] begin to check the cfg_program exec condition.
[Debug] [2026-10-1 18:46:07] end to check the cfg_program exec condition.
[Debug] [2026-10-1 18:46:07] Send RPC:4
[Debug] [2026-10-1 18:46:07] Begin to send program data.
[Debug] [2026-10-1 18:46:07] End to send program data.
[Debug] [2026-10-1 18:46:07] Send cmd [Program:20002] OK
[Debug] [2026-10-1 18:46:07] The value of Progress is 6
[Debug] [2026-10-1 18:46:07] The value of Progress is 10
[Debug] [2026-10-1 18:46:07] The value of Progress is 15
[Debug] [2026-10-1 18:46:07] The value of Progress is 20
[Debug] [2026-10-1 18:46:07] The value of Progress is 25
[Debug] [2026-10-1 18:46:07] The value of Progress is 30
[Debug] [2026-10-1 18:46:07] The value of Progress is 35
[Debug] [2026-10-1 18:46:07] The value of Progress is 40
[Debug] [2026-10-1 18:46:07] The value of Progress is 45
[Debug] [2026-10-1 18:46:08] The value of Progress is 50
[Debug] [2026-10-1 18:46:08] The value of Progress is 55
[Debug] [2026-10-1 18:46:08] The value of Progress is 60
[Debug] [2026-10-1 18:46:08] The value of Progress is 65
[Debug] [2026-10-1 18:46:08] The value of Progress is 70
[Debug] [2026-10-1 18:46:08] The value of Progress is 75
[Debug] [2026-10-1 18:46:08] The value of Progress is 80
[Debug] [2026-10-1 18:46:08] The value of Progress is 85
[Debug] [2026-10-1 18:46:08] The value of Progress is 90
[Debug] [2026-10-1 18:46:08] The value of Progress is 95
[Debug] [2026-10-1 18:46:08] The value of Progress is 100
[Debug] [2026-10-1 18:46:08] COMMAND[Program] execute successfully, takes 1.8 secs.
[Debug] [2026-10-1 18:46:09] cfg_program succeed.
[Info] [2026-10-1 18:47:01] /***************************Start Configuration***************************/
[Info] [2026-10-1 18:47:01] Path: D:/pango/PDS_2025.2-ads/bin
[Info] [2026-10-1 18:47:01] Version: 211867
[Info] [2026-10-1 18:47:02] Current Path: D:/pango/works/ECSDC_FPGA_2026
[Info] [2026-10-1 18:47:02] PDS Dir Path: 
[Debug] [2026-10-1 18:47:02] begin to check the cfg_connect exec condition.
[Debug] [2026-10-1 18:47:02] end to check the cfg_connect exec condition.
[Debug] [2026-10-1 18:47:02] Client Local host name:hustlyrm
[Debug] [2026-10-1 18:47:02] Client Local Address:10.13.49.44
[Debug] [2026-10-1 18:47:02] Server Address:127.0.0.1, Port:65420
[Info] [2026-10-1 18:47:02] Connect OK, Server: 127.0.0.1  Port: 65420
[Debug] [2026-10-1 18:47:02] Finish.
[Info] [2026-10-1 18:47:02] Connect server succeeded
[Debug] [2026-10-1 18:47:02] Send RPC:1
[Debug] [2026-10-1 18:47:02] Send cmd [check version information:40004] OK
[Debug] [2026-10-1 18:47:02] Send RPC:2
[Debug] [2026-10-1 18:47:02] Send cmd [get_cable_paras:40010] OK
[Debug] [2026-10-1 18:47:02] COMMAND[check version information] execute successfully, takes 0.0 secs.
[Debug] [2026-10-1 18:47:03] Before cable list reserve:1
[Debug] [2026-10-1 18:47:03] After cable list reserve
[Debug] [2026-10-1 18:47:03] COMMAND[get_cable_paras] execute successfully, takes 1.1 secs.
[Debug] [2026-10-1 18:47:04] cfg_connect succeed.
[Debug] [2026-10-1 18:47:05] Send RPC:3
[Debug] [2026-10-1 18:47:05] Send cmd [Open config cable:20001] OK
[Debug] [2026-10-1 18:47:05] begin the exec of open cable cmd...
[Debug] [2026-10-1 18:47:05] Begin to deal with chain from server...
[Debug] [2026-10-1 18:47:05] Begin to set user chain...
[Debug] [2026-10-1 18:47:05] End to set user chain.
[Debug] [2026-10-1 18:47:05] end the exec of open cable cmd.
[Debug] [2026-10-1 18:47:05] COMMAND[Open config cable] execute successfully, takes 0.0 secs.
[Debug] [2026-10-1 18:47:06] cfg_scan_chain succeed.
[Debug] [2026-10-1 18:47:06] begin to check the cfg_assign_file exec condition.
[Debug] [2026-10-1 18:47:06] end to check the cfg_assign_file exec condition.
[Debug] [2026-10-1 18:47:06] begin to get device info from CFG file...
[Debug] [2026-10-1 18:47:06] end to get device info from CFG file...
[Debug] [2026-10-1 18:47:06] cfg_assign_file succeed.
[Debug] [2026-10-1 18:47:07] begin to check the cfg_program exec condition.
[Debug] [2026-10-1 18:47:07] end to check the cfg_program exec condition.
[Debug] [2026-10-1 18:47:07] Send RPC:4
[Debug] [2026-10-1 18:47:07] Begin to send program data.
[Debug] [2026-10-1 18:47:07] End to send program data.
[Debug] [2026-10-1 18:47:07] Send cmd [Program:20002] OK
[Debug] [2026-10-1 18:47:07] The value of Progress is 6
[Debug] [2026-10-1 18:47:07] The value of Progress is 10
[Debug] [2026-10-1 18:47:07] The value of Progress is 15
[Debug] [2026-10-1 18:47:07] The value of Progress is 20
[Debug] [2026-10-1 18:47:07] The value of Progress is 25
[Debug] [2026-10-1 18:47:07] The value of Progress is 30
[Debug] [2026-10-1 18:47:08] The value of Progress is 35
[Debug] [2026-10-1 18:47:08] The value of Progress is 40
[Debug] [2026-10-1 18:47:08] The value of Progress is 45
[Debug] [2026-10-1 18:47:08] The value of Progress is 50
[Debug] [2026-10-1 18:47:08] The value of Progress is 55
[Debug] [2026-10-1 18:47:08] The value of Progress is 60
[Debug] [2026-10-1 18:47:08] The value of Progress is 65
[Debug] [2026-10-1 18:47:08] The value of Progress is 70
[Debug] [2026-10-1 18:47:08] The value of Progress is 75
[Debug] [2026-10-1 18:47:08] The value of Progress is 80
[Debug] [2026-10-1 18:47:08] The value of Progress is 85
[Debug] [2026-10-1 18:47:08] The value of Progress is 90
[Debug] [2026-10-1 18:47:09] The value of Progress is 95
[Debug] [2026-10-1 18:47:09] The value of Progress is 100
[Debug] [2026-10-1 18:47:09] COMMAND[Program] execute successfully, takes 1.8 secs.
[Debug] [2026-10-1 18:47:09] cfg_program succeed.
[Info] [2026-10-1 18:48:11] /***************************Start Configuration***************************/
[Info] [2026-10-1 18:48:11] Path: D:/pango/PDS_2025.2-ads/bin
[Info] [2026-10-1 18:48:11] Version: 211867
[Info] [2026-10-1 18:48:12] Current Path: D:/pango/works/ECSDC_FPGA_2026
[Info] [2026-10-1 18:48:12] PDS Dir Path: 
[Debug] [2026-10-1 18:48:12] begin to check the cfg_connect exec condition.
[Debug] [2026-10-1 18:48:12] end to check the cfg_connect exec condition.
[Debug] [2026-10-1 18:48:12] Client Local host name:hustlyrm
[Debug] [2026-10-1 18:48:12] Client Local Address:10.13.49.44
[Debug] [2026-10-1 18:48:12] Server Address:127.0.0.1, Port:65420
[Info] [2026-10-1 18:48:12] Connect OK, Server: 127.0.0.1  Port: 65420
[Debug] [2026-10-1 18:48:12] Finish.
[Info] [2026-10-1 18:48:12] Connect server succeeded
[Debug] [2026-10-1 18:48:12] Send RPC:1
[Debug] [2026-10-1 18:48:12] Send cmd [check version information:40004] OK
[Debug] [2026-10-1 18:48:12] Send RPC:2
[Debug] [2026-10-1 18:48:12] Send cmd [get_cable_paras:40010] OK
[Debug] [2026-10-1 18:48:12] COMMAND[check version information] execute successfully, takes 0.0 secs.
[Debug] [2026-10-1 18:48:14] Before cable list reserve:1
[Debug] [2026-10-1 18:48:14] After cable list reserve
[Debug] [2026-10-1 18:48:14] COMMAND[get_cable_paras] execute successfully, takes 1.3 secs.
[Debug] [2026-10-1 18:48:14] cfg_connect succeed.
[Debug] [2026-10-1 18:48:15] Send RPC:3
[Debug] [2026-10-1 18:48:15] Send cmd [Open config cable:20001] OK
[Debug] [2026-10-1 18:48:15] begin the exec of open cable cmd...
[Debug] [2026-10-1 18:48:15] Begin to deal with chain from server...
[Debug] [2026-10-1 18:48:15] Begin to set user chain...
[Debug] [2026-10-1 18:48:15] End to set user chain.
[Debug] [2026-10-1 18:48:15] end the exec of open cable cmd.
[Debug] [2026-10-1 18:48:15] COMMAND[Open config cable] execute successfully, takes 0.0 secs.
[Debug] [2026-10-1 18:48:16] cfg_scan_chain succeed.
[Debug] [2026-10-1 18:48:16] begin to check the cfg_assign_file exec condition.
[Debug] [2026-10-1 18:48:17] end to check the cfg_assign_file exec condition.
[Debug] [2026-10-1 18:48:17] begin to get device info from CFG file...
[Debug] [2026-10-1 18:48:17] end to get device info from CFG file...
[Debug] [2026-10-1 18:48:17] cfg_assign_file succeed.
[Debug] [2026-10-1 18:48:17] begin to check the cfg_program exec condition.
[Debug] [2026-10-1 18:48:17] end to check the cfg_program exec condition.
[Debug] [2026-10-1 18:48:17] Send RPC:4
[Debug] [2026-10-1 18:48:17] Begin to send program data.
[Debug] [2026-10-1 18:48:17] End to send program data.
[Debug] [2026-10-1 18:48:17] Send cmd [Program:20002] OK
[Debug] [2026-10-1 18:48:17] The value of Progress is 6
[Debug] [2026-10-1 18:48:17] The value of Progress is 10
[Debug] [2026-10-1 18:48:17] The value of Progress is 15
[Debug] [2026-10-1 18:48:17] The value of Progress is 20
[Debug] [2026-10-1 18:48:17] The value of Progress is 25
[Debug] [2026-10-1 18:48:18] The value of Progress is 30
[Debug] [2026-10-1 18:48:18] The value of Progress is 35
[Debug] [2026-10-1 18:48:18] The value of Progress is 40
[Debug] [2026-10-1 18:48:18] The value of Progress is 45
[Debug] [2026-10-1 18:48:18] The value of Progress is 50
[Debug] [2026-10-1 18:48:18] The value of Progress is 55
[Debug] [2026-10-1 18:48:18] The value of Progress is 60
[Debug] [2026-10-1 18:48:18] The value of Progress is 65
[Debug] [2026-10-1 18:48:18] The value of Progress is 70
[Debug] [2026-10-1 18:48:18] The value of Progress is 75
[Debug] [2026-10-1 18:48:18] The value of Progress is 80
[Debug] [2026-10-1 18:48:19] The value of Progress is 85
[Debug] [2026-10-1 18:48:19] The value of Progress is 90
[Debug] [2026-10-1 18:48:19] The value of Progress is 95
[Debug] [2026-10-1 18:48:19] The value of Progress is 100
[Debug] [2026-10-1 18:48:19] COMMAND[Program] execute successfully, takes 1.8 secs.
[Debug] [2026-10-1 18:48:19] cfg_program succeed.
[Info] [2026-10-1 18:50:38] /***************************Start Configuration***************************/
[Info] [2026-10-1 18:50:38] Path: D:/pango/PDS_2025.2-ads/bin
[Info] [2026-10-1 18:50:38] Version: 211867
[Info] [2026-10-1 18:50:39] Current Path: D:/pango/works/ECSDC_FPGA_2026
[Info] [2026-10-1 18:50:39] PDS Dir Path: 
[Debug] [2026-10-1 18:50:39] begin to get device info from CFG file...
[Debug] [2026-10-1 18:50:39] end to get device info from CFG file...
[Debug] [2026-10-1 18:50:39] begin to get device info from CFG file...
[Debug] [2026-10-1 18:50:39] end to get device info from CFG file...
[Info] [2026-10-1 18:50:39] /***************************End Configration***************************/
[Info] [2026-10-1 18:50:57] /***************************Start Configuration***************************/
[Info] [2026-10-1 18:50:57] Path: D:/pango/PDS_2025.2-ads/bin
[Info] [2026-10-1 18:50:57] Version: 211867
[Info] [2026-10-1 18:50:58] Current Path: D:/pango/works/ECSDC_FPGA_2026
[Info] [2026-10-1 18:50:58] PDS Dir Path: 
[Debug] [2026-10-1 18:50:58] begin to check the cfg_connect exec condition.
[Debug] [2026-10-1 18:50:58] end to check the cfg_connect exec condition.
[Debug] [2026-10-1 18:50:58] Client Local host name:hustlyrm
[Debug] [2026-10-1 18:50:58] Client Local Address:10.13.49.44
[Debug] [2026-10-1 18:50:58] Server Address:127.0.0.1, Port:65420
[Info] [2026-10-1 18:50:58] Connect OK, Server: 127.0.0.1  Port: 65420
[Debug] [2026-10-1 18:50:58] Finish.
[Info] [2026-10-1 18:50:58] Connect server succeeded
[Debug] [2026-10-1 18:50:58] Send RPC:1
[Debug] [2026-10-1 18:50:58] Send cmd [check version information:40004] OK
[Debug] [2026-10-1 18:50:58] Send RPC:2
[Debug] [2026-10-1 18:50:58] Send cmd [get_cable_paras:40010] OK
[Debug] [2026-10-1 18:50:58] COMMAND[check version information] execute successfully, takes 0.0 secs.
[Debug] [2026-10-1 18:51:00] Before cable list reserve:1
[Debug] [2026-10-1 18:51:00] After cable list reserve
[Debug] [2026-10-1 18:51:00] COMMAND[get_cable_paras] execute successfully, takes 1.4 secs.
[Debug] [2026-10-1 18:51:00] cfg_connect succeed.
[Debug] [2026-10-1 18:51:01] Send RPC:3
[Debug] [2026-10-1 18:51:01] Send cmd [Open config cable:20001] OK
[Debug] [2026-10-1 18:51:01] begin the exec of open cable cmd...
[Debug] [2026-10-1 18:51:01] Begin to deal with chain from server...
[Debug] [2026-10-1 18:51:01] Begin to set user chain...
[Debug] [2026-10-1 18:51:01] End to set user chain.
[Debug] [2026-10-1 18:51:01] end the exec of open cable cmd.
[Debug] [2026-10-1 18:51:01] COMMAND[Open config cable] execute successfully, takes 0.2 secs.
[Debug] [2026-10-1 18:51:02] cfg_scan_chain succeed.
[Debug] [2026-10-1 18:51:02] begin to check the cfg_jtag_flash_scan_device exec condition.
[Debug] [2026-10-1 18:51:02] end to check the cfg_jtag_flash_scan_device exec condition.
[Debug] [2026-10-1 18:51:02] Send RPC:4
[Debug] [2026-10-1 18:51:02] Send cmd [Scan Outer SPI Flash:20300] OK
[Debug] [2026-10-1 18:51:02] begin to exec scan jtag flash cmd...
[Debug] [2026-10-1 18:51:02] Begin to initialize JtagFlash for selected FPGA Device...
[Debug] [2026-10-1 18:51:02] end to exec scan jtag flash cmd...
[Debug] [2026-10-1 18:51:02] COMMAND[Scan Outer SPI Flash] execute successfully, takes 0.0 secs.
[Debug] [2026-10-1 18:51:03] cfg_jtag_flash_scan_device succeed.
[Debug] [2026-10-1 18:51:04] begin to check the cfg_jtag_flash_assign_file exec condition.
[Debug] [2026-10-1 18:51:04] end to check the cfg_jtag_flash_assign_file exec condition.
[Debug] [2026-10-1 18:51:04] begin to check SFC File and Flash Device Read Mode.
[Debug] [2026-10-1 18:51:04] end to check SFC File and Flash Device Read Mode.
[Debug] [2026-10-1 18:51:04] cfg_jtag_flash_assign_file succeed.
[Debug] [2026-10-1 18:51:04] begin to check the cfg_jtag_flash_program exec condition.
[Debug] [2026-10-1 18:51:04] end to check the cfg_jtag_flash_program exec condition.
[Debug] [2026-10-1 18:51:04] Send RPC:5
[Debug] [2026-10-1 18:51:04] Begin to send jtag flash program data.
[Debug] [2026-10-1 18:51:04] Begin to send flash program data.
[Debug] [2026-10-1 18:51:04] End to send flash program data.
[Debug] [2026-10-1 18:51:04] End to send embed flash program data.
[Debug] [2026-10-1 18:51:04] Send cmd [Program Outer Flash:20301] OK
[Debug] [2026-10-1 18:51:07] The value of Progress is 1
[Debug] [2026-10-1 18:51:09] The value of Progress is 6
[Debug] [2026-10-1 18:51:10] The value of Progress is 10
[Debug] [2026-10-1 18:51:12] The value of Progress is 15
[Debug] [2026-10-1 18:51:13] The value of Progress is 20
[Debug] [2026-10-1 18:51:15] The value of Progress is 25
[Debug] [2026-10-1 18:51:17] The value of Progress is 30
[Debug] [2026-10-1 18:51:18] The value of Progress is 35
[Debug] [2026-10-1 18:51:20] The value of Progress is 40
[Debug] [2026-10-1 18:51:22] The value of Progress is 45
[Debug] [2026-10-1 18:51:23] The value of Progress is 50
[Debug] [2026-10-1 18:51:25] The value of Progress is 55
[Debug] [2026-10-1 18:51:27] The value of Progress is 60
[Debug] [2026-10-1 18:51:28] The value of Progress is 65
[Debug] [2026-10-1 18:51:30] The value of Progress is 70
[Debug] [2026-10-1 18:51:32] The value of Progress is 75
[Debug] [2026-10-1 18:51:33] The value of Progress is 80
[Debug] [2026-10-1 18:51:35] The value of Progress is 85
[Debug] [2026-10-1 18:51:37] The value of Progress is 90
[Debug] [2026-10-1 18:51:38] The value of Progress is 95
[Debug] [2026-10-1 18:51:40] The value of Progress is 100
[Debug] [2026-10-1 18:51:40] COMMAND[Program Outer Flash] execute finish, takes 35.5 secs.
[Debug] [2026-10-1 18:51:41] cfg_jtag_flash_program succeed.
[Debug] [2026-10-1 18:51:41] begin to check the cfg_jtag_flash_verify exec condition.
[Debug] [2026-10-1 18:51:41] end to check the cfg_jtag_flash_verify exec condition.
[Debug] [2026-10-1 18:51:41] Send RPC:6
[Debug] [2026-10-1 18:51:41] Begin to send embed flash verify data.
[Debug] [2026-10-1 18:51:41] Begin to send flash verify data.
[Debug] [2026-10-1 18:51:41] End to send flash verify data.
[Debug] [2026-10-1 18:51:41] End to send embed flash verify data.
[Debug] [2026-10-1 18:51:41] Send cmd [Verify Outer Flash:20303] OK
[Debug] [2026-10-1 18:51:41] The value of Progress is 1
[Debug] [2026-10-1 18:51:41] The value of Progress is 6
[Debug] [2026-10-1 18:51:42] The value of Progress is 10
[Debug] [2026-10-1 18:51:42] The value of Progress is 15
[Debug] [2026-10-1 18:51:42] The value of Progress is 20
[Debug] [2026-10-1 18:51:42] The value of Progress is 25
[Debug] [2026-10-1 18:51:42] The value of Progress is 30
[Debug] [2026-10-1 18:51:42] The value of Progress is 35
[Debug] [2026-10-1 18:51:42] The value of Progress is 40
[Debug] [2026-10-1 18:51:43] The value of Progress is 45
[Debug] [2026-10-1 18:51:43] The value of Progress is 50
[Debug] [2026-10-1 18:51:43] The value of Progress is 55
[Debug] [2026-10-1 18:51:43] The value of Progress is 60
[Debug] [2026-10-1 18:51:43] The value of Progress is 65
[Debug] [2026-10-1 18:51:43] The value of Progress is 70
[Debug] [2026-10-1 18:51:43] The value of Progress is 75
[Debug] [2026-10-1 18:51:43] The value of Progress is 80
[Debug] [2026-10-1 18:51:44] The value of Progress is 85
[Debug] [2026-10-1 18:51:44] The value of Progress is 90
[Debug] [2026-10-1 18:51:44] The value of Progress is 95
[Debug] [2026-10-1 18:51:44] The value of Progress is 100
[Error] [2026-10-1 18:51:44] fail to exec Verify Outer Flash cmd...
[Error] [2026-10-1 18:51:44] cfg_jtag_flash_verify failed.
[Info] [2026-10-1 18:51:45] /***************************End Configration***************************/
[Info] [2026-10-1 18:53:14] /***************************Start Configuration***************************/
[Info] [2026-10-1 18:53:14] Path: D:/pango/PDS_2025.2-ads/bin
[Info] [2026-10-1 18:53:14] Version: 211867
[Info] [2026-10-1 18:53:15] Current Path: D:/pango/works/ECSDC_FPGA_2026
[Info] [2026-10-1 18:53:15] PDS Dir Path: 
[Debug] [2026-10-1 18:53:15] begin to check the cfg_connect exec condition.
[Debug] [2026-10-1 18:53:15] end to check the cfg_connect exec condition.
[Debug] [2026-10-1 18:53:15] Client Local host name:hustlyrm
[Debug] [2026-10-1 18:53:15] Client Local Address:10.13.49.44
[Debug] [2026-10-1 18:53:15] Server Address:127.0.0.1, Port:65420
[Info] [2026-10-1 18:53:15] Connect OK, Server: 127.0.0.1  Port: 65420
[Debug] [2026-10-1 18:53:15] Finish.
[Info] [2026-10-1 18:53:15] Connect server succeeded
[Debug] [2026-10-1 18:53:15] Send RPC:1
[Debug] [2026-10-1 18:53:15] Send cmd [check version information:40004] OK
[Debug] [2026-10-1 18:53:15] Send RPC:2
[Debug] [2026-10-1 18:53:15] Send cmd [get_cable_paras:40010] OK
[Debug] [2026-10-1 18:53:15] COMMAND[check version information] execute successfully, takes 0.0 secs.
[Debug] [2026-10-1 18:53:17] Before cable list reserve:1
[Debug] [2026-10-1 18:53:17] After cable list reserve
[Debug] [2026-10-1 18:53:17] COMMAND[get_cable_paras] execute successfully, takes 1.4 secs.
[Debug] [2026-10-1 18:53:17] cfg_connect succeed.
[Debug] [2026-10-1 18:53:18] Send RPC:3
[Debug] [2026-10-1 18:53:18] Send cmd [Open config cable:20001] OK
[Debug] [2026-10-1 18:53:18] begin the exec of open cable cmd...
[Debug] [2026-10-1 18:53:18] Begin to deal with chain from server...
[Debug] [2026-10-1 18:53:18] Begin to set user chain...
[Debug] [2026-10-1 18:53:18] End to set user chain.
[Debug] [2026-10-1 18:53:18] end the exec of open cable cmd.
[Debug] [2026-10-1 18:53:18] COMMAND[Open config cable] execute successfully, takes 0.0 secs.
[Debug] [2026-10-1 18:53:19] cfg_scan_chain succeed.
[Debug] [2026-10-1 18:53:20] begin to check the cfg_jtag_flash_scan_device exec condition.
[Debug] [2026-10-1 18:53:20] end to check the cfg_jtag_flash_scan_device exec condition.
[Debug] [2026-10-1 18:53:20] Send RPC:4
[Debug] [2026-10-1 18:53:20] Send cmd [Scan Outer SPI Flash:20300] OK
[Debug] [2026-10-1 18:53:20] begin to exec scan jtag flash cmd...
[Debug] [2026-10-1 18:53:20] Begin to initialize JtagFlash for selected FPGA Device...
[Debug] [2026-10-1 18:53:20] end to exec scan jtag flash cmd...
[Debug] [2026-10-1 18:53:20] COMMAND[Scan Outer SPI Flash] execute successfully, takes 0.0 secs.
[Debug] [2026-10-1 18:53:21] cfg_jtag_flash_scan_device succeed.
[Debug] [2026-10-1 18:53:21] begin to check the cfg_jtag_flash_assign_file exec condition.
[Debug] [2026-10-1 18:53:21] end to check the cfg_jtag_flash_assign_file exec condition.
[Debug] [2026-10-1 18:53:21] begin to check SFC File and Flash Device Read Mode.
[Debug] [2026-10-1 18:53:21] end to check SFC File and Flash Device Read Mode.
[Debug] [2026-10-1 18:53:21] cfg_jtag_flash_assign_file succeed.
[Debug] [2026-10-1 18:53:22] begin to check the cfg_jtag_flash_readback exec condition.
[Debug] [2026-10-1 18:53:22] end to check the cfg_jtag_flash_readback exec condition.
[Debug] [2026-10-1 18:53:22] Send RPC:5
[Debug] [2026-10-1 18:53:22] Begin to send embed flash read back data.
[Debug] [2026-10-1 18:53:22] Begin to send flash read back data.
[Debug] [2026-10-1 18:53:22] End to send flash read back data.
[Debug] [2026-10-1 18:53:22] End to send embed flash read back data.
[Debug] [2026-10-1 18:53:22] Send cmd [Read back Outer Flash:20305] OK
[Debug] [2026-10-1 18:53:22] The value of Progress is 1
[Debug] [2026-10-1 18:53:22] The value of Progress is 6
[Debug] [2026-10-1 18:53:22] The value of Progress is 10
[Debug] [2026-10-1 18:53:22] The value of Progress is 15
[Debug] [2026-10-1 18:53:22] The value of Progress is 20
[Debug] [2026-10-1 18:53:22] The value of Progress is 25
[Debug] [2026-10-1 18:53:22] The value of Progress is 30
[Debug] [2026-10-1 18:53:23] The value of Progress is 35
[Debug] [2026-10-1 18:53:23] The value of Progress is 40
[Debug] [2026-10-1 18:53:23] The value of Progress is 45
[Debug] [2026-10-1 18:53:23] The value of Progress is 50
[Debug] [2026-10-1 18:53:23] The value of Progress is 55
[Debug] [2026-10-1 18:53:23] The value of Progress is 60
[Debug] [2026-10-1 18:53:23] The value of Progress is 65
[Debug] [2026-10-1 18:53:23] The value of Progress is 70
[Debug] [2026-10-1 18:53:24] The value of Progress is 75
[Debug] [2026-10-1 18:53:24] The value of Progress is 80
[Debug] [2026-10-1 18:53:24] The value of Progress is 85
[Debug] [2026-10-1 18:53:24] The value of Progress is 90
[Debug] [2026-10-1 18:53:24] The value of Progress is 95
[Debug] [2026-10-1 18:53:24] The value of Progress is 100
[Debug] [2026-10-1 18:53:24] COMMAND[Read back Outer Flash] execute successfully, takes 2.6 secs.
[Debug] [2026-10-1 18:53:25] cfg_jtag_flash_readback succeed.
[Info] [2026-10-1 18:54:22] /***************************Start Configuration***************************/
[Info] [2026-10-1 18:54:22] Path: D:/pango/PDS_2025.2-ads/bin
[Info] [2026-10-1 18:54:22] Version: 211867
[Info] [2026-10-1 18:54:23] Current Path: D:/pango/works/ECSDC_FPGA_2026
[Info] [2026-10-1 18:54:23] PDS Dir Path: 
[Debug] [2026-10-1 18:54:23] begin to check the cfg_connect exec condition.
[Debug] [2026-10-1 18:54:23] end to check the cfg_connect exec condition.
[Debug] [2026-10-1 18:54:23] Client Local host name:hustlyrm
[Debug] [2026-10-1 18:54:23] Client Local Address:10.13.49.44
[Debug] [2026-10-1 18:54:23] Server Address:127.0.0.1, Port:65420
[Info] [2026-10-1 18:54:23] Connect OK, Server: 127.0.0.1  Port: 65420
[Debug] [2026-10-1 18:54:23] Finish.
[Info] [2026-10-1 18:54:23] Connect server succeeded
[Debug] [2026-10-1 18:54:23] Send RPC:1
[Debug] [2026-10-1 18:54:23] Send cmd [check version information:40004] OK
[Debug] [2026-10-1 18:54:23] Send RPC:2
[Debug] [2026-10-1 18:54:23] Send cmd [get_cable_paras:40010] OK
[Debug] [2026-10-1 18:54:23] COMMAND[check version information] execute successfully, takes 0.0 secs.
[Debug] [2026-10-1 18:54:24] Before cable list reserve:1
[Debug] [2026-10-1 18:54:24] After cable list reserve
[Debug] [2026-10-1 18:54:24] COMMAND[get_cable_paras] execute successfully, takes 1.2 secs.
[Debug] [2026-10-1 18:54:25] cfg_connect succeed.
[Debug] [2026-10-1 18:54:25] Send RPC:3
[Debug] [2026-10-1 18:54:25] Send cmd [Open config cable:20001] OK
[Debug] [2026-10-1 18:54:25] begin the exec of open cable cmd...
[Debug] [2026-10-1 18:54:25] Begin to deal with chain from server...
[Debug] [2026-10-1 18:54:25] Begin to set user chain...
[Debug] [2026-10-1 18:54:25] End to set user chain.
[Debug] [2026-10-1 18:54:25] end the exec of open cable cmd.
[Debug] [2026-10-1 18:54:25] COMMAND[Open config cable] execute successfully, takes 0.1 secs.
[Debug] [2026-10-1 18:54:26] cfg_scan_chain succeed.
[Debug] [2026-10-1 18:54:27] begin to check the cfg_reset_fpga exec condition.
[Debug] [2026-10-1 18:54:27] end to check the cfg_reset_fpga exec condition.
[Debug] [2026-10-1 18:54:27] Send RPC:4
[Debug] [2026-10-1 18:54:27] Send cmd [Reset FPGA:20025] OK
[Debug] [2026-10-1 18:54:27] COMMAND[Reset FPGA] execute successfully, takes 0.1 secs.
[Debug] [2026-10-1 18:54:28] cfg_reset_fpga succeed.
[Info] [2026-10-1 18:55:33] /***************************Start Configuration***************************/
[Info] [2026-10-1 18:55:33] Path: D:/pango/PDS_2025.2-ads/bin
[Info] [2026-10-1 18:55:33] Version: 211867
[Info] [2026-10-1 18:55:34] Current Path: D:/pango/works/ECSDC_FPGA_2026
[Info] [2026-10-1 18:55:34] PDS Dir Path: 
[Info] [2026-10-1 18:55:34] /***************************End Configration***************************/
[Debug] [2026-10-1 20:15:05] Begin to assign configuration file...
[Info] [2026-10-1 20:15:10] set OpenLastPath: D:/pango/works/ECSDC_FPGA_2026/prj_tasks/pnr_1/generate_bitstream/flash_read_top.sfc
[Debug] [2026-10-1 20:15:10] begin to check SFC File and Flash Device Read Mode.
[Debug] [2026-10-1 20:15:10] end to check SFC File and Flash Device Read Mode.
[Debug] [2026-10-1 20:15:10] Begin to update graphic item and tree item ...
[Debug] [2026-10-1 20:15:10] End to update graphic item and tree item ...
[Debug] [2026-10-1 20:15:10] End to assign configuration file...
[Debug] [2026-10-1 20:15:13] begin to send promgram jtag flash cmd.
[Debug] [2026-10-1 20:15:13] begin to send jtag flash erase cmd
[Debug] [2026-10-1 20:15:13] Send RPC:8
[Debug] [2026-10-1 20:15:13] Begin to send embed flash erase data.
[Debug] [2026-10-1 20:15:13] Begin to send flash erase data.
[Debug] [2026-10-1 20:15:13] End to send flash erase data.
[Debug] [2026-10-1 20:15:13] End to send embed flash erase data.
[Debug] [2026-10-1 20:15:13] Send cmd [Erase Outer Flash:20302] OK
[Debug] [2026-10-1 20:15:13] Log::Print : The start address of operating flash is 0x0.
[Debug] [2026-10-1 20:15:13] The value of Progress is 1
[Debug] [2026-10-1 20:15:14] The value of Progress is 6
[Debug] [2026-10-1 20:15:15] The value of Progress is 12
[Debug] [2026-10-1 20:15:15] The value of Progress is 15
[Debug] [2026-10-1 20:15:16] The value of Progress is 21
[Debug] [2026-10-1 20:15:17] The value of Progress is 27
[Debug] [2026-10-1 20:15:17] The value of Progress is 30
[Debug] [2026-10-1 20:15:18] The value of Progress is 36
[Debug] [2026-10-1 20:15:19] The value of Progress is 42
[Debug] [2026-10-1 20:15:19] The value of Progress is 45
[Debug] [2026-10-1 20:15:20] The value of Progress is 51
[Debug] [2026-10-1 20:15:21] The value of Progress is 57
[Debug] [2026-10-1 20:15:21] The value of Progress is 60
[Debug] [2026-10-1 20:15:22] The value of Progress is 66
[Debug] [2026-10-1 20:15:23] The value of Progress is 72
[Debug] [2026-10-1 20:15:23] The value of Progress is 75
[Debug] [2026-10-1 20:15:24] The value of Progress is 81
[Debug] [2026-10-1 20:15:25] The value of Progress is 87
[Debug] [2026-10-1 20:15:25] The value of Progress is 90
[Debug] [2026-10-1 20:15:26] The value of Progress is 96
[Debug] [2026-10-1 20:15:26] The value of Progress is 100
[Error] [2026-10-1 20:15:26] fail to exec Erase Outer Flash cmd...
[Debug] [2026-10-1 20:15:26] end to send jtag flash erase cmd.
[Error] [2026-10-1 20:15:26] Flash Erasing failed before programming.
[Error] [2026-10-1 20:15:26] MsgOut: JtagServer-0311: Init in IR is not high, the following methods may be attempted to isolate the problem:
1.Reset FPGA and re-download bitstream
2.Replace FPGA chip and re-download bitstream
3.Check if encryption is enabled on the chip and verify that encrypted bitstream matches the key loaded in the chip
4.Refresh the status register and check for error flags
[Error] [2026-10-1 20:15:26] MsgOut: Configuration-0008: Failed to execute the command 'Erase Outer Flash'.
[Info] [2026-10-1 20:15:45] /***************************End Configration***************************/
