#Build: Fabric Compiler 2025.2, Build 211867, Jan 16 16:10 2026
#Install: E:\work\pango\PDS_2025.2-ads\bin
#Application name: pds_shell.exe
#OS: Windows 11 10.0.26200
#CPU: Unknown
#RAM(GB): 32
#Hostname: dionirpyC
#Generated by Fabric Compiler (version 2025.2 build 211867) at Sat Sep 19 15:56:59 2026
Executing : open_project E:/code/PangoWork/Works/uart/prj_tasks/pnr_1/device_map/ins_rev/dbcore.pds successfully.
Executing : create_project E:/code/PangoWork/Works/uart/prj_tasks/pnr_1/device_map/ins_rev/dbcore.pds -project_type rtl -force -syn_tool ads -in_process successfully.


Executing : add_design -verilog E:/code/PangoWork/Works/uart/prj_tasks/pnr_1/device_map/ins_rev/cores.v
Executing : add_design -verilog E:/code/PangoWork/Works/uart/prj_tasks/pnr_1/device_map/ins_rev/cores.v successfully.


Executing : add_design -verilog E:/work/pango/PDS_2025.2-ads/arch/vendor/pango/arch/cdt/debug_core_rtls_pdir/ips_dbc_cfg_reg_file_v1_0.vp
Executing : add_design -verilog E:/work/pango/PDS_2025.2-ads/arch/vendor/pango/arch/cdt/debug_core_rtls_pdir/ips_dbc_cfg_reg_file_v1_0.vp successfully.


Executing : add_design -verilog E:/work/pango/PDS_2025.2-ads/arch/vendor/pango/arch/cdt/debug_core_rtls_pdir/ips_dbc_compare_256b_v1_0.vp
Executing : add_design -verilog E:/work/pango/PDS_2025.2-ads/arch/vendor/pango/arch/cdt/debug_core_rtls_pdir/ips_dbc_compare_256b_v1_0.vp successfully.


Executing : add_design -verilog E:/work/pango/PDS_2025.2-ads/arch/vendor/pango/arch/cdt/debug_core_rtls_pdir/ips_dbc_data_capture_mem_v1_1.vp
Executing : add_design -verilog E:/work/pango/PDS_2025.2-ads/arch/vendor/pango/arch/cdt/debug_core_rtls_pdir/ips_dbc_data_capture_mem_v1_1.vp successfully.


Executing : add_design -verilog E:/work/pango/PDS_2025.2-ads/arch/vendor/pango/arch/cdt/debug_core_rtls_pdir/ips_dbc_debug_core_v1_4.vp
Executing : add_design -verilog E:/work/pango/PDS_2025.2-ads/arch/vendor/pango/arch/cdt/debug_core_rtls_pdir/ips_dbc_debug_core_v1_4.vp successfully.


Executing : add_design -verilog E:/work/pango/PDS_2025.2-ads/arch/vendor/pango/arch/cdt/debug_core_rtls_pdir/ips_dbc_hub_decode_v1_2.vp
Executing : add_design -verilog E:/work/pango/PDS_2025.2-ads/arch/vendor/pango/arch/cdt/debug_core_rtls_pdir/ips_dbc_hub_decode_v1_2.vp successfully.


Executing : add_design -verilog E:/work/pango/PDS_2025.2-ads/arch/vendor/pango/arch/cdt/debug_core_rtls_pdir/ips_dbc_rd_addr_gen_v1_3.vp
Executing : add_design -verilog E:/work/pango/PDS_2025.2-ads/arch/vendor/pango/arch/cdt/debug_core_rtls_pdir/ips_dbc_rd_addr_gen_v1_3.vp successfully.


Executing : add_design -verilog E:/work/pango/PDS_2025.2-ads/arch/vendor/pango/arch/cdt/debug_core_rtls_pdir/ips_dbc_storage_condition_v1_3.vp
Executing : add_design -verilog E:/work/pango/PDS_2025.2-ads/arch/vendor/pango/arch/cdt/debug_core_rtls_pdir/ips_dbc_storage_condition_v1_3.vp successfully.


Executing : add_design -verilog E:/work/pango/PDS_2025.2-ads/arch/vendor/pango/arch/cdt/debug_core_rtls_pdir/ips_dbc_storage_qualification_v1_2.vp
Executing : add_design -verilog E:/work/pango/PDS_2025.2-ads/arch/vendor/pango/arch/cdt/debug_core_rtls_pdir/ips_dbc_storage_qualification_v1_2.vp successfully.


Executing : add_design -verilog E:/work/pango/PDS_2025.2-ads/arch/vendor/pango/arch/cdt/debug_core_rtls_pdir/ips_dbc_trig_unit_v1_3.vp
Executing : add_design -verilog E:/work/pango/PDS_2025.2-ads/arch/vendor/pango/arch/cdt/debug_core_rtls_pdir/ips_dbc_trig_unit_v1_3.vp successfully.


Executing : add_design -verilog E:/work/pango/PDS_2025.2-ads/arch/vendor/pango/arch/cdt/debug_core_rtls_pdir/ips_dbc_trigger_condition_v1_3.vp
Executing : add_design -verilog E:/work/pango/PDS_2025.2-ads/arch/vendor/pango/arch/cdt/debug_core_rtls_pdir/ips_dbc_trigger_condition_v1_3.vp successfully.


Executing : add_design -verilog E:/work/pango/PDS_2025.2-ads/arch/vendor/pango/arch/cdt/debug_core_rtls_pdir/ips_dbc_trigger_output_v1_2.vp
Executing : add_design -verilog E:/work/pango/PDS_2025.2-ads/arch/vendor/pango/arch/cdt/debug_core_rtls_pdir/ips_dbc_trigger_output_v1_2.vp successfully.


Executing : add_design -verilog E:/work/pango/PDS_2025.2-ads/arch/vendor/pango/arch/cdt/debug_core_rtls_pdir/ips_jtag_hub_v1_4.vp
Executing : add_design -verilog E:/work/pango/PDS_2025.2-ads/arch/vendor/pango/arch/cdt/debug_core_rtls_pdir/ips_jtag_hub_v1_4.vp successfully.


Executing : add_constraint -fdc E:/code/PangoWork/Works/uart/prj_tasks/pnr_1/device_map/ins_rev/cores.fdc
Executing : add_constraint -fdc E:/code/PangoWork/Works/uart/prj_tasks/pnr_1/device_map/ins_rev/cores.fdc successfully.
Executing : set_arch -family Logos -device PGL50H -package FBG484 -speedgrade -6
Executing : set_arch -family Logos -device PGL50H -package FBG484 -speedgrade -6 successfully.


Executing : compile
 
Command: launch_tasks [get_tasks {syn_1}] -to_action compile
wait_on_tasks [get_tasks {syn_1}] -to_action compile
Process "Compile" started.
Current time: Sat Sep 19 15:56:59 2026
Compiling architecture definition.
Analyzing project file 'E:/code/PangoWork/Works/uart/prj_tasks/pnr_1/device_map/ins_rev/prj_tasks/syn_1/compile/compile.ptemp'.
#Generated by Fabric Compiler (version 2025.2 build 211867) at Sat Sep 19 15:57:00 2026
Parameters for debugging are loaded as follows:
License checkout: fabric_ads from E:/work/pango/PDS_2025.2-ads/new_pds_F4A80DA47D72.lic
Compiling verification operator library.
Compiling vendor parameter file.
Loading technology operator library.
Compiling technology operator library.
Compiling technology operator (valence) library.
I: Enable Verilog2k features and keywords
Start rtl-analyze.
I: Include path: E:/code/PangoWork/Works/uart/prj_tasks/pnr_1/device_map/ins_rev
I: Verilog-0001: Analyzing file E:/code/PangoWork/Works/uart/prj_tasks/pnr_1/device_map/ins_rev/cores.v.
I: Verilog-0002: [E:/code/PangoWork/Works/uart/prj_tasks/pnr_1/device_map/ins_rev/cores.v(line number: 1)] Analyzing module CORES (library work).
I: [E:/code/PangoWork/Works/uart/prj_tasks/pnr_1/device_map/ins_rev/cores.v(line number: 95)] Convert attribute name from syn_noprune to PAP_NOPRUNE
I: [E:/code/PangoWork/Works/uart/prj_tasks/pnr_1/device_map/ins_rev/cores.v(line number: 122)] Convert attribute name from syn_noprune to PAP_NOPRUNE
I: [E:/code/PangoWork/Works/uart/prj_tasks/pnr_1/device_map/ins_rev/cores.v(line number: 144)] Convert attribute name from syn_noprune to PAP_NOPRUNE
Parsing done.
I: Verilog-0001: Analyzing file E:/work/pango/PDS_2025.2-ads/arch/vendor/pango/arch/cdt/debug_core_rtls_pdir/ips_dbc_cfg_reg_file_v1_0.vp.
I: Verilog-0002: [E:/work/pango/PDS_2025.2-ads/arch/vendor/pango/arch/cdt/debug_core_rtls_pdir/ips_dbc_cfg_reg_file_v1_0.vp(line number: 94)] Analyzing module ips_dbc_cfg_reg_file_v1_0 (library work).
Parsing done.
I: Verilog-0001: Analyzing file E:/work/pango/PDS_2025.2-ads/arch/vendor/pango/arch/cdt/debug_core_rtls_pdir/ips_dbc_compare_256b_v1_0.vp.
I: Verilog-0002: [E:/work/pango/PDS_2025.2-ads/arch/vendor/pango/arch/cdt/debug_core_rtls_pdir/ips_dbc_compare_256b_v1_0.vp(line number: 305)] Analyzing module ips_dbc_compare_256b_v1_0 (library work).
I: Verilog-0002: [E:/work/pango/PDS_2025.2-ads/arch/vendor/pango/arch/cdt/debug_core_rtls_pdir/ips_dbc_compare_256b_v1_0.vp(line number: 498)] Analyzing module subtract_16b (library work).
Parsing done.
I: Verilog-0001: Analyzing file E:/work/pango/PDS_2025.2-ads/arch/vendor/pango/arch/cdt/debug_core_rtls_pdir/ips_dbc_data_capture_mem_v1_1.vp.
I: Verilog-0002: [E:/work/pango/PDS_2025.2-ads/arch/vendor/pango/arch/cdt/debug_core_rtls_pdir/ips_dbc_data_capture_mem_v1_1.vp(line number: 93)] Analyzing module ips_dbc_data_capture_mem_v1_1 (library work).
I: [E:/work/pango/PDS_2025.2-ads/arch/vendor/pango/arch/cdt/debug_core_rtls_pdir/ips_dbc_data_capture_mem_v1_1.vp(line number: 112)] Convert attribute name from syn_ramstyle to PAP_RAM_STYLE
I: [E:/work/pango/PDS_2025.2-ads/arch/vendor/pango/arch/cdt/debug_core_rtls_pdir/ips_dbc_data_capture_mem_v1_1.vp(line number: 124)] Convert attribute name from syn_ramstyle to PAP_RAM_STYLE
I: [E:/work/pango/PDS_2025.2-ads/arch/vendor/pango/arch/cdt/debug_core_rtls_pdir/ips_dbc_data_capture_mem_v1_1.vp(line number: 136)] Convert attribute name from syn_ramstyle to PAP_RAM_STYLE
I: [E:/work/pango/PDS_2025.2-ads/arch/vendor/pango/arch/cdt/debug_core_rtls_pdir/ips_dbc_data_capture_mem_v1_1.vp(line number: 148)] Convert attribute name from syn_ramstyle to PAP_RAM_STYLE
Parsing done.
I: Verilog-0001: Analyzing file E:/work/pango/PDS_2025.2-ads/arch/vendor/pango/arch/cdt/debug_core_rtls_pdir/ips_dbc_debug_core_v1_4.vp.
I: Verilog-0002: [E:/work/pango/PDS_2025.2-ads/arch/vendor/pango/arch/cdt/debug_core_rtls_pdir/ips_dbc_debug_core_v1_4.vp(line number: 2826)] Analyzing module ips_dbc_debug_core_v1_4 (library work).
W: Verilog-2057: [E:/work/pango/PDS_2025.2-ads/arch/vendor/pango/arch/cdt/debug_core_rtls_pdir/ips_dbc_debug_core_v1_4.vp(line number: 5073)] conf_rst is declared implicitly.
W: Verilog-2057: [E:/work/pango/PDS_2025.2-ads/arch/vendor/pango/arch/cdt/debug_core_rtls_pdir/ips_dbc_debug_core_v1_4.vp(line number: 5074)] start is declared implicitly.
Parsing done.
I: Verilog-0001: Analyzing file E:/work/pango/PDS_2025.2-ads/arch/vendor/pango/arch/cdt/debug_core_rtls_pdir/ips_dbc_hub_decode_v1_2.vp.
I: Verilog-0002: [E:/work/pango/PDS_2025.2-ads/arch/vendor/pango/arch/cdt/debug_core_rtls_pdir/ips_dbc_hub_decode_v1_2.vp(line number: 275)] Analyzing module ips_dbc_hub_decode_v1_2 (library work).
I: [E:/work/pango/PDS_2025.2-ads/arch/vendor/pango/arch/cdt/debug_core_rtls_pdir/ips_dbc_hub_decode_v1_2.vp(line number: 280)] Convert attribute name from syn_preserve to PAP_PRESERVE
Parsing done.
I: Verilog-0001: Analyzing file E:/work/pango/PDS_2025.2-ads/arch/vendor/pango/arch/cdt/debug_core_rtls_pdir/ips_dbc_rd_addr_gen_v1_3.vp.
I: Verilog-0002: [E:/work/pango/PDS_2025.2-ads/arch/vendor/pango/arch/cdt/debug_core_rtls_pdir/ips_dbc_rd_addr_gen_v1_3.vp(line number: 255)] Analyzing module ips_dbc_rd_addr_gen_v1_3 (library work).
Parsing done.
I: Verilog-0001: Analyzing file E:/work/pango/PDS_2025.2-ads/arch/vendor/pango/arch/cdt/debug_core_rtls_pdir/ips_dbc_storage_condition_v1_3.vp.
I: Verilog-0002: [E:/work/pango/PDS_2025.2-ads/arch/vendor/pango/arch/cdt/debug_core_rtls_pdir/ips_dbc_storage_condition_v1_3.vp(line number: 493)] Analyzing module ips_dbc_storage_condition_v1_3 (library work).
I: [E:/work/pango/PDS_2025.2-ads/arch/vendor/pango/arch/cdt/debug_core_rtls_pdir/ips_dbc_storage_condition_v1_3.vp(line number: 501)] Convert attribute name from syn_preserve to PAP_PRESERVE
Parsing done.
I: Verilog-0001: Analyzing file E:/work/pango/PDS_2025.2-ads/arch/vendor/pango/arch/cdt/debug_core_rtls_pdir/ips_dbc_storage_qualification_v1_2.vp.
I: Verilog-0002: [E:/work/pango/PDS_2025.2-ads/arch/vendor/pango/arch/cdt/debug_core_rtls_pdir/ips_dbc_storage_qualification_v1_2.vp(line number: 181)] Analyzing module ips_dbc_storage_qualification_v1_2 (library work).
Parsing done.
I: Verilog-0001: Analyzing file E:/work/pango/PDS_2025.2-ads/arch/vendor/pango/arch/cdt/debug_core_rtls_pdir/ips_dbc_trig_unit_v1_3.vp.
I: Verilog-0002: [E:/work/pango/PDS_2025.2-ads/arch/vendor/pango/arch/cdt/debug_core_rtls_pdir/ips_dbc_trig_unit_v1_3.vp(line number: 413)] Analyzing module ips_dbc_trig_unit_v1_3 (library work).
I: [E:/work/pango/PDS_2025.2-ads/arch/vendor/pango/arch/cdt/debug_core_rtls_pdir/ips_dbc_trig_unit_v1_3.vp(line number: 823)] Convert attribute name from syn_allow_retiming to PAP_ALLOW_RETIMING
W: Verilog-2018: [E:/work/pango/PDS_2025.2-ads/arch/vendor/pango/arch/cdt/debug_core_rtls_pdir/ips_dbc_trig_unit_v1_3.vp(line number: 823)] The value type of attribute syn_allow_retiming is illegal, ignore the attribute.
Parsing done.
I: Verilog-0001: Analyzing file E:/work/pango/PDS_2025.2-ads/arch/vendor/pango/arch/cdt/debug_core_rtls_pdir/ips_dbc_trigger_condition_v1_3.vp.
I: Verilog-0002: [E:/work/pango/PDS_2025.2-ads/arch/vendor/pango/arch/cdt/debug_core_rtls_pdir/ips_dbc_trigger_condition_v1_3.vp(line number: 282)] Analyzing module ips_dbc_trigger_condition_v1_3 (library work).
Parsing done.
I: Verilog-0001: Analyzing file E:/work/pango/PDS_2025.2-ads/arch/vendor/pango/arch/cdt/debug_core_rtls_pdir/ips_dbc_trigger_output_v1_2.vp.
I: Verilog-0002: [E:/work/pango/PDS_2025.2-ads/arch/vendor/pango/arch/cdt/debug_core_rtls_pdir/ips_dbc_trigger_output_v1_2.vp(line number: 146)] Analyzing module ips_dbc_trigger_output_v1_2 (library work).
Parsing done.
I: Verilog-0001: Analyzing file E:/work/pango/PDS_2025.2-ads/arch/vendor/pango/arch/cdt/debug_core_rtls_pdir/ips_jtag_hub_v1_4.vp.
I: Verilog-0002: [E:/work/pango/PDS_2025.2-ads/arch/vendor/pango/arch/cdt/debug_core_rtls_pdir/ips_jtag_hub_v1_4.vp(line number: 288)] Analyzing module ips_jtag_hub_v1_4 (library work).
Parsing done.
I: Top module is unspecified
I: Module "CORES" is set as top module
Executing : rtl-analyze successfully. Time elapsed: 2.372s wall, 0.203s user + 0.016s system = 0.219s CPU (9.2%). Peak memory used: 184 MB.

Start rtl-elaborate.
I: Verilog-0003: [E:/code/PangoWork/Works/uart/prj_tasks/pnr_1/device_map/ins_rev/cores.v(line number: 1)] Elaborating module CORES.
I: Module instance {CORES} parameter value:
    CTRL_PORT_NUM = 32'sh1 | 1 | 32'sb00000000000000000000000000000001
    UJTAG_SEL = 32'sh0 | 0 | 32'sb00000000000000000000000000000000
    AREA_SPEED = 32'sh0 | 0 | 32'sb00000000000000000000000000000000
    FLA0_MEM_STYLE = 32'sh1 | 1 | 32'sb00000000000000000000000000000001
    FLA0_TRIG_PORT_NUM = 32'sh1 | 1 | 32'sb00000000000000000000000000000001
    FLA0_MAX_SEQ_LEVEL = 32'sh1 | 1 | 32'sb00000000000000000000000000000001
    FLA0_EN_WINDOWS = 32'sh0 | 0 | 32'sb00000000000000000000000000000000
    FLA0_CLK_EDGE = 32'sh1 | 1 | 32'sb00000000000000000000000000000001
    FLA0_DATA_DEPTH = 32'shC | 12 | 32'sb00000000000000000000000000001100
    FLA0_EN_STOR_QUAL = 32'sh0 | 0 | 32'sb00000000000000000000000000000000
    FLA0_DATA_SAME_AS_TRIG = 32'sh1 | 1 | 32'sb00000000000000000000000000000001
    FLA0_DATA_WIDTH = 32'sh0 | 0 | 32'sb00000000000000000000000000000000
    FLA0_TRIG0_PORT_WIDTH = 32'sh9 | 9 | 32'sb00000000000000000000000000001001
    FLA0_TRIG0_MATCH_UNIT = 32'sh1 | 1 | 32'sb00000000000000000000000000000001
    FLA0_TRIG0_CNT_WIDTH = 32'sh0 | 0 | 32'sb00000000000000000000000000000000
    FLA0_TRIG0_MATCH_TYPE = 32'sh1 | 1 | 32'sb00000000000000000000000000000001
    FLA0_TRIG0_EXCLUDE = 32'sh0 | 0 | 32'sb00000000000000000000000000000000
    FLA0_TRIG1_PORT_WIDTH = 32'sh8 | 8 | 32'sb00000000000000000000000000001000
    FLA0_TRIG1_MATCH_UNIT = 32'sh1 | 1 | 32'sb00000000000000000000000000000001
    FLA0_TRIG1_CNT_WIDTH = 32'sh0 | 0 | 32'sb00000000000000000000000000000000
    FLA0_TRIG1_MATCH_TYPE = 32'sh1 | 1 | 32'sb00000000000000000000000000000001
    FLA0_TRIG1_EXCLUDE = 32'sh0 | 0 | 32'sb00000000000000000000000000000000
    FLA0_TRIG2_PORT_WIDTH = 32'sh8 | 8 | 32'sb00000000000000000000000000001000
    FLA0_TRIG2_MATCH_UNIT = 32'sh1 | 1 | 32'sb00000000000000000000000000000001
    FLA0_TRIG2_CNT_WIDTH = 32'sh0 | 0 | 32'sb00000000000000000000000000000000
    FLA0_TRIG2_MATCH_TYPE = 32'sh1 | 1 | 32'sb00000000000000000000000000000001
    FLA0_TRIG2_EXCLUDE = 32'sh0 | 0 | 32'sb00000000000000000000000000000000
    FLA0_TRIG3_PORT_WIDTH = 32'sh8 | 8 | 32'sb00000000000000000000000000001000
    FLA0_TRIG3_MATCH_UNIT = 32'sh1 | 1 | 32'sb00000000000000000000000000000001
    FLA0_TRIG3_CNT_WIDTH = 32'sh0 | 0 | 32'sb00000000000000000000000000000000
    FLA0_TRIG3_MATCH_TYPE = 32'sh1 | 1 | 32'sb00000000000000000000000000000001
    FLA0_TRIG3_EXCLUDE = 32'sh0 | 0 | 32'sb00000000000000000000000000000000
    FLA0_TRIG4_PORT_WIDTH = 32'sh8 | 8 | 32'sb00000000000000000000000000001000
    FLA0_TRIG4_MATCH_UNIT = 32'sh1 | 1 | 32'sb00000000000000000000000000000001
    FLA0_TRIG4_CNT_WIDTH = 32'sh0 | 0 | 32'sb00000000000000000000000000000000
    FLA0_TRIG4_MATCH_TYPE = 32'sh1 | 1 | 32'sb00000000000000000000000000000001
    FLA0_TRIG4_EXCLUDE = 32'sh0 | 0 | 32'sb00000000000000000000000000000000
    FLA0_TRIG5_PORT_WIDTH = 32'sh8 | 8 | 32'sb00000000000000000000000000001000
    FLA0_TRIG5_MATCH_UNIT = 32'sh1 | 1 | 32'sb00000000000000000000000000000001
    FLA0_TRIG5_CNT_WIDTH = 32'sh0 | 0 | 32'sb00000000000000000000000000000000
    FLA0_TRIG5_MATCH_TYPE = 32'sh1 | 1 | 32'sb00000000000000000000000000000001
    FLA0_TRIG5_EXCLUDE = 32'sh0 | 0 | 32'sb00000000000000000000000000000000
    FLA0_TRIG6_PORT_WIDTH = 32'sh8 | 8 | 32'sb00000000000000000000000000001000
    FLA0_TRIG6_MATCH_UNIT = 32'sh1 | 1 | 32'sb00000000000000000000000000000001
    FLA0_TRIG6_CNT_WIDTH = 32'sh0 | 0 | 32'sb00000000000000000000000000000000
    FLA0_TRIG6_MATCH_TYPE = 32'sh1 | 1 | 32'sb00000000000000000000000000000001
    FLA0_TRIG6_EXCLUDE = 32'sh0 | 0 | 32'sb00000000000000000000000000000000
    FLA0_TRIG7_PORT_WIDTH = 32'sh8 | 8 | 32'sb00000000000000000000000000001000
    FLA0_TRIG7_MATCH_UNIT = 32'sh1 | 1 | 32'sb00000000000000000000000000000001
    FLA0_TRIG7_CNT_WIDTH = 32'sh0 | 0 | 32'sb00000000000000000000000000000000
    FLA0_TRIG7_MATCH_TYPE = 32'sh1 | 1 | 32'sb00000000000000000000000000000001
    FLA0_TRIG7_EXCLUDE = 32'sh0 | 0 | 32'sb00000000000000000000000000000000
    FLA0_TRIG8_PORT_WIDTH = 32'sh8 | 8 | 32'sb00000000000000000000000000001000
    FLA0_TRIG8_MATCH_UNIT = 32'sh1 | 1 | 32'sb00000000000000000000000000000001
    FLA0_TRIG8_CNT_WIDTH = 32'sh0 | 0 | 32'sb00000000000000000000000000000000
    FLA0_TRIG8_MATCH_TYPE = 32'sh1 | 1 | 32'sb00000000000000000000000000000001
    FLA0_TRIG8_EXCLUDE = 32'sh0 | 0 | 32'sb00000000000000000000000000000000
    FLA0_TRIG9_PORT_WIDTH = 32'sh8 | 8 | 32'sb00000000000000000000000000001000
    FLA0_TRIG9_MATCH_UNIT = 32'sh1 | 1 | 32'sb00000000000000000000000000000001
    FLA0_TRIG9_CNT_WIDTH = 32'sh0 | 0 | 32'sb00000000000000000000000000000000
    FLA0_TRIG9_MATCH_TYPE = 32'sh1 | 1 | 32'sb00000000000000000000000000000001
    FLA0_TRIG9_EXCLUDE = 32'sh0 | 0 | 32'sb00000000000000000000000000000000
    FLA0_TRIG10_PORT_WIDTH = 32'sh8 | 8 | 32'sb00000000000000000000000000001000
    FLA0_TRIG10_MATCH_UNIT = 32'sh1 | 1 | 32'sb00000000000000000000000000000001
    FLA0_TRIG10_CNT_WIDTH = 32'sh0 | 0 | 32'sb00000000000000000000000000000000
    FLA0_TRIG10_MATCH_TYPE = 32'sh1 | 1 | 32'sb00000000000000000000000000000001
    FLA0_TRIG10_EXCLUDE = 32'sh0 | 0 | 32'sb00000000000000000000000000000000
    FLA0_TRIG11_PORT_WIDTH = 32'sh8 | 8 | 32'sb00000000000000000000000000001000
    FLA0_TRIG11_MATCH_UNIT = 32'sh1 | 1 | 32'sb00000000000000000000000000000001
    FLA0_TRIG11_CNT_WIDTH = 32'sh0 | 0 | 32'sb00000000000000000000000000000000
    FLA0_TRIG11_MATCH_TYPE = 32'sh1 | 1 | 32'sb00000000000000000000000000000001
    FLA0_TRIG11_EXCLUDE = 32'sh0 | 0 | 32'sb00000000000000000000000000000000
    FLA0_TRIG12_PORT_WIDTH = 32'sh8 | 8 | 32'sb00000000000000000000000000001000
    FLA0_TRIG12_MATCH_UNIT = 32'sh1 | 1 | 32'sb00000000000000000000000000000001
    FLA0_TRIG12_CNT_WIDTH = 32'sh0 | 0 | 32'sb00000000000000000000000000000000
    FLA0_TRIG12_MATCH_TYPE = 32'sh1 | 1 | 32'sb00000000000000000000000000000001
    FLA0_TRIG12_EXCLUDE = 32'sh0 | 0 | 32'sb00000000000000000000000000000000
    FLA0_TRIG13_PORT_WIDTH = 32'sh8 | 8 | 32'sb00000000000000000000000000001000
    FLA0_TRIG13_MATCH_UNIT = 32'sh1 | 1 | 32'sb00000000000000000000000000000001
    FLA0_TRIG13_CNT_WIDTH = 32'sh0 | 0 | 32'sb00000000000000000000000000000000
    FLA0_TRIG13_MATCH_TYPE = 32'sh1 | 1 | 32'sb00000000000000000000000000000001
    FLA0_TRIG13_EXCLUDE = 32'sh0 | 0 | 32'sb00000000000000000000000000000000
    FLA0_TRIG14_PORT_WIDTH = 32'sh8 | 8 | 32'sb00000000000000000000000000001000
    FLA0_TRIG14_MATCH_UNIT = 32'sh1 | 1 | 32'sb00000000000000000000000000000001
    FLA0_TRIG14_CNT_WIDTH = 32'sh0 | 0 | 32'sb00000000000000000000000000000000
    FLA0_TRIG14_MATCH_TYPE = 32'sh1 | 1 | 32'sb00000000000000000000000000000001
    FLA0_TRIG14_EXCLUDE = 32'sh0 | 0 | 32'sb00000000000000000000000000000000
    FLA0_TRIG15_PORT_WIDTH = 32'sh8 | 8 | 32'sb00000000000000000000000000001000
    FLA0_TRIG15_MATCH_UNIT = 32'sh1 | 1 | 32'sb00000000000000000000000000000001
    FLA0_TRIG15_CNT_WIDTH = 32'sh0 | 0 | 32'sb00000000000000000000000000000000
    FLA0_TRIG15_MATCH_TYPE = 32'sh1 | 1 | 32'sb00000000000000000000000000000001
    FLA0_TRIG15_EXCLUDE = 32'sh0 | 0 | 32'sb00000000000000000000000000000000
I: Verilog-0004: [E:/code/PangoWork/Works/uart/prj_tasks/pnr_1/device_map/ins_rev/cores.v(line number: 122)] Elaborating instance u_GTP_SCANCHAIN.
I: Verilog-0004: [E:/code/PangoWork/Works/uart/prj_tasks/pnr_1/device_map/ins_rev/cores.v(line number: 144)] Elaborating instance u_jtag_hub.
I: Verilog-0003: [E:/work/pango/PDS_2025.2-ads/arch/vendor/pango/arch/cdt/debug_core_rtls_pdir/ips_jtag_hub_v1_4.vp(line number: 288)] Elaborating module ips_jtag_hub_v1_4.
I: Sdm-0004: [E:/work/pango/PDS_2025.2-ads/arch/vendor/pango/arch/cdt/debug_core_rtls_pdir/ips_jtag_hub_v1_4.vp(line number: 295)] Input port urck_in in module ips_jtag_hub_v1_4 has no load.
I: Sdm-0004: [E:/work/pango/PDS_2025.2-ads/arch/vendor/pango/arch/cdt/debug_core_rtls_pdir/ips_jtag_hub_v1_4.vp(line number: 296)] Input port utdi_in in module ips_jtag_hub_v1_4 has no load.
I: Sdm-0004: [E:/work/pango/PDS_2025.2-ads/arch/vendor/pango/arch/cdt/debug_core_rtls_pdir/ips_jtag_hub_v1_4.vp(line number: 297)] Input port mux_ctrl in module ips_jtag_hub_v1_4 has no load.
I: Sdm-0004: [E:/work/pango/PDS_2025.2-ads/arch/vendor/pango/arch/cdt/debug_core_rtls_pdir/ips_jtag_hub_v1_4.vp(line number: 301)] Input port reset_dr in module ips_jtag_hub_v1_4 has no load.
I: Verilog-0004: [E:/code/PangoWork/Works/uart/prj_tasks/pnr_1/device_map/ins_rev/cores.v(line number: 260)] Elaborating instance u_debug_core_0.
I: Verilog-0003: [E:/work/pango/PDS_2025.2-ads/arch/vendor/pango/arch/cdt/debug_core_rtls_pdir/ips_dbc_debug_core_v1_4.vp(line number: 2826)] Elaborating module ips_dbc_debug_core_v1_4.
I: Verilog-0004: [E:/work/pango/PDS_2025.2-ads/arch/vendor/pango/arch/cdt/debug_core_rtls_pdir/ips_dbc_debug_core_v1_4.vp(line number: 5063)] Elaborating instance u_hub_data_decode.
I: Verilog-0003: [E:/work/pango/PDS_2025.2-ads/arch/vendor/pango/arch/cdt/debug_core_rtls_pdir/ips_dbc_hub_decode_v1_2.vp(line number: 275)] Elaborating module ips_dbc_hub_decode_v1_2.
I: Verilog-0004: [E:/work/pango/PDS_2025.2-ads/arch/vendor/pango/arch/cdt/debug_core_rtls_pdir/ips_dbc_debug_core_v1_4.vp(line number: 5200)] Elaborating instance u0_trig_unit.
I: Verilog-0003: [E:/work/pango/PDS_2025.2-ads/arch/vendor/pango/arch/cdt/debug_core_rtls_pdir/ips_dbc_trig_unit_v1_3.vp(line number: 413)] Elaborating module ips_dbc_trig_unit_v1_3.
W: Verilog-2050: [E:/work/pango/PDS_2025.2-ads/arch/vendor/pango/arch/cdt/debug_core_rtls_pdir/ips_dbc_trig_unit_v1_3.vp(line number: 492)] An input port depth is the target of assignment, please check if this is intentional.
W: Verilog-2050: [E:/work/pango/PDS_2025.2-ads/arch/vendor/pango/arch/cdt/debug_core_rtls_pdir/ips_dbc_trig_unit_v1_3.vp(line number: 492)] An input port depth is the target of assignment, please check if this is intentional.
W: Verilog-2050: [E:/work/pango/PDS_2025.2-ads/arch/vendor/pango/arch/cdt/debug_core_rtls_pdir/ips_dbc_trig_unit_v1_3.vp(line number: 492)] An input port depth is the target of assignment, please check if this is intentional.
W: Verilog-2050: [E:/work/pango/PDS_2025.2-ads/arch/vendor/pango/arch/cdt/debug_core_rtls_pdir/ips_dbc_trig_unit_v1_3.vp(line number: 492)] An input port depth is the target of assignment, please check if this is intentional.
W: Verilog-2050: [E:/work/pango/PDS_2025.2-ads/arch/vendor/pango/arch/cdt/debug_core_rtls_pdir/ips_dbc_trig_unit_v1_3.vp(line number: 492)] An input port depth is the target of assignment, please check if this is intentional.
W: Verilog-2050: [E:/work/pango/PDS_2025.2-ads/arch/vendor/pango/arch/cdt/debug_core_rtls_pdir/ips_dbc_trig_unit_v1_3.vp(line number: 492)] An input port depth is the target of assignment, please check if this is intentional.
W: Verilog-2050: [E:/work/pango/PDS_2025.2-ads/arch/vendor/pango/arch/cdt/debug_core_rtls_pdir/ips_dbc_trig_unit_v1_3.vp(line number: 492)] An input port depth is the target of assignment, please check if this is intentional.
W: Verilog-2050: [E:/work/pango/PDS_2025.2-ads/arch/vendor/pango/arch/cdt/debug_core_rtls_pdir/ips_dbc_trig_unit_v1_3.vp(line number: 492)] An input port depth is the target of assignment, please check if this is intentional.
W: Verilog-2050: [E:/work/pango/PDS_2025.2-ads/arch/vendor/pango/arch/cdt/debug_core_rtls_pdir/ips_dbc_trig_unit_v1_3.vp(line number: 492)] An input port depth is the target of assignment, please check if this is intentional.
W: Verilog-2050: [E:/work/pango/PDS_2025.2-ads/arch/vendor/pango/arch/cdt/debug_core_rtls_pdir/ips_dbc_trig_unit_v1_3.vp(line number: 492)] An input port depth is the target of assignment, please check if this is intentional.
W: Verilog-2050: [E:/work/pango/PDS_2025.2-ads/arch/vendor/pango/arch/cdt/debug_core_rtls_pdir/ips_dbc_trig_unit_v1_3.vp(line number: 492)] An input port depth is the target of assignment, please check if this is intentional.
W: Verilog-2050: [E:/work/pango/PDS_2025.2-ads/arch/vendor/pango/arch/cdt/debug_core_rtls_pdir/ips_dbc_trig_unit_v1_3.vp(line number: 492)] An input port depth is the target of assignment, please check if this is intentional.
W: Verilog-2050: [E:/work/pango/PDS_2025.2-ads/arch/vendor/pango/arch/cdt/debug_core_rtls_pdir/ips_dbc_trig_unit_v1_3.vp(line number: 492)] An input port depth is the target of assignment, please check if this is intentional.
W: Verilog-2050: [E:/work/pango/PDS_2025.2-ads/arch/vendor/pango/arch/cdt/debug_core_rtls_pdir/ips_dbc_trig_unit_v1_3.vp(line number: 492)] An input port depth is the target of assignment, please check if this is intentional.
W: Verilog-2050: [E:/work/pango/PDS_2025.2-ads/arch/vendor/pango/arch/cdt/debug_core_rtls_pdir/ips_dbc_trig_unit_v1_3.vp(line number: 492)] An input port depth is the target of assignment, please check if this is intentional.
W: Verilog-2050: [E:/work/pango/PDS_2025.2-ads/arch/vendor/pango/arch/cdt/debug_core_rtls_pdir/ips_dbc_trig_unit_v1_3.vp(line number: 492)] An input port depth is the target of assignment, please check if this is intentional.
W: Verilog-2050: [E:/work/pango/PDS_2025.2-ads/arch/vendor/pango/arch/cdt/debug_core_rtls_pdir/ips_dbc_trig_unit_v1_3.vp(line number: 492)] An input port depth is the target of assignment, please check if this is intentional.
W: Verilog-2050: [E:/work/pango/PDS_2025.2-ads/arch/vendor/pango/arch/cdt/debug_core_rtls_pdir/ips_dbc_trig_unit_v1_3.vp(line number: 492)] An input port depth is the target of assignment, please check if this is intentional.
W: Verilog-2050: [E:/work/pango/PDS_2025.2-ads/arch/vendor/pango/arch/cdt/debug_core_rtls_pdir/ips_dbc_trig_unit_v1_3.vp(line number: 492)] An input port depth is the target of assignment, please check if this is intentional.
W: Verilog-2050: [E:/work/pango/PDS_2025.2-ads/arch/vendor/pango/arch/cdt/debug_core_rtls_pdir/ips_dbc_trig_unit_v1_3.vp(line number: 492)] An input port depth is the target of assignment, please check if this is intentional.
I: Verilog-0004: [E:/work/pango/PDS_2025.2-ads/arch/vendor/pango/arch/cdt/debug_core_rtls_pdir/ips_dbc_trig_unit_v1_3.vp(line number: 535)] Elaborating instance u_cfg_reg_file.
I: Verilog-0003: [E:/work/pango/PDS_2025.2-ads/arch/vendor/pango/arch/cdt/debug_core_rtls_pdir/ips_dbc_cfg_reg_file_v1_0.vp(line number: 94)] Elaborating module ips_dbc_cfg_reg_file_v1_0.
W: Verilog-2050: [E:/work/pango/PDS_2025.2-ads/arch/vendor/pango/arch/cdt/debug_core_rtls_pdir/ips_dbc_cfg_reg_file_v1_0.vp(line number: 114)] An input port depth is the target of assignment, please check if this is intentional.
W: Verilog-2050: [E:/work/pango/PDS_2025.2-ads/arch/vendor/pango/arch/cdt/debug_core_rtls_pdir/ips_dbc_cfg_reg_file_v1_0.vp(line number: 114)] An input port depth is the target of assignment, please check if this is intentional.
W: Verilog-2050: [E:/work/pango/PDS_2025.2-ads/arch/vendor/pango/arch/cdt/debug_core_rtls_pdir/ips_dbc_cfg_reg_file_v1_0.vp(line number: 114)] An input port depth is the target of assignment, please check if this is intentional.
W: Verilog-2050: [E:/work/pango/PDS_2025.2-ads/arch/vendor/pango/arch/cdt/debug_core_rtls_pdir/ips_dbc_cfg_reg_file_v1_0.vp(line number: 114)] An input port depth is the target of assignment, please check if this is intentional.
W: Verilog-2050: [E:/work/pango/PDS_2025.2-ads/arch/vendor/pango/arch/cdt/debug_core_rtls_pdir/ips_dbc_cfg_reg_file_v1_0.vp(line number: 114)] An input port depth is the target of assignment, please check if this is intentional.
W: Verilog-2050: [E:/work/pango/PDS_2025.2-ads/arch/vendor/pango/arch/cdt/debug_core_rtls_pdir/ips_dbc_cfg_reg_file_v1_0.vp(line number: 114)] An input port depth is the target of assignment, please check if this is intentional.
W: Verilog-2050: [E:/work/pango/PDS_2025.2-ads/arch/vendor/pango/arch/cdt/debug_core_rtls_pdir/ips_dbc_cfg_reg_file_v1_0.vp(line number: 114)] An input port depth is the target of assignment, please check if this is intentional.
W: Verilog-2050: [E:/work/pango/PDS_2025.2-ads/arch/vendor/pango/arch/cdt/debug_core_rtls_pdir/ips_dbc_cfg_reg_file_v1_0.vp(line number: 114)] An input port depth is the target of assignment, please check if this is intentional.
W: Verilog-2050: [E:/work/pango/PDS_2025.2-ads/arch/vendor/pango/arch/cdt/debug_core_rtls_pdir/ips_dbc_cfg_reg_file_v1_0.vp(line number: 114)] An input port depth is the target of assignment, please check if this is intentional.
W: Verilog-2050: [E:/work/pango/PDS_2025.2-ads/arch/vendor/pango/arch/cdt/debug_core_rtls_pdir/ips_dbc_cfg_reg_file_v1_0.vp(line number: 114)] An input port depth is the target of assignment, please check if this is intentional.
W: Verilog-2050: [E:/work/pango/PDS_2025.2-ads/arch/vendor/pango/arch/cdt/debug_core_rtls_pdir/ips_dbc_cfg_reg_file_v1_0.vp(line number: 114)] An input port depth is the target of assignment, please check if this is intentional.
W: Verilog-2050: [E:/work/pango/PDS_2025.2-ads/arch/vendor/pango/arch/cdt/debug_core_rtls_pdir/ips_dbc_cfg_reg_file_v1_0.vp(line number: 114)] An input port depth is the target of assignment, please check if this is intentional.
W: Verilog-2050: [E:/work/pango/PDS_2025.2-ads/arch/vendor/pango/arch/cdt/debug_core_rtls_pdir/ips_dbc_cfg_reg_file_v1_0.vp(line number: 114)] An input port depth is the target of assignment, please check if this is intentional.
W: Verilog-2050: [E:/work/pango/PDS_2025.2-ads/arch/vendor/pango/arch/cdt/debug_core_rtls_pdir/ips_dbc_cfg_reg_file_v1_0.vp(line number: 114)] An input port depth is the target of assignment, please check if this is intentional.
W: Verilog-2050: [E:/work/pango/PDS_2025.2-ads/arch/vendor/pango/arch/cdt/debug_core_rtls_pdir/ips_dbc_cfg_reg_file_v1_0.vp(line number: 114)] An input port depth is the target of assignment, please check if this is intentional.
W: Verilog-2050: [E:/work/pango/PDS_2025.2-ads/arch/vendor/pango/arch/cdt/debug_core_rtls_pdir/ips_dbc_cfg_reg_file_v1_0.vp(line number: 114)] An input port depth is the target of assignment, please check if this is intentional.
W: Verilog-2050: [E:/work/pango/PDS_2025.2-ads/arch/vendor/pango/arch/cdt/debug_core_rtls_pdir/ips_dbc_cfg_reg_file_v1_0.vp(line number: 114)] An input port depth is the target of assignment, please check if this is intentional.
W: Verilog-2050: [E:/work/pango/PDS_2025.2-ads/arch/vendor/pango/arch/cdt/debug_core_rtls_pdir/ips_dbc_cfg_reg_file_v1_0.vp(line number: 114)] An input port depth is the target of assignment, please check if this is intentional.
W: Verilog-2050: [E:/work/pango/PDS_2025.2-ads/arch/vendor/pango/arch/cdt/debug_core_rtls_pdir/ips_dbc_cfg_reg_file_v1_0.vp(line number: 114)] An input port depth is the target of assignment, please check if this is intentional.
W: Verilog-2050: [E:/work/pango/PDS_2025.2-ads/arch/vendor/pango/arch/cdt/debug_core_rtls_pdir/ips_dbc_cfg_reg_file_v1_0.vp(line number: 114)] An input port depth is the target of assignment, please check if this is intentional.
W: Verilog-2050: [E:/work/pango/PDS_2025.2-ads/arch/vendor/pango/arch/cdt/debug_core_rtls_pdir/ips_dbc_cfg_reg_file_v1_0.vp(line number: 114)] An input port depth is the target of assignment, please check if this is intentional.
W: Verilog-2050: [E:/work/pango/PDS_2025.2-ads/arch/vendor/pango/arch/cdt/debug_core_rtls_pdir/ips_dbc_cfg_reg_file_v1_0.vp(line number: 114)] An input port depth is the target of assignment, please check if this is intentional.
W: Verilog-2050: [E:/work/pango/PDS_2025.2-ads/arch/vendor/pango/arch/cdt/debug_core_rtls_pdir/ips_dbc_cfg_reg_file_v1_0.vp(line number: 114)] An input port depth is the target of assignment, please check if this is intentional.
W: Verilog-2050: [E:/work/pango/PDS_2025.2-ads/arch/vendor/pango/arch/cdt/debug_core_rtls_pdir/ips_dbc_cfg_reg_file_v1_0.vp(line number: 114)] An input port depth is the target of assignment, please check if this is intentional.
W: Verilog-2050: [E:/work/pango/PDS_2025.2-ads/arch/vendor/pango/arch/cdt/debug_core_rtls_pdir/ips_dbc_cfg_reg_file_v1_0.vp(line number: 114)] An input port depth is the target of assignment, please check if this is intentional.
W: Verilog-2050: [E:/work/pango/PDS_2025.2-ads/arch/vendor/pango/arch/cdt/debug_core_rtls_pdir/ips_dbc_cfg_reg_file_v1_0.vp(line number: 114)] An input port depth is the target of assignment, please check if this is intentional.
W: Verilog-2050: [E:/work/pango/PDS_2025.2-ads/arch/vendor/pango/arch/cdt/debug_core_rtls_pdir/ips_dbc_cfg_reg_file_v1_0.vp(line number: 114)] An input port depth is the target of assignment, please check if this is intentional.
W: Verilog-2050: [E:/work/pango/PDS_2025.2-ads/arch/vendor/pango/arch/cdt/debug_core_rtls_pdir/ips_dbc_cfg_reg_file_v1_0.vp(line number: 114)] An input port depth is the target of assignment, please check if this is intentional.
W: Verilog-2050: [E:/work/pango/PDS_2025.2-ads/arch/vendor/pango/arch/cdt/debug_core_rtls_pdir/ips_dbc_cfg_reg_file_v1_0.vp(line number: 114)] An input port depth is the target of assignment, please check if this is intentional.
W: Verilog-2050: [E:/work/pango/PDS_2025.2-ads/arch/vendor/pango/arch/cdt/debug_core_rtls_pdir/ips_dbc_cfg_reg_file_v1_0.vp(line number: 114)] An input port depth is the target of assignment, please check if this is intentional.
W: Verilog-2050: [E:/work/pango/PDS_2025.2-ads/arch/vendor/pango/arch/cdt/debug_core_rtls_pdir/ips_dbc_cfg_reg_file_v1_0.vp(line number: 114)] An input port depth is the target of assignment, please check if this is intentional.
W: Verilog-2050: [E:/work/pango/PDS_2025.2-ads/arch/vendor/pango/arch/cdt/debug_core_rtls_pdir/ips_dbc_cfg_reg_file_v1_0.vp(line number: 114)] An input port depth is the target of assignment, please check if this is intentional.
W: Verilog-2050: [E:/work/pango/PDS_2025.2-ads/arch/vendor/pango/arch/cdt/debug_core_rtls_pdir/ips_dbc_cfg_reg_file_v1_0.vp(line number: 114)] An input port depth is the target of assignment, please check if this is intentional.
W: Verilog-2050: [E:/work/pango/PDS_2025.2-ads/arch/vendor/pango/arch/cdt/debug_core_rtls_pdir/ips_dbc_cfg_reg_file_v1_0.vp(line number: 114)] An input port depth is the target of assignment, please check if this is intentional.
W: Verilog-2050: [E:/work/pango/PDS_2025.2-ads/arch/vendor/pango/arch/cdt/debug_core_rtls_pdir/ips_dbc_cfg_reg_file_v1_0.vp(line number: 114)] An input port depth is the target of assignment, please check if this is intentional.
W: Verilog-2050: [E:/work/pango/PDS_2025.2-ads/arch/vendor/pango/arch/cdt/debug_core_rtls_pdir/ips_dbc_cfg_reg_file_v1_0.vp(line number: 114)] An input port depth is the target of assignment, please check if this is intentional.
W: Verilog-2050: [E:/work/pango/PDS_2025.2-ads/arch/vendor/pango/arch/cdt/debug_core_rtls_pdir/ips_dbc_cfg_reg_file_v1_0.vp(line number: 114)] An input port depth is the target of assignment, please check if this is intentional.
W: Verilog-2050: [E:/work/pango/PDS_2025.2-ads/arch/vendor/pango/arch/cdt/debug_core_rtls_pdir/ips_dbc_cfg_reg_file_v1_0.vp(line number: 114)] An input port depth is the target of assignment, please check if this is intentional.
W: Verilog-2050: [E:/work/pango/PDS_2025.2-ads/arch/vendor/pango/arch/cdt/debug_core_rtls_pdir/ips_dbc_cfg_reg_file_v1_0.vp(line number: 114)] An input port depth is the target of assignment, please check if this is intentional.
W: Verilog-2050: [E:/work/pango/PDS_2025.2-ads/arch/vendor/pango/arch/cdt/debug_core_rtls_pdir/ips_dbc_cfg_reg_file_v1_0.vp(line number: 114)] An input port depth is the target of assignment, please check if this is intentional.
W: Verilog-2050: [E:/work/pango/PDS_2025.2-ads/arch/vendor/pango/arch/cdt/debug_core_rtls_pdir/ips_dbc_cfg_reg_file_v1_0.vp(line number: 114)] An input port depth is the target of assignment, please check if this is intentional.
W: Verilog-2050: [E:/work/pango/PDS_2025.2-ads/arch/vendor/pango/arch/cdt/debug_core_rtls_pdir/ips_dbc_cfg_reg_file_v1_0.vp(line number: 114)] An input port depth is the target of assignment, please check if this is intentional.
W: Verilog-2050: [E:/work/pango/PDS_2025.2-ads/arch/vendor/pango/arch/cdt/debug_core_rtls_pdir/ips_dbc_cfg_reg_file_v1_0.vp(line number: 114)] An input port depth is the target of assignment, please check if this is intentional.
W: Verilog-2050: [E:/work/pango/PDS_2025.2-ads/arch/vendor/pango/arch/cdt/debug_core_rtls_pdir/ips_dbc_cfg_reg_file_v1_0.vp(line number: 114)] An input port depth is the target of assignment, please check if this is intentional.
W: Verilog-2050: [E:/work/pango/PDS_2025.2-ads/arch/vendor/pango/arch/cdt/debug_core_rtls_pdir/ips_dbc_cfg_reg_file_v1_0.vp(line number: 114)] An input port depth is the target of assignment, please check if this is intentional.
W: Verilog-2050: [E:/work/pango/PDS_2025.2-ads/arch/vendor/pango/arch/cdt/debug_core_rtls_pdir/ips_dbc_cfg_reg_file_v1_0.vp(line number: 114)] An input port depth is the target of assignment, please check if this is intentional.
W: Verilog-2050: [E:/work/pango/PDS_2025.2-ads/arch/vendor/pango/arch/cdt/debug_core_rtls_pdir/ips_dbc_cfg_reg_file_v1_0.vp(line number: 114)] An input port depth is the target of assignment, please check if this is intentional.
W: Verilog-2050: [E:/work/pango/PDS_2025.2-ads/arch/vendor/pango/arch/cdt/debug_core_rtls_pdir/ips_dbc_cfg_reg_file_v1_0.vp(line number: 114)] An input port depth is the target of assignment, please check if this is intentional.
W: Verilog-2050: [E:/work/pango/PDS_2025.2-ads/arch/vendor/pango/arch/cdt/debug_core_rtls_pdir/ips_dbc_cfg_reg_file_v1_0.vp(line number: 114)] An input port depth is the target of assignment, please check if this is intentional.
W: Verilog-2050: [E:/work/pango/PDS_2025.2-ads/arch/vendor/pango/arch/cdt/debug_core_rtls_pdir/ips_dbc_cfg_reg_file_v1_0.vp(line number: 114)] An input port depth is the target of assignment, please check if this is intentional.
W: Verilog-2050: [E:/work/pango/PDS_2025.2-ads/arch/vendor/pango/arch/cdt/debug_core_rtls_pdir/ips_dbc_cfg_reg_file_v1_0.vp(line number: 114)] An input port depth is the target of assignment, please check if this is intentional.
W: Verilog-2050: [E:/work/pango/PDS_2025.2-ads/arch/vendor/pango/arch/cdt/debug_core_rtls_pdir/ips_dbc_cfg_reg_file_v1_0.vp(line number: 114)] An input port depth is the target of assignment, please check if this is intentional.
W: Verilog-2050: [E:/work/pango/PDS_2025.2-ads/arch/vendor/pango/arch/cdt/debug_core_rtls_pdir/ips_dbc_cfg_reg_file_v1_0.vp(line number: 114)] An input port depth is the target of assignment, please check if this is intentional.
W: Verilog-2050: [E:/work/pango/PDS_2025.2-ads/arch/vendor/pango/arch/cdt/debug_core_rtls_pdir/ips_dbc_cfg_reg_file_v1_0.vp(line number: 114)] An input port depth is the target of assignment, please check if this is intentional.
W: Verilog-2050: [E:/work/pango/PDS_2025.2-ads/arch/vendor/pango/arch/cdt/debug_core_rtls_pdir/ips_dbc_cfg_reg_file_v1_0.vp(line number: 114)] An input port depth is the target of assignment, please check if this is intentional.
W: Verilog-2050: [E:/work/pango/PDS_2025.2-ads/arch/vendor/pango/arch/cdt/debug_core_rtls_pdir/ips_dbc_cfg_reg_file_v1_0.vp(line number: 114)] An input port depth is the target of assignment, please check if this is intentional.
W: Verilog-2050: [E:/work/pango/PDS_2025.2-ads/arch/vendor/pango/arch/cdt/debug_core_rtls_pdir/ips_dbc_cfg_reg_file_v1_0.vp(line number: 114)] An input port depth is the target of assignment, please check if this is intentional.
W: Verilog-2050: [E:/work/pango/PDS_2025.2-ads/arch/vendor/pango/arch/cdt/debug_core_rtls_pdir/ips_dbc_cfg_reg_file_v1_0.vp(line number: 114)] An input port depth is the target of assignment, please check if this is intentional.
W: Verilog-2050: [E:/work/pango/PDS_2025.2-ads/arch/vendor/pango/arch/cdt/debug_core_rtls_pdir/ips_dbc_cfg_reg_file_v1_0.vp(line number: 114)] An input port depth is the target of assignment, please check if this is intentional.
W: Verilog-2050: [E:/work/pango/PDS_2025.2-ads/arch/vendor/pango/arch/cdt/debug_core_rtls_pdir/ips_dbc_cfg_reg_file_v1_0.vp(line number: 114)] An input port depth is the target of assignment, please check if this is intentional.
W: Verilog-2050: [E:/work/pango/PDS_2025.2-ads/arch/vendor/pango/arch/cdt/debug_core_rtls_pdir/ips_dbc_cfg_reg_file_v1_0.vp(line number: 114)] An input port depth is the target of assignment, please check if this is intentional.
W: Verilog-2050: [E:/work/pango/PDS_2025.2-ads/arch/vendor/pango/arch/cdt/debug_core_rtls_pdir/ips_dbc_cfg_reg_file_v1_0.vp(line number: 114)] An input port depth is the target of assignment, please check if this is intentional.
W: Verilog-2050: [E:/work/pango/PDS_2025.2-ads/arch/vendor/pango/arch/cdt/debug_core_rtls_pdir/ips_dbc_cfg_reg_file_v1_0.vp(line number: 114)] An input port depth is the target of assignment, please check if this is intentional.
W: Verilog-2050: [E:/work/pango/PDS_2025.2-ads/arch/vendor/pango/arch/cdt/debug_core_rtls_pdir/ips_dbc_cfg_reg_file_v1_0.vp(line number: 114)] An input port depth is the target of assignment, please check if this is intentional.
W: Verilog-2050: [E:/work/pango/PDS_2025.2-ads/arch/vendor/pango/arch/cdt/debug_core_rtls_pdir/ips_dbc_cfg_reg_file_v1_0.vp(line number: 114)] An input port depth is the target of assignment, please check if this is intentional.
W: Verilog-2050: [E:/work/pango/PDS_2025.2-ads/arch/vendor/pango/arch/cdt/debug_core_rtls_pdir/ips_dbc_cfg_reg_file_v1_0.vp(line number: 114)] An input port depth is the target of assignment, please check if this is intentional.
W: Verilog-2050: [E:/work/pango/PDS_2025.2-ads/arch/vendor/pango/arch/cdt/debug_core_rtls_pdir/ips_dbc_cfg_reg_file_v1_0.vp(line number: 114)] An input port depth is the target of assignment, please check if this is intentional.
W: Verilog-2050: [E:/work/pango/PDS_2025.2-ads/arch/vendor/pango/arch/cdt/debug_core_rtls_pdir/ips_dbc_cfg_reg_file_v1_0.vp(line number: 114)] An input port depth is the target of assignment, please check if this is intentional.
W: Verilog-2050: [E:/work/pango/PDS_2025.2-ads/arch/vendor/pango/arch/cdt/debug_core_rtls_pdir/ips_dbc_cfg_reg_file_v1_0.vp(line number: 114)] An input port depth is the target of assignment, please check if this is intentional.
W: Verilog-2050: [E:/work/pango/PDS_2025.2-ads/arch/vendor/pango/arch/cdt/debug_core_rtls_pdir/ips_dbc_cfg_reg_file_v1_0.vp(line number: 114)] An input port depth is the target of assignment, please check if this is intentional.
W: Verilog-2050: [E:/work/pango/PDS_2025.2-ads/arch/vendor/pango/arch/cdt/debug_core_rtls_pdir/ips_dbc_cfg_reg_file_v1_0.vp(line number: 114)] An input port depth is the target of assignment, please check if this is intentional.
W: Verilog-2050: [E:/work/pango/PDS_2025.2-ads/arch/vendor/pango/arch/cdt/debug_core_rtls_pdir/ips_dbc_cfg_reg_file_v1_0.vp(line number: 114)] An input port depth is the target of assignment, please check if this is intentional.
W: Verilog-2050: [E:/work/pango/PDS_2025.2-ads/arch/vendor/pango/arch/cdt/debug_core_rtls_pdir/ips_dbc_cfg_reg_file_v1_0.vp(line number: 114)] An input port depth is the target of assignment, please check if this is intentional.
W: Verilog-2050: [E:/work/pango/PDS_2025.2-ads/arch/vendor/pango/arch/cdt/debug_core_rtls_pdir/ips_dbc_cfg_reg_file_v1_0.vp(line number: 114)] An input port depth is the target of assignment, please check if this is intentional.
W: Verilog-2050: [E:/work/pango/PDS_2025.2-ads/arch/vendor/pango/arch/cdt/debug_core_rtls_pdir/ips_dbc_cfg_reg_file_v1_0.vp(line number: 114)] An input port depth is the target of assignment, please check if this is intentional.
W: Verilog-2050: [E:/work/pango/PDS_2025.2-ads/arch/vendor/pango/arch/cdt/debug_core_rtls_pdir/ips_dbc_cfg_reg_file_v1_0.vp(line number: 114)] An input port depth is the target of assignment, please check if this is intentional.
W: Verilog-2050: [E:/work/pango/PDS_2025.2-ads/arch/vendor/pango/arch/cdt/debug_core_rtls_pdir/ips_dbc_cfg_reg_file_v1_0.vp(line number: 114)] An input port depth is the target of assignment, please check if this is intentional.
W: Verilog-2050: [E:/work/pango/PDS_2025.2-ads/arch/vendor/pango/arch/cdt/debug_core_rtls_pdir/ips_dbc_cfg_reg_file_v1_0.vp(line number: 114)] An input port depth is the target of assignment, please check if this is intentional.
W: Verilog-2050: [E:/work/pango/PDS_2025.2-ads/arch/vendor/pango/arch/cdt/debug_core_rtls_pdir/ips_dbc_cfg_reg_file_v1_0.vp(line number: 114)] An input port depth is the target of assignment, please check if this is intentional.
W: Verilog-2050: [E:/work/pango/PDS_2025.2-ads/arch/vendor/pango/arch/cdt/debug_core_rtls_pdir/ips_dbc_cfg_reg_file_v1_0.vp(line number: 114)] An input port depth is the target of assignment, please check if this is intentional.
W: Verilog-2050: [E:/work/pango/PDS_2025.2-ads/arch/vendor/pango/arch/cdt/debug_core_rtls_pdir/ips_dbc_cfg_reg_file_v1_0.vp(line number: 114)] An input port depth is the target of assignment, please check if this is intentional.
W: Verilog-2050: [E:/work/pango/PDS_2025.2-ads/arch/vendor/pango/arch/cdt/debug_core_rtls_pdir/ips_dbc_cfg_reg_file_v1_0.vp(line number: 114)] An input port depth is the target of assignment, please check if this is intentional.
W: Verilog-2050: [E:/work/pango/PDS_2025.2-ads/arch/vendor/pango/arch/cdt/debug_core_rtls_pdir/ips_dbc_cfg_reg_file_v1_0.vp(line number: 114)] An input port depth is the target of assignment, please check if this is intentional.
W: Verilog-2050: [E:/work/pango/PDS_2025.2-ads/arch/vendor/pango/arch/cdt/debug_core_rtls_pdir/ips_dbc_cfg_reg_file_v1_0.vp(line number: 114)] An input port depth is the target of assignment, please check if this is intentional.
W: Verilog-2050: [E:/work/pango/PDS_2025.2-ads/arch/vendor/pango/arch/cdt/debug_core_rtls_pdir/ips_dbc_cfg_reg_file_v1_0.vp(line number: 114)] An input port depth is the target of assignment, please check if this is intentional.
W: Verilog-2050: [E:/work/pango/PDS_2025.2-ads/arch/vendor/pango/arch/cdt/debug_core_rtls_pdir/ips_dbc_cfg_reg_file_v1_0.vp(line number: 114)] An input port depth is the target of assignment, please check if this is intentional.
W: Verilog-2050: [E:/work/pango/PDS_2025.2-ads/arch/vendor/pango/arch/cdt/debug_core_rtls_pdir/ips_dbc_cfg_reg_file_v1_0.vp(line number: 114)] An input port depth is the target of assignment, please check if this is intentional.
W: Verilog-2050: [E:/work/pango/PDS_2025.2-ads/arch/vendor/pango/arch/cdt/debug_core_rtls_pdir/ips_dbc_cfg_reg_file_v1_0.vp(line number: 114)] An input port depth is the target of assignment, please check if this is intentional.
W: Verilog-2050: [E:/work/pango/PDS_2025.2-ads/arch/vendor/pango/arch/cdt/debug_core_rtls_pdir/ips_dbc_cfg_reg_file_v1_0.vp(line number: 114)] An input port depth is the target of assignment, please check if this is intentional.
W: Verilog-2050: [E:/work/pango/PDS_2025.2-ads/arch/vendor/pango/arch/cdt/debug_core_rtls_pdir/ips_dbc_cfg_reg_file_v1_0.vp(line number: 114)] An input port depth is the target of assignment, please check if this is intentional.
W: Verilog-2050: [E:/work/pango/PDS_2025.2-ads/arch/vendor/pango/arch/cdt/debug_core_rtls_pdir/ips_dbc_cfg_reg_file_v1_0.vp(line number: 114)] An input port depth is the target of assignment, please check if this is intentional.
W: Verilog-2050: [E:/work/pango/PDS_2025.2-ads/arch/vendor/pango/arch/cdt/debug_core_rtls_pdir/ips_dbc_cfg_reg_file_v1_0.vp(line number: 114)] An input port depth is the target of assignment, please check if this is intentional.
W: Verilog-2050: [E:/work/pango/PDS_2025.2-ads/arch/vendor/pango/arch/cdt/debug_core_rtls_pdir/ips_dbc_cfg_reg_file_v1_0.vp(line number: 114)] An input port depth is the target of assignment, please check if this is intentional.
W: Verilog-2050: [E:/work/pango/PDS_2025.2-ads/arch/vendor/pango/arch/cdt/debug_core_rtls_pdir/ips_dbc_cfg_reg_file_v1_0.vp(line number: 114)] An input port depth is the target of assignment, please check if this is intentional.
W: Verilog-2050: [E:/work/pango/PDS_2025.2-ads/arch/vendor/pango/arch/cdt/debug_core_rtls_pdir/ips_dbc_cfg_reg_file_v1_0.vp(line number: 114)] An input port depth is the target of assignment, please check if this is intentional.
W: Verilog-2050: [E:/work/pango/PDS_2025.2-ads/arch/vendor/pango/arch/cdt/debug_core_rtls_pdir/ips_dbc_cfg_reg_file_v1_0.vp(line number: 114)] An input port depth is the target of assignment, please check if this is intentional.
W: Verilog-2050: [E:/work/pango/PDS_2025.2-ads/arch/vendor/pango/arch/cdt/debug_core_rtls_pdir/ips_dbc_cfg_reg_file_v1_0.vp(line number: 114)] An input port depth is the target of assignment, please check if this is intentional.
W: Verilog-2050: [E:/work/pango/PDS_2025.2-ads/arch/vendor/pango/arch/cdt/debug_core_rtls_pdir/ips_dbc_cfg_reg_file_v1_0.vp(line number: 114)] An input port depth is the target of assignment, please check if this is intentional.
W: Verilog-2050: [E:/work/pango/PDS_2025.2-ads/arch/vendor/pango/arch/cdt/debug_core_rtls_pdir/ips_dbc_cfg_reg_file_v1_0.vp(line number: 114)] An input port depth is the target of assignment, please check if this is intentional.
W: Verilog-2050: [E:/work/pango/PDS_2025.2-ads/arch/vendor/pango/arch/cdt/debug_core_rtls_pdir/ips_dbc_cfg_reg_file_v1_0.vp(line number: 114)] An input port depth is the target of assignment, please check if this is intentional.
W: Verilog-2050: [E:/work/pango/PDS_2025.2-ads/arch/vendor/pango/arch/cdt/debug_core_rtls_pdir/ips_dbc_cfg_reg_file_v1_0.vp(line number: 114)] An input port depth is the target of assignment, please check if this is intentional.
W: Verilog-2050: [E:/work/pango/PDS_2025.2-ads/arch/vendor/pango/arch/cdt/debug_core_rtls_pdir/ips_dbc_cfg_reg_file_v1_0.vp(line number: 114)] An input port depth is the target of assignment, please check if this is intentional.
W: Verilog-2050: [E:/work/pango/PDS_2025.2-ads/arch/vendor/pango/arch/cdt/debug_core_rtls_pdir/ips_dbc_cfg_reg_file_v1_0.vp(line number: 114)] An input port depth is the target of assignment, please check if this is intentional.
W: Verilog-2050: [E:/work/pango/PDS_2025.2-ads/arch/vendor/pango/arch/cdt/debug_core_rtls_pdir/ips_dbc_cfg_reg_file_v1_0.vp(line number: 114)] An input port depth is the target of assignment, please check if this is intentional.
W: Verilog-2050: [E:/work/pango/PDS_2025.2-ads/arch/vendor/pango/arch/cdt/debug_core_rtls_pdir/ips_dbc_cfg_reg_file_v1_0.vp(line number: 114)] An input port depth is the target of assignment, please check if this is intentional.
W: Verilog-2050: [E:/work/pango/PDS_2025.2-ads/arch/vendor/pango/arch/cdt/debug_core_rtls_pdir/ips_dbc_cfg_reg_file_v1_0.vp(line number: 114)] An input port depth is the target of assignment, please check if this is intentional.
W: Verilog-2050: [E:/work/pango/PDS_2025.2-ads/arch/vendor/pango/arch/cdt/debug_core_rtls_pdir/ips_dbc_cfg_reg_file_v1_0.vp(line number: 114)] An input port depth is the target of assignment, please check if this is intentional.
W: Verilog-2050: [E:/work/pango/PDS_2025.2-ads/arch/vendor/pango/arch/cdt/debug_core_rtls_pdir/ips_dbc_cfg_reg_file_v1_0.vp(line number: 114)] An input port depth is the target of assignment, please check if this is intentional.
W: Verilog-2050: [E:/work/pango/PDS_2025.2-ads/arch/vendor/pango/arch/cdt/debug_core_rtls_pdir/ips_dbc_cfg_reg_file_v1_0.vp(line number: 114)] An input port depth is the target of assignment, please check if this is intentional.
W: Verilog-2050: [E:/work/pango/PDS_2025.2-ads/arch/vendor/pango/arch/cdt/debug_core_rtls_pdir/ips_dbc_cfg_reg_file_v1_0.vp(line number: 114)] An input port depth is the target of assignment, please check if this is intentional.
W: Verilog-2050: [E:/work/pango/PDS_2025.2-ads/arch/vendor/pango/arch/cdt/debug_core_rtls_pdir/ips_dbc_cfg_reg_file_v1_0.vp(line number: 114)] An input port depth is the target of assignment, please check if this is intentional.
W: Verilog-2050: [E:/work/pango/PDS_2025.2-ads/arch/vendor/pango/arch/cdt/debug_core_rtls_pdir/ips_dbc_cfg_reg_file_v1_0.vp(line number: 114)] An input port depth is the target of assignment, please check if this is intentional.
W: Verilog-2050: [E:/work/pango/PDS_2025.2-ads/arch/vendor/pango/arch/cdt/debug_core_rtls_pdir/ips_dbc_cfg_reg_file_v1_0.vp(line number: 114)] An input port depth is the target of assignment, please check if this is intentional.
W: Verilog-2050: [E:/work/pango/PDS_2025.2-ads/arch/vendor/pango/arch/cdt/debug_core_rtls_pdir/ips_dbc_cfg_reg_file_v1_0.vp(line number: 114)] An input port depth is the target of assignment, please check if this is intentional.
W: Verilog-2050: [E:/work/pango/PDS_2025.2-ads/arch/vendor/pango/arch/cdt/debug_core_rtls_pdir/ips_dbc_cfg_reg_file_v1_0.vp(line number: 114)] An input port depth is the target of assignment, please check if this is intentional.
W: Verilog-2050: [E:/work/pango/PDS_2025.2-ads/arch/vendor/pango/arch/cdt/debug_core_rtls_pdir/ips_dbc_cfg_reg_file_v1_0.vp(line number: 114)] An input port depth is the target of assignment, please check if this is intentional.
W: Verilog-2050: [E:/work/pango/PDS_2025.2-ads/arch/vendor/pango/arch/cdt/debug_core_rtls_pdir/ips_dbc_cfg_reg_file_v1_0.vp(line number: 114)] An input port depth is the target of assignment, please check if this is intentional.
W: Verilog-2050: [E:/work/pango/PDS_2025.2-ads/arch/vendor/pango/arch/cdt/debug_core_rtls_pdir/ips_dbc_cfg_reg_file_v1_0.vp(line number: 114)] An input port depth is the target of assignment, please check if this is intentional.
W: Verilog-2050: [E:/work/pango/PDS_2025.2-ads/arch/vendor/pango/arch/cdt/debug_core_rtls_pdir/ips_dbc_cfg_reg_file_v1_0.vp(line number: 114)] An input port depth is the target of assignment, please check if this is intentional.
W: Verilog-2050: [E:/work/pango/PDS_2025.2-ads/arch/vendor/pango/arch/cdt/debug_core_rtls_pdir/ips_dbc_cfg_reg_file_v1_0.vp(line number: 114)] An input port depth is the target of assignment, please check if this is intentional.
W: Verilog-2050: [E:/work/pango/PDS_2025.2-ads/arch/vendor/pango/arch/cdt/debug_core_rtls_pdir/ips_dbc_cfg_reg_file_v1_0.vp(line number: 114)] An input port depth is the target of assignment, please check if this is intentional.
W: Verilog-2050: [E:/work/pango/PDS_2025.2-ads/arch/vendor/pango/arch/cdt/debug_core_rtls_pdir/ips_dbc_cfg_reg_file_v1_0.vp(line number: 114)] An input port depth is the target of assignment, please check if this is intentional.
W: Verilog-2050: [E:/work/pango/PDS_2025.2-ads/arch/vendor/pango/arch/cdt/debug_core_rtls_pdir/ips_dbc_cfg_reg_file_v1_0.vp(line number: 114)] An input port depth is the target of assignment, please check if this is intentional.
W: Verilog-2050: [E:/work/pango/PDS_2025.2-ads/arch/vendor/pango/arch/cdt/debug_core_rtls_pdir/ips_dbc_cfg_reg_file_v1_0.vp(line number: 114)] An input port depth is the target of assignment, please check if this is intentional.
W: Verilog-2050: [E:/work/pango/PDS_2025.2-ads/arch/vendor/pango/arch/cdt/debug_core_rtls_pdir/ips_dbc_cfg_reg_file_v1_0.vp(line number: 114)] An input port depth is the target of assignment, please check if this is intentional.
I: Verilog-0004: [E:/work/pango/PDS_2025.2-ads/arch/vendor/pango/arch/cdt/debug_core_rtls_pdir/ips_dbc_trig_unit_v1_3.vp(line number: 743)] Elaborating instance u_larger_than.
I: Verilog-0003: [E:/work/pango/PDS_2025.2-ads/arch/vendor/pango/arch/cdt/debug_core_rtls_pdir/ips_dbc_compare_256b_v1_0.vp(line number: 305)] Elaborating module ips_dbc_compare_256b_v1_0.
I: Verilog-0004: [E:/work/pango/PDS_2025.2-ads/arch/vendor/pango/arch/cdt/debug_core_rtls_pdir/ips_dbc_compare_256b_v1_0.vp(line number: 321)] Elaborating instance I_subtract_16b.
I: Verilog-0003: [E:/work/pango/PDS_2025.2-ads/arch/vendor/pango/arch/cdt/debug_core_rtls_pdir/ips_dbc_compare_256b_v1_0.vp(line number: 498)] Elaborating module subtract_16b.
I: Sdm-0004: [E:/work/pango/PDS_2025.2-ads/arch/vendor/pango/arch/cdt/debug_core_rtls_pdir/ips_dbc_compare_256b_v1_0.vp(line number: 500)] Input port rstn in module subtract_16b has no load.
I: Verilog-0004: [E:/work/pango/PDS_2025.2-ads/arch/vendor/pango/arch/cdt/debug_core_rtls_pdir/ips_dbc_compare_256b_v1_0.vp(line number: 321)] Elaborating instance I_subtract_16b.
I: Verilog-0003: [E:/work/pango/PDS_2025.2-ads/arch/vendor/pango/arch/cdt/debug_core_rtls_pdir/ips_dbc_compare_256b_v1_0.vp(line number: 498)] Elaborating module subtract_16b.
I: Verilog-0004: [E:/work/pango/PDS_2025.2-ads/arch/vendor/pango/arch/cdt/debug_core_rtls_pdir/ips_dbc_compare_256b_v1_0.vp(line number: 321)] Elaborating instance I_subtract_16b.
I: Verilog-0003: [E:/work/pango/PDS_2025.2-ads/arch/vendor/pango/arch/cdt/debug_core_rtls_pdir/ips_dbc_compare_256b_v1_0.vp(line number: 498)] Elaborating module subtract_16b.
I: Verilog-0004: [E:/work/pango/PDS_2025.2-ads/arch/vendor/pango/arch/cdt/debug_core_rtls_pdir/ips_dbc_compare_256b_v1_0.vp(line number: 321)] Elaborating instance I_subtract_16b.
I: Verilog-0003: [E:/work/pango/PDS_2025.2-ads/arch/vendor/pango/arch/cdt/debug_core_rtls_pdir/ips_dbc_compare_256b_v1_0.vp(line number: 498)] Elaborating module subtract_16b.
I: Verilog-0004: [E:/work/pango/PDS_2025.2-ads/arch/vendor/pango/arch/cdt/debug_core_rtls_pdir/ips_dbc_compare_256b_v1_0.vp(line number: 321)] Elaborating instance I_subtract_16b.
I: Verilog-0003: [E:/work/pango/PDS_2025.2-ads/arch/vendor/pango/arch/cdt/debug_core_rtls_pdir/ips_dbc_compare_256b_v1_0.vp(line number: 498)] Elaborating module subtract_16b.
I: Verilog-0004: [E:/work/pango/PDS_2025.2-ads/arch/vendor/pango/arch/cdt/debug_core_rtls_pdir/ips_dbc_compare_256b_v1_0.vp(line number: 321)] Elaborating instance I_subtract_16b.
I: Verilog-0003: [E:/work/pango/PDS_2025.2-ads/arch/vendor/pango/arch/cdt/debug_core_rtls_pdir/ips_dbc_compare_256b_v1_0.vp(line number: 498)] Elaborating module subtract_16b.
I: Verilog-0004: [E:/work/pango/PDS_2025.2-ads/arch/vendor/pango/arch/cdt/debug_core_rtls_pdir/ips_dbc_compare_256b_v1_0.vp(line number: 321)] Elaborating instance I_subtract_16b.
I: Verilog-0003: [E:/work/pango/PDS_2025.2-ads/arch/vendor/pango/arch/cdt/debug_core_rtls_pdir/ips_dbc_compare_256b_v1_0.vp(line number: 498)] Elaborating module subtract_16b.
I: Verilog-0004: [E:/work/pango/PDS_2025.2-ads/arch/vendor/pango/arch/cdt/debug_core_rtls_pdir/ips_dbc_compare_256b_v1_0.vp(line number: 321)] Elaborating instance I_subtract_16b.
I: Verilog-0003: [E:/work/pango/PDS_2025.2-ads/arch/vendor/pango/arch/cdt/debug_core_rtls_pdir/ips_dbc_compare_256b_v1_0.vp(line number: 498)] Elaborating module subtract_16b.
I: Verilog-0004: [E:/work/pango/PDS_2025.2-ads/arch/vendor/pango/arch/cdt/debug_core_rtls_pdir/ips_dbc_compare_256b_v1_0.vp(line number: 321)] Elaborating instance I_subtract_16b.
I: Verilog-0003: [E:/work/pango/PDS_2025.2-ads/arch/vendor/pango/arch/cdt/debug_core_rtls_pdir/ips_dbc_compare_256b_v1_0.vp(line number: 498)] Elaborating module subtract_16b.
I: Verilog-0004: [E:/work/pango/PDS_2025.2-ads/arch/vendor/pango/arch/cdt/debug_core_rtls_pdir/ips_dbc_compare_256b_v1_0.vp(line number: 321)] Elaborating instance I_subtract_16b.
I: Verilog-0003: [E:/work/pango/PDS_2025.2-ads/arch/vendor/pango/arch/cdt/debug_core_rtls_pdir/ips_dbc_compare_256b_v1_0.vp(line number: 498)] Elaborating module subtract_16b.
I: Verilog-0004: [E:/work/pango/PDS_2025.2-ads/arch/vendor/pango/arch/cdt/debug_core_rtls_pdir/ips_dbc_compare_256b_v1_0.vp(line number: 321)] Elaborating instance I_subtract_16b.
I: Verilog-0003: [E:/work/pango/PDS_2025.2-ads/arch/vendor/pango/arch/cdt/debug_core_rtls_pdir/ips_dbc_compare_256b_v1_0.vp(line number: 498)] Elaborating module subtract_16b.
I: Verilog-0004: [E:/work/pango/PDS_2025.2-ads/arch/vendor/pango/arch/cdt/debug_core_rtls_pdir/ips_dbc_compare_256b_v1_0.vp(line number: 321)] Elaborating instance I_subtract_16b.
I: Verilog-0003: [E:/work/pango/PDS_2025.2-ads/arch/vendor/pango/arch/cdt/debug_core_rtls_pdir/ips_dbc_compare_256b_v1_0.vp(line number: 498)] Elaborating module subtract_16b.
I: Verilog-0004: [E:/work/pango/PDS_2025.2-ads/arch/vendor/pango/arch/cdt/debug_core_rtls_pdir/ips_dbc_compare_256b_v1_0.vp(line number: 321)] Elaborating instance I_subtract_16b.
I: Verilog-0003: [E:/work/pango/PDS_2025.2-ads/arch/vendor/pango/arch/cdt/debug_core_rtls_pdir/ips_dbc_compare_256b_v1_0.vp(line number: 498)] Elaborating module subtract_16b.
I: Verilog-0004: [E:/work/pango/PDS_2025.2-ads/arch/vendor/pango/arch/cdt/debug_core_rtls_pdir/ips_dbc_compare_256b_v1_0.vp(line number: 321)] Elaborating instance I_subtract_16b.
I: Verilog-0003: [E:/work/pango/PDS_2025.2-ads/arch/vendor/pango/arch/cdt/debug_core_rtls_pdir/ips_dbc_compare_256b_v1_0.vp(line number: 498)] Elaborating module subtract_16b.
I: Verilog-0004: [E:/work/pango/PDS_2025.2-ads/arch/vendor/pango/arch/cdt/debug_core_rtls_pdir/ips_dbc_compare_256b_v1_0.vp(line number: 321)] Elaborating instance I_subtract_16b.
I: Verilog-0003: [E:/work/pango/PDS_2025.2-ads/arch/vendor/pango/arch/cdt/debug_core_rtls_pdir/ips_dbc_compare_256b_v1_0.vp(line number: 498)] Elaborating module subtract_16b.
I: Verilog-0004: [E:/work/pango/PDS_2025.2-ads/arch/vendor/pango/arch/cdt/debug_core_rtls_pdir/ips_dbc_compare_256b_v1_0.vp(line number: 321)] Elaborating instance I_subtract_16b.
I: Verilog-0003: [E:/work/pango/PDS_2025.2-ads/arch/vendor/pango/arch/cdt/debug_core_rtls_pdir/ips_dbc_compare_256b_v1_0.vp(line number: 498)] Elaborating module subtract_16b.
I: Verilog-0004: [E:/work/pango/PDS_2025.2-ads/arch/vendor/pango/arch/cdt/debug_core_rtls_pdir/ips_dbc_trig_unit_v1_3.vp(line number: 752)] Elaborating instance u_less_than.
I: Verilog-0003: [E:/work/pango/PDS_2025.2-ads/arch/vendor/pango/arch/cdt/debug_core_rtls_pdir/ips_dbc_compare_256b_v1_0.vp(line number: 305)] Elaborating module ips_dbc_compare_256b_v1_0.
W: Verilog-2050: [E:/work/pango/PDS_2025.2-ads/arch/vendor/pango/arch/cdt/debug_core_rtls_pdir/ips_dbc_trig_unit_v1_3.vp(line number: 492)] An input port depth is the target of assignment, please check if this is intentional.
W: Verilog-2050: [E:/work/pango/PDS_2025.2-ads/arch/vendor/pango/arch/cdt/debug_core_rtls_pdir/ips_dbc_trig_unit_v1_3.vp(line number: 492)] An input port depth is the target of assignment, please check if this is intentional.
W: Verilog-2050: [E:/work/pango/PDS_2025.2-ads/arch/vendor/pango/arch/cdt/debug_core_rtls_pdir/ips_dbc_trig_unit_v1_3.vp(line number: 492)] An input port depth is the target of assignment, please check if this is intentional.
W: Verilog-2050: [E:/work/pango/PDS_2025.2-ads/arch/vendor/pango/arch/cdt/debug_core_rtls_pdir/ips_dbc_trig_unit_v1_3.vp(line number: 492)] An input port depth is the target of assignment, please check if this is intentional.
W: Verilog-2050: [E:/work/pango/PDS_2025.2-ads/arch/vendor/pango/arch/cdt/debug_core_rtls_pdir/ips_dbc_trig_unit_v1_3.vp(line number: 492)] An input port depth is the target of assignment, please check if this is intentional.
W: Verilog-2050: [E:/work/pango/PDS_2025.2-ads/arch/vendor/pango/arch/cdt/debug_core_rtls_pdir/ips_dbc_trig_unit_v1_3.vp(line number: 492)] An input port depth is the target of assignment, please check if this is intentional.
W: Verilog-2050: [E:/work/pango/PDS_2025.2-ads/arch/vendor/pango/arch/cdt/debug_core_rtls_pdir/ips_dbc_trig_unit_v1_3.vp(line number: 492)] An input port depth is the target of assignment, please check if this is intentional.
W: Verilog-2050: [E:/work/pango/PDS_2025.2-ads/arch/vendor/pango/arch/cdt/debug_core_rtls_pdir/ips_dbc_trig_unit_v1_3.vp(line number: 492)] An input port depth is the target of assignment, please check if this is intentional.
W: Verilog-2050: [E:/work/pango/PDS_2025.2-ads/arch/vendor/pango/arch/cdt/debug_core_rtls_pdir/ips_dbc_trig_unit_v1_3.vp(line number: 492)] An input port depth is the target of assignment, please check if this is intentional.
W: Verilog-2050: [E:/work/pango/PDS_2025.2-ads/arch/vendor/pango/arch/cdt/debug_core_rtls_pdir/ips_dbc_trig_unit_v1_3.vp(line number: 492)] An input port depth is the target of assignment, please check if this is intentional.
W: Verilog-2050: [E:/work/pango/PDS_2025.2-ads/arch/vendor/pango/arch/cdt/debug_core_rtls_pdir/ips_dbc_trig_unit_v1_3.vp(line number: 492)] An input port depth is the target of assignment, please check if this is intentional.
W: Verilog-2050: [E:/work/pango/PDS_2025.2-ads/arch/vendor/pango/arch/cdt/debug_core_rtls_pdir/ips_dbc_trig_unit_v1_3.vp(line number: 492)] An input port depth is the target of assignment, please check if this is intentional.
W: Verilog-2050: [E:/work/pango/PDS_2025.2-ads/arch/vendor/pango/arch/cdt/debug_core_rtls_pdir/ips_dbc_trig_unit_v1_3.vp(line number: 492)] An input port depth is the target of assignment, please check if this is intentional.
W: Verilog-2050: [E:/work/pango/PDS_2025.2-ads/arch/vendor/pango/arch/cdt/debug_core_rtls_pdir/ips_dbc_trig_unit_v1_3.vp(line number: 492)] An input port depth is the target of assignment, please check if this is intentional.
W: Verilog-2050: [E:/work/pango/PDS_2025.2-ads/arch/vendor/pango/arch/cdt/debug_core_rtls_pdir/ips_dbc_trig_unit_v1_3.vp(line number: 492)] An input port depth is the target of assignment, please check if this is intentional.
W: Verilog-2050: [E:/work/pango/PDS_2025.2-ads/arch/vendor/pango/arch/cdt/debug_core_rtls_pdir/ips_dbc_trig_unit_v1_3.vp(line number: 492)] An input port depth is the target of assignment, please check if this is intentional.
W: Verilog-2050: [E:/work/pango/PDS_2025.2-ads/arch/vendor/pango/arch/cdt/debug_core_rtls_pdir/ips_dbc_trig_unit_v1_3.vp(line number: 492)] An input port depth is the target of assignment, please check if this is intentional.
W: Verilog-2050: [E:/work/pango/PDS_2025.2-ads/arch/vendor/pango/arch/cdt/debug_core_rtls_pdir/ips_dbc_trig_unit_v1_3.vp(line number: 492)] An input port depth is the target of assignment, please check if this is intentional.
W: Verilog-2050: [E:/work/pango/PDS_2025.2-ads/arch/vendor/pango/arch/cdt/debug_core_rtls_pdir/ips_dbc_trig_unit_v1_3.vp(line number: 492)] An input port depth is the target of assignment, please check if this is intentional.
W: Verilog-2050: [E:/work/pango/PDS_2025.2-ads/arch/vendor/pango/arch/cdt/debug_core_rtls_pdir/ips_dbc_trig_unit_v1_3.vp(line number: 492)] An input port depth is the target of assignment, please check if this is intentional.
W: Verilog-2050: [E:/work/pango/PDS_2025.2-ads/arch/vendor/pango/arch/cdt/debug_core_rtls_pdir/ips_dbc_trig_unit_v1_3.vp(line number: 492)] An input port depth is the target of assignment, please check if this is intentional.
W: Verilog-2050: [E:/work/pango/PDS_2025.2-ads/arch/vendor/pango/arch/cdt/debug_core_rtls_pdir/ips_dbc_trig_unit_v1_3.vp(line number: 492)] An input port depth is the target of assignment, please check if this is intentional.
W: Verilog-2050: [E:/work/pango/PDS_2025.2-ads/arch/vendor/pango/arch/cdt/debug_core_rtls_pdir/ips_dbc_trig_unit_v1_3.vp(line number: 492)] An input port depth is the target of assignment, please check if this is intentional.
W: Verilog-2050: [E:/work/pango/PDS_2025.2-ads/arch/vendor/pango/arch/cdt/debug_core_rtls_pdir/ips_dbc_trig_unit_v1_3.vp(line number: 492)] An input port depth is the target of assignment, please check if this is intentional.
W: Verilog-2050: [E:/work/pango/PDS_2025.2-ads/arch/vendor/pango/arch/cdt/debug_core_rtls_pdir/ips_dbc_trig_unit_v1_3.vp(line number: 492)] An input port depth is the target of assignment, please check if this is intentional.
W: Verilog-2050: [E:/work/pango/PDS_2025.2-ads/arch/vendor/pango/arch/cdt/debug_core_rtls_pdir/ips_dbc_trig_unit_v1_3.vp(line number: 492)] An input port depth is the target of assignment, please check if this is intentional.
W: Verilog-2050: [E:/work/pango/PDS_2025.2-ads/arch/vendor/pango/arch/cdt/debug_core_rtls_pdir/ips_dbc_trig_unit_v1_3.vp(line number: 492)] An input port depth is the target of assignment, please check if this is intentional.
W: Verilog-2050: [E:/work/pango/PDS_2025.2-ads/arch/vendor/pango/arch/cdt/debug_core_rtls_pdir/ips_dbc_trig_unit_v1_3.vp(line number: 492)] An input port depth is the target of assignment, please check if this is intentional.
W: Verilog-2050: [E:/work/pango/PDS_2025.2-ads/arch/vendor/pango/arch/cdt/debug_core_rtls_pdir/ips_dbc_trig_unit_v1_3.vp(line number: 492)] An input port depth is the target of assignment, please check if this is intentional.
W: Verilog-2050: [E:/work/pango/PDS_2025.2-ads/arch/vendor/pango/arch/cdt/debug_core_rtls_pdir/ips_dbc_trig_unit_v1_3.vp(line number: 492)] An input port depth is the target of assignment, please check if this is intentional.
W: Verilog-2050: [E:/work/pango/PDS_2025.2-ads/arch/vendor/pango/arch/cdt/debug_core_rtls_pdir/ips_dbc_trig_unit_v1_3.vp(line number: 492)] An input port depth is the target of assignment, please check if this is intentional.
W: Verilog-2050: [E:/work/pango/PDS_2025.2-ads/arch/vendor/pango/arch/cdt/debug_core_rtls_pdir/ips_dbc_trig_unit_v1_3.vp(line number: 492)] An input port depth is the target of assignment, please check if this is intentional.
W: Verilog-2050: [E:/work/pango/PDS_2025.2-ads/arch/vendor/pango/arch/cdt/debug_core_rtls_pdir/ips_dbc_trig_unit_v1_3.vp(line number: 492)] An input port depth is the target of assignment, please check if this is intentional.
W: Verilog-2050: [E:/work/pango/PDS_2025.2-ads/arch/vendor/pango/arch/cdt/debug_core_rtls_pdir/ips_dbc_trig_unit_v1_3.vp(line number: 492)] An input port depth is the target of assignment, please check if this is intentional.
W: Verilog-2050: [E:/work/pango/PDS_2025.2-ads/arch/vendor/pango/arch/cdt/debug_core_rtls_pdir/ips_dbc_trig_unit_v1_3.vp(line number: 492)] An input port depth is the target of assignment, please check if this is intentional.
W: Verilog-2050: [E:/work/pango/PDS_2025.2-ads/arch/vendor/pango/arch/cdt/debug_core_rtls_pdir/ips_dbc_trig_unit_v1_3.vp(line number: 492)] An input port depth is the target of assignment, please check if this is intentional.
W: Verilog-2050: [E:/work/pango/PDS_2025.2-ads/arch/vendor/pango/arch/cdt/debug_core_rtls_pdir/ips_dbc_trig_unit_v1_3.vp(line number: 492)] An input port depth is the target of assignment, please check if this is intentional.
W: Verilog-2050: [E:/work/pango/PDS_2025.2-ads/arch/vendor/pango/arch/cdt/debug_core_rtls_pdir/ips_dbc_trig_unit_v1_3.vp(line number: 492)] An input port depth is the target of assignment, please check if this is intentional.
W: Verilog-2050: [E:/work/pango/PDS_2025.2-ads/arch/vendor/pango/arch/cdt/debug_core_rtls_pdir/ips_dbc_trig_unit_v1_3.vp(line number: 492)] An input port depth is the target of assignment, please check if this is intentional.
W: Verilog-2050: [E:/work/pango/PDS_2025.2-ads/arch/vendor/pango/arch/cdt/debug_core_rtls_pdir/ips_dbc_trig_unit_v1_3.vp(line number: 492)] An input port depth is the target of assignment, please check if this is intentional.
W: Verilog-2050: [E:/work/pango/PDS_2025.2-ads/arch/vendor/pango/arch/cdt/debug_core_rtls_pdir/ips_dbc_trig_unit_v1_3.vp(line number: 492)] An input port depth is the target of assignment, please check if this is intentional.
W: Verilog-2050: [E:/work/pango/PDS_2025.2-ads/arch/vendor/pango/arch/cdt/debug_core_rtls_pdir/ips_dbc_trig_unit_v1_3.vp(line number: 492)] An input port depth is the target of assignment, please check if this is intentional.
W: Verilog-2050: [E:/work/pango/PDS_2025.2-ads/arch/vendor/pango/arch/cdt/debug_core_rtls_pdir/ips_dbc_trig_unit_v1_3.vp(line number: 492)] An input port depth is the target of assignment, please check if this is intentional.
W: Verilog-2050: [E:/work/pango/PDS_2025.2-ads/arch/vendor/pango/arch/cdt/debug_core_rtls_pdir/ips_dbc_trig_unit_v1_3.vp(line number: 492)] An input port depth is the target of assignment, please check if this is intentional.
W: Verilog-2050: [E:/work/pango/PDS_2025.2-ads/arch/vendor/pango/arch/cdt/debug_core_rtls_pdir/ips_dbc_trig_unit_v1_3.vp(line number: 492)] An input port depth is the target of assignment, please check if this is intentional.
W: Verilog-2050: [E:/work/pango/PDS_2025.2-ads/arch/vendor/pango/arch/cdt/debug_core_rtls_pdir/ips_dbc_trig_unit_v1_3.vp(line number: 492)] An input port depth is the target of assignment, please check if this is intentional.
W: Verilog-2050: [E:/work/pango/PDS_2025.2-ads/arch/vendor/pango/arch/cdt/debug_core_rtls_pdir/ips_dbc_trig_unit_v1_3.vp(line number: 492)] An input port depth is the target of assignment, please check if this is intentional.
W: Verilog-2050: [E:/work/pango/PDS_2025.2-ads/arch/vendor/pango/arch/cdt/debug_core_rtls_pdir/ips_dbc_trig_unit_v1_3.vp(line number: 492)] An input port depth is the target of assignment, please check if this is intentional.
W: Verilog-2050: [E:/work/pango/PDS_2025.2-ads/arch/vendor/pango/arch/cdt/debug_core_rtls_pdir/ips_dbc_trig_unit_v1_3.vp(line number: 492)] An input port depth is the target of assignment, please check if this is intentional.
W: Verilog-2050: [E:/work/pango/PDS_2025.2-ads/arch/vendor/pango/arch/cdt/debug_core_rtls_pdir/ips_dbc_trig_unit_v1_3.vp(line number: 492)] An input port depth is the target of assignment, please check if this is intentional.
W: Verilog-2050: [E:/work/pango/PDS_2025.2-ads/arch/vendor/pango/arch/cdt/debug_core_rtls_pdir/ips_dbc_trig_unit_v1_3.vp(line number: 492)] An input port depth is the target of assignment, please check if this is intentional.
W: Verilog-2050: [E:/work/pango/PDS_2025.2-ads/arch/vendor/pango/arch/cdt/debug_core_rtls_pdir/ips_dbc_trig_unit_v1_3.vp(line number: 492)] An input port depth is the target of assignment, please check if this is intentional.
W: Verilog-2050: [E:/work/pango/PDS_2025.2-ads/arch/vendor/pango/arch/cdt/debug_core_rtls_pdir/ips_dbc_trig_unit_v1_3.vp(line number: 492)] An input port depth is the target of assignment, please check if this is intentional.
W: Verilog-2050: [E:/work/pango/PDS_2025.2-ads/arch/vendor/pango/arch/cdt/debug_core_rtls_pdir/ips_dbc_trig_unit_v1_3.vp(line number: 492)] An input port depth is the target of assignment, please check if this is intentional.
W: Verilog-2050: [E:/work/pango/PDS_2025.2-ads/arch/vendor/pango/arch/cdt/debug_core_rtls_pdir/ips_dbc_trig_unit_v1_3.vp(line number: 492)] An input port depth is the target of assignment, please check if this is intentional.
W: Verilog-2050: [E:/work/pango/PDS_2025.2-ads/arch/vendor/pango/arch/cdt/debug_core_rtls_pdir/ips_dbc_trig_unit_v1_3.vp(line number: 492)] An input port depth is the target of assignment, please check if this is intentional.
W: Verilog-2050: [E:/work/pango/PDS_2025.2-ads/arch/vendor/pango/arch/cdt/debug_core_rtls_pdir/ips_dbc_trig_unit_v1_3.vp(line number: 492)] An input port depth is the target of assignment, please check if this is intentional.
W: Verilog-2050: [E:/work/pango/PDS_2025.2-ads/arch/vendor/pango/arch/cdt/debug_core_rtls_pdir/ips_dbc_trig_unit_v1_3.vp(line number: 492)] An input port depth is the target of assignment, please check if this is intentional.
W: Verilog-2050: [E:/work/pango/PDS_2025.2-ads/arch/vendor/pango/arch/cdt/debug_core_rtls_pdir/ips_dbc_trig_unit_v1_3.vp(line number: 492)] An input port depth is the target of assignment, please check if this is intentional.
W: Verilog-2050: [E:/work/pango/PDS_2025.2-ads/arch/vendor/pango/arch/cdt/debug_core_rtls_pdir/ips_dbc_trig_unit_v1_3.vp(line number: 492)] An input port depth is the target of assignment, please check if this is intentional.
W: Verilog-2050: [E:/work/pango/PDS_2025.2-ads/arch/vendor/pango/arch/cdt/debug_core_rtls_pdir/ips_dbc_trig_unit_v1_3.vp(line number: 492)] An input port depth is the target of assignment, please check if this is intentional.
W: Verilog-2050: [E:/work/pango/PDS_2025.2-ads/arch/vendor/pango/arch/cdt/debug_core_rtls_pdir/ips_dbc_trig_unit_v1_3.vp(line number: 492)] An input port depth is the target of assignment, please check if this is intentional.
W: Verilog-2050: [E:/work/pango/PDS_2025.2-ads/arch/vendor/pango/arch/cdt/debug_core_rtls_pdir/ips_dbc_trig_unit_v1_3.vp(line number: 492)] An input port depth is the target of assignment, please check if this is intentional.
W: Verilog-2050: [E:/work/pango/PDS_2025.2-ads/arch/vendor/pango/arch/cdt/debug_core_rtls_pdir/ips_dbc_trig_unit_v1_3.vp(line number: 492)] An input port depth is the target of assignment, please check if this is intentional.
W: Verilog-2050: [E:/work/pango/PDS_2025.2-ads/arch/vendor/pango/arch/cdt/debug_core_rtls_pdir/ips_dbc_trig_unit_v1_3.vp(line number: 492)] An input port depth is the target of assignment, please check if this is intentional.
W: Verilog-2050: [E:/work/pango/PDS_2025.2-ads/arch/vendor/pango/arch/cdt/debug_core_rtls_pdir/ips_dbc_trig_unit_v1_3.vp(line number: 492)] An input port depth is the target of assignment, please check if this is intentional.
W: Verilog-2050: [E:/work/pango/PDS_2025.2-ads/arch/vendor/pango/arch/cdt/debug_core_rtls_pdir/ips_dbc_trig_unit_v1_3.vp(line number: 492)] An input port depth is the target of assignment, please check if this is intentional.
W: Verilog-2050: [E:/work/pango/PDS_2025.2-ads/arch/vendor/pango/arch/cdt/debug_core_rtls_pdir/ips_dbc_trig_unit_v1_3.vp(line number: 492)] An input port depth is the target of assignment, please check if this is intentional.
W: Verilog-2050: [E:/work/pango/PDS_2025.2-ads/arch/vendor/pango/arch/cdt/debug_core_rtls_pdir/ips_dbc_trig_unit_v1_3.vp(line number: 492)] An input port depth is the target of assignment, please check if this is intentional.
W: Verilog-2050: [E:/work/pango/PDS_2025.2-ads/arch/vendor/pango/arch/cdt/debug_core_rtls_pdir/ips_dbc_trig_unit_v1_3.vp(line number: 492)] An input port depth is the target of assignment, please check if this is intentional.
W: Verilog-2050: [E:/work/pango/PDS_2025.2-ads/arch/vendor/pango/arch/cdt/debug_core_rtls_pdir/ips_dbc_trig_unit_v1_3.vp(line number: 492)] An input port depth is the target of assignment, please check if this is intentional.
W: Verilog-2050: [E:/work/pango/PDS_2025.2-ads/arch/vendor/pango/arch/cdt/debug_core_rtls_pdir/ips_dbc_trig_unit_v1_3.vp(line number: 492)] An input port depth is the target of assignment, please check if this is intentional.
W: Verilog-2050: [E:/work/pango/PDS_2025.2-ads/arch/vendor/pango/arch/cdt/debug_core_rtls_pdir/ips_dbc_trig_unit_v1_3.vp(line number: 492)] An input port depth is the target of assignment, please check if this is intentional.
W: Verilog-2050: [E:/work/pango/PDS_2025.2-ads/arch/vendor/pango/arch/cdt/debug_core_rtls_pdir/ips_dbc_trig_unit_v1_3.vp(line number: 492)] An input port depth is the target of assignment, please check if this is intentional.
W: Verilog-2050: [E:/work/pango/PDS_2025.2-ads/arch/vendor/pango/arch/cdt/debug_core_rtls_pdir/ips_dbc_trig_unit_v1_3.vp(line number: 492)] An input port depth is the target of assignment, please check if this is intentional.
W: Verilog-2050: [E:/work/pango/PDS_2025.2-ads/arch/vendor/pango/arch/cdt/debug_core_rtls_pdir/ips_dbc_trig_unit_v1_3.vp(line number: 492)] An input port depth is the target of assignment, please check if this is intentional.
W: Verilog-2050: [E:/work/pango/PDS_2025.2-ads/arch/vendor/pango/arch/cdt/debug_core_rtls_pdir/ips_dbc_trig_unit_v1_3.vp(line number: 492)] An input port depth is the target of assignment, please check if this is intentional.
W: Verilog-2050: [E:/work/pango/PDS_2025.2-ads/arch/vendor/pango/arch/cdt/debug_core_rtls_pdir/ips_dbc_trig_unit_v1_3.vp(line number: 492)] An input port depth is the target of assignment, please check if this is intentional.
W: Verilog-2050: [E:/work/pango/PDS_2025.2-ads/arch/vendor/pango/arch/cdt/debug_core_rtls_pdir/ips_dbc_trig_unit_v1_3.vp(line number: 492)] An input port depth is the target of assignment, please check if this is intentional.
W: Verilog-2050: [E:/work/pango/PDS_2025.2-ads/arch/vendor/pango/arch/cdt/debug_core_rtls_pdir/ips_dbc_trig_unit_v1_3.vp(line number: 492)] An input port depth is the target of assignment, please check if this is intentional.
W: Verilog-2021: [E:/work/pango/PDS_2025.2-ads/arch/vendor/pango/arch/cdt/debug_core_rtls_pdir/ips_dbc_trig_unit_v1_3.vp(line number: 581)] Net value in ips_dbc_trig_unit_v1_3(original module ips_dbc_trig_unit_v1_3) does not have a driver, tie it to 0.
W: Verilog-2021: [E:/work/pango/PDS_2025.2-ads/arch/vendor/pango/arch/cdt/debug_core_rtls_pdir/ips_dbc_trig_unit_v1_3.vp(line number: 582)] Net value2 in ips_dbc_trig_unit_v1_3(original module ips_dbc_trig_unit_v1_3) does not have a driver, tie it to 0.
I: Verilog-0004: [E:/work/pango/PDS_2025.2-ads/arch/vendor/pango/arch/cdt/debug_core_rtls_pdir/ips_dbc_debug_core_v1_4.vp(line number: 5834)] Elaborating instance u_Trigger_Condition.
I: Verilog-0003: [E:/work/pango/PDS_2025.2-ads/arch/vendor/pango/arch/cdt/debug_core_rtls_pdir/ips_dbc_trigger_condition_v1_3.vp(line number: 282)] Elaborating module ips_dbc_trigger_condition_v1_3.
W: Verilog-2050: [E:/work/pango/PDS_2025.2-ads/arch/vendor/pango/arch/cdt/debug_core_rtls_pdir/ips_dbc_trigger_condition_v1_3.vp(line number: 339)] An input port depth is the target of assignment, please check if this is intentional.
W: Verilog-2050: [E:/work/pango/PDS_2025.2-ads/arch/vendor/pango/arch/cdt/debug_core_rtls_pdir/ips_dbc_trigger_condition_v1_3.vp(line number: 339)] An input port depth is the target of assignment, please check if this is intentional.
W: Verilog-2050: [E:/work/pango/PDS_2025.2-ads/arch/vendor/pango/arch/cdt/debug_core_rtls_pdir/ips_dbc_trigger_condition_v1_3.vp(line number: 339)] An input port depth is the target of assignment, please check if this is intentional.
W: Verilog-2050: [E:/work/pango/PDS_2025.2-ads/arch/vendor/pango/arch/cdt/debug_core_rtls_pdir/ips_dbc_trigger_condition_v1_3.vp(line number: 339)] An input port depth is the target of assignment, please check if this is intentional.
W: Verilog-2050: [E:/work/pango/PDS_2025.2-ads/arch/vendor/pango/arch/cdt/debug_core_rtls_pdir/ips_dbc_trigger_condition_v1_3.vp(line number: 339)] An input port depth is the target of assignment, please check if this is intentional.
W: Verilog-2050: [E:/work/pango/PDS_2025.2-ads/arch/vendor/pango/arch/cdt/debug_core_rtls_pdir/ips_dbc_trigger_condition_v1_3.vp(line number: 339)] An input port depth is the target of assignment, please check if this is intentional.
W: Verilog-2050: [E:/work/pango/PDS_2025.2-ads/arch/vendor/pango/arch/cdt/debug_core_rtls_pdir/ips_dbc_trigger_condition_v1_3.vp(line number: 339)] An input port depth is the target of assignment, please check if this is intentional.
W: Verilog-2050: [E:/work/pango/PDS_2025.2-ads/arch/vendor/pango/arch/cdt/debug_core_rtls_pdir/ips_dbc_trigger_condition_v1_3.vp(line number: 339)] An input port depth is the target of assignment, please check if this is intentional.
I: Verilog-0004: [E:/work/pango/PDS_2025.2-ads/arch/vendor/pango/arch/cdt/debug_core_rtls_pdir/ips_dbc_trigger_condition_v1_3.vp(line number: 383)] Elaborating instance u_cfg_reg_file.
I: Verilog-0003: [E:/work/pango/PDS_2025.2-ads/arch/vendor/pango/arch/cdt/debug_core_rtls_pdir/ips_dbc_cfg_reg_file_v1_0.vp(line number: 94)] Elaborating module ips_dbc_cfg_reg_file_v1_0.
W: Verilog-2050: [E:/work/pango/PDS_2025.2-ads/arch/vendor/pango/arch/cdt/debug_core_rtls_pdir/ips_dbc_cfg_reg_file_v1_0.vp(line number: 114)] An input port depth is the target of assignment, please check if this is intentional.
W: Verilog-2050: [E:/work/pango/PDS_2025.2-ads/arch/vendor/pango/arch/cdt/debug_core_rtls_pdir/ips_dbc_cfg_reg_file_v1_0.vp(line number: 114)] An input port depth is the target of assignment, please check if this is intentional.
W: Verilog-2050: [E:/work/pango/PDS_2025.2-ads/arch/vendor/pango/arch/cdt/debug_core_rtls_pdir/ips_dbc_cfg_reg_file_v1_0.vp(line number: 114)] An input port depth is the target of assignment, please check if this is intentional.
W: Verilog-2050: [E:/work/pango/PDS_2025.2-ads/arch/vendor/pango/arch/cdt/debug_core_rtls_pdir/ips_dbc_cfg_reg_file_v1_0.vp(line number: 114)] An input port depth is the target of assignment, please check if this is intentional.
W: Verilog-2050: [E:/work/pango/PDS_2025.2-ads/arch/vendor/pango/arch/cdt/debug_core_rtls_pdir/ips_dbc_cfg_reg_file_v1_0.vp(line number: 114)] An input port depth is the target of assignment, please check if this is intentional.
W: Verilog-2050: [E:/work/pango/PDS_2025.2-ads/arch/vendor/pango/arch/cdt/debug_core_rtls_pdir/ips_dbc_cfg_reg_file_v1_0.vp(line number: 114)] An input port depth is the target of assignment, please check if this is intentional.
W: Verilog-2050: [E:/work/pango/PDS_2025.2-ads/arch/vendor/pango/arch/cdt/debug_core_rtls_pdir/ips_dbc_cfg_reg_file_v1_0.vp(line number: 114)] An input port depth is the target of assignment, please check if this is intentional.
W: Verilog-2050: [E:/work/pango/PDS_2025.2-ads/arch/vendor/pango/arch/cdt/debug_core_rtls_pdir/ips_dbc_cfg_reg_file_v1_0.vp(line number: 114)] An input port depth is the target of assignment, please check if this is intentional.
W: Verilog-2050: [E:/work/pango/PDS_2025.2-ads/arch/vendor/pango/arch/cdt/debug_core_rtls_pdir/ips_dbc_cfg_reg_file_v1_0.vp(line number: 114)] An input port depth is the target of assignment, please check if this is intentional.
W: Verilog-2050: [E:/work/pango/PDS_2025.2-ads/arch/vendor/pango/arch/cdt/debug_core_rtls_pdir/ips_dbc_cfg_reg_file_v1_0.vp(line number: 114)] An input port depth is the target of assignment, please check if this is intentional.
W: Verilog-2050: [E:/work/pango/PDS_2025.2-ads/arch/vendor/pango/arch/cdt/debug_core_rtls_pdir/ips_dbc_cfg_reg_file_v1_0.vp(line number: 114)] An input port depth is the target of assignment, please check if this is intentional.
W: Verilog-2050: [E:/work/pango/PDS_2025.2-ads/arch/vendor/pango/arch/cdt/debug_core_rtls_pdir/ips_dbc_cfg_reg_file_v1_0.vp(line number: 114)] An input port depth is the target of assignment, please check if this is intentional.
W: Verilog-2050: [E:/work/pango/PDS_2025.2-ads/arch/vendor/pango/arch/cdt/debug_core_rtls_pdir/ips_dbc_cfg_reg_file_v1_0.vp(line number: 114)] An input port depth is the target of assignment, please check if this is intentional.
W: Verilog-2050: [E:/work/pango/PDS_2025.2-ads/arch/vendor/pango/arch/cdt/debug_core_rtls_pdir/ips_dbc_cfg_reg_file_v1_0.vp(line number: 114)] An input port depth is the target of assignment, please check if this is intentional.
W: Verilog-2050: [E:/work/pango/PDS_2025.2-ads/arch/vendor/pango/arch/cdt/debug_core_rtls_pdir/ips_dbc_cfg_reg_file_v1_0.vp(line number: 114)] An input port depth is the target of assignment, please check if this is intentional.
W: Verilog-2050: [E:/work/pango/PDS_2025.2-ads/arch/vendor/pango/arch/cdt/debug_core_rtls_pdir/ips_dbc_cfg_reg_file_v1_0.vp(line number: 114)] An input port depth is the target of assignment, please check if this is intentional.
W: Verilog-2050: [E:/work/pango/PDS_2025.2-ads/arch/vendor/pango/arch/cdt/debug_core_rtls_pdir/ips_dbc_cfg_reg_file_v1_0.vp(line number: 114)] An input port depth is the target of assignment, please check if this is intentional.
W: Verilog-2050: [E:/work/pango/PDS_2025.2-ads/arch/vendor/pango/arch/cdt/debug_core_rtls_pdir/ips_dbc_cfg_reg_file_v1_0.vp(line number: 114)] An input port depth is the target of assignment, please check if this is intentional.
W: Verilog-2050: [E:/work/pango/PDS_2025.2-ads/arch/vendor/pango/arch/cdt/debug_core_rtls_pdir/ips_dbc_cfg_reg_file_v1_0.vp(line number: 114)] An input port depth is the target of assignment, please check if this is intentional.
W: Verilog-2050: [E:/work/pango/PDS_2025.2-ads/arch/vendor/pango/arch/cdt/debug_core_rtls_pdir/ips_dbc_cfg_reg_file_v1_0.vp(line number: 114)] An input port depth is the target of assignment, please check if this is intentional.
W: Verilog-2050: [E:/work/pango/PDS_2025.2-ads/arch/vendor/pango/arch/cdt/debug_core_rtls_pdir/ips_dbc_cfg_reg_file_v1_0.vp(line number: 114)] An input port depth is the target of assignment, please check if this is intentional.
W: Verilog-2050: [E:/work/pango/PDS_2025.2-ads/arch/vendor/pango/arch/cdt/debug_core_rtls_pdir/ips_dbc_cfg_reg_file_v1_0.vp(line number: 114)] An input port depth is the target of assignment, please check if this is intentional.
W: Verilog-2050: [E:/work/pango/PDS_2025.2-ads/arch/vendor/pango/arch/cdt/debug_core_rtls_pdir/ips_dbc_cfg_reg_file_v1_0.vp(line number: 114)] An input port depth is the target of assignment, please check if this is intentional.
W: Verilog-2050: [E:/work/pango/PDS_2025.2-ads/arch/vendor/pango/arch/cdt/debug_core_rtls_pdir/ips_dbc_cfg_reg_file_v1_0.vp(line number: 114)] An input port depth is the target of assignment, please check if this is intentional.
W: Verilog-2050: [E:/work/pango/PDS_2025.2-ads/arch/vendor/pango/arch/cdt/debug_core_rtls_pdir/ips_dbc_cfg_reg_file_v1_0.vp(line number: 114)] An input port depth is the target of assignment, please check if this is intentional.
W: Verilog-2050: [E:/work/pango/PDS_2025.2-ads/arch/vendor/pango/arch/cdt/debug_core_rtls_pdir/ips_dbc_cfg_reg_file_v1_0.vp(line number: 114)] An input port depth is the target of assignment, please check if this is intentional.
W: Verilog-2050: [E:/work/pango/PDS_2025.2-ads/arch/vendor/pango/arch/cdt/debug_core_rtls_pdir/ips_dbc_cfg_reg_file_v1_0.vp(line number: 114)] An input port depth is the target of assignment, please check if this is intentional.
W: Verilog-2050: [E:/work/pango/PDS_2025.2-ads/arch/vendor/pango/arch/cdt/debug_core_rtls_pdir/ips_dbc_cfg_reg_file_v1_0.vp(line number: 114)] An input port depth is the target of assignment, please check if this is intentional.
W: Verilog-2050: [E:/work/pango/PDS_2025.2-ads/arch/vendor/pango/arch/cdt/debug_core_rtls_pdir/ips_dbc_cfg_reg_file_v1_0.vp(line number: 114)] An input port depth is the target of assignment, please check if this is intentional.
W: Verilog-2050: [E:/work/pango/PDS_2025.2-ads/arch/vendor/pango/arch/cdt/debug_core_rtls_pdir/ips_dbc_cfg_reg_file_v1_0.vp(line number: 114)] An input port depth is the target of assignment, please check if this is intentional.
W: Verilog-2050: [E:/work/pango/PDS_2025.2-ads/arch/vendor/pango/arch/cdt/debug_core_rtls_pdir/ips_dbc_cfg_reg_file_v1_0.vp(line number: 114)] An input port depth is the target of assignment, please check if this is intentional.
W: Verilog-2050: [E:/work/pango/PDS_2025.2-ads/arch/vendor/pango/arch/cdt/debug_core_rtls_pdir/ips_dbc_cfg_reg_file_v1_0.vp(line number: 114)] An input port depth is the target of assignment, please check if this is intentional.
W: Verilog-2050: [E:/work/pango/PDS_2025.2-ads/arch/vendor/pango/arch/cdt/debug_core_rtls_pdir/ips_dbc_cfg_reg_file_v1_0.vp(line number: 114)] An input port depth is the target of assignment, please check if this is intentional.
W: Verilog-2050: [E:/work/pango/PDS_2025.2-ads/arch/vendor/pango/arch/cdt/debug_core_rtls_pdir/ips_dbc_cfg_reg_file_v1_0.vp(line number: 114)] An input port depth is the target of assignment, please check if this is intentional.
W: Verilog-2050: [E:/work/pango/PDS_2025.2-ads/arch/vendor/pango/arch/cdt/debug_core_rtls_pdir/ips_dbc_cfg_reg_file_v1_0.vp(line number: 114)] An input port depth is the target of assignment, please check if this is intentional.
W: Verilog-2050: [E:/work/pango/PDS_2025.2-ads/arch/vendor/pango/arch/cdt/debug_core_rtls_pdir/ips_dbc_cfg_reg_file_v1_0.vp(line number: 114)] An input port depth is the target of assignment, please check if this is intentional.
W: Verilog-2050: [E:/work/pango/PDS_2025.2-ads/arch/vendor/pango/arch/cdt/debug_core_rtls_pdir/ips_dbc_cfg_reg_file_v1_0.vp(line number: 114)] An input port depth is the target of assignment, please check if this is intentional.
W: Verilog-2050: [E:/work/pango/PDS_2025.2-ads/arch/vendor/pango/arch/cdt/debug_core_rtls_pdir/ips_dbc_cfg_reg_file_v1_0.vp(line number: 114)] An input port depth is the target of assignment, please check if this is intentional.
W: Verilog-2050: [E:/work/pango/PDS_2025.2-ads/arch/vendor/pango/arch/cdt/debug_core_rtls_pdir/ips_dbc_cfg_reg_file_v1_0.vp(line number: 114)] An input port depth is the target of assignment, please check if this is intentional.
W: Verilog-2050: [E:/work/pango/PDS_2025.2-ads/arch/vendor/pango/arch/cdt/debug_core_rtls_pdir/ips_dbc_cfg_reg_file_v1_0.vp(line number: 114)] An input port depth is the target of assignment, please check if this is intentional.
W: Verilog-2050: [E:/work/pango/PDS_2025.2-ads/arch/vendor/pango/arch/cdt/debug_core_rtls_pdir/ips_dbc_cfg_reg_file_v1_0.vp(line number: 114)] An input port depth is the target of assignment, please check if this is intentional.
W: Verilog-2050: [E:/work/pango/PDS_2025.2-ads/arch/vendor/pango/arch/cdt/debug_core_rtls_pdir/ips_dbc_cfg_reg_file_v1_0.vp(line number: 114)] An input port depth is the target of assignment, please check if this is intentional.
W: Verilog-2050: [E:/work/pango/PDS_2025.2-ads/arch/vendor/pango/arch/cdt/debug_core_rtls_pdir/ips_dbc_cfg_reg_file_v1_0.vp(line number: 114)] An input port depth is the target of assignment, please check if this is intentional.
W: Verilog-2050: [E:/work/pango/PDS_2025.2-ads/arch/vendor/pango/arch/cdt/debug_core_rtls_pdir/ips_dbc_cfg_reg_file_v1_0.vp(line number: 114)] An input port depth is the target of assignment, please check if this is intentional.
W: Verilog-2050: [E:/work/pango/PDS_2025.2-ads/arch/vendor/pango/arch/cdt/debug_core_rtls_pdir/ips_dbc_cfg_reg_file_v1_0.vp(line number: 114)] An input port depth is the target of assignment, please check if this is intentional.
W: Verilog-2050: [E:/work/pango/PDS_2025.2-ads/arch/vendor/pango/arch/cdt/debug_core_rtls_pdir/ips_dbc_cfg_reg_file_v1_0.vp(line number: 114)] An input port depth is the target of assignment, please check if this is intentional.
W: Verilog-2050: [E:/work/pango/PDS_2025.2-ads/arch/vendor/pango/arch/cdt/debug_core_rtls_pdir/ips_dbc_cfg_reg_file_v1_0.vp(line number: 114)] An input port depth is the target of assignment, please check if this is intentional.
W: Verilog-2050: [E:/work/pango/PDS_2025.2-ads/arch/vendor/pango/arch/cdt/debug_core_rtls_pdir/ips_dbc_cfg_reg_file_v1_0.vp(line number: 114)] An input port depth is the target of assignment, please check if this is intentional.
W: Verilog-2050: [E:/work/pango/PDS_2025.2-ads/arch/vendor/pango/arch/cdt/debug_core_rtls_pdir/ips_dbc_cfg_reg_file_v1_0.vp(line number: 114)] An input port depth is the target of assignment, please check if this is intentional.
W: Verilog-2050: [E:/work/pango/PDS_2025.2-ads/arch/vendor/pango/arch/cdt/debug_core_rtls_pdir/ips_dbc_cfg_reg_file_v1_0.vp(line number: 114)] An input port depth is the target of assignment, please check if this is intentional.
W: Verilog-2050: [E:/work/pango/PDS_2025.2-ads/arch/vendor/pango/arch/cdt/debug_core_rtls_pdir/ips_dbc_trigger_condition_v1_3.vp(line number: 339)] An input port depth is the target of assignment, please check if this is intentional.
W: Verilog-2050: [E:/work/pango/PDS_2025.2-ads/arch/vendor/pango/arch/cdt/debug_core_rtls_pdir/ips_dbc_trigger_condition_v1_3.vp(line number: 339)] An input port depth is the target of assignment, please check if this is intentional.
W: Verilog-2050: [E:/work/pango/PDS_2025.2-ads/arch/vendor/pango/arch/cdt/debug_core_rtls_pdir/ips_dbc_trigger_condition_v1_3.vp(line number: 339)] An input port depth is the target of assignment, please check if this is intentional.
W: Verilog-2050: [E:/work/pango/PDS_2025.2-ads/arch/vendor/pango/arch/cdt/debug_core_rtls_pdir/ips_dbc_trigger_condition_v1_3.vp(line number: 339)] An input port depth is the target of assignment, please check if this is intentional.
W: Verilog-2050: [E:/work/pango/PDS_2025.2-ads/arch/vendor/pango/arch/cdt/debug_core_rtls_pdir/ips_dbc_trigger_condition_v1_3.vp(line number: 339)] An input port depth is the target of assignment, please check if this is intentional.
W: Verilog-2050: [E:/work/pango/PDS_2025.2-ads/arch/vendor/pango/arch/cdt/debug_core_rtls_pdir/ips_dbc_trigger_condition_v1_3.vp(line number: 339)] An input port depth is the target of assignment, please check if this is intentional.
W: Verilog-2050: [E:/work/pango/PDS_2025.2-ads/arch/vendor/pango/arch/cdt/debug_core_rtls_pdir/ips_dbc_trigger_condition_v1_3.vp(line number: 339)] An input port depth is the target of assignment, please check if this is intentional.
W: Verilog-2050: [E:/work/pango/PDS_2025.2-ads/arch/vendor/pango/arch/cdt/debug_core_rtls_pdir/ips_dbc_trigger_condition_v1_3.vp(line number: 339)] An input port depth is the target of assignment, please check if this is intentional.
W: Verilog-2050: [E:/work/pango/PDS_2025.2-ads/arch/vendor/pango/arch/cdt/debug_core_rtls_pdir/ips_dbc_trigger_condition_v1_3.vp(line number: 339)] An input port depth is the target of assignment, please check if this is intentional.
W: Verilog-2050: [E:/work/pango/PDS_2025.2-ads/arch/vendor/pango/arch/cdt/debug_core_rtls_pdir/ips_dbc_trigger_condition_v1_3.vp(line number: 339)] An input port depth is the target of assignment, please check if this is intentional.
W: Verilog-2050: [E:/work/pango/PDS_2025.2-ads/arch/vendor/pango/arch/cdt/debug_core_rtls_pdir/ips_dbc_trigger_condition_v1_3.vp(line number: 339)] An input port depth is the target of assignment, please check if this is intentional.
W: Verilog-2050: [E:/work/pango/PDS_2025.2-ads/arch/vendor/pango/arch/cdt/debug_core_rtls_pdir/ips_dbc_trigger_condition_v1_3.vp(line number: 339)] An input port depth is the target of assignment, please check if this is intentional.
W: Verilog-2050: [E:/work/pango/PDS_2025.2-ads/arch/vendor/pango/arch/cdt/debug_core_rtls_pdir/ips_dbc_trigger_condition_v1_3.vp(line number: 339)] An input port depth is the target of assignment, please check if this is intentional.
W: Verilog-2050: [E:/work/pango/PDS_2025.2-ads/arch/vendor/pango/arch/cdt/debug_core_rtls_pdir/ips_dbc_trigger_condition_v1_3.vp(line number: 339)] An input port depth is the target of assignment, please check if this is intentional.
W: Verilog-2050: [E:/work/pango/PDS_2025.2-ads/arch/vendor/pango/arch/cdt/debug_core_rtls_pdir/ips_dbc_trigger_condition_v1_3.vp(line number: 339)] An input port depth is the target of assignment, please check if this is intentional.
W: Verilog-2050: [E:/work/pango/PDS_2025.2-ads/arch/vendor/pango/arch/cdt/debug_core_rtls_pdir/ips_dbc_trigger_condition_v1_3.vp(line number: 339)] An input port depth is the target of assignment, please check if this is intentional.
W: Verilog-2050: [E:/work/pango/PDS_2025.2-ads/arch/vendor/pango/arch/cdt/debug_core_rtls_pdir/ips_dbc_trigger_condition_v1_3.vp(line number: 339)] An input port depth is the target of assignment, please check if this is intentional.
W: Verilog-2050: [E:/work/pango/PDS_2025.2-ads/arch/vendor/pango/arch/cdt/debug_core_rtls_pdir/ips_dbc_trigger_condition_v1_3.vp(line number: 339)] An input port depth is the target of assignment, please check if this is intentional.
W: Verilog-2050: [E:/work/pango/PDS_2025.2-ads/arch/vendor/pango/arch/cdt/debug_core_rtls_pdir/ips_dbc_trigger_condition_v1_3.vp(line number: 339)] An input port depth is the target of assignment, please check if this is intentional.
W: Verilog-2050: [E:/work/pango/PDS_2025.2-ads/arch/vendor/pango/arch/cdt/debug_core_rtls_pdir/ips_dbc_trigger_condition_v1_3.vp(line number: 339)] An input port depth is the target of assignment, please check if this is intentional.
W: Verilog-2050: [E:/work/pango/PDS_2025.2-ads/arch/vendor/pango/arch/cdt/debug_core_rtls_pdir/ips_dbc_trigger_condition_v1_3.vp(line number: 339)] An input port depth is the target of assignment, please check if this is intentional.
W: Verilog-2050: [E:/work/pango/PDS_2025.2-ads/arch/vendor/pango/arch/cdt/debug_core_rtls_pdir/ips_dbc_trigger_condition_v1_3.vp(line number: 339)] An input port depth is the target of assignment, please check if this is intentional.
W: Verilog-2050: [E:/work/pango/PDS_2025.2-ads/arch/vendor/pango/arch/cdt/debug_core_rtls_pdir/ips_dbc_trigger_condition_v1_3.vp(line number: 339)] An input port depth is the target of assignment, please check if this is intentional.
W: Verilog-2050: [E:/work/pango/PDS_2025.2-ads/arch/vendor/pango/arch/cdt/debug_core_rtls_pdir/ips_dbc_trigger_condition_v1_3.vp(line number: 339)] An input port depth is the target of assignment, please check if this is intentional.
W: Verilog-2050: [E:/work/pango/PDS_2025.2-ads/arch/vendor/pango/arch/cdt/debug_core_rtls_pdir/ips_dbc_trigger_condition_v1_3.vp(line number: 339)] An input port depth is the target of assignment, please check if this is intentional.
W: Verilog-2050: [E:/work/pango/PDS_2025.2-ads/arch/vendor/pango/arch/cdt/debug_core_rtls_pdir/ips_dbc_trigger_condition_v1_3.vp(line number: 339)] An input port depth is the target of assignment, please check if this is intentional.
W: Verilog-2050: [E:/work/pango/PDS_2025.2-ads/arch/vendor/pango/arch/cdt/debug_core_rtls_pdir/ips_dbc_trigger_condition_v1_3.vp(line number: 339)] An input port depth is the target of assignment, please check if this is intentional.
W: Verilog-2050: [E:/work/pango/PDS_2025.2-ads/arch/vendor/pango/arch/cdt/debug_core_rtls_pdir/ips_dbc_trigger_condition_v1_3.vp(line number: 339)] An input port depth is the target of assignment, please check if this is intentional.
W: Verilog-2050: [E:/work/pango/PDS_2025.2-ads/arch/vendor/pango/arch/cdt/debug_core_rtls_pdir/ips_dbc_trigger_condition_v1_3.vp(line number: 339)] An input port depth is the target of assignment, please check if this is intentional.
W: Verilog-2050: [E:/work/pango/PDS_2025.2-ads/arch/vendor/pango/arch/cdt/debug_core_rtls_pdir/ips_dbc_trigger_condition_v1_3.vp(line number: 339)] An input port depth is the target of assignment, please check if this is intentional.
W: Verilog-2050: [E:/work/pango/PDS_2025.2-ads/arch/vendor/pango/arch/cdt/debug_core_rtls_pdir/ips_dbc_trigger_condition_v1_3.vp(line number: 339)] An input port depth is the target of assignment, please check if this is intentional.
W: Verilog-2050: [E:/work/pango/PDS_2025.2-ads/arch/vendor/pango/arch/cdt/debug_core_rtls_pdir/ips_dbc_trigger_condition_v1_3.vp(line number: 339)] An input port depth is the target of assignment, please check if this is intentional.
W: Verilog-2021: [E:/work/pango/PDS_2025.2-ads/arch/vendor/pango/arch/cdt/debug_core_rtls_pdir/ips_dbc_trigger_condition_v1_3.vp(line number: 517)] Net seq_match_s in ips_dbc_trigger_condition_v1_3(original module ips_dbc_trigger_condition_v1_3) does not have a driver, tie it to 0.
I: Verilog-0004: [E:/work/pango/PDS_2025.2-ads/arch/vendor/pango/arch/cdt/debug_core_rtls_pdir/ips_dbc_debug_core_v1_4.vp(line number: 5911)] Elaborating instance u_Storage_Condition.
I: Verilog-0003: [E:/work/pango/PDS_2025.2-ads/arch/vendor/pango/arch/cdt/debug_core_rtls_pdir/ips_dbc_storage_condition_v1_3.vp(line number: 493)] Elaborating module ips_dbc_storage_condition_v1_3.
W: Verilog-2050: [E:/work/pango/PDS_2025.2-ads/arch/vendor/pango/arch/cdt/debug_core_rtls_pdir/ips_dbc_storage_condition_v1_3.vp(line number: 532)] An input port depth is the target of assignment, please check if this is intentional.
W: Verilog-2050: [E:/work/pango/PDS_2025.2-ads/arch/vendor/pango/arch/cdt/debug_core_rtls_pdir/ips_dbc_storage_condition_v1_3.vp(line number: 532)] An input port depth is the target of assignment, please check if this is intentional.
W: Verilog-2050: [E:/work/pango/PDS_2025.2-ads/arch/vendor/pango/arch/cdt/debug_core_rtls_pdir/ips_dbc_storage_condition_v1_3.vp(line number: 532)] An input port depth is the target of assignment, please check if this is intentional.
W: Verilog-2050: [E:/work/pango/PDS_2025.2-ads/arch/vendor/pango/arch/cdt/debug_core_rtls_pdir/ips_dbc_storage_condition_v1_3.vp(line number: 532)] An input port depth is the target of assignment, please check if this is intentional.
W: Verilog-2050: [E:/work/pango/PDS_2025.2-ads/arch/vendor/pango/arch/cdt/debug_core_rtls_pdir/ips_dbc_storage_condition_v1_3.vp(line number: 532)] An input port depth is the target of assignment, please check if this is intentional.
W: Verilog-2050: [E:/work/pango/PDS_2025.2-ads/arch/vendor/pango/arch/cdt/debug_core_rtls_pdir/ips_dbc_storage_condition_v1_3.vp(line number: 532)] An input port depth is the target of assignment, please check if this is intentional.
W: Verilog-2050: [E:/work/pango/PDS_2025.2-ads/arch/vendor/pango/arch/cdt/debug_core_rtls_pdir/ips_dbc_storage_condition_v1_3.vp(line number: 532)] An input port depth is the target of assignment, please check if this is intentional.
W: Verilog-2050: [E:/work/pango/PDS_2025.2-ads/arch/vendor/pango/arch/cdt/debug_core_rtls_pdir/ips_dbc_storage_condition_v1_3.vp(line number: 532)] An input port depth is the target of assignment, please check if this is intentional.
W: Verilog-2050: [E:/work/pango/PDS_2025.2-ads/arch/vendor/pango/arch/cdt/debug_core_rtls_pdir/ips_dbc_storage_condition_v1_3.vp(line number: 532)] An input port depth is the target of assignment, please check if this is intentional.
W: Verilog-2050: [E:/work/pango/PDS_2025.2-ads/arch/vendor/pango/arch/cdt/debug_core_rtls_pdir/ips_dbc_storage_condition_v1_3.vp(line number: 532)] An input port depth is the target of assignment, please check if this is intentional.
W: Verilog-2050: [E:/work/pango/PDS_2025.2-ads/arch/vendor/pango/arch/cdt/debug_core_rtls_pdir/ips_dbc_storage_condition_v1_3.vp(line number: 532)] An input port depth is the target of assignment, please check if this is intentional.
W: Verilog-2050: [E:/work/pango/PDS_2025.2-ads/arch/vendor/pango/arch/cdt/debug_core_rtls_pdir/ips_dbc_storage_condition_v1_3.vp(line number: 532)] An input port depth is the target of assignment, please check if this is intentional.
W: Verilog-2050: [E:/work/pango/PDS_2025.2-ads/arch/vendor/pango/arch/cdt/debug_core_rtls_pdir/ips_dbc_storage_condition_v1_3.vp(line number: 532)] An input port depth is the target of assignment, please check if this is intentional.
W: Verilog-2050: [E:/work/pango/PDS_2025.2-ads/arch/vendor/pango/arch/cdt/debug_core_rtls_pdir/ips_dbc_storage_condition_v1_3.vp(line number: 532)] An input port depth is the target of assignment, please check if this is intentional.
W: Verilog-2050: [E:/work/pango/PDS_2025.2-ads/arch/vendor/pango/arch/cdt/debug_core_rtls_pdir/ips_dbc_storage_condition_v1_3.vp(line number: 532)] An input port depth is the target of assignment, please check if this is intentional.
W: Verilog-2050: [E:/work/pango/PDS_2025.2-ads/arch/vendor/pango/arch/cdt/debug_core_rtls_pdir/ips_dbc_storage_condition_v1_3.vp(line number: 532)] An input port depth is the target of assignment, please check if this is intentional.
W: Verilog-2050: [E:/work/pango/PDS_2025.2-ads/arch/vendor/pango/arch/cdt/debug_core_rtls_pdir/ips_dbc_storage_condition_v1_3.vp(line number: 532)] An input port depth is the target of assignment, please check if this is intentional.
W: Verilog-2050: [E:/work/pango/PDS_2025.2-ads/arch/vendor/pango/arch/cdt/debug_core_rtls_pdir/ips_dbc_storage_condition_v1_3.vp(line number: 532)] An input port depth is the target of assignment, please check if this is intentional.
W: Verilog-2050: [E:/work/pango/PDS_2025.2-ads/arch/vendor/pango/arch/cdt/debug_core_rtls_pdir/ips_dbc_storage_condition_v1_3.vp(line number: 532)] An input port depth is the target of assignment, please check if this is intentional.
W: Verilog-2050: [E:/work/pango/PDS_2025.2-ads/arch/vendor/pango/arch/cdt/debug_core_rtls_pdir/ips_dbc_storage_condition_v1_3.vp(line number: 532)] An input port depth is the target of assignment, please check if this is intentional.
I: Verilog-0004: [E:/work/pango/PDS_2025.2-ads/arch/vendor/pango/arch/cdt/debug_core_rtls_pdir/ips_dbc_storage_condition_v1_3.vp(line number: 574)] Elaborating instance u_cfg_reg_file.
I: Verilog-0003: [E:/work/pango/PDS_2025.2-ads/arch/vendor/pango/arch/cdt/debug_core_rtls_pdir/ips_dbc_cfg_reg_file_v1_0.vp(line number: 94)] Elaborating module ips_dbc_cfg_reg_file_v1_0.
W: Verilog-2050: [E:/work/pango/PDS_2025.2-ads/arch/vendor/pango/arch/cdt/debug_core_rtls_pdir/ips_dbc_cfg_reg_file_v1_0.vp(line number: 114)] An input port depth is the target of assignment, please check if this is intentional.
W: Verilog-2050: [E:/work/pango/PDS_2025.2-ads/arch/vendor/pango/arch/cdt/debug_core_rtls_pdir/ips_dbc_cfg_reg_file_v1_0.vp(line number: 114)] An input port depth is the target of assignment, please check if this is intentional.
W: Verilog-2050: [E:/work/pango/PDS_2025.2-ads/arch/vendor/pango/arch/cdt/debug_core_rtls_pdir/ips_dbc_cfg_reg_file_v1_0.vp(line number: 114)] An input port depth is the target of assignment, please check if this is intentional.
W: Verilog-2050: [E:/work/pango/PDS_2025.2-ads/arch/vendor/pango/arch/cdt/debug_core_rtls_pdir/ips_dbc_cfg_reg_file_v1_0.vp(line number: 114)] An input port depth is the target of assignment, please check if this is intentional.
W: Verilog-2050: [E:/work/pango/PDS_2025.2-ads/arch/vendor/pango/arch/cdt/debug_core_rtls_pdir/ips_dbc_cfg_reg_file_v1_0.vp(line number: 114)] An input port depth is the target of assignment, please check if this is intentional.
W: Verilog-2050: [E:/work/pango/PDS_2025.2-ads/arch/vendor/pango/arch/cdt/debug_core_rtls_pdir/ips_dbc_cfg_reg_file_v1_0.vp(line number: 114)] An input port depth is the target of assignment, please check if this is intentional.
W: Verilog-2050: [E:/work/pango/PDS_2025.2-ads/arch/vendor/pango/arch/cdt/debug_core_rtls_pdir/ips_dbc_cfg_reg_file_v1_0.vp(line number: 114)] An input port depth is the target of assignment, please check if this is intentional.
W: Verilog-2050: [E:/work/pango/PDS_2025.2-ads/arch/vendor/pango/arch/cdt/debug_core_rtls_pdir/ips_dbc_cfg_reg_file_v1_0.vp(line number: 114)] An input port depth is the target of assignment, please check if this is intentional.
W: Verilog-2050: [E:/work/pango/PDS_2025.2-ads/arch/vendor/pango/arch/cdt/debug_core_rtls_pdir/ips_dbc_cfg_reg_file_v1_0.vp(line number: 114)] An input port depth is the target of assignment, please check if this is intentional.
W: Verilog-2050: [E:/work/pango/PDS_2025.2-ads/arch/vendor/pango/arch/cdt/debug_core_rtls_pdir/ips_dbc_cfg_reg_file_v1_0.vp(line number: 114)] An input port depth is the target of assignment, please check if this is intentional.
W: Verilog-2050: [E:/work/pango/PDS_2025.2-ads/arch/vendor/pango/arch/cdt/debug_core_rtls_pdir/ips_dbc_cfg_reg_file_v1_0.vp(line number: 114)] An input port depth is the target of assignment, please check if this is intentional.
W: Verilog-2050: [E:/work/pango/PDS_2025.2-ads/arch/vendor/pango/arch/cdt/debug_core_rtls_pdir/ips_dbc_cfg_reg_file_v1_0.vp(line number: 114)] An input port depth is the target of assignment, please check if this is intentional.
W: Verilog-2050: [E:/work/pango/PDS_2025.2-ads/arch/vendor/pango/arch/cdt/debug_core_rtls_pdir/ips_dbc_cfg_reg_file_v1_0.vp(line number: 114)] An input port depth is the target of assignment, please check if this is intentional.
W: Verilog-2050: [E:/work/pango/PDS_2025.2-ads/arch/vendor/pango/arch/cdt/debug_core_rtls_pdir/ips_dbc_cfg_reg_file_v1_0.vp(line number: 114)] An input port depth is the target of assignment, please check if this is intentional.
W: Verilog-2050: [E:/work/pango/PDS_2025.2-ads/arch/vendor/pango/arch/cdt/debug_core_rtls_pdir/ips_dbc_cfg_reg_file_v1_0.vp(line number: 114)] An input port depth is the target of assignment, please check if this is intentional.
W: Verilog-2050: [E:/work/pango/PDS_2025.2-ads/arch/vendor/pango/arch/cdt/debug_core_rtls_pdir/ips_dbc_cfg_reg_file_v1_0.vp(line number: 114)] An input port depth is the target of assignment, please check if this is intentional.
W: Verilog-2050: [E:/work/pango/PDS_2025.2-ads/arch/vendor/pango/arch/cdt/debug_core_rtls_pdir/ips_dbc_cfg_reg_file_v1_0.vp(line number: 114)] An input port depth is the target of assignment, please check if this is intentional.
W: Verilog-2050: [E:/work/pango/PDS_2025.2-ads/arch/vendor/pango/arch/cdt/debug_core_rtls_pdir/ips_dbc_cfg_reg_file_v1_0.vp(line number: 114)] An input port depth is the target of assignment, please check if this is intentional.
W: Verilog-2050: [E:/work/pango/PDS_2025.2-ads/arch/vendor/pango/arch/cdt/debug_core_rtls_pdir/ips_dbc_cfg_reg_file_v1_0.vp(line number: 114)] An input port depth is the target of assignment, please check if this is intentional.
W: Verilog-2050: [E:/work/pango/PDS_2025.2-ads/arch/vendor/pango/arch/cdt/debug_core_rtls_pdir/ips_dbc_cfg_reg_file_v1_0.vp(line number: 114)] An input port depth is the target of assignment, please check if this is intentional.
W: Verilog-2050: [E:/work/pango/PDS_2025.2-ads/arch/vendor/pango/arch/cdt/debug_core_rtls_pdir/ips_dbc_cfg_reg_file_v1_0.vp(line number: 114)] An input port depth is the target of assignment, please check if this is intentional.
W: Verilog-2050: [E:/work/pango/PDS_2025.2-ads/arch/vendor/pango/arch/cdt/debug_core_rtls_pdir/ips_dbc_cfg_reg_file_v1_0.vp(line number: 114)] An input port depth is the target of assignment, please check if this is intentional.
W: Verilog-2050: [E:/work/pango/PDS_2025.2-ads/arch/vendor/pango/arch/cdt/debug_core_rtls_pdir/ips_dbc_cfg_reg_file_v1_0.vp(line number: 114)] An input port depth is the target of assignment, please check if this is intentional.
W: Verilog-2050: [E:/work/pango/PDS_2025.2-ads/arch/vendor/pango/arch/cdt/debug_core_rtls_pdir/ips_dbc_cfg_reg_file_v1_0.vp(line number: 114)] An input port depth is the target of assignment, please check if this is intentional.
W: Verilog-2050: [E:/work/pango/PDS_2025.2-ads/arch/vendor/pango/arch/cdt/debug_core_rtls_pdir/ips_dbc_cfg_reg_file_v1_0.vp(line number: 114)] An input port depth is the target of assignment, please check if this is intentional.
W: Verilog-2050: [E:/work/pango/PDS_2025.2-ads/arch/vendor/pango/arch/cdt/debug_core_rtls_pdir/ips_dbc_cfg_reg_file_v1_0.vp(line number: 114)] An input port depth is the target of assignment, please check if this is intentional.
W: Verilog-2050: [E:/work/pango/PDS_2025.2-ads/arch/vendor/pango/arch/cdt/debug_core_rtls_pdir/ips_dbc_cfg_reg_file_v1_0.vp(line number: 114)] An input port depth is the target of assignment, please check if this is intentional.
W: Verilog-2050: [E:/work/pango/PDS_2025.2-ads/arch/vendor/pango/arch/cdt/debug_core_rtls_pdir/ips_dbc_cfg_reg_file_v1_0.vp(line number: 114)] An input port depth is the target of assignment, please check if this is intentional.
W: Verilog-2050: [E:/work/pango/PDS_2025.2-ads/arch/vendor/pango/arch/cdt/debug_core_rtls_pdir/ips_dbc_cfg_reg_file_v1_0.vp(line number: 114)] An input port depth is the target of assignment, please check if this is intentional.
W: Verilog-2050: [E:/work/pango/PDS_2025.2-ads/arch/vendor/pango/arch/cdt/debug_core_rtls_pdir/ips_dbc_cfg_reg_file_v1_0.vp(line number: 114)] An input port depth is the target of assignment, please check if this is intentional.
W: Verilog-2050: [E:/work/pango/PDS_2025.2-ads/arch/vendor/pango/arch/cdt/debug_core_rtls_pdir/ips_dbc_cfg_reg_file_v1_0.vp(line number: 114)] An input port depth is the target of assignment, please check if this is intentional.
W: Verilog-2050: [E:/work/pango/PDS_2025.2-ads/arch/vendor/pango/arch/cdt/debug_core_rtls_pdir/ips_dbc_cfg_reg_file_v1_0.vp(line number: 114)] An input port depth is the target of assignment, please check if this is intentional.
W: Verilog-2050: [E:/work/pango/PDS_2025.2-ads/arch/vendor/pango/arch/cdt/debug_core_rtls_pdir/ips_dbc_cfg_reg_file_v1_0.vp(line number: 114)] An input port depth is the target of assignment, please check if this is intentional.
W: Verilog-2050: [E:/work/pango/PDS_2025.2-ads/arch/vendor/pango/arch/cdt/debug_core_rtls_pdir/ips_dbc_cfg_reg_file_v1_0.vp(line number: 114)] An input port depth is the target of assignment, please check if this is intentional.
W: Verilog-2050: [E:/work/pango/PDS_2025.2-ads/arch/vendor/pango/arch/cdt/debug_core_rtls_pdir/ips_dbc_cfg_reg_file_v1_0.vp(line number: 114)] An input port depth is the target of assignment, please check if this is intentional.
W: Verilog-2050: [E:/work/pango/PDS_2025.2-ads/arch/vendor/pango/arch/cdt/debug_core_rtls_pdir/ips_dbc_cfg_reg_file_v1_0.vp(line number: 114)] An input port depth is the target of assignment, please check if this is intentional.
W: Verilog-2050: [E:/work/pango/PDS_2025.2-ads/arch/vendor/pango/arch/cdt/debug_core_rtls_pdir/ips_dbc_cfg_reg_file_v1_0.vp(line number: 114)] An input port depth is the target of assignment, please check if this is intentional.
W: Verilog-2050: [E:/work/pango/PDS_2025.2-ads/arch/vendor/pango/arch/cdt/debug_core_rtls_pdir/ips_dbc_cfg_reg_file_v1_0.vp(line number: 114)] An input port depth is the target of assignment, please check if this is intentional.
W: Verilog-2050: [E:/work/pango/PDS_2025.2-ads/arch/vendor/pango/arch/cdt/debug_core_rtls_pdir/ips_dbc_cfg_reg_file_v1_0.vp(line number: 114)] An input port depth is the target of assignment, please check if this is intentional.
W: Verilog-2050: [E:/work/pango/PDS_2025.2-ads/arch/vendor/pango/arch/cdt/debug_core_rtls_pdir/ips_dbc_cfg_reg_file_v1_0.vp(line number: 114)] An input port depth is the target of assignment, please check if this is intentional.
W: Verilog-2050: [E:/work/pango/PDS_2025.2-ads/arch/vendor/pango/arch/cdt/debug_core_rtls_pdir/ips_dbc_cfg_reg_file_v1_0.vp(line number: 114)] An input port depth is the target of assignment, please check if this is intentional.
W: Verilog-2050: [E:/work/pango/PDS_2025.2-ads/arch/vendor/pango/arch/cdt/debug_core_rtls_pdir/ips_dbc_cfg_reg_file_v1_0.vp(line number: 114)] An input port depth is the target of assignment, please check if this is intentional.
W: Verilog-2050: [E:/work/pango/PDS_2025.2-ads/arch/vendor/pango/arch/cdt/debug_core_rtls_pdir/ips_dbc_cfg_reg_file_v1_0.vp(line number: 114)] An input port depth is the target of assignment, please check if this is intentional.
W: Verilog-2050: [E:/work/pango/PDS_2025.2-ads/arch/vendor/pango/arch/cdt/debug_core_rtls_pdir/ips_dbc_cfg_reg_file_v1_0.vp(line number: 114)] An input port depth is the target of assignment, please check if this is intentional.
W: Verilog-2050: [E:/work/pango/PDS_2025.2-ads/arch/vendor/pango/arch/cdt/debug_core_rtls_pdir/ips_dbc_cfg_reg_file_v1_0.vp(line number: 114)] An input port depth is the target of assignment, please check if this is intentional.
W: Verilog-2050: [E:/work/pango/PDS_2025.2-ads/arch/vendor/pango/arch/cdt/debug_core_rtls_pdir/ips_dbc_cfg_reg_file_v1_0.vp(line number: 114)] An input port depth is the target of assignment, please check if this is intentional.
W: Verilog-2050: [E:/work/pango/PDS_2025.2-ads/arch/vendor/pango/arch/cdt/debug_core_rtls_pdir/ips_dbc_cfg_reg_file_v1_0.vp(line number: 114)] An input port depth is the target of assignment, please check if this is intentional.
W: Verilog-2050: [E:/work/pango/PDS_2025.2-ads/arch/vendor/pango/arch/cdt/debug_core_rtls_pdir/ips_dbc_cfg_reg_file_v1_0.vp(line number: 114)] An input port depth is the target of assignment, please check if this is intentional.
W: Verilog-2050: [E:/work/pango/PDS_2025.2-ads/arch/vendor/pango/arch/cdt/debug_core_rtls_pdir/ips_dbc_cfg_reg_file_v1_0.vp(line number: 114)] An input port depth is the target of assignment, please check if this is intentional.
W: Verilog-2050: [E:/work/pango/PDS_2025.2-ads/arch/vendor/pango/arch/cdt/debug_core_rtls_pdir/ips_dbc_cfg_reg_file_v1_0.vp(line number: 114)] An input port depth is the target of assignment, please check if this is intentional.
W: Verilog-2050: [E:/work/pango/PDS_2025.2-ads/arch/vendor/pango/arch/cdt/debug_core_rtls_pdir/ips_dbc_cfg_reg_file_v1_0.vp(line number: 114)] An input port depth is the target of assignment, please check if this is intentional.
W: Verilog-2050: [E:/work/pango/PDS_2025.2-ads/arch/vendor/pango/arch/cdt/debug_core_rtls_pdir/ips_dbc_cfg_reg_file_v1_0.vp(line number: 114)] An input port depth is the target of assignment, please check if this is intentional.
W: Verilog-2050: [E:/work/pango/PDS_2025.2-ads/arch/vendor/pango/arch/cdt/debug_core_rtls_pdir/ips_dbc_cfg_reg_file_v1_0.vp(line number: 114)] An input port depth is the target of assignment, please check if this is intentional.
W: Verilog-2050: [E:/work/pango/PDS_2025.2-ads/arch/vendor/pango/arch/cdt/debug_core_rtls_pdir/ips_dbc_cfg_reg_file_v1_0.vp(line number: 114)] An input port depth is the target of assignment, please check if this is intentional.
W: Verilog-2050: [E:/work/pango/PDS_2025.2-ads/arch/vendor/pango/arch/cdt/debug_core_rtls_pdir/ips_dbc_cfg_reg_file_v1_0.vp(line number: 114)] An input port depth is the target of assignment, please check if this is intentional.
W: Verilog-2050: [E:/work/pango/PDS_2025.2-ads/arch/vendor/pango/arch/cdt/debug_core_rtls_pdir/ips_dbc_cfg_reg_file_v1_0.vp(line number: 114)] An input port depth is the target of assignment, please check if this is intentional.
W: Verilog-2050: [E:/work/pango/PDS_2025.2-ads/arch/vendor/pango/arch/cdt/debug_core_rtls_pdir/ips_dbc_cfg_reg_file_v1_0.vp(line number: 114)] An input port depth is the target of assignment, please check if this is intentional.
W: Verilog-2050: [E:/work/pango/PDS_2025.2-ads/arch/vendor/pango/arch/cdt/debug_core_rtls_pdir/ips_dbc_cfg_reg_file_v1_0.vp(line number: 114)] An input port depth is the target of assignment, please check if this is intentional.
W: Verilog-2050: [E:/work/pango/PDS_2025.2-ads/arch/vendor/pango/arch/cdt/debug_core_rtls_pdir/ips_dbc_cfg_reg_file_v1_0.vp(line number: 114)] An input port depth is the target of assignment, please check if this is intentional.
W: Verilog-2050: [E:/work/pango/PDS_2025.2-ads/arch/vendor/pango/arch/cdt/debug_core_rtls_pdir/ips_dbc_cfg_reg_file_v1_0.vp(line number: 114)] An input port depth is the target of assignment, please check if this is intentional.
W: Verilog-2050: [E:/work/pango/PDS_2025.2-ads/arch/vendor/pango/arch/cdt/debug_core_rtls_pdir/ips_dbc_cfg_reg_file_v1_0.vp(line number: 114)] An input port depth is the target of assignment, please check if this is intentional.
W: Verilog-2050: [E:/work/pango/PDS_2025.2-ads/arch/vendor/pango/arch/cdt/debug_core_rtls_pdir/ips_dbc_cfg_reg_file_v1_0.vp(line number: 114)] An input port depth is the target of assignment, please check if this is intentional.
W: Verilog-2050: [E:/work/pango/PDS_2025.2-ads/arch/vendor/pango/arch/cdt/debug_core_rtls_pdir/ips_dbc_cfg_reg_file_v1_0.vp(line number: 114)] An input port depth is the target of assignment, please check if this is intentional.
W: Verilog-2050: [E:/work/pango/PDS_2025.2-ads/arch/vendor/pango/arch/cdt/debug_core_rtls_pdir/ips_dbc_cfg_reg_file_v1_0.vp(line number: 114)] An input port depth is the target of assignment, please check if this is intentional.
W: Verilog-2050: [E:/work/pango/PDS_2025.2-ads/arch/vendor/pango/arch/cdt/debug_core_rtls_pdir/ips_dbc_cfg_reg_file_v1_0.vp(line number: 114)] An input port depth is the target of assignment, please check if this is intentional.
W: Verilog-2050: [E:/work/pango/PDS_2025.2-ads/arch/vendor/pango/arch/cdt/debug_core_rtls_pdir/ips_dbc_cfg_reg_file_v1_0.vp(line number: 114)] An input port depth is the target of assignment, please check if this is intentional.
W: Verilog-2050: [E:/work/pango/PDS_2025.2-ads/arch/vendor/pango/arch/cdt/debug_core_rtls_pdir/ips_dbc_cfg_reg_file_v1_0.vp(line number: 114)] An input port depth is the target of assignment, please check if this is intentional.
W: Verilog-2050: [E:/work/pango/PDS_2025.2-ads/arch/vendor/pango/arch/cdt/debug_core_rtls_pdir/ips_dbc_cfg_reg_file_v1_0.vp(line number: 114)] An input port depth is the target of assignment, please check if this is intentional.
W: Verilog-2050: [E:/work/pango/PDS_2025.2-ads/arch/vendor/pango/arch/cdt/debug_core_rtls_pdir/ips_dbc_cfg_reg_file_v1_0.vp(line number: 114)] An input port depth is the target of assignment, please check if this is intentional.
W: Verilog-2050: [E:/work/pango/PDS_2025.2-ads/arch/vendor/pango/arch/cdt/debug_core_rtls_pdir/ips_dbc_cfg_reg_file_v1_0.vp(line number: 114)] An input port depth is the target of assignment, please check if this is intentional.
W: Verilog-2050: [E:/work/pango/PDS_2025.2-ads/arch/vendor/pango/arch/cdt/debug_core_rtls_pdir/ips_dbc_cfg_reg_file_v1_0.vp(line number: 114)] An input port depth is the target of assignment, please check if this is intentional.
W: Verilog-2050: [E:/work/pango/PDS_2025.2-ads/arch/vendor/pango/arch/cdt/debug_core_rtls_pdir/ips_dbc_cfg_reg_file_v1_0.vp(line number: 114)] An input port depth is the target of assignment, please check if this is intentional.
W: Verilog-2050: [E:/work/pango/PDS_2025.2-ads/arch/vendor/pango/arch/cdt/debug_core_rtls_pdir/ips_dbc_cfg_reg_file_v1_0.vp(line number: 114)] An input port depth is the target of assignment, please check if this is intentional.
W: Verilog-2050: [E:/work/pango/PDS_2025.2-ads/arch/vendor/pango/arch/cdt/debug_core_rtls_pdir/ips_dbc_cfg_reg_file_v1_0.vp(line number: 114)] An input port depth is the target of assignment, please check if this is intentional.
W: Verilog-2050: [E:/work/pango/PDS_2025.2-ads/arch/vendor/pango/arch/cdt/debug_core_rtls_pdir/ips_dbc_cfg_reg_file_v1_0.vp(line number: 114)] An input port depth is the target of assignment, please check if this is intentional.
W: Verilog-2050: [E:/work/pango/PDS_2025.2-ads/arch/vendor/pango/arch/cdt/debug_core_rtls_pdir/ips_dbc_cfg_reg_file_v1_0.vp(line number: 114)] An input port depth is the target of assignment, please check if this is intentional.
W: Verilog-2050: [E:/work/pango/PDS_2025.2-ads/arch/vendor/pango/arch/cdt/debug_core_rtls_pdir/ips_dbc_cfg_reg_file_v1_0.vp(line number: 114)] An input port depth is the target of assignment, please check if this is intentional.
W: Verilog-2050: [E:/work/pango/PDS_2025.2-ads/arch/vendor/pango/arch/cdt/debug_core_rtls_pdir/ips_dbc_cfg_reg_file_v1_0.vp(line number: 114)] An input port depth is the target of assignment, please check if this is intentional.
W: Verilog-2050: [E:/work/pango/PDS_2025.2-ads/arch/vendor/pango/arch/cdt/debug_core_rtls_pdir/ips_dbc_cfg_reg_file_v1_0.vp(line number: 114)] An input port depth is the target of assignment, please check if this is intentional.
W: Verilog-2050: [E:/work/pango/PDS_2025.2-ads/arch/vendor/pango/arch/cdt/debug_core_rtls_pdir/ips_dbc_cfg_reg_file_v1_0.vp(line number: 114)] An input port depth is the target of assignment, please check if this is intentional.
W: Verilog-2050: [E:/work/pango/PDS_2025.2-ads/arch/vendor/pango/arch/cdt/debug_core_rtls_pdir/ips_dbc_cfg_reg_file_v1_0.vp(line number: 114)] An input port depth is the target of assignment, please check if this is intentional.
W: Verilog-2050: [E:/work/pango/PDS_2025.2-ads/arch/vendor/pango/arch/cdt/debug_core_rtls_pdir/ips_dbc_cfg_reg_file_v1_0.vp(line number: 114)] An input port depth is the target of assignment, please check if this is intentional.
W: Verilog-2050: [E:/work/pango/PDS_2025.2-ads/arch/vendor/pango/arch/cdt/debug_core_rtls_pdir/ips_dbc_cfg_reg_file_v1_0.vp(line number: 114)] An input port depth is the target of assignment, please check if this is intentional.
W: Verilog-2050: [E:/work/pango/PDS_2025.2-ads/arch/vendor/pango/arch/cdt/debug_core_rtls_pdir/ips_dbc_cfg_reg_file_v1_0.vp(line number: 114)] An input port depth is the target of assignment, please check if this is intentional.
W: Verilog-2050: [E:/work/pango/PDS_2025.2-ads/arch/vendor/pango/arch/cdt/debug_core_rtls_pdir/ips_dbc_cfg_reg_file_v1_0.vp(line number: 114)] An input port depth is the target of assignment, please check if this is intentional.
W: Verilog-2050: [E:/work/pango/PDS_2025.2-ads/arch/vendor/pango/arch/cdt/debug_core_rtls_pdir/ips_dbc_cfg_reg_file_v1_0.vp(line number: 114)] An input port depth is the target of assignment, please check if this is intentional.
W: Verilog-2050: [E:/work/pango/PDS_2025.2-ads/arch/vendor/pango/arch/cdt/debug_core_rtls_pdir/ips_dbc_cfg_reg_file_v1_0.vp(line number: 114)] An input port depth is the target of assignment, please check if this is intentional.
W: Verilog-2050: [E:/work/pango/PDS_2025.2-ads/arch/vendor/pango/arch/cdt/debug_core_rtls_pdir/ips_dbc_cfg_reg_file_v1_0.vp(line number: 114)] An input port depth is the target of assignment, please check if this is intentional.
W: Verilog-2050: [E:/work/pango/PDS_2025.2-ads/arch/vendor/pango/arch/cdt/debug_core_rtls_pdir/ips_dbc_cfg_reg_file_v1_0.vp(line number: 114)] An input port depth is the target of assignment, please check if this is intentional.
W: Verilog-2050: [E:/work/pango/PDS_2025.2-ads/arch/vendor/pango/arch/cdt/debug_core_rtls_pdir/ips_dbc_cfg_reg_file_v1_0.vp(line number: 114)] An input port depth is the target of assignment, please check if this is intentional.
W: Verilog-2050: [E:/work/pango/PDS_2025.2-ads/arch/vendor/pango/arch/cdt/debug_core_rtls_pdir/ips_dbc_cfg_reg_file_v1_0.vp(line number: 114)] An input port depth is the target of assignment, please check if this is intentional.
W: Verilog-2050: [E:/work/pango/PDS_2025.2-ads/arch/vendor/pango/arch/cdt/debug_core_rtls_pdir/ips_dbc_cfg_reg_file_v1_0.vp(line number: 114)] An input port depth is the target of assignment, please check if this is intentional.
W: Verilog-2050: [E:/work/pango/PDS_2025.2-ads/arch/vendor/pango/arch/cdt/debug_core_rtls_pdir/ips_dbc_cfg_reg_file_v1_0.vp(line number: 114)] An input port depth is the target of assignment, please check if this is intentional.
W: Verilog-2050: [E:/work/pango/PDS_2025.2-ads/arch/vendor/pango/arch/cdt/debug_core_rtls_pdir/ips_dbc_cfg_reg_file_v1_0.vp(line number: 114)] An input port depth is the target of assignment, please check if this is intentional.
W: Verilog-2050: [E:/work/pango/PDS_2025.2-ads/arch/vendor/pango/arch/cdt/debug_core_rtls_pdir/ips_dbc_cfg_reg_file_v1_0.vp(line number: 114)] An input port depth is the target of assignment, please check if this is intentional.
W: Verilog-2050: [E:/work/pango/PDS_2025.2-ads/arch/vendor/pango/arch/cdt/debug_core_rtls_pdir/ips_dbc_cfg_reg_file_v1_0.vp(line number: 114)] An input port depth is the target of assignment, please check if this is intentional.
W: Verilog-2050: [E:/work/pango/PDS_2025.2-ads/arch/vendor/pango/arch/cdt/debug_core_rtls_pdir/ips_dbc_cfg_reg_file_v1_0.vp(line number: 114)] An input port depth is the target of assignment, please check if this is intentional.
W: Verilog-2050: [E:/work/pango/PDS_2025.2-ads/arch/vendor/pango/arch/cdt/debug_core_rtls_pdir/ips_dbc_cfg_reg_file_v1_0.vp(line number: 114)] An input port depth is the target of assignment, please check if this is intentional.
W: Verilog-2050: [E:/work/pango/PDS_2025.2-ads/arch/vendor/pango/arch/cdt/debug_core_rtls_pdir/ips_dbc_cfg_reg_file_v1_0.vp(line number: 114)] An input port depth is the target of assignment, please check if this is intentional.
W: Verilog-2050: [E:/work/pango/PDS_2025.2-ads/arch/vendor/pango/arch/cdt/debug_core_rtls_pdir/ips_dbc_cfg_reg_file_v1_0.vp(line number: 114)] An input port depth is the target of assignment, please check if this is intentional.
W: Verilog-2050: [E:/work/pango/PDS_2025.2-ads/arch/vendor/pango/arch/cdt/debug_core_rtls_pdir/ips_dbc_cfg_reg_file_v1_0.vp(line number: 114)] An input port depth is the target of assignment, please check if this is intentional.
W: Verilog-2050: [E:/work/pango/PDS_2025.2-ads/arch/vendor/pango/arch/cdt/debug_core_rtls_pdir/ips_dbc_cfg_reg_file_v1_0.vp(line number: 114)] An input port depth is the target of assignment, please check if this is intentional.
W: Verilog-2050: [E:/work/pango/PDS_2025.2-ads/arch/vendor/pango/arch/cdt/debug_core_rtls_pdir/ips_dbc_cfg_reg_file_v1_0.vp(line number: 114)] An input port depth is the target of assignment, please check if this is intentional.
W: Verilog-2050: [E:/work/pango/PDS_2025.2-ads/arch/vendor/pango/arch/cdt/debug_core_rtls_pdir/ips_dbc_cfg_reg_file_v1_0.vp(line number: 114)] An input port depth is the target of assignment, please check if this is intentional.
W: Verilog-2050: [E:/work/pango/PDS_2025.2-ads/arch/vendor/pango/arch/cdt/debug_core_rtls_pdir/ips_dbc_cfg_reg_file_v1_0.vp(line number: 114)] An input port depth is the target of assignment, please check if this is intentional.
W: Verilog-2050: [E:/work/pango/PDS_2025.2-ads/arch/vendor/pango/arch/cdt/debug_core_rtls_pdir/ips_dbc_cfg_reg_file_v1_0.vp(line number: 114)] An input port depth is the target of assignment, please check if this is intentional.
W: Verilog-2050: [E:/work/pango/PDS_2025.2-ads/arch/vendor/pango/arch/cdt/debug_core_rtls_pdir/ips_dbc_cfg_reg_file_v1_0.vp(line number: 114)] An input port depth is the target of assignment, please check if this is intentional.
W: Verilog-2050: [E:/work/pango/PDS_2025.2-ads/arch/vendor/pango/arch/cdt/debug_core_rtls_pdir/ips_dbc_cfg_reg_file_v1_0.vp(line number: 114)] An input port depth is the target of assignment, please check if this is intentional.
W: Verilog-2050: [E:/work/pango/PDS_2025.2-ads/arch/vendor/pango/arch/cdt/debug_core_rtls_pdir/ips_dbc_cfg_reg_file_v1_0.vp(line number: 114)] An input port depth is the target of assignment, please check if this is intentional.
W: Verilog-2050: [E:/work/pango/PDS_2025.2-ads/arch/vendor/pango/arch/cdt/debug_core_rtls_pdir/ips_dbc_cfg_reg_file_v1_0.vp(line number: 114)] An input port depth is the target of assignment, please check if this is intentional.
W: Verilog-2050: [E:/work/pango/PDS_2025.2-ads/arch/vendor/pango/arch/cdt/debug_core_rtls_pdir/ips_dbc_cfg_reg_file_v1_0.vp(line number: 114)] An input port depth is the target of assignment, please check if this is intentional.
W: Verilog-2050: [E:/work/pango/PDS_2025.2-ads/arch/vendor/pango/arch/cdt/debug_core_rtls_pdir/ips_dbc_cfg_reg_file_v1_0.vp(line number: 114)] An input port depth is the target of assignment, please check if this is intentional.
W: Verilog-2050: [E:/work/pango/PDS_2025.2-ads/arch/vendor/pango/arch/cdt/debug_core_rtls_pdir/ips_dbc_cfg_reg_file_v1_0.vp(line number: 114)] An input port depth is the target of assignment, please check if this is intentional.
W: Verilog-2050: [E:/work/pango/PDS_2025.2-ads/arch/vendor/pango/arch/cdt/debug_core_rtls_pdir/ips_dbc_cfg_reg_file_v1_0.vp(line number: 114)] An input port depth is the target of assignment, please check if this is intentional.
W: Verilog-2050: [E:/work/pango/PDS_2025.2-ads/arch/vendor/pango/arch/cdt/debug_core_rtls_pdir/ips_dbc_cfg_reg_file_v1_0.vp(line number: 114)] An input port depth is the target of assignment, please check if this is intentional.
W: Verilog-2050: [E:/work/pango/PDS_2025.2-ads/arch/vendor/pango/arch/cdt/debug_core_rtls_pdir/ips_dbc_cfg_reg_file_v1_0.vp(line number: 114)] An input port depth is the target of assignment, please check if this is intentional.
W: Verilog-2050: [E:/work/pango/PDS_2025.2-ads/arch/vendor/pango/arch/cdt/debug_core_rtls_pdir/ips_dbc_cfg_reg_file_v1_0.vp(line number: 114)] An input port depth is the target of assignment, please check if this is intentional.
W: Verilog-2050: [E:/work/pango/PDS_2025.2-ads/arch/vendor/pango/arch/cdt/debug_core_rtls_pdir/ips_dbc_cfg_reg_file_v1_0.vp(line number: 114)] An input port depth is the target of assignment, please check if this is intentional.
W: Verilog-2050: [E:/work/pango/PDS_2025.2-ads/arch/vendor/pango/arch/cdt/debug_core_rtls_pdir/ips_dbc_cfg_reg_file_v1_0.vp(line number: 114)] An input port depth is the target of assignment, please check if this is intentional.
W: Verilog-2050: [E:/work/pango/PDS_2025.2-ads/arch/vendor/pango/arch/cdt/debug_core_rtls_pdir/ips_dbc_cfg_reg_file_v1_0.vp(line number: 114)] An input port depth is the target of assignment, please check if this is intentional.
W: Verilog-2050: [E:/work/pango/PDS_2025.2-ads/arch/vendor/pango/arch/cdt/debug_core_rtls_pdir/ips_dbc_cfg_reg_file_v1_0.vp(line number: 114)] An input port depth is the target of assignment, please check if this is intentional.
W: Verilog-2050: [E:/work/pango/PDS_2025.2-ads/arch/vendor/pango/arch/cdt/debug_core_rtls_pdir/ips_dbc_cfg_reg_file_v1_0.vp(line number: 114)] An input port depth is the target of assignment, please check if this is intentional.
W: Verilog-2050: [E:/work/pango/PDS_2025.2-ads/arch/vendor/pango/arch/cdt/debug_core_rtls_pdir/ips_dbc_cfg_reg_file_v1_0.vp(line number: 114)] An input port depth is the target of assignment, please check if this is intentional.
W: Verilog-2050: [E:/work/pango/PDS_2025.2-ads/arch/vendor/pango/arch/cdt/debug_core_rtls_pdir/ips_dbc_cfg_reg_file_v1_0.vp(line number: 114)] An input port depth is the target of assignment, please check if this is intentional.
W: Verilog-2050: [E:/work/pango/PDS_2025.2-ads/arch/vendor/pango/arch/cdt/debug_core_rtls_pdir/ips_dbc_cfg_reg_file_v1_0.vp(line number: 114)] An input port depth is the target of assignment, please check if this is intentional.
W: Verilog-2050: [E:/work/pango/PDS_2025.2-ads/arch/vendor/pango/arch/cdt/debug_core_rtls_pdir/ips_dbc_storage_condition_v1_3.vp(line number: 532)] An input port depth is the target of assignment, please check if this is intentional.
W: Verilog-2050: [E:/work/pango/PDS_2025.2-ads/arch/vendor/pango/arch/cdt/debug_core_rtls_pdir/ips_dbc_storage_condition_v1_3.vp(line number: 532)] An input port depth is the target of assignment, please check if this is intentional.
W: Verilog-2050: [E:/work/pango/PDS_2025.2-ads/arch/vendor/pango/arch/cdt/debug_core_rtls_pdir/ips_dbc_storage_condition_v1_3.vp(line number: 532)] An input port depth is the target of assignment, please check if this is intentional.
W: Verilog-2050: [E:/work/pango/PDS_2025.2-ads/arch/vendor/pango/arch/cdt/debug_core_rtls_pdir/ips_dbc_storage_condition_v1_3.vp(line number: 532)] An input port depth is the target of assignment, please check if this is intentional.
W: Verilog-2050: [E:/work/pango/PDS_2025.2-ads/arch/vendor/pango/arch/cdt/debug_core_rtls_pdir/ips_dbc_storage_condition_v1_3.vp(line number: 532)] An input port depth is the target of assignment, please check if this is intentional.
W: Verilog-2050: [E:/work/pango/PDS_2025.2-ads/arch/vendor/pango/arch/cdt/debug_core_rtls_pdir/ips_dbc_storage_condition_v1_3.vp(line number: 532)] An input port depth is the target of assignment, please check if this is intentional.
W: Verilog-2050: [E:/work/pango/PDS_2025.2-ads/arch/vendor/pango/arch/cdt/debug_core_rtls_pdir/ips_dbc_storage_condition_v1_3.vp(line number: 532)] An input port depth is the target of assignment, please check if this is intentional.
W: Verilog-2050: [E:/work/pango/PDS_2025.2-ads/arch/vendor/pango/arch/cdt/debug_core_rtls_pdir/ips_dbc_storage_condition_v1_3.vp(line number: 532)] An input port depth is the target of assignment, please check if this is intentional.
W: Verilog-2050: [E:/work/pango/PDS_2025.2-ads/arch/vendor/pango/arch/cdt/debug_core_rtls_pdir/ips_dbc_storage_condition_v1_3.vp(line number: 532)] An input port depth is the target of assignment, please check if this is intentional.
W: Verilog-2050: [E:/work/pango/PDS_2025.2-ads/arch/vendor/pango/arch/cdt/debug_core_rtls_pdir/ips_dbc_storage_condition_v1_3.vp(line number: 532)] An input port depth is the target of assignment, please check if this is intentional.
W: Verilog-2050: [E:/work/pango/PDS_2025.2-ads/arch/vendor/pango/arch/cdt/debug_core_rtls_pdir/ips_dbc_storage_condition_v1_3.vp(line number: 532)] An input port depth is the target of assignment, please check if this is intentional.
W: Verilog-2050: [E:/work/pango/PDS_2025.2-ads/arch/vendor/pango/arch/cdt/debug_core_rtls_pdir/ips_dbc_storage_condition_v1_3.vp(line number: 532)] An input port depth is the target of assignment, please check if this is intentional.
W: Verilog-2050: [E:/work/pango/PDS_2025.2-ads/arch/vendor/pango/arch/cdt/debug_core_rtls_pdir/ips_dbc_storage_condition_v1_3.vp(line number: 532)] An input port depth is the target of assignment, please check if this is intentional.
W: Verilog-2050: [E:/work/pango/PDS_2025.2-ads/arch/vendor/pango/arch/cdt/debug_core_rtls_pdir/ips_dbc_storage_condition_v1_3.vp(line number: 532)] An input port depth is the target of assignment, please check if this is intentional.
W: Verilog-2050: [E:/work/pango/PDS_2025.2-ads/arch/vendor/pango/arch/cdt/debug_core_rtls_pdir/ips_dbc_storage_condition_v1_3.vp(line number: 532)] An input port depth is the target of assignment, please check if this is intentional.
W: Verilog-2050: [E:/work/pango/PDS_2025.2-ads/arch/vendor/pango/arch/cdt/debug_core_rtls_pdir/ips_dbc_storage_condition_v1_3.vp(line number: 532)] An input port depth is the target of assignment, please check if this is intentional.
W: Verilog-2050: [E:/work/pango/PDS_2025.2-ads/arch/vendor/pango/arch/cdt/debug_core_rtls_pdir/ips_dbc_storage_condition_v1_3.vp(line number: 532)] An input port depth is the target of assignment, please check if this is intentional.
W: Verilog-2050: [E:/work/pango/PDS_2025.2-ads/arch/vendor/pango/arch/cdt/debug_core_rtls_pdir/ips_dbc_storage_condition_v1_3.vp(line number: 532)] An input port depth is the target of assignment, please check if this is intentional.
W: Verilog-2050: [E:/work/pango/PDS_2025.2-ads/arch/vendor/pango/arch/cdt/debug_core_rtls_pdir/ips_dbc_storage_condition_v1_3.vp(line number: 532)] An input port depth is the target of assignment, please check if this is intentional.
W: Verilog-2050: [E:/work/pango/PDS_2025.2-ads/arch/vendor/pango/arch/cdt/debug_core_rtls_pdir/ips_dbc_storage_condition_v1_3.vp(line number: 532)] An input port depth is the target of assignment, please check if this is intentional.
W: Verilog-2050: [E:/work/pango/PDS_2025.2-ads/arch/vendor/pango/arch/cdt/debug_core_rtls_pdir/ips_dbc_storage_condition_v1_3.vp(line number: 532)] An input port depth is the target of assignment, please check if this is intentional.
W: Verilog-2050: [E:/work/pango/PDS_2025.2-ads/arch/vendor/pango/arch/cdt/debug_core_rtls_pdir/ips_dbc_storage_condition_v1_3.vp(line number: 532)] An input port depth is the target of assignment, please check if this is intentional.
W: Verilog-2050: [E:/work/pango/PDS_2025.2-ads/arch/vendor/pango/arch/cdt/debug_core_rtls_pdir/ips_dbc_storage_condition_v1_3.vp(line number: 532)] An input port depth is the target of assignment, please check if this is intentional.
W: Verilog-2050: [E:/work/pango/PDS_2025.2-ads/arch/vendor/pango/arch/cdt/debug_core_rtls_pdir/ips_dbc_storage_condition_v1_3.vp(line number: 532)] An input port depth is the target of assignment, please check if this is intentional.
W: Verilog-2050: [E:/work/pango/PDS_2025.2-ads/arch/vendor/pango/arch/cdt/debug_core_rtls_pdir/ips_dbc_storage_condition_v1_3.vp(line number: 532)] An input port depth is the target of assignment, please check if this is intentional.
W: Verilog-2050: [E:/work/pango/PDS_2025.2-ads/arch/vendor/pango/arch/cdt/debug_core_rtls_pdir/ips_dbc_storage_condition_v1_3.vp(line number: 532)] An input port depth is the target of assignment, please check if this is intentional.
W: Verilog-2050: [E:/work/pango/PDS_2025.2-ads/arch/vendor/pango/arch/cdt/debug_core_rtls_pdir/ips_dbc_storage_condition_v1_3.vp(line number: 532)] An input port depth is the target of assignment, please check if this is intentional.
W: Verilog-2050: [E:/work/pango/PDS_2025.2-ads/arch/vendor/pango/arch/cdt/debug_core_rtls_pdir/ips_dbc_storage_condition_v1_3.vp(line number: 532)] An input port depth is the target of assignment, please check if this is intentional.
W: Verilog-2050: [E:/work/pango/PDS_2025.2-ads/arch/vendor/pango/arch/cdt/debug_core_rtls_pdir/ips_dbc_storage_condition_v1_3.vp(line number: 532)] An input port depth is the target of assignment, please check if this is intentional.
W: Verilog-2050: [E:/work/pango/PDS_2025.2-ads/arch/vendor/pango/arch/cdt/debug_core_rtls_pdir/ips_dbc_storage_condition_v1_3.vp(line number: 532)] An input port depth is the target of assignment, please check if this is intentional.
W: Verilog-2050: [E:/work/pango/PDS_2025.2-ads/arch/vendor/pango/arch/cdt/debug_core_rtls_pdir/ips_dbc_storage_condition_v1_3.vp(line number: 532)] An input port depth is the target of assignment, please check if this is intentional.
W: Verilog-2050: [E:/work/pango/PDS_2025.2-ads/arch/vendor/pango/arch/cdt/debug_core_rtls_pdir/ips_dbc_storage_condition_v1_3.vp(line number: 532)] An input port depth is the target of assignment, please check if this is intentional.
W: Verilog-2050: [E:/work/pango/PDS_2025.2-ads/arch/vendor/pango/arch/cdt/debug_core_rtls_pdir/ips_dbc_storage_condition_v1_3.vp(line number: 532)] An input port depth is the target of assignment, please check if this is intentional.
W: Verilog-2050: [E:/work/pango/PDS_2025.2-ads/arch/vendor/pango/arch/cdt/debug_core_rtls_pdir/ips_dbc_storage_condition_v1_3.vp(line number: 532)] An input port depth is the target of assignment, please check if this is intentional.
W: Verilog-2050: [E:/work/pango/PDS_2025.2-ads/arch/vendor/pango/arch/cdt/debug_core_rtls_pdir/ips_dbc_storage_condition_v1_3.vp(line number: 532)] An input port depth is the target of assignment, please check if this is intentional.
W: Verilog-2050: [E:/work/pango/PDS_2025.2-ads/arch/vendor/pango/arch/cdt/debug_core_rtls_pdir/ips_dbc_storage_condition_v1_3.vp(line number: 532)] An input port depth is the target of assignment, please check if this is intentional.
W: Verilog-2050: [E:/work/pango/PDS_2025.2-ads/arch/vendor/pango/arch/cdt/debug_core_rtls_pdir/ips_dbc_storage_condition_v1_3.vp(line number: 532)] An input port depth is the target of assignment, please check if this is intentional.
W: Verilog-2050: [E:/work/pango/PDS_2025.2-ads/arch/vendor/pango/arch/cdt/debug_core_rtls_pdir/ips_dbc_storage_condition_v1_3.vp(line number: 532)] An input port depth is the target of assignment, please check if this is intentional.
W: Verilog-2050: [E:/work/pango/PDS_2025.2-ads/arch/vendor/pango/arch/cdt/debug_core_rtls_pdir/ips_dbc_storage_condition_v1_3.vp(line number: 532)] An input port depth is the target of assignment, please check if this is intentional.
W: Verilog-2050: [E:/work/pango/PDS_2025.2-ads/arch/vendor/pango/arch/cdt/debug_core_rtls_pdir/ips_dbc_storage_condition_v1_3.vp(line number: 532)] An input port depth is the target of assignment, please check if this is intentional.
W: Verilog-2050: [E:/work/pango/PDS_2025.2-ads/arch/vendor/pango/arch/cdt/debug_core_rtls_pdir/ips_dbc_storage_condition_v1_3.vp(line number: 532)] An input port depth is the target of assignment, please check if this is intentional.
W: Verilog-2050: [E:/work/pango/PDS_2025.2-ads/arch/vendor/pango/arch/cdt/debug_core_rtls_pdir/ips_dbc_storage_condition_v1_3.vp(line number: 532)] An input port depth is the target of assignment, please check if this is intentional.
W: Verilog-2050: [E:/work/pango/PDS_2025.2-ads/arch/vendor/pango/arch/cdt/debug_core_rtls_pdir/ips_dbc_storage_condition_v1_3.vp(line number: 532)] An input port depth is the target of assignment, please check if this is intentional.
W: Verilog-2050: [E:/work/pango/PDS_2025.2-ads/arch/vendor/pango/arch/cdt/debug_core_rtls_pdir/ips_dbc_storage_condition_v1_3.vp(line number: 532)] An input port depth is the target of assignment, please check if this is intentional.
W: Verilog-2050: [E:/work/pango/PDS_2025.2-ads/arch/vendor/pango/arch/cdt/debug_core_rtls_pdir/ips_dbc_storage_condition_v1_3.vp(line number: 532)] An input port depth is the target of assignment, please check if this is intentional.
W: Verilog-2050: [E:/work/pango/PDS_2025.2-ads/arch/vendor/pango/arch/cdt/debug_core_rtls_pdir/ips_dbc_storage_condition_v1_3.vp(line number: 532)] An input port depth is the target of assignment, please check if this is intentional.
W: Verilog-2050: [E:/work/pango/PDS_2025.2-ads/arch/vendor/pango/arch/cdt/debug_core_rtls_pdir/ips_dbc_storage_condition_v1_3.vp(line number: 532)] An input port depth is the target of assignment, please check if this is intentional.
W: Verilog-2050: [E:/work/pango/PDS_2025.2-ads/arch/vendor/pango/arch/cdt/debug_core_rtls_pdir/ips_dbc_storage_condition_v1_3.vp(line number: 532)] An input port depth is the target of assignment, please check if this is intentional.
W: Verilog-2050: [E:/work/pango/PDS_2025.2-ads/arch/vendor/pango/arch/cdt/debug_core_rtls_pdir/ips_dbc_storage_condition_v1_3.vp(line number: 532)] An input port depth is the target of assignment, please check if this is intentional.
W: Verilog-2050: [E:/work/pango/PDS_2025.2-ads/arch/vendor/pango/arch/cdt/debug_core_rtls_pdir/ips_dbc_storage_condition_v1_3.vp(line number: 532)] An input port depth is the target of assignment, please check if this is intentional.
W: Verilog-2050: [E:/work/pango/PDS_2025.2-ads/arch/vendor/pango/arch/cdt/debug_core_rtls_pdir/ips_dbc_storage_condition_v1_3.vp(line number: 532)] An input port depth is the target of assignment, please check if this is intentional.
W: Verilog-2050: [E:/work/pango/PDS_2025.2-ads/arch/vendor/pango/arch/cdt/debug_core_rtls_pdir/ips_dbc_storage_condition_v1_3.vp(line number: 532)] An input port depth is the target of assignment, please check if this is intentional.
W: Verilog-2050: [E:/work/pango/PDS_2025.2-ads/arch/vendor/pango/arch/cdt/debug_core_rtls_pdir/ips_dbc_storage_condition_v1_3.vp(line number: 532)] An input port depth is the target of assignment, please check if this is intentional.
W: Verilog-2050: [E:/work/pango/PDS_2025.2-ads/arch/vendor/pango/arch/cdt/debug_core_rtls_pdir/ips_dbc_storage_condition_v1_3.vp(line number: 532)] An input port depth is the target of assignment, please check if this is intentional.
W: Verilog-2050: [E:/work/pango/PDS_2025.2-ads/arch/vendor/pango/arch/cdt/debug_core_rtls_pdir/ips_dbc_storage_condition_v1_3.vp(line number: 532)] An input port depth is the target of assignment, please check if this is intentional.
W: Verilog-2050: [E:/work/pango/PDS_2025.2-ads/arch/vendor/pango/arch/cdt/debug_core_rtls_pdir/ips_dbc_storage_condition_v1_3.vp(line number: 532)] An input port depth is the target of assignment, please check if this is intentional.
W: Verilog-2050: [E:/work/pango/PDS_2025.2-ads/arch/vendor/pango/arch/cdt/debug_core_rtls_pdir/ips_dbc_storage_condition_v1_3.vp(line number: 532)] An input port depth is the target of assignment, please check if this is intentional.
W: Verilog-2050: [E:/work/pango/PDS_2025.2-ads/arch/vendor/pango/arch/cdt/debug_core_rtls_pdir/ips_dbc_storage_condition_v1_3.vp(line number: 532)] An input port depth is the target of assignment, please check if this is intentional.
W: Verilog-2050: [E:/work/pango/PDS_2025.2-ads/arch/vendor/pango/arch/cdt/debug_core_rtls_pdir/ips_dbc_storage_condition_v1_3.vp(line number: 532)] An input port depth is the target of assignment, please check if this is intentional.
W: Verilog-2050: [E:/work/pango/PDS_2025.2-ads/arch/vendor/pango/arch/cdt/debug_core_rtls_pdir/ips_dbc_storage_condition_v1_3.vp(line number: 532)] An input port depth is the target of assignment, please check if this is intentional.
W: Verilog-2050: [E:/work/pango/PDS_2025.2-ads/arch/vendor/pango/arch/cdt/debug_core_rtls_pdir/ips_dbc_storage_condition_v1_3.vp(line number: 532)] An input port depth is the target of assignment, please check if this is intentional.
W: Verilog-2050: [E:/work/pango/PDS_2025.2-ads/arch/vendor/pango/arch/cdt/debug_core_rtls_pdir/ips_dbc_storage_condition_v1_3.vp(line number: 532)] An input port depth is the target of assignment, please check if this is intentional.
W: Verilog-2050: [E:/work/pango/PDS_2025.2-ads/arch/vendor/pango/arch/cdt/debug_core_rtls_pdir/ips_dbc_storage_condition_v1_3.vp(line number: 532)] An input port depth is the target of assignment, please check if this is intentional.
W: Verilog-2050: [E:/work/pango/PDS_2025.2-ads/arch/vendor/pango/arch/cdt/debug_core_rtls_pdir/ips_dbc_storage_condition_v1_3.vp(line number: 532)] An input port depth is the target of assignment, please check if this is intentional.
W: Verilog-2050: [E:/work/pango/PDS_2025.2-ads/arch/vendor/pango/arch/cdt/debug_core_rtls_pdir/ips_dbc_storage_condition_v1_3.vp(line number: 532)] An input port depth is the target of assignment, please check if this is intentional.
W: Verilog-2050: [E:/work/pango/PDS_2025.2-ads/arch/vendor/pango/arch/cdt/debug_core_rtls_pdir/ips_dbc_storage_condition_v1_3.vp(line number: 532)] An input port depth is the target of assignment, please check if this is intentional.
W: Verilog-2050: [E:/work/pango/PDS_2025.2-ads/arch/vendor/pango/arch/cdt/debug_core_rtls_pdir/ips_dbc_storage_condition_v1_3.vp(line number: 532)] An input port depth is the target of assignment, please check if this is intentional.
W: Verilog-2050: [E:/work/pango/PDS_2025.2-ads/arch/vendor/pango/arch/cdt/debug_core_rtls_pdir/ips_dbc_storage_condition_v1_3.vp(line number: 532)] An input port depth is the target of assignment, please check if this is intentional.
W: Verilog-2050: [E:/work/pango/PDS_2025.2-ads/arch/vendor/pango/arch/cdt/debug_core_rtls_pdir/ips_dbc_storage_condition_v1_3.vp(line number: 532)] An input port depth is the target of assignment, please check if this is intentional.
W: Verilog-2050: [E:/work/pango/PDS_2025.2-ads/arch/vendor/pango/arch/cdt/debug_core_rtls_pdir/ips_dbc_storage_condition_v1_3.vp(line number: 532)] An input port depth is the target of assignment, please check if this is intentional.
W: Verilog-2050: [E:/work/pango/PDS_2025.2-ads/arch/vendor/pango/arch/cdt/debug_core_rtls_pdir/ips_dbc_storage_condition_v1_3.vp(line number: 532)] An input port depth is the target of assignment, please check if this is intentional.
W: Verilog-2050: [E:/work/pango/PDS_2025.2-ads/arch/vendor/pango/arch/cdt/debug_core_rtls_pdir/ips_dbc_storage_condition_v1_3.vp(line number: 532)] An input port depth is the target of assignment, please check if this is intentional.
W: Verilog-2050: [E:/work/pango/PDS_2025.2-ads/arch/vendor/pango/arch/cdt/debug_core_rtls_pdir/ips_dbc_storage_condition_v1_3.vp(line number: 532)] An input port depth is the target of assignment, please check if this is intentional.
W: Verilog-2050: [E:/work/pango/PDS_2025.2-ads/arch/vendor/pango/arch/cdt/debug_core_rtls_pdir/ips_dbc_storage_condition_v1_3.vp(line number: 532)] An input port depth is the target of assignment, please check if this is intentional.
W: Verilog-2050: [E:/work/pango/PDS_2025.2-ads/arch/vendor/pango/arch/cdt/debug_core_rtls_pdir/ips_dbc_storage_condition_v1_3.vp(line number: 532)] An input port depth is the target of assignment, please check if this is intentional.
W: Verilog-2050: [E:/work/pango/PDS_2025.2-ads/arch/vendor/pango/arch/cdt/debug_core_rtls_pdir/ips_dbc_storage_condition_v1_3.vp(line number: 532)] An input port depth is the target of assignment, please check if this is intentional.
W: Verilog-2050: [E:/work/pango/PDS_2025.2-ads/arch/vendor/pango/arch/cdt/debug_core_rtls_pdir/ips_dbc_storage_condition_v1_3.vp(line number: 532)] An input port depth is the target of assignment, please check if this is intentional.
W: Verilog-2050: [E:/work/pango/PDS_2025.2-ads/arch/vendor/pango/arch/cdt/debug_core_rtls_pdir/ips_dbc_storage_condition_v1_3.vp(line number: 532)] An input port depth is the target of assignment, please check if this is intentional.
W: Verilog-2050: [E:/work/pango/PDS_2025.2-ads/arch/vendor/pango/arch/cdt/debug_core_rtls_pdir/ips_dbc_storage_condition_v1_3.vp(line number: 532)] An input port depth is the target of assignment, please check if this is intentional.
W: Verilog-2050: [E:/work/pango/PDS_2025.2-ads/arch/vendor/pango/arch/cdt/debug_core_rtls_pdir/ips_dbc_storage_condition_v1_3.vp(line number: 532)] An input port depth is the target of assignment, please check if this is intentional.
W: Verilog-2020: [E:/work/pango/PDS_2025.2-ads/arch/vendor/pango/arch/cdt/debug_core_rtls_pdir/ips_dbc_storage_condition_v1_3.vp(line number: 904)] Net counter_nsa[0] in ips_dbc_storage_condition_v1_3(original module ips_dbc_storage_condition_v1_3) does not have a driver, tie it to 0.
W: Verilog-2020: [E:/work/pango/PDS_2025.2-ads/arch/vendor/pango/arch/cdt/debug_core_rtls_pdir/ips_dbc_storage_condition_v1_3.vp(line number: 904)] Net counter_nsa[1] in ips_dbc_storage_condition_v1_3(original module ips_dbc_storage_condition_v1_3) does not have a driver, tie it to 0.
W: Verilog-2020: [E:/work/pango/PDS_2025.2-ads/arch/vendor/pango/arch/cdt/debug_core_rtls_pdir/ips_dbc_storage_condition_v1_3.vp(line number: 904)] Net counter_nsa[2] in ips_dbc_storage_condition_v1_3(original module ips_dbc_storage_condition_v1_3) does not have a driver, tie it to 0.
W: Verilog-2020: [E:/work/pango/PDS_2025.2-ads/arch/vendor/pango/arch/cdt/debug_core_rtls_pdir/ips_dbc_storage_condition_v1_3.vp(line number: 904)] Net counter_nsa[3] in ips_dbc_storage_condition_v1_3(original module ips_dbc_storage_condition_v1_3) does not have a driver, tie it to 0.
W: Verilog-2020: [E:/work/pango/PDS_2025.2-ads/arch/vendor/pango/arch/cdt/debug_core_rtls_pdir/ips_dbc_storage_condition_v1_3.vp(line number: 904)] Net counter_nsa[4] in ips_dbc_storage_condition_v1_3(original module ips_dbc_storage_condition_v1_3) does not have a driver, tie it to 0.
W: Verilog-2020: [E:/work/pango/PDS_2025.2-ads/arch/vendor/pango/arch/cdt/debug_core_rtls_pdir/ips_dbc_storage_condition_v1_3.vp(line number: 904)] Net counter_nsa[5] in ips_dbc_storage_condition_v1_3(original module ips_dbc_storage_condition_v1_3) does not have a driver, tie it to 0.
W: Verilog-2020: [E:/work/pango/PDS_2025.2-ads/arch/vendor/pango/arch/cdt/debug_core_rtls_pdir/ips_dbc_storage_condition_v1_3.vp(line number: 904)] Net counter_nsa[6] in ips_dbc_storage_condition_v1_3(original module ips_dbc_storage_condition_v1_3) does not have a driver, tie it to 0.
W: Verilog-2020: [E:/work/pango/PDS_2025.2-ads/arch/vendor/pango/arch/cdt/debug_core_rtls_pdir/ips_dbc_storage_condition_v1_3.vp(line number: 904)] Net counter_nsa[7] in ips_dbc_storage_condition_v1_3(original module ips_dbc_storage_condition_v1_3) does not have a driver, tie it to 0.
W: Verilog-2020: [E:/work/pango/PDS_2025.2-ads/arch/vendor/pango/arch/cdt/debug_core_rtls_pdir/ips_dbc_storage_condition_v1_3.vp(line number: 904)] Net counter_nsa[8] in ips_dbc_storage_condition_v1_3(original module ips_dbc_storage_condition_v1_3) does not have a driver, tie it to 0.
W: Verilog-2020: [E:/work/pango/PDS_2025.2-ads/arch/vendor/pango/arch/cdt/debug_core_rtls_pdir/ips_dbc_storage_condition_v1_3.vp(line number: 904)] Net counter_nsa[9] in ips_dbc_storage_condition_v1_3(original module ips_dbc_storage_condition_v1_3) does not have a driver, tie it to 0.
W: Verilog-2020: [E:/work/pango/PDS_2025.2-ads/arch/vendor/pango/arch/cdt/debug_core_rtls_pdir/ips_dbc_storage_condition_v1_3.vp(line number: 904)] Net counter_nsa[10] in ips_dbc_storage_condition_v1_3(original module ips_dbc_storage_condition_v1_3) does not have a driver, tie it to 0.
W: Verilog-2020: [E:/work/pango/PDS_2025.2-ads/arch/vendor/pango/arch/cdt/debug_core_rtls_pdir/ips_dbc_storage_condition_v1_3.vp(line number: 904)] Net counter_nsa[11] in ips_dbc_storage_condition_v1_3(original module ips_dbc_storage_condition_v1_3) does not have a driver, tie it to 0.
W: Verilog-2020: [E:/work/pango/PDS_2025.2-ads/arch/vendor/pango/arch/cdt/debug_core_rtls_pdir/ips_dbc_storage_condition_v1_3.vp(line number: 904)] Net counter_nsa[12] in ips_dbc_storage_condition_v1_3(original module ips_dbc_storage_condition_v1_3) does not have a driver, tie it to 0.
I: Verilog-0004: [E:/work/pango/PDS_2025.2-ads/arch/vendor/pango/arch/cdt/debug_core_rtls_pdir/ips_dbc_debug_core_v1_4.vp(line number: 6008)] Elaborating instance u_Data_Capture_Memory.
I: Verilog-0003: [E:/work/pango/PDS_2025.2-ads/arch/vendor/pango/arch/cdt/debug_core_rtls_pdir/ips_dbc_data_capture_mem_v1_1.vp(line number: 93)] Elaborating module ips_dbc_data_capture_mem_v1_1.
I: Verilog-0004: [E:/work/pango/PDS_2025.2-ads/arch/vendor/pango/arch/cdt/debug_core_rtls_pdir/ips_dbc_debug_core_v1_4.vp(line number: 6036)] Elaborating instance u_rd_addr_gen.
I: Verilog-0003: [E:/work/pango/PDS_2025.2-ads/arch/vendor/pango/arch/cdt/debug_core_rtls_pdir/ips_dbc_rd_addr_gen_v1_3.vp(line number: 255)] Elaborating module ips_dbc_rd_addr_gen_v1_3.
I: Sdm-0004: [E:/work/pango/PDS_2025.2-ads/arch/vendor/pango/arch/cdt/debug_core_rtls_pdir/ips_dbc_rd_addr_gen_v1_3.vp(line number: 277)] Input port conf_rdlast in module ips_dbc_rd_addr_gen_v1_3 has no load.
I: Sdm-0004: [E:/work/pango/PDS_2025.2-ads/arch/vendor/pango/arch/cdt/debug_core_rtls_pdir/ips_dbc_debug_core_v1_4.vp(line number: 2956)] Input port data_i in module ips_dbc_debug_core_v1_4 has no load.
I: Sdm-0004: [E:/work/pango/PDS_2025.2-ads/arch/vendor/pango/arch/cdt/debug_core_rtls_pdir/ips_dbc_debug_core_v1_4.vp(line number: 2958)] Input port trig1_i in module ips_dbc_debug_core_v1_4 has no load.
I: Sdm-0004: [E:/work/pango/PDS_2025.2-ads/arch/vendor/pango/arch/cdt/debug_core_rtls_pdir/ips_dbc_debug_core_v1_4.vp(line number: 2959)] Input port trig2_i in module ips_dbc_debug_core_v1_4 has no load.
I: Sdm-0004: [E:/work/pango/PDS_2025.2-ads/arch/vendor/pango/arch/cdt/debug_core_rtls_pdir/ips_dbc_debug_core_v1_4.vp(line number: 2960)] Input port trig3_i in module ips_dbc_debug_core_v1_4 has no load.
I: Sdm-0004: [E:/work/pango/PDS_2025.2-ads/arch/vendor/pango/arch/cdt/debug_core_rtls_pdir/ips_dbc_debug_core_v1_4.vp(line number: 2961)] Input port trig4_i in module ips_dbc_debug_core_v1_4 has no load.
I: Sdm-0004: [E:/work/pango/PDS_2025.2-ads/arch/vendor/pango/arch/cdt/debug_core_rtls_pdir/ips_dbc_debug_core_v1_4.vp(line number: 2962)] Input port trig5_i in module ips_dbc_debug_core_v1_4 has no load.
I: Sdm-0004: [E:/work/pango/PDS_2025.2-ads/arch/vendor/pango/arch/cdt/debug_core_rtls_pdir/ips_dbc_debug_core_v1_4.vp(line number: 2963)] Input port trig6_i in module ips_dbc_debug_core_v1_4 has no load.
I: Sdm-0004: [E:/work/pango/PDS_2025.2-ads/arch/vendor/pango/arch/cdt/debug_core_rtls_pdir/ips_dbc_debug_core_v1_4.vp(line number: 2964)] Input port trig7_i in module ips_dbc_debug_core_v1_4 has no load.
I: Sdm-0004: [E:/work/pango/PDS_2025.2-ads/arch/vendor/pango/arch/cdt/debug_core_rtls_pdir/ips_dbc_debug_core_v1_4.vp(line number: 2965)] Input port trig8_i in module ips_dbc_debug_core_v1_4 has no load.
I: Sdm-0004: [E:/work/pango/PDS_2025.2-ads/arch/vendor/pango/arch/cdt/debug_core_rtls_pdir/ips_dbc_debug_core_v1_4.vp(line number: 2966)] Input port trig9_i in module ips_dbc_debug_core_v1_4 has no load.
I: Sdm-0004: [E:/work/pango/PDS_2025.2-ads/arch/vendor/pango/arch/cdt/debug_core_rtls_pdir/ips_dbc_debug_core_v1_4.vp(line number: 2967)] Input port trig10_i in module ips_dbc_debug_core_v1_4 has no load.
I: Sdm-0004: [E:/work/pango/PDS_2025.2-ads/arch/vendor/pango/arch/cdt/debug_core_rtls_pdir/ips_dbc_debug_core_v1_4.vp(line number: 2968)] Input port trig11_i in module ips_dbc_debug_core_v1_4 has no load.
I: Sdm-0004: [E:/work/pango/PDS_2025.2-ads/arch/vendor/pango/arch/cdt/debug_core_rtls_pdir/ips_dbc_debug_core_v1_4.vp(line number: 2969)] Input port trig12_i in module ips_dbc_debug_core_v1_4 has no load.
I: Sdm-0004: [E:/work/pango/PDS_2025.2-ads/arch/vendor/pango/arch/cdt/debug_core_rtls_pdir/ips_dbc_debug_core_v1_4.vp(line number: 2970)] Input port trig13_i in module ips_dbc_debug_core_v1_4 has no load.
I: Sdm-0004: [E:/work/pango/PDS_2025.2-ads/arch/vendor/pango/arch/cdt/debug_core_rtls_pdir/ips_dbc_debug_core_v1_4.vp(line number: 2971)] Input port trig14_i in module ips_dbc_debug_core_v1_4 has no load.
I: Sdm-0004: [E:/work/pango/PDS_2025.2-ads/arch/vendor/pango/arch/cdt/debug_core_rtls_pdir/ips_dbc_debug_core_v1_4.vp(line number: 2972)] Input port trig15_i in module ips_dbc_debug_core_v1_4 has no load.
W: Verilog-2020: [E:/work/pango/PDS_2025.2-ads/arch/vendor/pango/arch/cdt/debug_core_rtls_pdir/ips_dbc_debug_core_v1_4.vp(line number: 5041)] Net conf_rdlast[1] in ips_dbc_debug_core_v1_4(original module ips_dbc_debug_core_v1_4) does not have a driver, tie it to 0.
W: Verilog-2020: [E:/work/pango/PDS_2025.2-ads/arch/vendor/pango/arch/cdt/debug_core_rtls_pdir/ips_dbc_debug_core_v1_4.vp(line number: 5041)] Net conf_rdlast[2] in ips_dbc_debug_core_v1_4(original module ips_dbc_debug_core_v1_4) does not have a driver, tie it to 0.
W: Verilog-2020: [E:/work/pango/PDS_2025.2-ads/arch/vendor/pango/arch/cdt/debug_core_rtls_pdir/ips_dbc_debug_core_v1_4.vp(line number: 5041)] Net conf_rdlast[3] in ips_dbc_debug_core_v1_4(original module ips_dbc_debug_core_v1_4) does not have a driver, tie it to 0.
W: Verilog-2020: [E:/work/pango/PDS_2025.2-ads/arch/vendor/pango/arch/cdt/debug_core_rtls_pdir/ips_dbc_debug_core_v1_4.vp(line number: 5041)] Net conf_rdlast[4] in ips_dbc_debug_core_v1_4(original module ips_dbc_debug_core_v1_4) does not have a driver, tie it to 0.
W: Verilog-2020: [E:/work/pango/PDS_2025.2-ads/arch/vendor/pango/arch/cdt/debug_core_rtls_pdir/ips_dbc_debug_core_v1_4.vp(line number: 5041)] Net conf_rdlast[5] in ips_dbc_debug_core_v1_4(original module ips_dbc_debug_core_v1_4) does not have a driver, tie it to 0.
W: Verilog-2020: [E:/work/pango/PDS_2025.2-ads/arch/vendor/pango/arch/cdt/debug_core_rtls_pdir/ips_dbc_debug_core_v1_4.vp(line number: 5041)] Net conf_rdlast[6] in ips_dbc_debug_core_v1_4(original module ips_dbc_debug_core_v1_4) does not have a driver, tie it to 0.
W: Verilog-2020: [E:/work/pango/PDS_2025.2-ads/arch/vendor/pango/arch/cdt/debug_core_rtls_pdir/ips_dbc_debug_core_v1_4.vp(line number: 5041)] Net conf_rdlast[7] in ips_dbc_debug_core_v1_4(original module ips_dbc_debug_core_v1_4) does not have a driver, tie it to 0.
W: Verilog-2020: [E:/work/pango/PDS_2025.2-ads/arch/vendor/pango/arch/cdt/debug_core_rtls_pdir/ips_dbc_debug_core_v1_4.vp(line number: 5041)] Net conf_rdlast[8] in ips_dbc_debug_core_v1_4(original module ips_dbc_debug_core_v1_4) does not have a driver, tie it to 0.
W: Verilog-2020: [E:/work/pango/PDS_2025.2-ads/arch/vendor/pango/arch/cdt/debug_core_rtls_pdir/ips_dbc_debug_core_v1_4.vp(line number: 5041)] Net conf_rdlast[9] in ips_dbc_debug_core_v1_4(original module ips_dbc_debug_core_v1_4) does not have a driver, tie it to 0.
W: Verilog-2020: [E:/work/pango/PDS_2025.2-ads/arch/vendor/pango/arch/cdt/debug_core_rtls_pdir/ips_dbc_debug_core_v1_4.vp(line number: 5041)] Net conf_rdlast[10] in ips_dbc_debug_core_v1_4(original module ips_dbc_debug_core_v1_4) does not have a driver, tie it to 0.
W: Verilog-2020: [E:/work/pango/PDS_2025.2-ads/arch/vendor/pango/arch/cdt/debug_core_rtls_pdir/ips_dbc_debug_core_v1_4.vp(line number: 5041)] Net conf_rdlast[11] in ips_dbc_debug_core_v1_4(original module ips_dbc_debug_core_v1_4) does not have a driver, tie it to 0.
W: Verilog-2020: [E:/work/pango/PDS_2025.2-ads/arch/vendor/pango/arch/cdt/debug_core_rtls_pdir/ips_dbc_debug_core_v1_4.vp(line number: 5041)] Net conf_rdlast[12] in ips_dbc_debug_core_v1_4(original module ips_dbc_debug_core_v1_4) does not have a driver, tie it to 0.
W: Verilog-2020: [E:/work/pango/PDS_2025.2-ads/arch/vendor/pango/arch/cdt/debug_core_rtls_pdir/ips_dbc_debug_core_v1_4.vp(line number: 5041)] Net conf_rdlast[13] in ips_dbc_debug_core_v1_4(original module ips_dbc_debug_core_v1_4) does not have a driver, tie it to 0.
W: Verilog-2020: [E:/work/pango/PDS_2025.2-ads/arch/vendor/pango/arch/cdt/debug_core_rtls_pdir/ips_dbc_debug_core_v1_4.vp(line number: 5041)] Net conf_rdlast[14] in ips_dbc_debug_core_v1_4(original module ips_dbc_debug_core_v1_4) does not have a driver, tie it to 0.
W: Verilog-2020: [E:/work/pango/PDS_2025.2-ads/arch/vendor/pango/arch/cdt/debug_core_rtls_pdir/ips_dbc_debug_core_v1_4.vp(line number: 5041)] Net conf_rdlast[15] in ips_dbc_debug_core_v1_4(original module ips_dbc_debug_core_v1_4) does not have a driver, tie it to 0.
W: Verilog-2020: [E:/work/pango/PDS_2025.2-ads/arch/vendor/pango/arch/cdt/debug_core_rtls_pdir/ips_dbc_debug_core_v1_4.vp(line number: 5041)] Net conf_rdlast[17] in ips_dbc_debug_core_v1_4(original module ips_dbc_debug_core_v1_4) does not have a driver, tie it to 0.
W: Verilog-2020: [E:/work/pango/PDS_2025.2-ads/arch/vendor/pango/arch/cdt/debug_core_rtls_pdir/ips_dbc_debug_core_v1_4.vp(line number: 5041)] Net conf_rdlast[19] in ips_dbc_debug_core_v1_4(original module ips_dbc_debug_core_v1_4) does not have a driver, tie it to 0.
W: Verilog-2020: [E:/work/pango/PDS_2025.2-ads/arch/vendor/pango/arch/cdt/debug_core_rtls_pdir/ips_dbc_debug_core_v1_4.vp(line number: 5042)] Net conf_rdata[1] in ips_dbc_debug_core_v1_4(original module ips_dbc_debug_core_v1_4) does not have a driver, tie it to 0.
W: Verilog-2020: [E:/work/pango/PDS_2025.2-ads/arch/vendor/pango/arch/cdt/debug_core_rtls_pdir/ips_dbc_debug_core_v1_4.vp(line number: 5042)] Net conf_rdata[2] in ips_dbc_debug_core_v1_4(original module ips_dbc_debug_core_v1_4) does not have a driver, tie it to 0.
W: Verilog-2020: [E:/work/pango/PDS_2025.2-ads/arch/vendor/pango/arch/cdt/debug_core_rtls_pdir/ips_dbc_debug_core_v1_4.vp(line number: 5042)] Net conf_rdata[3] in ips_dbc_debug_core_v1_4(original module ips_dbc_debug_core_v1_4) does not have a driver, tie it to 0.
W: Verilog-2020: [E:/work/pango/PDS_2025.2-ads/arch/vendor/pango/arch/cdt/debug_core_rtls_pdir/ips_dbc_debug_core_v1_4.vp(line number: 5042)] Net conf_rdata[4] in ips_dbc_debug_core_v1_4(original module ips_dbc_debug_core_v1_4) does not have a driver, tie it to 0.
W: Verilog-2020: [E:/work/pango/PDS_2025.2-ads/arch/vendor/pango/arch/cdt/debug_core_rtls_pdir/ips_dbc_debug_core_v1_4.vp(line number: 5042)] Net conf_rdata[5] in ips_dbc_debug_core_v1_4(original module ips_dbc_debug_core_v1_4) does not have a driver, tie it to 0.
W: Verilog-2020: [E:/work/pango/PDS_2025.2-ads/arch/vendor/pango/arch/cdt/debug_core_rtls_pdir/ips_dbc_debug_core_v1_4.vp(line number: 5042)] Net conf_rdata[6] in ips_dbc_debug_core_v1_4(original module ips_dbc_debug_core_v1_4) does not have a driver, tie it to 0.
W: Verilog-2020: [E:/work/pango/PDS_2025.2-ads/arch/vendor/pango/arch/cdt/debug_core_rtls_pdir/ips_dbc_debug_core_v1_4.vp(line number: 5042)] Net conf_rdata[7] in ips_dbc_debug_core_v1_4(original module ips_dbc_debug_core_v1_4) does not have a driver, tie it to 0.
W: Verilog-2020: [E:/work/pango/PDS_2025.2-ads/arch/vendor/pango/arch/cdt/debug_core_rtls_pdir/ips_dbc_debug_core_v1_4.vp(line number: 5042)] Net conf_rdata[8] in ips_dbc_debug_core_v1_4(original module ips_dbc_debug_core_v1_4) does not have a driver, tie it to 0.
W: Verilog-2020: [E:/work/pango/PDS_2025.2-ads/arch/vendor/pango/arch/cdt/debug_core_rtls_pdir/ips_dbc_debug_core_v1_4.vp(line number: 5042)] Net conf_rdata[9] in ips_dbc_debug_core_v1_4(original module ips_dbc_debug_core_v1_4) does not have a driver, tie it to 0.
W: Verilog-2020: [E:/work/pango/PDS_2025.2-ads/arch/vendor/pango/arch/cdt/debug_core_rtls_pdir/ips_dbc_debug_core_v1_4.vp(line number: 5042)] Net conf_rdata[10] in ips_dbc_debug_core_v1_4(original module ips_dbc_debug_core_v1_4) does not have a driver, tie it to 0.
W: Verilog-2020: [E:/work/pango/PDS_2025.2-ads/arch/vendor/pango/arch/cdt/debug_core_rtls_pdir/ips_dbc_debug_core_v1_4.vp(line number: 5042)] Net conf_rdata[11] in ips_dbc_debug_core_v1_4(original module ips_dbc_debug_core_v1_4) does not have a driver, tie it to 0.
W: Verilog-2020: [E:/work/pango/PDS_2025.2-ads/arch/vendor/pango/arch/cdt/debug_core_rtls_pdir/ips_dbc_debug_core_v1_4.vp(line number: 5042)] Net conf_rdata[12] in ips_dbc_debug_core_v1_4(original module ips_dbc_debug_core_v1_4) does not have a driver, tie it to 0.
W: Verilog-2020: [E:/work/pango/PDS_2025.2-ads/arch/vendor/pango/arch/cdt/debug_core_rtls_pdir/ips_dbc_debug_core_v1_4.vp(line number: 5042)] Net conf_rdata[13] in ips_dbc_debug_core_v1_4(original module ips_dbc_debug_core_v1_4) does not have a driver, tie it to 0.
W: Verilog-2020: [E:/work/pango/PDS_2025.2-ads/arch/vendor/pango/arch/cdt/debug_core_rtls_pdir/ips_dbc_debug_core_v1_4.vp(line number: 5042)] Net conf_rdata[14] in ips_dbc_debug_core_v1_4(original module ips_dbc_debug_core_v1_4) does not have a driver, tie it to 0.
W: Verilog-2020: [E:/work/pango/PDS_2025.2-ads/arch/vendor/pango/arch/cdt/debug_core_rtls_pdir/ips_dbc_debug_core_v1_4.vp(line number: 5042)] Net conf_rdata[15] in ips_dbc_debug_core_v1_4(original module ips_dbc_debug_core_v1_4) does not have a driver, tie it to 0.
W: Verilog-2020: [E:/work/pango/PDS_2025.2-ads/arch/vendor/pango/arch/cdt/debug_core_rtls_pdir/ips_dbc_debug_core_v1_4.vp(line number: 5042)] Net conf_rdata[17] in ips_dbc_debug_core_v1_4(original module ips_dbc_debug_core_v1_4) does not have a driver, tie it to 0.
W: Verilog-2020: [E:/work/pango/PDS_2025.2-ads/arch/vendor/pango/arch/cdt/debug_core_rtls_pdir/ips_dbc_debug_core_v1_4.vp(line number: 5042)] Net conf_rdata[19] in ips_dbc_debug_core_v1_4(original module ips_dbc_debug_core_v1_4) does not have a driver, tie it to 0.
W: Verilog-2023: [E:/code/PangoWork/Works/uart/prj_tasks/pnr_1/device_map/ins_rev/cores.v(line number: 122)] Assign 0 to drive the floating input pin TCK of module instance CORES.u_GTP_SCANCHAIN.
W: Verilog-2023: [E:/code/PangoWork/Works/uart/prj_tasks/pnr_1/device_map/ins_rev/cores.v(line number: 122)] Assign 0 to drive the floating input pin TDI of module instance CORES.u_GTP_SCANCHAIN.
W: Verilog-2023: [E:/code/PangoWork/Works/uart/prj_tasks/pnr_1/device_map/ins_rev/cores.v(line number: 122)] Assign 0 to drive the floating input pin TMS of module instance CORES.u_GTP_SCANCHAIN.
W: Verilog-2023: [E:/code/PangoWork/Works/uart/prj_tasks/pnr_1/device_map/ins_rev/cores.v(line number: 144)] Assign 0 to drive the floating input pin mux_ctrl of module instance CORES.u_jtag_hub.
W: Verilog-2020: [E:/code/PangoWork/Works/uart/prj_tasks/pnr_1/device_map/ins_rev/cores.v(line number: 136)] Net hub_tdo[1] in CORES(original module CORES) does not have a driver, tie it to 0.
W: Verilog-2020: [E:/code/PangoWork/Works/uart/prj_tasks/pnr_1/device_map/ins_rev/cores.v(line number: 136)] Net hub_tdo[2] in CORES(original module CORES) does not have a driver, tie it to 0.
W: Verilog-2020: [E:/code/PangoWork/Works/uart/prj_tasks/pnr_1/device_map/ins_rev/cores.v(line number: 136)] Net hub_tdo[3] in CORES(original module CORES) does not have a driver, tie it to 0.
W: Verilog-2020: [E:/code/PangoWork/Works/uart/prj_tasks/pnr_1/device_map/ins_rev/cores.v(line number: 136)] Net hub_tdo[4] in CORES(original module CORES) does not have a driver, tie it to 0.
W: Verilog-2020: [E:/code/PangoWork/Works/uart/prj_tasks/pnr_1/device_map/ins_rev/cores.v(line number: 136)] Net hub_tdo[5] in CORES(original module CORES) does not have a driver, tie it to 0.
W: Verilog-2020: [E:/code/PangoWork/Works/uart/prj_tasks/pnr_1/device_map/ins_rev/cores.v(line number: 136)] Net hub_tdo[6] in CORES(original module CORES) does not have a driver, tie it to 0.
W: Verilog-2020: [E:/code/PangoWork/Works/uart/prj_tasks/pnr_1/device_map/ins_rev/cores.v(line number: 136)] Net hub_tdo[7] in CORES(original module CORES) does not have a driver, tie it to 0.
W: Verilog-2020: [E:/code/PangoWork/Works/uart/prj_tasks/pnr_1/device_map/ins_rev/cores.v(line number: 136)] Net hub_tdo[8] in CORES(original module CORES) does not have a driver, tie it to 0.
W: Verilog-2020: [E:/code/PangoWork/Works/uart/prj_tasks/pnr_1/device_map/ins_rev/cores.v(line number: 136)] Net hub_tdo[9] in CORES(original module CORES) does not have a driver, tie it to 0.
W: Verilog-2020: [E:/code/PangoWork/Works/uart/prj_tasks/pnr_1/device_map/ins_rev/cores.v(line number: 136)] Net hub_tdo[10] in CORES(original module CORES) does not have a driver, tie it to 0.
W: Verilog-2020: [E:/code/PangoWork/Works/uart/prj_tasks/pnr_1/device_map/ins_rev/cores.v(line number: 136)] Net hub_tdo[11] in CORES(original module CORES) does not have a driver, tie it to 0.
W: Verilog-2020: [E:/code/PangoWork/Works/uart/prj_tasks/pnr_1/device_map/ins_rev/cores.v(line number: 136)] Net hub_tdo[12] in CORES(original module CORES) does not have a driver, tie it to 0.
W: Verilog-2020: [E:/code/PangoWork/Works/uart/prj_tasks/pnr_1/device_map/ins_rev/cores.v(line number: 136)] Net hub_tdo[13] in CORES(original module CORES) does not have a driver, tie it to 0.
W: Verilog-2020: [E:/code/PangoWork/Works/uart/prj_tasks/pnr_1/device_map/ins_rev/cores.v(line number: 136)] Net hub_tdo[14] in CORES(original module CORES) does not have a driver, tie it to 0.
W: Verilog-2020: [E:/code/PangoWork/Works/uart/prj_tasks/pnr_1/device_map/ins_rev/cores.v(line number: 136)] Net hub_tdo[15] in CORES(original module CORES) does not have a driver, tie it to 0.
Executing : rtl-elaborate successfully. Time elapsed: 0.215s wall, 0.109s user + 0.109s system = 0.219s CPU (101.9%). Peak memory used: 195 MB.

Start rtl-prep.
W: Sdm-2020: [E:/work/pango/PDS_2025.2-ads/arch/vendor/pango/arch/cdt/debug_core_rtls_pdir/ips_dbc_debug_core_v1_4.vp(line number: 3866)] Unused register data_d1 was removed.
W: Sdm-2020: [E:/work/pango/PDS_2025.2-ads/arch/vendor/pango/arch/cdt/debug_core_rtls_pdir/ips_dbc_debug_core_v1_4.vp(line number: 3866)] Unused register trig1_d1 was removed.
W: Sdm-2020: [E:/work/pango/PDS_2025.2-ads/arch/vendor/pango/arch/cdt/debug_core_rtls_pdir/ips_dbc_debug_core_v1_4.vp(line number: 3866)] Unused register trig2_d1 was removed.
W: Sdm-2020: [E:/work/pango/PDS_2025.2-ads/arch/vendor/pango/arch/cdt/debug_core_rtls_pdir/ips_dbc_debug_core_v1_4.vp(line number: 3866)] Unused register trig3_d1 was removed.
W: Sdm-2020: [E:/work/pango/PDS_2025.2-ads/arch/vendor/pango/arch/cdt/debug_core_rtls_pdir/ips_dbc_debug_core_v1_4.vp(line number: 3866)] Unused register trig4_d1 was removed.
W: Sdm-2020: [E:/work/pango/PDS_2025.2-ads/arch/vendor/pango/arch/cdt/debug_core_rtls_pdir/ips_dbc_debug_core_v1_4.vp(line number: 3866)] Unused register trig5_d1 was removed.
W: Sdm-2020: [E:/work/pango/PDS_2025.2-ads/arch/vendor/pango/arch/cdt/debug_core_rtls_pdir/ips_dbc_debug_core_v1_4.vp(line number: 3866)] Unused register trig6_d1 was removed.
W: Sdm-2020: [E:/work/pango/PDS_2025.2-ads/arch/vendor/pango/arch/cdt/debug_core_rtls_pdir/ips_dbc_debug_core_v1_4.vp(line number: 3866)] Unused register trig7_d1 was removed.
W: Sdm-2020: [E:/work/pango/PDS_2025.2-ads/arch/vendor/pango/arch/cdt/debug_core_rtls_pdir/ips_dbc_debug_core_v1_4.vp(line number: 3866)] Unused register trig8_d1 was removed.
W: Sdm-2020: [E:/work/pango/PDS_2025.2-ads/arch/vendor/pango/arch/cdt/debug_core_rtls_pdir/ips_dbc_debug_core_v1_4.vp(line number: 3866)] Unused register trig9_d1 was removed.
W: Sdm-2020: [E:/work/pango/PDS_2025.2-ads/arch/vendor/pango/arch/cdt/debug_core_rtls_pdir/ips_dbc_debug_core_v1_4.vp(line number: 3866)] Unused register trig10_d1 was removed.
W: Sdm-2020: [E:/work/pango/PDS_2025.2-ads/arch/vendor/pango/arch/cdt/debug_core_rtls_pdir/ips_dbc_debug_core_v1_4.vp(line number: 3866)] Unused register trig11_d1 was removed.
W: Sdm-2020: [E:/work/pango/PDS_2025.2-ads/arch/vendor/pango/arch/cdt/debug_core_rtls_pdir/ips_dbc_debug_core_v1_4.vp(line number: 3866)] Unused register trig12_d1 was removed.
W: Sdm-2020: [E:/work/pango/PDS_2025.2-ads/arch/vendor/pango/arch/cdt/debug_core_rtls_pdir/ips_dbc_debug_core_v1_4.vp(line number: 3866)] Unused register trig13_d1 was removed.
W: Sdm-2020: [E:/work/pango/PDS_2025.2-ads/arch/vendor/pango/arch/cdt/debug_core_rtls_pdir/ips_dbc_debug_core_v1_4.vp(line number: 3866)] Unused register trig14_d1 was removed.
W: Sdm-2020: [E:/work/pango/PDS_2025.2-ads/arch/vendor/pango/arch/cdt/debug_core_rtls_pdir/ips_dbc_debug_core_v1_4.vp(line number: 3866)] Unused register trig15_d1 was removed.
W: Sdm-2020: [E:/work/pango/PDS_2025.2-ads/arch/vendor/pango/arch/cdt/debug_core_rtls_pdir/ips_dbc_debug_core_v1_4.vp(line number: 3866)] Unused register data_d2 was removed.
W: Sdm-2020: [E:/work/pango/PDS_2025.2-ads/arch/vendor/pango/arch/cdt/debug_core_rtls_pdir/ips_dbc_debug_core_v1_4.vp(line number: 3866)] Unused register trig1_d2 was removed.
W: Sdm-2020: [E:/work/pango/PDS_2025.2-ads/arch/vendor/pango/arch/cdt/debug_core_rtls_pdir/ips_dbc_debug_core_v1_4.vp(line number: 3866)] Unused register trig2_d2 was removed.
W: Sdm-2020: [E:/work/pango/PDS_2025.2-ads/arch/vendor/pango/arch/cdt/debug_core_rtls_pdir/ips_dbc_debug_core_v1_4.vp(line number: 3866)] Unused register trig3_d2 was removed.
W: Sdm-2020: [E:/work/pango/PDS_2025.2-ads/arch/vendor/pango/arch/cdt/debug_core_rtls_pdir/ips_dbc_debug_core_v1_4.vp(line number: 3866)] Unused register trig4_d2 was removed.
W: Sdm-2020: [E:/work/pango/PDS_2025.2-ads/arch/vendor/pango/arch/cdt/debug_core_rtls_pdir/ips_dbc_debug_core_v1_4.vp(line number: 3866)] Unused register trig5_d2 was removed.
W: Sdm-2020: [E:/work/pango/PDS_2025.2-ads/arch/vendor/pango/arch/cdt/debug_core_rtls_pdir/ips_dbc_debug_core_v1_4.vp(line number: 3866)] Unused register trig6_d2 was removed.
W: Sdm-2020: [E:/work/pango/PDS_2025.2-ads/arch/vendor/pango/arch/cdt/debug_core_rtls_pdir/ips_dbc_debug_core_v1_4.vp(line number: 3866)] Unused register trig7_d2 was removed.
W: Sdm-2020: [E:/work/pango/PDS_2025.2-ads/arch/vendor/pango/arch/cdt/debug_core_rtls_pdir/ips_dbc_debug_core_v1_4.vp(line number: 3866)] Unused register trig8_d2 was removed.
W: Sdm-2020: [E:/work/pango/PDS_2025.2-ads/arch/vendor/pango/arch/cdt/debug_core_rtls_pdir/ips_dbc_debug_core_v1_4.vp(line number: 3866)] Unused register trig9_d2 was removed.
W: Sdm-2020: [E:/work/pango/PDS_2025.2-ads/arch/vendor/pango/arch/cdt/debug_core_rtls_pdir/ips_dbc_debug_core_v1_4.vp(line number: 3866)] Unused register trig10_d2 was removed.
W: Sdm-2020: [E:/work/pango/PDS_2025.2-ads/arch/vendor/pango/arch/cdt/debug_core_rtls_pdir/ips_dbc_debug_core_v1_4.vp(line number: 3866)] Unused register trig11_d2 was removed.
W: Sdm-2020: [E:/work/pango/PDS_2025.2-ads/arch/vendor/pango/arch/cdt/debug_core_rtls_pdir/ips_dbc_debug_core_v1_4.vp(line number: 3866)] Unused register trig12_d2 was removed.
W: Sdm-2020: [E:/work/pango/PDS_2025.2-ads/arch/vendor/pango/arch/cdt/debug_core_rtls_pdir/ips_dbc_debug_core_v1_4.vp(line number: 3866)] Unused register trig13_d2 was removed.
W: Sdm-2020: [E:/work/pango/PDS_2025.2-ads/arch/vendor/pango/arch/cdt/debug_core_rtls_pdir/ips_dbc_debug_core_v1_4.vp(line number: 3866)] Unused register trig14_d2 was removed.
W: Sdm-2020: [E:/work/pango/PDS_2025.2-ads/arch/vendor/pango/arch/cdt/debug_core_rtls_pdir/ips_dbc_debug_core_v1_4.vp(line number: 3866)] Unused register trig15_d2 was removed.
W: Sdm-2020: [E:/work/pango/PDS_2025.2-ads/arch/vendor/pango/arch/cdt/debug_core_rtls_pdir/ips_jtag_hub_v1_4.vp(line number: 452)] Unused register rst.dbg_rst was removed.
W: Sdm-2020: [E:/work/pango/PDS_2025.2-ads/arch/vendor/pango/arch/cdt/debug_core_rtls_pdir/ips_jtag_hub_v1_4.vp(line number: 478)] Unused register start.dbg_start was removed.
W: Sdm-2020: [E:/work/pango/PDS_2025.2-ads/arch/vendor/pango/arch/cdt/debug_core_rtls_pdir/ips_jtag_hub_v1_4.vp(line number: 503)] Unused register stop.dbg_stop was removed.
W: Sdm-2020: [E:/work/pango/PDS_2025.2-ads/arch/vendor/pango/arch/cdt/debug_core_rtls_pdir/ips_jtag_hub_v1_4.vp(line number: 649)] Unused register test_reg1 was removed.
W: Sdm-2020: [E:/work/pango/PDS_2025.2-ads/arch/vendor/pango/arch/cdt/debug_core_rtls_pdir/ips_dbc_hub_decode_v1_2.vp(line number: 609)] Unused register bit_cnt was removed.
W: Sdm-2020: [E:/work/pango/PDS_2025.2-ads/arch/vendor/pango/arch/cdt/debug_core_rtls_pdir/ips_dbc_trig_unit_v1_3.vp(line number: 497)] Unused register bit_cnt was removed.
W: Sdm-2020: [E:/work/pango/PDS_2025.2-ads/arch/vendor/pango/arch/cdt/debug_core_rtls_pdir/ips_dbc_trig_unit_v1_3.vp(line number: 847)] Unused register match_src_d1 was removed.
W: Sdm-2020: [E:/work/pango/PDS_2025.2-ads/arch/vendor/pango/arch/cdt/debug_core_rtls_pdir/ips_dbc_trig_unit_v1_3.vp(line number: 931)] Unused register match_w_d1 was removed.
W: Sdm-2020: [E:/work/pango/PDS_2025.2-ads/arch/vendor/pango/arch/cdt/debug_core_rtls_pdir/ips_dbc_trigger_condition_v1_3.vp(line number: 344)] Unused register bit_cnt was removed.
W: Sdm-2020: [E:/work/pango/PDS_2025.2-ads/arch/vendor/pango/arch/cdt/debug_core_rtls_pdir/ips_dbc_trigger_condition_v1_3.vp(line number: 527)] Unused register seq_match was removed.
W: Sdm-2020: [E:/work/pango/PDS_2025.2-ads/arch/vendor/pango/arch/cdt/debug_core_rtls_pdir/ips_dbc_storage_condition_v1_3.vp(line number: 537)] Unused register bit_cnt was removed.
W: Sdm-2020: [E:/work/pango/PDS_2025.2-ads/arch/vendor/pango/arch/cdt/debug_core_rtls_pdir/ips_dbc_storage_condition_v1_3.vp(line number: 866)] Unused register stor_en_d1 was removed.
W: Sdm-2020: [E:/work/pango/PDS_2025.2-ads/arch/vendor/pango/arch/cdt/debug_core_rtls_pdir/ips_dbc_storage_condition_v1_3.vp(line number: 1031)] Unused register wrap_condition was removed.
Executing : rtl-prep successfully. Time elapsed: 0.062s wall, 0.062s user + 0.000s system = 0.062s CPU (100.8%). Peak memory used: 195 MB.

Start rtl-infer.
Start DFF-inference.
W: Sdm-2003: [E:/work/pango/PDS_2025.2-ads/arch/vendor/pango/arch/cdt/debug_core_rtls_pdir/ips_dbc_debug_core_v1_4.vp(line number: 4902)] The net 'mu_signal[0] [4095:256]' in CORES.u_debug_core_0 is un-driven.
W: Sdm-2003: [E:/work/pango/PDS_2025.2-ads/arch/vendor/pango/arch/cdt/debug_core_rtls_pdir/ips_dbc_debug_core_v1_4.vp(line number: 4902)] The net 'mu_signal[1] [4095:256]' in CORES.u_debug_core_0 is un-driven.
I: Removed inst tu_sig_dly that is redundant to signal_dly[8:0].
Executing : DFF-inference successfully.
I: Sdm-0001: [E:/work/pango/PDS_2025.2-ads/arch/vendor/pango/arch/cdt/debug_core_rtls_pdir/ips_dbc_data_capture_mem_v1_1.vp(line number: 126)] Found Ram block_ram.ram_data, depth=4096, width=10.
Executing : rtl-infer successfully. Time elapsed: 0.833s wall, 0.516s user + 0.312s system = 0.828s CPU (99.4%). Peak memory used: 197 MB.

Start rtl-control-opt.
Executing : rtl-control-opt successfully. Time elapsed: 0.293s wall, 0.156s user + 0.141s system = 0.297s CPU (101.2%). Peak memory used: 197 MB.

Start rtl-data-opt.
Executing : rtl-data-opt successfully. Time elapsed: 0.075s wall, 0.062s user + 0.000s system = 0.062s CPU (83.5%). Peak memory used: 197 MB.

Start FSM inference.
Executing : FSM inference successfully. Time elapsed: 0.008s wall, 0.000s user + 0.000s system = 0.000s CPU (n/a%). Peak memory used: 197 MB.

Start sdm2adm.
I: Constant propagation done on N341 (bmsWIDEMUX).
I: Constant propagation done on N315 (bmsWIDEMUX).
I: Constant propagation done on N737 (bmsWIDEMUX).
I: Constant propagation done on N715 (bmsWIDEMUX).
I: Constant propagation done on N693 (bmsWIDEMUX).
I: Constant propagation done on N671 (bmsWIDEMUX).
I: Constant propagation done on N649 (bmsWIDEMUX).
I: Constant propagation done on N627 (bmsWIDEMUX).
I: Constant propagation done on N605 (bmsWIDEMUX).
I: Constant propagation done on N583 (bmsWIDEMUX).
W: Public-4060: [E:/work/pango/PDS_2025.2-ads/arch/vendor/pango/arch/cdt/debug_core_rtls_pdir/ips_dbc_trig_unit_v1_3.vp(line number: 743)] Hierarchical instance 'u_debug_core_0/u0_trig_unit/u_larger_than' is dangling and will be cleaned.
W: Public-4060: [E:/work/pango/PDS_2025.2-ads/arch/vendor/pango/arch/cdt/debug_core_rtls_pdir/ips_dbc_trig_unit_v1_3.vp(line number: 752)] Hierarchical instance 'u_debug_core_0/u0_trig_unit/u_less_than' is dangling and will be cleaned.
Executing : sdm2adm successfully. Time elapsed: 0.128s wall, 0.125s user + 0.000s system = 0.125s CPU (97.8%). Peak memory used: 213 MB.

Saving design to DB.
Action Compile: Export DB successfully.
Action compile: Real time elapsed is 0h:0m:7s
Action compile: CPU time elapsed is 0h:0m:2s
Action compile: Process CPU time elapsed is 0h:0m:2s
Action compile: Peak memory pool usage is 213 MB

Current time: Sat Sep 19 15:57:05 2026
W: Public-4057: Top Module has been changed .The current Top is 'work.CORES'.
Action from compile to compile: Total Real Time elapsed is 0h:0m:7s
Action from compile to compile: Total CPU time elapsed is 0h:0m:2s
Action from compile to compile: Total Process CPU Time elapsed is 0h:0m:2s
Process "Compile" done.
Executing : compile successfully.


Executing : synthesize -ADS -disable_io_insertion
 
Command: set_option -options { disable_io_insertion {true}} [get_actions synthesize -of_objects [get_tasks syn_1]]
launch_tasks [get_tasks {syn_1}] -to_action synthesize
wait_on_tasks [get_tasks {syn_1}] -to_action synthesize
Process "Synthesize" started.
Current time: Sat Sep 19 15:57:05 2026
Compiling architecture definition.
Analyzing project file 'E:/code/PangoWork/Works/uart/prj_tasks/pnr_1/device_map/ins_rev/prj_tasks/syn_1/synthesize/synthesize.ptemp'.
#Generated by Fabric Compiler (version 2025.2 build 211867) at Sat Sep 19 15:57:06 2026
Parameters for debugging are loaded as follows:
License checkout: fabric_ads from E:/work/pango/PDS_2025.2-ads/new_pds_F4A80DA47D72.lic
Compiling verification operator library.
Compiling vendor parameter file.
Compiling common defs.
Loading technology operator library.
Compiling technology operator library.
Compiling technology operator (valence) library.
Reading design from compile DB
NOTE: The technology fpga was specified.
NOTE: delay_model specified was generic_cmos.
NOTE: Using the fpga syntax tables...
Elaborate the liberty model.
I: Multithreading enabled for Timing using a maximum of 4 processes.
Totals:
 Calls to malloc = 0
 Calls to calloc = 111555

Reading design from compile DB successfully.
Constraint check start.
Compiling prim grid devices.
Building architecture model.
Loading device packaging model.
Building architecture floorplan logic view.
Found 0 error(s), 0 critical warning(s), 0 warning(s), out of 1 constraint(s), you can contact with E:/code/PangoWork/Works/uart/prj_tasks/pnr_1/device_map/ins_rev/prj_tasks/syn_1/synthesize/constraint_check.ccr for more detail information.
Constraint check end.
Total time(hh:mm:ss) of constraint check : 00:00:01
I: Infer clock: create_clock -name {CORES|CORES|SCANCHAIN_CAPTURE} [ get_pins {u_GTP_SCANCHAIN:CAPDR} ] -period {100.000000} -waveform {25.000000 75.000000} -add.
C: SDC-2025: Clock source 'n:fla0_clk' need a clock constraint, please use 'create_clock' or 'create_generate_clock' to generate.
I: Infer clock: create_clock -name {CORES|fla0_clk} [ get_ports {fla0_clk} ] -period {1000.000000} -waveform {0.000000 500.000000} -add.
I: Infer clock: set_clock_groups -name {CORES|Inferred_clock_group_0} -asynchronous -group {CORES|fla0_clk}.
I: Infer clock: create_clock -name {CORES|CORES|SCANCHAIN_JCLK} [ get_pins {u_GTP_SCANCHAIN:TCK_USER} ] -period {50.000000} -waveform {0.000000 25.000000} -add.
I: Infer clock: set_clock_groups -name {CORES|Inferred_clock_group_u_GTP_SCANCHAIN_1} -asynchronous -group {CORES|CORES|SCANCHAIN_JCLK CORES|CORES|SCANCHAIN_CAPTURE}.
Start pre-mapping.
I: Constant propagation done on u_debug_core_0/u0_trig_unit/N625[0]_inv (bmsINV).
I: Constant propagation done on u_debug_core_0/u0_trig_unit/N625[1]_inv (bmsINV).
I: Constant propagation done on u_debug_core_0/u0_trig_unit/N625[2]_inv (bmsINV).
I: Constant propagation done on u_debug_core_0/u0_trig_unit/N625[3]_inv (bmsINV).
I: Constant propagation done on u_debug_core_0/u0_trig_unit/N625[4]_inv (bmsINV).
I: Constant propagation done on u_debug_core_0/u0_trig_unit/N625[5]_inv (bmsINV).
I: Constant propagation done on u_debug_core_0/u0_trig_unit/N625[6]_inv (bmsINV).
I: Constant propagation done on u_debug_core_0/u0_trig_unit/N625[7]_inv (bmsINV).
I: Constant propagation done on u_debug_core_0/u0_trig_unit/N625[8]_inv (bmsINV).
I: Constant propagation done on u_debug_core_0/u0_trig_unit/N625[9]_inv (bmsINV).
I: Removed bmsWIDEDFFCPE inst u_debug_core_0/u0_trig_unit/match_single_to_16[2] that is redundant to u_debug_core_0/u0_trig_unit/match_single_to_16[1]
I: Removed bmsWIDEDFFCPE inst u_debug_core_0/u0_trig_unit/match_single_to_16[3] that is redundant to u_debug_core_0/u0_trig_unit/match_single_to_16[1]
I: Removed bmsWIDEDFFCPE inst u_debug_core_0/u0_trig_unit/match_single_to_16[4] that is redundant to u_debug_core_0/u0_trig_unit/match_single_to_16[1]
I: Removed bmsWIDEDFFCPE inst u_debug_core_0/u0_trig_unit/match_single_to_16[5] that is redundant to u_debug_core_0/u0_trig_unit/match_single_to_16[1]
I: Removed bmsWIDEDFFCPE inst u_debug_core_0/u0_trig_unit/match_single_to_16[6] that is redundant to u_debug_core_0/u0_trig_unit/match_single_to_16[1]
I: Removed bmsWIDEDFFCPE inst u_debug_core_0/u0_trig_unit/match_single_to_16[7] that is redundant to u_debug_core_0/u0_trig_unit/match_single_to_16[1]
I: Removed bmsWIDEDFFCPE inst u_debug_core_0/u0_trig_unit/match_single_to_16[8] that is redundant to u_debug_core_0/u0_trig_unit/match_single_to_16[1]
I: Removed bmsWIDEDFFCPE inst u_debug_core_0/u0_trig_unit/match_single_to_16[9] that is redundant to u_debug_core_0/u0_trig_unit/match_single_to_16[1]
I: Removed bmsWIDEDFFCPE inst u_debug_core_0/u0_trig_unit/match_single_to_16[10] that is redundant to u_debug_core_0/u0_trig_unit/match_single_to_16[1]
I: Removed bmsWIDEDFFCPE inst u_debug_core_0/u0_trig_unit/match_single_to_16[11] that is redundant to u_debug_core_0/u0_trig_unit/match_single_to_16[1]
I: Removed bmsWIDEDFFCPE inst u_debug_core_0/u0_trig_unit/match_single_to_16[12] that is redundant to u_debug_core_0/u0_trig_unit/match_single_to_16[1]
I: Removed bmsWIDEDFFCPE inst u_debug_core_0/u0_trig_unit/match_single_to_16[13] that is redundant to u_debug_core_0/u0_trig_unit/match_single_to_16[1]
I: Removed bmsWIDEDFFCPE inst u_debug_core_0/u0_trig_unit/match_single_to_16[14] that is redundant to u_debug_core_0/u0_trig_unit/match_single_to_16[1]
I: Removed bmsWIDEDFFCPE inst u_debug_core_0/u0_trig_unit/match_single_to_16[15] that is redundant to u_debug_core_0/u0_trig_unit/match_single_to_16[1]
W: Adm-4083: [E:/work/pango/PDS_2025.2-ads/arch/vendor/pango/arch/cdt/debug_core_rtls_pdir/ips_jtag_hub_v1_4.vp(line number: 529)] Removed bmsWIDEDFFCPE inst cs.conf_sel[15:0] at 15 that is stuck at constant 0.
Executing : pre-mapping successfully. Time elapsed: 0.108s wall, 0.094s user + 0.109s system = 0.203s CPU (188.8%). Peak memory used: 259 MB.

Start mod-gen.
W: Public-4008: [E:/work/pango/PDS_2025.2-ads/arch/vendor/pango/arch/cdt/debug_core_rtls_pdir/ips_dbc_trig_unit_v1_3.vp(line number: 547)] Instance 'u_debug_core_0/u0_trig_unit/test_reg0' of 'bmsWIDEDFFCPE' unit is dangling and will be cleaned.
W: Public-4008: [E:/work/pango/PDS_2025.2-ads/arch/vendor/pango/arch/cdt/debug_core_rtls_pdir/ips_dbc_cfg_reg_file_v1_0.vp(line number: 135)] Instance 'u_debug_core_0/u0_trig_unit/u_cfg_reg_file/getback_n.cfg_rdlast' of 'bmsWIDEDFFCPE' unit is dangling and will be cleaned.
W: Public-4008: [E:/work/pango/PDS_2025.2-ads/arch/vendor/pango/arch/cdt/debug_core_rtls_pdir/ips_dbc_cfg_reg_file_v1_0.vp(line number: 135)] Instance 'u_debug_core_0/u_Storage_Condition/u_cfg_reg_file/getback_n.cfg_rdlast' of 'bmsWIDEDFFCPE' unit is dangling and will be cleaned.
W: Public-4008: [E:/work/pango/PDS_2025.2-ads/arch/vendor/pango/arch/cdt/debug_core_rtls_pdir/ips_dbc_cfg_reg_file_v1_0.vp(line number: 135)] Instance 'u_debug_core_0/u_Trigger_Condition/u_cfg_reg_file/getback_n.cfg_rdlast' of 'bmsWIDEDFFCPE' unit is dangling and will be cleaned.
I: Removed bmsWIDEDFFCPE inst u_debug_core_0/u0_trig_unit/signal_dly[8:0] that is redundant to u_debug_core_0/TRIG0_SYNC_EDGE.TRIG0_ff[1][8:0]
I: Removed bmsWIDEDFFCPE inst u_debug_core_0/u0_trig_unit/match_single_to_16[1] that is redundant to u_debug_core_0/data_start
I: Removed bmsREDOR inst u_debug_core_0/u_Storage_Condition/N349 that is redundant to u_debug_core_0/u_Storage_Condition/N339
W: Adm-4097: [E:/work/pango/PDS_2025.2-ads/arch/vendor/pango/arch/cdt/debug_core_rtls_pdir/ips_dbc_data_capture_mem_v1_1.vp(line number: 126)] The dual port DRM u_Data_Capture_Memory/block_ram.ram_data may mismatch in simulation with read-write address conflict.
Executing : mod-gen successfully. Time elapsed: 0.408s wall, 0.344s user + 0.062s system = 0.406s CPU (99.6%). Peak memory used: 277 MB.

Start logic-optimization.
Executing : logic-optimization successfully. Time elapsed: 1.001s wall, 0.875s user + 0.109s system = 0.984s CPU (98.3%). Peak memory used: 300 MB.

Start tech-mapping phase 1.
W: Public-4008: [E:/work/pango/PDS_2025.2-ads/arch/vendor/pango/arch/cdt/debug_core_rtls_pdir/ips_jtag_hub_v1_4.vp(line number: 529)] Instance 'u_jtag_hub/cs.conf_sel[13]' of 'bmsWIDEDFFCPE' unit is dangling and will be cleaned.
W: Public-4008: [E:/work/pango/PDS_2025.2-ads/arch/vendor/pango/arch/cdt/debug_core_rtls_pdir/ips_jtag_hub_v1_4.vp(line number: 529)] Instance 'u_jtag_hub/cs.conf_sel[14]' of 'bmsWIDEDFFCPE' unit is dangling and will be cleaned.
W: Public-4008: [E:/work/pango/PDS_2025.2-ads/arch/vendor/pango/arch/cdt/debug_core_rtls_pdir/ips_jtag_hub_v1_4.vp(line number: 529)] Instance 'u_jtag_hub/cs.conf_sel[15]' of 'bmsWIDEDFFCPE' unit is dangling and will be cleaned.
W: Public-4008: [E:/work/pango/PDS_2025.2-ads/arch/vendor/pango/arch/cdt/debug_core_rtls_pdir/ips_jtag_hub_v1_4.vp(line number: 529)] Instance 'u_jtag_hub/cs.conf_sel[1]' of 'bmsWIDEDFFCPE' unit is dangling and will be cleaned.
W: Public-4008: [E:/work/pango/PDS_2025.2-ads/arch/vendor/pango/arch/cdt/debug_core_rtls_pdir/ips_jtag_hub_v1_4.vp(line number: 529)] Instance 'u_jtag_hub/cs.conf_sel[2]' of 'bmsWIDEDFFCPE' unit is dangling and will be cleaned.
W: Public-4008: [E:/work/pango/PDS_2025.2-ads/arch/vendor/pango/arch/cdt/debug_core_rtls_pdir/ips_jtag_hub_v1_4.vp(line number: 529)] Instance 'u_jtag_hub/cs.conf_sel[3]' of 'bmsWIDEDFFCPE' unit is dangling and will be cleaned.
W: Public-4008: [E:/work/pango/PDS_2025.2-ads/arch/vendor/pango/arch/cdt/debug_core_rtls_pdir/ips_jtag_hub_v1_4.vp(line number: 529)] Instance 'u_jtag_hub/cs.conf_sel[4]' of 'bmsWIDEDFFCPE' unit is dangling and will be cleaned.
W: Public-4008: [E:/work/pango/PDS_2025.2-ads/arch/vendor/pango/arch/cdt/debug_core_rtls_pdir/ips_jtag_hub_v1_4.vp(line number: 529)] Instance 'u_jtag_hub/cs.conf_sel[5]' of 'bmsWIDEDFFCPE' unit is dangling and will be cleaned.
W: Public-4008: [E:/work/pango/PDS_2025.2-ads/arch/vendor/pango/arch/cdt/debug_core_rtls_pdir/ips_jtag_hub_v1_4.vp(line number: 529)] Instance 'u_jtag_hub/cs.conf_sel[6]' of 'bmsWIDEDFFCPE' unit is dangling and will be cleaned.
W: Public-4008: [E:/work/pango/PDS_2025.2-ads/arch/vendor/pango/arch/cdt/debug_core_rtls_pdir/ips_jtag_hub_v1_4.vp(line number: 529)] Instance 'u_jtag_hub/cs.conf_sel[7]' of 'bmsWIDEDFFCPE' unit is dangling and will be cleaned.
W: Public-4008: [E:/work/pango/PDS_2025.2-ads/arch/vendor/pango/arch/cdt/debug_core_rtls_pdir/ips_jtag_hub_v1_4.vp(line number: 529)] Instance 'u_jtag_hub/cs.conf_sel[8]' of 'bmsWIDEDFFCPE' unit is dangling and will be cleaned.
W: Public-4008: [E:/work/pango/PDS_2025.2-ads/arch/vendor/pango/arch/cdt/debug_core_rtls_pdir/ips_jtag_hub_v1_4.vp(line number: 529)] Instance 'u_jtag_hub/cs.conf_sel[9]' of 'bmsWIDEDFFCPE' unit is dangling and will be cleaned.
W: Public-4008: [E:/work/pango/PDS_2025.2-ads/arch/vendor/pango/arch/cdt/debug_core_rtls_pdir/ips_jtag_hub_v1_4.vp(line number: 529)] Instance 'u_jtag_hub/cs.conf_sel[10]' of 'bmsWIDEDFFCPE' unit is dangling and will be cleaned.
W: Public-4008: [E:/work/pango/PDS_2025.2-ads/arch/vendor/pango/arch/cdt/debug_core_rtls_pdir/ips_jtag_hub_v1_4.vp(line number: 529)] Instance 'u_jtag_hub/cs.conf_sel[11]' of 'bmsWIDEDFFCPE' unit is dangling and will be cleaned.
W: Public-4008: [E:/work/pango/PDS_2025.2-ads/arch/vendor/pango/arch/cdt/debug_core_rtls_pdir/ips_jtag_hub_v1_4.vp(line number: 529)] Instance 'u_jtag_hub/cs.conf_sel[12]' of 'bmsWIDEDFFCPE' unit is dangling and will be cleaned.
Executing : tech-mapping phase 1 successfully. Time elapsed: 0.089s wall, 0.078s user + 0.000s system = 0.078s CPU (87.4%). Peak memory used: 300 MB.

Start tech-mapping phase 2.
Executing : tech-mapping phase 2 successfully. Time elapsed: 0.691s wall, 0.734s user + 0.047s system = 0.781s CPU (113.1%). Peak memory used: 301 MB.

Start tech-optimization.
Executing : tech-optimization successfully. Time elapsed: 0.068s wall, 0.109s user + 0.016s system = 0.125s CPU (184.4%). Peak memory used: 302 MB.

Start phys-optimization.
Executing : phys-optimization successfully. Time elapsed: 0.000s wall, 0.000s user + 0.000s system = 0.000s CPU (n/a%). Peak memory used: 302 MB.

Start restore-hierarchy.
Executing : restore-hierarchy successfully. Time elapsed: 0.013s wall, 0.016s user + 0.000s system = 0.016s CPU (117.8%). Peak memory used: 302 MB.


Cell Usage:
GTP_DFF                      39 uses
GTP_DFF_C                   199 uses
GTP_DFF_CE                  107 uses
GTP_DFF_E                     9 uses
GTP_DFF_P                    13 uses
GTP_DFF_PE                   25 uses
GTP_DRM18K                    2 uses
GTP_DRM9K                     1 use
GTP_INV                       4 uses
GTP_LUT1                      3 uses
GTP_LUT2                    160 uses
GTP_LUT3                     16 uses
GTP_LUT4                     61 uses
GTP_LUT5                     91 uses
GTP_LUT5CARRY                63 uses
GTP_LUT5M                    32 uses
GTP_MUX2LUT6                  5 uses
GTP_MUX2LUT7                  2 uses
GTP_ROM32X1                  20 uses
GTP_SCANCHAIN_E1              1 use

I/O ports: 0

Mapping Summary:
Total LUTs: 446 of 42800 (1.04%)
	LUTs as dram: 0 of 17000 (0.00%)
	LUTs as logic: 446
Total Registers: 392 of 64200 (0.61%)
Total Latches: 0

DRM18K:
Total DRM18Ks = 2.5 of 134 (1.87%)

APM:
Total APMs = 0.00 of 84 (0.00%)

Total I/O ports = 0 of 296 (0.00%)


Overview of Control Sets:

Number of unique control sets : 23

Histogram:
**************************************************************
  Fanout      | Count    | Sync Set/Reset    Async Set/Reset
--------------------------------------------------------------
  [0, 2)      | 1        | 0                 1
  [2, 4)      | 5        | 1                 4
  [4, 6)      | 4        | 0                 4
  [6, 8)      | 2        | 1                 1
  [8, 10)     | 1        | 1                 0
  [10, 12)    | 0        | 0                 0
  [12, 14)    | 5        | 0                 5
  [14, 16)    | 0        | 0                 0
  [16, Inf)   | 5        | 1                 4
--------------------------------------------------------------
  The maximum fanout: 140
==============================================================

Flip-Flop Distribution:
************************************************************************
  Clock Enable    Sync Set/Reset    Async Set/Reset    Total Registers
------------------------------------------------------------------------
  NO              NO                NO                 39
  NO              NO                YES                212
  NO              YES               NO                 0
  YES             NO                NO                 9
  YES             NO                YES                132
  YES             YES               NO                 0
========================================================================

Latch Distribution:
************************************************
  Gate Enable    Preset/Clear    Total Latches
************************************************
  NO             NO              0
  NO             YES             0
  YES            NO              0
  YES            YES             0
************************************************

Design 'CORES' has been successfully synthesized to architecture-specific objects.
Saving design to DB.
Action Synthesize: Export DB successfully.
Saving design to CORES_syn.vm
Constructing timing graph ...
Timing graph has been constructed successfully
W: Timing-4086: Port 'fla0_rstn' is not constrained, it is treated as combinational input.
W: Timing-4086: Port 'fla0_trig0_i[0]' is not constrained, it is treated as combinational input.
W: Timing-4086: Port 'fla0_trig0_i[1]' is not constrained, it is treated as combinational input.
W: Timing-4086: Port 'fla0_trig0_i[2]' is not constrained, it is treated as combinational input.
W: Timing-4086: Port 'fla0_trig0_i[3]' is not constrained, it is treated as combinational input.
W: Timing-4086: Port 'fla0_trig0_i[4]' is not constrained, it is treated as combinational input.
W: Timing-4086: Port 'fla0_trig0_i[5]' is not constrained, it is treated as combinational input.
W: Timing-4086: Port 'fla0_trig0_i[6]' is not constrained, it is treated as combinational input.
W: Timing-4086: Port 'fla0_trig0_i[7]' is not constrained, it is treated as combinational input.
W: Timing-4086: Port 'fla0_trig0_i[8]' is not constrained, it is treated as combinational input.
Action synthesize: Real time elapsed is 0h:0m:7s
Action synthesize: CPU time elapsed is 0h:0m:5s
Action synthesize: Process CPU time elapsed is 0h:0m:5s
Action synthesize: Peak memory pool usage is 302 MB

Current time: Sat Sep 19 15:57:11 2026
Action from compile to synthesize: Total Real Time elapsed is 0h:0m:14s
Action from compile to synthesize: Total CPU time elapsed is 0h:0m:7s
Action from compile to synthesize: Total Process CPU Time elapsed is 0h:0m:7s
Process "Synthesize" done.
Executing : synthesize -ADS -disable_io_insertion successfully.
