#Build: Fabric Compiler 2020.3, Build 62942, Sep 29 13:34 2020
#Install: E:\pango\PDS_2020.3\bin
#Application name: pds_shell.exe
#OS: Windows 10 10.0.18363
#Hostname: DESKTOP-6GABMIP
Generated by Fabric Compiler (version 2020.3 build 62942) at Fri Oct 28 15:53:07 2022
License checkout: fabric_ads
Compiling verification operator library.
Compiling common defs.
Loading technology operator library.
Compiling technology operator library.
Compiling technology operator (valence) library.
Reading design from compile DB
Reading design from compile DB successfully.
Constraint check start.
Compiling prim grid devices.
Building architecture model.
Loading device packaging model 'FBG676'.
Building architecture floorplan logic view.
Executing : get_ports sys_clk
Executing : get_ports sys_clk successfully.
Executing : create_clock -name sys_clk [get_ports sys_clk] -period 20.000 -waveform {0.000 10.000}
Executing : create_clock -name sys_clk [get_ports sys_clk] -period 20.000 -waveform {0.000 10.000} successfully.
C: ConstraintEditor-2002: [D:/pango_fire/demo/9_hdmi_loop/hdmi_loop_pango/hdmi_loop.fdc(line number: 241)] | Port hdmi_in_rgb[0] has been placed at location J15, whose type is share pin.
C: ConstraintEditor-2002: [D:/pango_fire/demo/9_hdmi_loop/hdmi_loop_pango/hdmi_loop.fdc(line number: 201)] | Port hdmi_in_rgb[10] has been placed at location H19, whose type is share pin.
C: ConstraintEditor-2002: [D:/pango_fire/demo/9_hdmi_loop/hdmi_loop_pango/hdmi_loop.fdc(line number: 197)] | Port hdmi_in_rgb[11] has been placed at location J19, whose type is share pin.
C: ConstraintEditor-2002: [D:/pango_fire/demo/9_hdmi_loop/hdmi_loop_pango/hdmi_loop.fdc(line number: 173)] | Port hdmi_in_rgb[17] has been placed at location F22, whose type is share pin.
C: ConstraintEditor-2002: [D:/pango_fire/demo/9_hdmi_loop/hdmi_loop_pango/hdmi_loop.fdc(line number: 169)] | Port hdmi_in_rgb[18] has been placed at location E23, whose type is share pin.
C: ConstraintEditor-2002: [D:/pango_fire/demo/9_hdmi_loop/hdmi_loop_pango/hdmi_loop.fdc(line number: 165)] | Port hdmi_in_rgb[19] has been placed at location F23, whose type is share pin.
C: ConstraintEditor-2002: [D:/pango_fire/demo/9_hdmi_loop/hdmi_loop_pango/hdmi_loop.fdc(line number: 237)] | Port hdmi_in_rgb[1] has been placed at location J14, whose type is share pin.
C: ConstraintEditor-2002: [D:/pango_fire/demo/9_hdmi_loop/hdmi_loop_pango/hdmi_loop.fdc(line number: 233)] | Port hdmi_in_rgb[2] has been placed at location K15, whose type is share pin.
C: ConstraintEditor-2002: [D:/pango_fire/demo/9_hdmi_loop/hdmi_loop_pango/hdmi_loop.fdc(line number: 229)] | Port hdmi_in_rgb[3] has been placed at location J16, whose type is share pin.
C: ConstraintEditor-2002: [D:/pango_fire/demo/9_hdmi_loop/hdmi_loop_pango/hdmi_loop.fdc(line number: 225)] | Port hdmi_in_rgb[4] has been placed at location J20, whose type is share pin.
C: ConstraintEditor-2002: [D:/pango_fire/demo/9_hdmi_loop/hdmi_loop_pango/hdmi_loop.fdc(line number: 221)] | Port hdmi_in_rgb[5] has been placed at location K20, whose type is share pin.
C: ConstraintEditor-2002: [D:/pango_fire/demo/9_hdmi_loop/hdmi_loop_pango/hdmi_loop.fdc(line number: 209)] | Port hdmi_in_rgb[8] has been placed at location H18, whose type is share pin.
C: ConstraintEditor-2002: [D:/pango_fire/demo/9_hdmi_loop/hdmi_loop_pango/hdmi_loop.fdc(line number: 205)] | Port hdmi_in_rgb[9] has been placed at location J18, whose type is share pin.
C: ConstraintEditor-2002: [D:/pango_fire/demo/9_hdmi_loop/hdmi_loop_pango/hdmi_loop.fdc(line number: 313)] | Port sys_rst_n has been placed at location G25, whose type is share pin.
Constraint check end.
Executing : get_pins {hdmi_i2c_inst/i2c_ctrl_inst/i2c_clk:Q[0]}
Executing : get_pins {hdmi_i2c_inst/i2c_ctrl_inst/i2c_clk:Q[0]} successfully.
Executing : create_clock -name {hdmi_i2c_inst/i2c_ctrl_inst/i2c_clk/Q[0]_Inferred} [get_pins {hdmi_i2c_inst/i2c_ctrl_inst/i2c_clk:Q[0]}] -period 1000.000 -waveform {0.000 500.000} -add
Executing : create_clock -name {hdmi_i2c_inst/i2c_ctrl_inst/i2c_clk/Q[0]_Inferred} [get_pins {hdmi_i2c_inst/i2c_ctrl_inst/i2c_clk:Q[0]}] -period 1000.000 -waveform {0.000 500.000} -add successfully.
Executing : get_pins hdmi_i2c_inst/i2c_ctrl_inst/N512:Z
Executing : get_pins hdmi_i2c_inst/i2c_ctrl_inst/N512:Z successfully.
Executing : create_clock -name hdmi_i2c_inst/i2c_ctrl_inst/N512/Z_Inferred [get_pins hdmi_i2c_inst/i2c_ctrl_inst/N512:Z] -period 1000.000 -waveform {0.000 500.000} -add
Executing : create_clock -name hdmi_i2c_inst/i2c_ctrl_inst/N512/Z_Inferred [get_pins hdmi_i2c_inst/i2c_ctrl_inst/N512:Z] -period 1000.000 -waveform {0.000 500.000} -add successfully.
Executing : get_pins hdmi_i2c_inst/i2c_ctrl_inst/N745:Z
Executing : get_pins hdmi_i2c_inst/i2c_ctrl_inst/N745:Z successfully.
Executing : create_clock -name hdmi_i2c_inst/i2c_ctrl_inst/N745/Z_Inferred [get_pins hdmi_i2c_inst/i2c_ctrl_inst/N745:Z] -period 1000.000 -waveform {0.000 500.000} -add
Executing : create_clock -name hdmi_i2c_inst/i2c_ctrl_inst/N745/Z_Inferred [get_pins hdmi_i2c_inst/i2c_ctrl_inst/N745:Z] -period 1000.000 -waveform {0.000 500.000} -add successfully.
Executing : get_pins hdmi_i2c_inst/i2c_ctrl_inst/N750:Z
Executing : get_pins hdmi_i2c_inst/i2c_ctrl_inst/N750:Z successfully.
Executing : create_clock -name hdmi_i2c_inst/i2c_ctrl_inst/N750/Z_Inferred [get_pins hdmi_i2c_inst/i2c_ctrl_inst/N750:Z] -period 1000.000 -waveform {0.000 500.000} -add
Executing : create_clock -name hdmi_i2c_inst/i2c_ctrl_inst/N750/Z_Inferred [get_pins hdmi_i2c_inst/i2c_ctrl_inst/N750:Z] -period 1000.000 -waveform {0.000 500.000} -add successfully.
Executing : get_pins hdmi_i2c_inst/i2c_ctrl_inst/N755:Z
Executing : get_pins hdmi_i2c_inst/i2c_ctrl_inst/N755:Z successfully.
Executing : create_clock -name hdmi_i2c_inst/i2c_ctrl_inst/N755/Z_Inferred [get_pins hdmi_i2c_inst/i2c_ctrl_inst/N755:Z] -period 1000.000 -waveform {0.000 500.000} -add
Executing : create_clock -name hdmi_i2c_inst/i2c_ctrl_inst/N755/Z_Inferred [get_pins hdmi_i2c_inst/i2c_ctrl_inst/N755:Z] -period 1000.000 -waveform {0.000 500.000} -add successfully.
Executing : get_pins hdmi_i2c_inst/i2c_ctrl_inst/N760:Z
Executing : get_pins hdmi_i2c_inst/i2c_ctrl_inst/N760:Z successfully.
Executing : create_clock -name hdmi_i2c_inst/i2c_ctrl_inst/N760/Z_Inferred [get_pins hdmi_i2c_inst/i2c_ctrl_inst/N760:Z] -period 1000.000 -waveform {0.000 500.000} -add
Executing : create_clock -name hdmi_i2c_inst/i2c_ctrl_inst/N760/Z_Inferred [get_pins hdmi_i2c_inst/i2c_ctrl_inst/N760:Z] -period 1000.000 -waveform {0.000 500.000} -add successfully.
Executing : get_pins hdmi_i2c_inst/i2c_ctrl_inst/N765:Z
Executing : get_pins hdmi_i2c_inst/i2c_ctrl_inst/N765:Z successfully.
Executing : create_clock -name hdmi_i2c_inst/i2c_ctrl_inst/N765/Z_Inferred [get_pins hdmi_i2c_inst/i2c_ctrl_inst/N765:Z] -period 1000.000 -waveform {0.000 500.000} -add
Executing : create_clock -name hdmi_i2c_inst/i2c_ctrl_inst/N765/Z_Inferred [get_pins hdmi_i2c_inst/i2c_ctrl_inst/N765:Z] -period 1000.000 -waveform {0.000 500.000} -add successfully.
Executing : get_pins hdmi_i2c_inst/i2c_ctrl_inst/N770:Z
Executing : get_pins hdmi_i2c_inst/i2c_ctrl_inst/N770:Z successfully.
Executing : create_clock -name hdmi_i2c_inst/i2c_ctrl_inst/N770/Z_Inferred [get_pins hdmi_i2c_inst/i2c_ctrl_inst/N770:Z] -period 1000.000 -waveform {0.000 500.000} -add
Executing : create_clock -name hdmi_i2c_inst/i2c_ctrl_inst/N770/Z_Inferred [get_pins hdmi_i2c_inst/i2c_ctrl_inst/N770:Z] -period 1000.000 -waveform {0.000 500.000} -add successfully.
Executing : get_pins hdmi_i2c_inst/i2c_ctrl_inst/N775:Z
Executing : get_pins hdmi_i2c_inst/i2c_ctrl_inst/N775:Z successfully.
Executing : create_clock -name hdmi_i2c_inst/i2c_ctrl_inst/N775/Z_Inferred [get_pins hdmi_i2c_inst/i2c_ctrl_inst/N775:Z] -period 1000.000 -waveform {0.000 500.000} -add
Executing : create_clock -name hdmi_i2c_inst/i2c_ctrl_inst/N775/Z_Inferred [get_pins hdmi_i2c_inst/i2c_ctrl_inst/N775:Z] -period 1000.000 -waveform {0.000 500.000} -add successfully.
Executing : get_pins hdmi_i2c_inst/i2c_ctrl_inst/N780:Z
Executing : get_pins hdmi_i2c_inst/i2c_ctrl_inst/N780:Z successfully.
Executing : create_clock -name hdmi_i2c_inst/i2c_ctrl_inst/N780/Z_Inferred [get_pins hdmi_i2c_inst/i2c_ctrl_inst/N780:Z] -period 1000.000 -waveform {0.000 500.000} -add
Executing : create_clock -name hdmi_i2c_inst/i2c_ctrl_inst/N780/Z_Inferred [get_pins hdmi_i2c_inst/i2c_ctrl_inst/N780:Z] -period 1000.000 -waveform {0.000 500.000} -add successfully.
Executing : get_pins hdmi_i2c_inst/i2c_ctrl_inst/N785:Z
Executing : get_pins hdmi_i2c_inst/i2c_ctrl_inst/N785:Z successfully.
Executing : create_clock -name hdmi_i2c_inst/i2c_ctrl_inst/N785/Z_Inferred [get_pins hdmi_i2c_inst/i2c_ctrl_inst/N785:Z] -period 1000.000 -waveform {0.000 500.000} -add
Executing : create_clock -name hdmi_i2c_inst/i2c_ctrl_inst/N785/Z_Inferred [get_pins hdmi_i2c_inst/i2c_ctrl_inst/N785:Z] -period 1000.000 -waveform {0.000 500.000} -add successfully.
Executing : set_clock_groups -name Inferred_clock_group -asynchronous -group {hdmi_i2c_inst/i2c_ctrl_inst/i2c_clk/Q[0]_Inferred}
Executing : set_clock_groups -name Inferred_clock_group -asynchronous -group {hdmi_i2c_inst/i2c_ctrl_inst/i2c_clk/Q[0]_Inferred} successfully.
Executing : set_clock_groups -name Inferred_clock_group_0 -asynchronous -group hdmi_i2c_inst/i2c_ctrl_inst/N512/Z_Inferred
Executing : set_clock_groups -name Inferred_clock_group_0 -asynchronous -group hdmi_i2c_inst/i2c_ctrl_inst/N512/Z_Inferred successfully.
Executing : set_clock_groups -name Inferred_clock_group_1 -asynchronous -group hdmi_i2c_inst/i2c_ctrl_inst/N745/Z_Inferred
Executing : set_clock_groups -name Inferred_clock_group_1 -asynchronous -group hdmi_i2c_inst/i2c_ctrl_inst/N745/Z_Inferred successfully.
Executing : set_clock_groups -name Inferred_clock_group_2 -asynchronous -group hdmi_i2c_inst/i2c_ctrl_inst/N750/Z_Inferred
Executing : set_clock_groups -name Inferred_clock_group_2 -asynchronous -group hdmi_i2c_inst/i2c_ctrl_inst/N750/Z_Inferred successfully.
Executing : set_clock_groups -name Inferred_clock_group_3 -asynchronous -group hdmi_i2c_inst/i2c_ctrl_inst/N755/Z_Inferred
Executing : set_clock_groups -name Inferred_clock_group_3 -asynchronous -group hdmi_i2c_inst/i2c_ctrl_inst/N755/Z_Inferred successfully.
Executing : set_clock_groups -name Inferred_clock_group_4 -asynchronous -group hdmi_i2c_inst/i2c_ctrl_inst/N760/Z_Inferred
Executing : set_clock_groups -name Inferred_clock_group_4 -asynchronous -group hdmi_i2c_inst/i2c_ctrl_inst/N760/Z_Inferred successfully.
Executing : set_clock_groups -name Inferred_clock_group_5 -asynchronous -group hdmi_i2c_inst/i2c_ctrl_inst/N765/Z_Inferred
Executing : set_clock_groups -name Inferred_clock_group_5 -asynchronous -group hdmi_i2c_inst/i2c_ctrl_inst/N765/Z_Inferred successfully.
Executing : set_clock_groups -name Inferred_clock_group_6 -asynchronous -group hdmi_i2c_inst/i2c_ctrl_inst/N770/Z_Inferred
Executing : set_clock_groups -name Inferred_clock_group_6 -asynchronous -group hdmi_i2c_inst/i2c_ctrl_inst/N770/Z_Inferred successfully.
Executing : set_clock_groups -name Inferred_clock_group_7 -asynchronous -group hdmi_i2c_inst/i2c_ctrl_inst/N775/Z_Inferred
Executing : set_clock_groups -name Inferred_clock_group_7 -asynchronous -group hdmi_i2c_inst/i2c_ctrl_inst/N775/Z_Inferred successfully.
Executing : set_clock_groups -name Inferred_clock_group_8 -asynchronous -group hdmi_i2c_inst/i2c_ctrl_inst/N780/Z_Inferred
Executing : set_clock_groups -name Inferred_clock_group_8 -asynchronous -group hdmi_i2c_inst/i2c_ctrl_inst/N780/Z_Inferred successfully.
Executing : set_clock_groups -name Inferred_clock_group_9 -asynchronous -group hdmi_i2c_inst/i2c_ctrl_inst/N785/Z_Inferred
Executing : set_clock_groups -name Inferred_clock_group_9 -asynchronous -group hdmi_i2c_inst/i2c_ctrl_inst/N785/Z_Inferred successfully.
Executing : set_clock_groups -name Inferred_clock_group -asynchronous -group {hdmi_i2c_inst/i2c_ctrl_inst/i2c_clk/Q[0]_Inferred}
Executing : set_clock_groups -name Inferred_clock_group -asynchronous -group {hdmi_i2c_inst/i2c_ctrl_inst/i2c_clk/Q[0]_Inferred} successfully.
Executing : set_clock_groups -name Inferred_clock_group_0 -asynchronous -group hdmi_i2c_inst/i2c_ctrl_inst/N512/Z_Inferred
Executing : set_clock_groups -name Inferred_clock_group_0 -asynchronous -group hdmi_i2c_inst/i2c_ctrl_inst/N512/Z_Inferred successfully.
Executing : set_clock_groups -name Inferred_clock_group_1 -asynchronous -group hdmi_i2c_inst/i2c_ctrl_inst/N745/Z_Inferred
Executing : set_clock_groups -name Inferred_clock_group_1 -asynchronous -group hdmi_i2c_inst/i2c_ctrl_inst/N745/Z_Inferred successfully.
Executing : set_clock_groups -name Inferred_clock_group_2 -asynchronous -group hdmi_i2c_inst/i2c_ctrl_inst/N750/Z_Inferred
Executing : set_clock_groups -name Inferred_clock_group_2 -asynchronous -group hdmi_i2c_inst/i2c_ctrl_inst/N750/Z_Inferred successfully.
Executing : set_clock_groups -name Inferred_clock_group_3 -asynchronous -group hdmi_i2c_inst/i2c_ctrl_inst/N755/Z_Inferred
Executing : set_clock_groups -name Inferred_clock_group_3 -asynchronous -group hdmi_i2c_inst/i2c_ctrl_inst/N755/Z_Inferred successfully.
Executing : set_clock_groups -name Inferred_clock_group_4 -asynchronous -group hdmi_i2c_inst/i2c_ctrl_inst/N760/Z_Inferred
Executing : set_clock_groups -name Inferred_clock_group_4 -asynchronous -group hdmi_i2c_inst/i2c_ctrl_inst/N760/Z_Inferred successfully.
Executing : set_clock_groups -name Inferred_clock_group_5 -asynchronous -group hdmi_i2c_inst/i2c_ctrl_inst/N765/Z_Inferred
Executing : set_clock_groups -name Inferred_clock_group_5 -asynchronous -group hdmi_i2c_inst/i2c_ctrl_inst/N765/Z_Inferred successfully.
Executing : set_clock_groups -name Inferred_clock_group_6 -asynchronous -group hdmi_i2c_inst/i2c_ctrl_inst/N770/Z_Inferred
Executing : set_clock_groups -name Inferred_clock_group_6 -asynchronous -group hdmi_i2c_inst/i2c_ctrl_inst/N770/Z_Inferred successfully.
Executing : set_clock_groups -name Inferred_clock_group_7 -asynchronous -group hdmi_i2c_inst/i2c_ctrl_inst/N775/Z_Inferred
Executing : set_clock_groups -name Inferred_clock_group_7 -asynchronous -group hdmi_i2c_inst/i2c_ctrl_inst/N775/Z_Inferred successfully.
Executing : set_clock_groups -name Inferred_clock_group_8 -asynchronous -group hdmi_i2c_inst/i2c_ctrl_inst/N780/Z_Inferred
Executing : set_clock_groups -name Inferred_clock_group_8 -asynchronous -group hdmi_i2c_inst/i2c_ctrl_inst/N780/Z_Inferred successfully.
Executing : set_clock_groups -name Inferred_clock_group_9 -asynchronous -group hdmi_i2c_inst/i2c_ctrl_inst/N785/Z_Inferred
Executing : set_clock_groups -name Inferred_clock_group_9 -asynchronous -group hdmi_i2c_inst/i2c_ctrl_inst/N785/Z_Inferred successfully.
Start pre-mapping.
I: Encoding type of FSM 'state[3:0]_fsm[3:0]' is: onehot.
I: Encoding table of FSM 'state[3:0]_fsm[3:0]':
I: from  hdmi_i2c_inst/i2c_ctrl_inst/state[3] hdmi_i2c_inst/i2c_ctrl_inst/state[2] hdmi_i2c_inst/i2c_ctrl_inst/state[1] hdmi_i2c_inst/i2c_ctrl_inst/state[0]
I: to  hdmi_i2c_inst/i2c_ctrl_inst/state_15 hdmi_i2c_inst/i2c_ctrl_inst/state_14 hdmi_i2c_inst/i2c_ctrl_inst/state_13 hdmi_i2c_inst/i2c_ctrl_inst/state_12 hdmi_i2c_inst/i2c_ctrl_inst/state_11 hdmi_i2c_inst/i2c_ctrl_inst/state_10 hdmi_i2c_inst/i2c_ctrl_inst/state_9 hdmi_i2c_inst/i2c_ctrl_inst/state_8 hdmi_i2c_inst/i2c_ctrl_inst/state_7 hdmi_i2c_inst/i2c_ctrl_inst/state_6 hdmi_i2c_inst/i2c_ctrl_inst/state_5 hdmi_i2c_inst/i2c_ctrl_inst/state_4 hdmi_i2c_inst/i2c_ctrl_inst/state_3 hdmi_i2c_inst/i2c_ctrl_inst/state_2 hdmi_i2c_inst/i2c_ctrl_inst/state_1 hdmi_i2c_inst/i2c_ctrl_inst/state_0
I: 0000 => 0000000000000001
I: 0001 => 0000000000000010
I: 0010 => 0000000000000100
I: 0011 => 0000000000001000
I: 0100 => 0000000000010000
I: 0101 => 0000000000100000
I: 0110 => 0000000001000000
I: 0111 => 0000000010000000
I: 1000 => 0000000100000000
I: 1001 => 0000001000000000
I: 1010 => 0000010000000000
I: 1011 => 0000100000000000
I: 1100 => 0001000000000000
I: 1101 => 0010000000000000
I: 1110 => 0100000000000000
I: 1111 => 1000000000000000
Executing : pre-mapping successfully.
Start mod-gen.
I: Constant propagation done on hdmi_i2c_inst/i2c_ctrl_inst/addr_numinv (bmsINV).
I: Constant propagation done on hdmi_i2c_inst/i2c_ctrl_inst/state[3:0]_fsm[3:0]_5 (bmsREDAND).
I: Constant propagation done on hdmi_i2c_inst/i2c_ctrl_inst/state[3:0]_fsm[3:0]_8 (bmsREDAND).
I: Constant propagation done on hdmi_i2c_inst/i2c_ctrl_inst/state[3:0]_fsm[3:0]_6 (bmsREDAND).
W: Register hdmi_i2c_inst/i2c_ctrl_inst/state_4 is reduced to constant 0.
I: Constant propagation done on hdmi_i2c_inst/i2c_ctrl_inst/N721 (bmsREDAND).
I: Constant propagation done on hdmi_i2c_inst/i2c_ctrl_inst/N740 (bmsREDOR).
I: Constant propagation done on hdmi_i2c_inst/i2c_ctrl_inst/N745 (bmsREDOR).
I: Constant propagation done on hdmi_i2c_inst/i2c_ctrl_inst/N796 (bmsREDOR).
I: Constant propagation done on hdmi_i2c_inst/i2c_ctrl_inst/N290 (bmsREDOR).
I: Constant propagation done on hdmi_i2c_inst/i2c_ctrl_inst/N736 (bmsREDOR).
W: Removed bmsWIDEDFFCPE inst hdmi_i2c_inst/i2c_ctrl_inst/state_5 that is stuck at constant 0.
Executing : mod-gen successfully.
Start logic-optimization.
Executing : logic-optimization successfully.
Start tech-mapping phase 1.
Executing : tech-mapping phase 1 successfully.
Start tech-mapping phase 2.
Executing : tech-mapping phase 2 successfully.
Start tech-optimization.
Executing : tech-optimization successfully.
Start phys-optimization.
Executing : phys-optimization successfully.
Start restore-hierarchy.
Executing : restore-hierarchy successfully.

Cell Usage:
GTP_DFF_C                    12 uses
GTP_DFF_CE                   43 uses
GTP_DFF_P                     2 uses
GTP_DFF_PE                    1 use
GTP_DLATCH                    9 uses
GTP_DLATCH_P                  1 use
GTP_GRS                       1 use
GTP_INV                       1 use
GTP_LUT1                      1 use
GTP_LUT2                      5 uses
GTP_LUT3                      3 uses
GTP_LUT4                      3 uses
GTP_LUT5                     15 uses
GTP_LUT6                     39 uses
GTP_LUT6CARRY                10 uses
GTP_LUT6D                    21 uses
GTP_MUX2LUT7                  3 uses
GTP_ROM32X1                   4 uses
GTP_ROM32X2                   3 uses
bmsKEEPBUF                  148 uses

I/O ports: 62
GTP_INBUF                  30 uses
GTP_IOBUF                   1 use
GTP_OUTBUF                 31 uses

Mapping Summary:
Total LUTs: 104 of 66600 (0.16%)
	LUTs as dram: 0 of 19900 (0.00%)
	LUTs as logic: 104
Total Registers: 58 of 133200 (0.04%)
Total Latches: 10

DRM36K/FIFO:
Total DRM = 0.0 of 155 (0.00%)

APMs:
Total APMs = 0.00 of 240 (0.00%)

Total I/O ports = 62 of 300 (20.67%)


Number of unique control sets : 18
  CLK(hdmi_i2c_inst.cfg_clk), CP(~nt_sys_rst_n)          : 5
      CLK(hdmi_i2c_inst.cfg_clk), C(~nt_sys_rst_n)       : 4
      CLK(hdmi_i2c_inst.cfg_clk), P(~nt_sys_rst_n)       : 1
  CLK(nt_sys_clk), CP(~nt_sys_rst_n)               : 9
      CLK(nt_sys_clk), C(~nt_sys_rst_n)            : 8
      CLK(nt_sys_clk), P(~nt_sys_rst_n)            : 1
  CLK(hdmi_i2c_inst.cfg_clk), C(~nt_sys_rst_n), CE(hdmi_i2c_inst.i2c_ctrl_inst.cnt_i2c_clk_en)     : 2
  CLK(hdmi_i2c_inst.cfg_clk), C(~nt_sys_rst_n), CE(hdmi_i2c_inst.i2c_ctrl_inst.N715)   : 3
  CLK(hdmi_i2c_inst.cfg_clk), C(~nt_sys_rst_n), CE(hdmi_i2c_inst.hdmi_cfg_inst.N12)    : 7
  CLK(hdmi_i2c_inst.cfg_clk), C(~nt_sys_rst_n), CE(hdmi_i2c_inst.i2c_ctrl_inst.N732)   : 8
  CLK(hdmi_i2c_inst.cfg_clk), C(~nt_sys_rst_n), CE(hdmi_i2c_inst.hdmi_cfg_inst.N3)     : 10
  CLK(hdmi_i2c_inst.cfg_clk), CP(~nt_sys_rst_n), CE(hdmi_i2c_inst.i2c_ctrl_inst.N736)        : 14
      CLK(hdmi_i2c_inst.cfg_clk), C(~nt_sys_rst_n), CE(hdmi_i2c_inst.i2c_ctrl_inst.N736)     : 13
      CLK(hdmi_i2c_inst.cfg_clk), P(~nt_sys_rst_n), CE(hdmi_i2c_inst.i2c_ctrl_inst.N736)     : 1
  G(hdmi_i2c_inst.i2c_ctrl_inst.N745)              : 1
  G(hdmi_i2c_inst.i2c_ctrl_inst.N750)              : 1
  G(hdmi_i2c_inst.i2c_ctrl_inst.N755)              : 1
  G(hdmi_i2c_inst.i2c_ctrl_inst.N760)              : 1
  G(hdmi_i2c_inst.i2c_ctrl_inst.N765)              : 1
  G(hdmi_i2c_inst.i2c_ctrl_inst.N770)              : 1
  G(hdmi_i2c_inst.i2c_ctrl_inst.N775)              : 1
  G(hdmi_i2c_inst.i2c_ctrl_inst.N780)              : 1
  G(hdmi_i2c_inst.i2c_ctrl_inst.N785)              : 1
  G(hdmi_i2c_inst.i2c_ctrl_inst.N512), P(hdmi_i2c_inst.i2c_ctrl_inst.N740)       : 1


Number of DFF:CE Signals : 6
  hdmi_i2c_inst.i2c_ctrl_inst.cnt_i2c_clk_en(from GTP_DFF_C:Q)       : 2
  hdmi_i2c_inst.i2c_ctrl_inst.N715(from GTP_LUT6:Z)      : 3
  hdmi_i2c_inst.hdmi_cfg_inst.N12(from GTP_LUT2:Z)       : 7
  hdmi_i2c_inst.i2c_ctrl_inst.N732(from GTP_LUT6:Z)      : 8
  hdmi_i2c_inst.hdmi_cfg_inst.N3(from GTP_LUT5:Z)  : 10
  hdmi_i2c_inst.i2c_ctrl_inst.N736(from GTP_LUT5:Z)      : 14

Number of DFF:CLK Signals : 2
  nt_sys_clk(from GTP_INBUF:O)                     : 9
  hdmi_i2c_inst.cfg_clk(from GTP_DFF_P:Q)          : 49

Number of DFF:CP Signals : 1
  ~nt_sys_rst_n(from GTP_INV:Z)                    : 58

Number of DLATCH:CP Signals : 1
  hdmi_i2c_inst.i2c_ctrl_inst.N740(from GTP_LUT5:Z)      : 1

Number of DLATCH:G Signals : 10
  hdmi_i2c_inst.i2c_ctrl_inst.N512(from GTP_LUT2:Z)      : 1
  hdmi_i2c_inst.i2c_ctrl_inst.N745(from GTP_LUT6:Z)      : 1
  hdmi_i2c_inst.i2c_ctrl_inst.N750(from GTP_LUT6:Z)      : 1
  hdmi_i2c_inst.i2c_ctrl_inst.N755(from GTP_LUT6:Z)      : 1
  hdmi_i2c_inst.i2c_ctrl_inst.N760(from GTP_LUT6:Z)      : 1
  hdmi_i2c_inst.i2c_ctrl_inst.N765(from GTP_LUT6:Z)      : 1
  hdmi_i2c_inst.i2c_ctrl_inst.N770(from GTP_LUT6:Z)      : 1
  hdmi_i2c_inst.i2c_ctrl_inst.N775(from GTP_LUT6:Z)      : 1
  hdmi_i2c_inst.i2c_ctrl_inst.N780(from GTP_LUT6:Z)      : 1
  hdmi_i2c_inst.i2c_ctrl_inst.N785(from GTP_LUT6:Z)      : 1

Design 'hdmi_loop' has been successfully synthesized to architecture-specific objects.
Saving design to DB.
I: Adm-6003: Trying to disconnect un-connected pin 'Z[0]' of instance 'ND7[23]'.
I: Adm-6003: Trying to disconnect un-connected pin 'Z[0]' of instance 'ND7[19]'.
I: Adm-6003: Trying to disconnect un-connected pin 'Z[0]' of instance 'ND0'.
I: Adm-6003: Trying to disconnect un-connected pin 'Z[0]' of instance 'ND1'.
I: Adm-6003: Trying to disconnect un-connected pin 'Z[0]' of instance 'ND2'.
I: Adm-6003: Trying to disconnect un-connected pin 'Z[0]' of instance 'ND3'.
I: Adm-6003: Trying to disconnect un-connected pin 'Z[0]' of instance 'ND5'.
I: Adm-6003: Trying to disconnect un-connected pin 'Z[0]' of instance 'ND6'.
I: Adm-6003: Trying to disconnect un-connected pin 'Z[0]' of instance 'ND7'.
I: Adm-6003: Trying to disconnect un-connected pin 'Z[0]' of instance 'ND8'.
I: Adm-6003: Trying to disconnect un-connected pin 'Z[0]' of instance 'ND9'.
I: Adm-6003: Trying to disconnect un-connected pin 'Z[0]' of instance 'ND11'.
I: Adm-6003: Trying to disconnect un-connected pin 'Z[0]' of instance 'ND4[0]'.
I: Adm-6003: Trying to disconnect un-connected pin 'Z[0]' of instance 'ND4[1]'.
I: Adm-6003: Trying to disconnect un-connected pin 'Z[0]' of instance 'ND4[2]'.
I: Adm-6003: Trying to disconnect un-connected pin 'Z[0]' of instance 'ND4[3]'.
I: Adm-6003: Trying to disconnect un-connected pin 'Z[0]' of instance 'ND4[4]'.
I: Adm-6003: Trying to disconnect un-connected pin 'Z[0]' of instance 'ND4[5]'.
I: Adm-6003: Trying to disconnect un-connected pin 'Z[0]' of instance 'ND4[6]'.
I: Adm-6003: Trying to disconnect un-connected pin 'Z[0]' of instance 'ND4[7]'.
I: Adm-6003: Trying to disconnect un-connected pin 'Z[0]' of instance 'ND4[8]'.
I: Adm-6003: Trying to disconnect un-connected pin 'Z[0]' of instance 'ND4[9]'.
I: Adm-6003: Trying to disconnect un-connected pin 'Z[0]' of instance 'ND4[10]'.
I: Adm-6003: Trying to disconnect un-connected pin 'Z[0]' of instance 'ND4[11]'.
I: Adm-6003: Trying to disconnect un-connected pin 'Z[0]' of instance 'ND4[12]'.
I: Adm-6003: Trying to disconnect un-connected pin 'Z[0]' of instance 'ND4[13]'.
I: Adm-6003: Trying to disconnect un-connected pin 'Z[0]' of instance 'ND4[14]'.
I: Adm-6003: Trying to disconnect un-connected pin 'Z[0]' of instance 'ND4[15]'.
I: Adm-6003: Trying to disconnect un-connected pin 'Z[0]' of instance 'ND4[16]'.
I: Adm-6003: Trying to disconnect un-connected pin 'Z[0]' of instance 'ND4[17]'.
I: Adm-6003: Trying to disconnect un-connected pin 'Z[0]' of instance 'ND4[18]'.
I: Adm-6003: Trying to disconnect un-connected pin 'Z[0]' of instance 'ND4[19]'.
I: Adm-6003: Trying to disconnect un-connected pin 'Z[0]' of instance 'ND4[20]'.
I: Adm-6003: Trying to disconnect un-connected pin 'Z[0]' of instance 'ND4[21]'.
I: Adm-6003: Trying to disconnect un-connected pin 'Z[0]' of instance 'ND4[22]'.
I: Adm-6003: Trying to disconnect un-connected pin 'Z[0]' of instance 'ND4[23]'.
I: Adm-6003: Trying to disconnect un-connected pin 'Z[0]' of instance 'ND10[0]'.
I: Adm-6003: Trying to disconnect un-connected pin 'Z[0]' of instance 'ND10[1]'.
I: Adm-6003: Trying to disconnect un-connected pin 'Z[0]' of instance 'ND10[2]'.
I: Adm-6003: Trying to disconnect un-connected pin 'Z[0]' of instance 'ND10[3]'.
I: Adm-6003: Trying to disconnect un-connected pin 'Z[0]' of instance 'ND10[4]'.
I: Adm-6003: Trying to disconnect un-connected pin 'Z[0]' of instance 'ND10[5]'.
I: Adm-6003: Trying to disconnect un-connected pin 'Z[0]' of instance 'ND10[6]'.
I: Adm-6003: Trying to disconnect un-connected pin 'Z[0]' of instance 'ND10[7]'.
I: Adm-6003: Trying to disconnect un-connected pin 'Z[0]' of instance 'ND10[8]'.
I: Adm-6003: Trying to disconnect un-connected pin 'Z[0]' of instance 'ND10[9]'.
I: Adm-6003: Trying to disconnect un-connected pin 'Z[0]' of instance 'ND10[10]'.
I: Adm-6003: Trying to disconnect un-connected pin 'Z[0]' of instance 'ND10[11]'.
I: Adm-6003: Trying to disconnect un-connected pin 'Z[0]' of instance 'ND10[12]'.
I: Adm-6003: Trying to disconnect un-connected pin 'Z[0]' of instance 'ND10[13]'.
I: Adm-6003: Trying to disconnect un-connected pin 'Z[0]' of instance 'ND10[14]'.
I: Adm-6003: Trying to disconnect un-connected pin 'Z[0]' of instance 'ND10[15]'.
I: Adm-6003: Trying to disconnect un-connected pin 'Z[0]' of instance 'ND10[16]'.
I: Adm-6003: Trying to disconnect un-connected pin 'Z[0]' of instance 'ND10[17]'.
I: Adm-6003: Trying to disconnect un-connected pin 'Z[0]' of instance 'ND10[18]'.
I: Adm-6003: Trying to disconnect un-connected pin 'Z[0]' of instance 'ND10[19]'.
I: Adm-6003: Trying to disconnect un-connected pin 'Z[0]' of instance 'ND10[20]'.
I: Adm-6003: Trying to disconnect un-connected pin 'Z[0]' of instance 'ND10[21]'.
I: Adm-6003: Trying to disconnect un-connected pin 'Z[0]' of instance 'ND10[22]'.
I: Adm-6003: Trying to disconnect un-connected pin 'Z[0]' of instance 'ND10[23]'.
I: Adm-6003: Trying to disconnect un-connected pin 'Z[0]' of instance 'ND7[15]'.
I: Adm-6003: Trying to disconnect un-connected pin 'Z[0]' of instance 'ND7[14]'.
I: Adm-6003: Trying to disconnect un-connected pin 'Z[0]' of instance 'ND7[13]'.
I: Adm-6003: Trying to disconnect un-connected pin 'Z[0]' of instance 'ND7[12]'.
I: Adm-6003: Trying to disconnect un-connected pin 'Z[0]' of instance 'ND7[11]'.
I: Adm-6003: Trying to disconnect un-connected pin 'Z[0]' of instance 'ND7[10]'.
I: Adm-6003: Trying to disconnect un-connected pin 'Z[0]' of instance 'ND7[9]'.
I: Adm-6003: Trying to disconnect un-connected pin 'Z[0]' of instance 'ND7[8]'.
I: Adm-6003: Trying to disconnect un-connected pin 'Z[0]' of instance 'ND7[7]'.
I: Adm-6003: Trying to disconnect un-connected pin 'Z[0]' of instance 'ND7[6]'.
I: Adm-6003: Trying to disconnect un-connected pin 'Z[0]' of instance 'ND7[5]'.
I: Adm-6003: Trying to disconnect un-connected pin 'Z[0]' of instance 'ND7[4]'.
I: Adm-6003: Trying to disconnect un-connected pin 'Z[0]' of instance 'ND7[3]'.
I: Adm-6003: Trying to disconnect un-connected pin 'Z[0]' of instance 'ND7[2]'.
I: Adm-6003: Trying to disconnect un-connected pin 'Z[0]' of instance 'ND7[1]'.
I: Adm-6003: Trying to disconnect un-connected pin 'Z[0]' of instance 'ND7[0]'.
I: Adm-6003: Trying to disconnect un-connected pin 'Z[0]' of instance 'ND7[31]'.
I: Adm-6003: Trying to disconnect un-connected pin 'Z[0]' of instance 'ND6'.
I: Adm-6003: Trying to disconnect un-connected pin 'Z[0]' of instance 'ND5'.
I: Adm-6003: Trying to disconnect un-connected pin 'Z[0]' of instance 'ND10[15]'.
I: Adm-6003: Trying to disconnect un-connected pin 'Z[0]' of instance 'ND10[14]'.
I: Adm-6003: Trying to disconnect un-connected pin 'Z[0]' of instance 'ND2'.
I: Adm-6003: Trying to disconnect un-connected pin 'Z[0]' of instance 'ND1'.
I: Adm-6003: Trying to disconnect un-connected pin 'Z[0]' of instance 'ND0'.
I: Adm-6003: Trying to disconnect un-connected pin 'Z[0]' of instance 'ND13[5]'.
I: Adm-6003: Trying to disconnect un-connected pin 'Z[0]' of instance 'ND13[3]'.
I: Adm-6003: Trying to disconnect un-connected pin 'Z[0]' of instance 'ND13[2]'.
I: Adm-6003: Trying to disconnect un-connected pin 'Z[0]' of instance 'ND13[4]'.
I: Adm-6003: Trying to disconnect un-connected pin 'Z[0]' of instance 'ND13[1]'.
I: Adm-6003: Trying to disconnect un-connected pin 'Z[0]' of instance 'ND13[0]'.
I: Adm-6003: Trying to disconnect un-connected pin 'Z[0]' of instance 'ND11[7]'.
I: Adm-6003: Trying to disconnect un-connected pin 'Z[0]' of instance 'ND11[6]'.
I: Adm-6003: Trying to disconnect un-connected pin 'Z[0]' of instance 'ND11[5]'.
I: Adm-6003: Trying to disconnect un-connected pin 'Z[0]' of instance 'ND11[4]'.
I: Adm-6003: Trying to disconnect un-connected pin 'Z[0]' of instance 'ND11[2]'.
I: Adm-6003: Trying to disconnect un-connected pin 'Z[0]' of instance 'ND11[1]'.
I: Adm-6003: Trying to disconnect un-connected pin 'Z[0]' of instance 'ND11[3]'.
I: Adm-6003: Trying to disconnect un-connected pin 'Z[0]' of instance 'ND11[0]'.
I: Adm-6003: Trying to disconnect un-connected pin 'Z[0]' of instance 'ND7[30]'.
I: Adm-6003: Trying to disconnect un-connected pin 'Z[0]' of instance 'ND7[29]'.
I: Adm-6003: Trying to disconnect un-connected pin 'Z[0]' of instance 'ND7[28]'.
I: Adm-6003: Trying to disconnect un-connected pin 'Z[0]' of instance 'ND7[27]'.
I: Adm-6003: Trying to disconnect un-connected pin 'Z[0]' of instance 'ND7[26]'.
I: Adm-6003: Trying to disconnect un-connected pin 'Z[0]' of instance 'ND7[25]'.
I: Adm-6003: Trying to disconnect un-connected pin 'Z[0]' of instance 'ND7[24]'.
I: Adm-6003: Trying to disconnect un-connected pin 'Z[0]' of instance 'ND7[22]'.
I: Adm-6003: Trying to disconnect un-connected pin 'Z[0]' of instance 'ND7[21]'.
I: Adm-6003: Trying to disconnect un-connected pin 'Z[0]' of instance 'ND7[20]'.
I: Adm-6003: Trying to disconnect un-connected pin 'Z[0]' of instance 'ND7[18]'.
I: Adm-6003: Trying to disconnect un-connected pin 'Z[0]' of instance 'ND7[17]'.
I: Adm-6003: Trying to disconnect un-connected pin 'Z[0]' of instance 'ND7[16]'.
I: Adm-6003: Trying to disconnect un-connected pin 'Z[0]' of instance 'ND13[6]'.
I: Adm-6003: Trying to disconnect un-connected pin 'Z[0]' of instance 'ND13[7]'.
I: Adm-6003: Trying to disconnect un-connected pin 'Z[0]' of instance 'ND14[0]'.
I: Adm-6003: Trying to disconnect un-connected pin 'Z[0]' of instance 'ND14[1]'.
I: Adm-6003: Trying to disconnect un-connected pin 'Z[0]' of instance 'ND14[2]'.
I: Adm-6003: Trying to disconnect un-connected pin 'Z[0]' of instance 'ND14[3]'.
I: Adm-6003: Trying to disconnect un-connected pin 'Z[0]' of instance 'ND14[4]'.
I: Adm-6003: Trying to disconnect un-connected pin 'Z[0]' of instance 'ND8'.
I: Adm-6003: Trying to disconnect un-connected pin 'Z[0]' of instance 'ND14[5]'.
I: Adm-6003: Trying to disconnect un-connected pin 'Z[0]' of instance 'ND14[6]'.
I: Adm-6003: Trying to disconnect un-connected pin 'Z[0]' of instance 'ND15[0]'.
I: Adm-6003: Trying to disconnect un-connected pin 'Z[0]' of instance 'ND12'.
I: Adm-6003: Trying to disconnect un-connected pin 'Z[0]' of instance 'ND15[1]'.
I: Adm-6003: Trying to disconnect un-connected pin 'Z[0]' of instance 'ND15[2]'.
I: Adm-6003: Trying to disconnect un-connected pin 'Z[0]' of instance 'ND15[3]'.
I: Adm-6003: Trying to disconnect un-connected pin 'Z[0]' of instance 'ND9[0]'.
I: Adm-6003: Trying to disconnect un-connected pin 'Z[0]' of instance 'ND9[1]'.
I: Adm-6003: Trying to disconnect un-connected pin 'Z[0]' of instance 'ND9[2]'.
I: Adm-6003: Trying to disconnect un-connected pin 'Z[0]' of instance 'ND9[3]'.
I: Adm-6003: Trying to disconnect un-connected pin 'Z[0]' of instance 'ND9[4]'.
I: Adm-6003: Trying to disconnect un-connected pin 'Z[0]' of instance 'ND9[5]'.
I: Adm-6003: Trying to disconnect un-connected pin 'Z[0]' of instance 'ND9[6]'.
I: Adm-6003: Trying to disconnect un-connected pin 'Z[0]' of instance 'ND9[7]'.
I: Adm-6003: Trying to disconnect un-connected pin 'Z[0]' of instance 'ND10[0]'.
I: Adm-6003: Trying to disconnect un-connected pin 'Z[0]' of instance 'ND10[1]'.
I: Adm-6003: Trying to disconnect un-connected pin 'Z[0]' of instance 'ND10[2]'.
I: Adm-6003: Trying to disconnect un-connected pin 'Z[0]' of instance 'ND10[3]'.
I: Adm-6003: Trying to disconnect un-connected pin 'Z[0]' of instance 'ND10[4]'.
I: Adm-6003: Trying to disconnect un-connected pin 'Z[0]' of instance 'ND10[5]'.
I: Adm-6003: Trying to disconnect un-connected pin 'Z[0]' of instance 'ND10[6]'.
I: Adm-6003: Trying to disconnect un-connected pin 'Z[0]' of instance 'ND10[7]'.
I: Adm-6003: Trying to disconnect un-connected pin 'Z[0]' of instance 'ND10[8]'.
I: Adm-6003: Trying to disconnect un-connected pin 'Z[0]' of instance 'ND10[9]'.
I: Adm-6003: Trying to disconnect un-connected pin 'Z[0]' of instance 'ND10[10]'.
I: Adm-6003: Trying to disconnect un-connected pin 'Z[0]' of instance 'ND10[11]'.
I: Adm-6003: Trying to disconnect un-connected pin 'Z[0]' of instance 'ND10[12]'.
I: Adm-6003: Trying to disconnect un-connected pin 'Z[0]' of instance 'ND10[13]'.
Saving design to hdmi_loop_syn.vm
W: Public-4008: Instance 'hdmi_i2c_inst/i2c_ctrl_inst/rd_data[4]' of 'GTP_DFF_CE' unit is dangling and will be cleaned.
W: Public-4008: Instance 'hdmi_i2c_inst/i2c_ctrl_inst/rd_data_reg[4]' of 'GTP_DLATCH' unit is dangling and will be cleaned.
W: Public-4008: Instance 'hdmi_i2c_inst/i2c_ctrl_inst/rd_data_reg[5]' of 'GTP_DLATCH' unit is dangling and will be cleaned.
W: Public-4008: Instance 'hdmi_i2c_inst/i2c_ctrl_inst/rd_data_reg[6]' of 'GTP_DLATCH' unit is dangling and will be cleaned.
W: Public-4008: Instance 'hdmi_i2c_inst/i2c_ctrl_inst/rd_data_reg[7]' of 'GTP_DLATCH' unit is dangling and will be cleaned.
W: Public-4008: Instance 'hdmi_i2c_inst/i2c_ctrl_inst/rd_data_reg[0]' of 'GTP_DLATCH' unit is dangling and will be cleaned.
W: Public-4008: Instance 'hdmi_i2c_inst/i2c_ctrl_inst/rd_data[0]' of 'GTP_DFF_CE' unit is dangling and will be cleaned.
W: Public-4008: Instance 'hdmi_i2c_inst/i2c_ctrl_inst/rd_data[1]' of 'GTP_DFF_CE' unit is dangling and will be cleaned.
W: Public-4008: Instance 'hdmi_i2c_inst/i2c_ctrl_inst/rd_data[2]' of 'GTP_DFF_CE' unit is dangling and will be cleaned.
W: Public-4008: Instance 'hdmi_i2c_inst/i2c_ctrl_inst/rd_data[3]' of 'GTP_DFF_CE' unit is dangling and will be cleaned.
W: Public-4008: Instance 'hdmi_i2c_inst/i2c_ctrl_inst/rd_data[5]' of 'GTP_DFF_CE' unit is dangling and will be cleaned.
W: Public-4008: Instance 'hdmi_i2c_inst/i2c_ctrl_inst/rd_data[6]' of 'GTP_DFF_CE' unit is dangling and will be cleaned.
W: Public-4008: Instance 'hdmi_i2c_inst/i2c_ctrl_inst/rd_data[7]' of 'GTP_DFF_CE' unit is dangling and will be cleaned.
W: Public-4008: Instance 'hdmi_i2c_inst/i2c_ctrl_inst/rd_data_reg[1]' of 'GTP_DLATCH' unit is dangling and will be cleaned.
W: Public-4008: Instance 'hdmi_i2c_inst/i2c_ctrl_inst/rd_data_reg[2]' of 'GTP_DLATCH' unit is dangling and will be cleaned.
W: Public-4008: Instance 'hdmi_i2c_inst/i2c_ctrl_inst/rd_data_reg[3]' of 'GTP_DLATCH' unit is dangling and will be cleaned.
Constructing timing graph ...
Timing graph has been constructed successfully
C: STA-3003: The timing arc 'I4->Z' of 'GTP_LUT6' are non_unate, The timing analyser will assume pos_unate for these arcs in clock propgation. Clock: 'hdmi_i2c_inst/i2c_ctrl_inst/i2c_clk/Q[0]_Inferred'  from 'hdmi_i2c_inst/i2c_ctrl_inst/i2c_clk_ce_mux[0]/I4' to: 'hdmi_i2c_inst/i2c_ctrl_inst/i2c_clk_ce_mux[0]/Z'
C: STA-3003: The timing arc 'I4->Z' of 'GTP_LUT6' are non_unate, The timing analyser will assume pos_unate for these arcs in clock propgation. Clock: 'hdmi_i2c_inst/i2c_ctrl_inst/i2c_clk/Q[0]_Inferred'  from 'hdmi_i2c_inst/i2c_ctrl_inst/i2c_clk_ce_mux[0]/I4' to: 'hdmi_i2c_inst/i2c_ctrl_inst/i2c_clk_ce_mux[0]/Z'
C: STA-3003: The timing arc 'I4->Z' of 'GTP_LUT6' are non_unate, The timing analyser will assume pos_unate for these arcs in clock propgation. Clock: 'hdmi_i2c_inst/i2c_ctrl_inst/i2c_clk/Q[0]_Inferred'  from 'hdmi_i2c_inst/i2c_ctrl_inst/i2c_clk_ce_mux[0]/I4' to: 'hdmi_i2c_inst/i2c_ctrl_inst/i2c_clk_ce_mux[0]/Z'
C: STA-3003: The timing arc 'I4->Z' of 'GTP_LUT6' are non_unate, The timing analyser will assume pos_unate for these arcs in clock propgation. Clock: 'hdmi_i2c_inst/i2c_ctrl_inst/i2c_clk/Q[0]_Inferred'  from 'hdmi_i2c_inst/i2c_ctrl_inst/i2c_clk_ce_mux[0]/I4' to: 'hdmi_i2c_inst/i2c_ctrl_inst/i2c_clk_ce_mux[0]/Z'
Check timing ...
C: STA-3011: Clock pin 'hdmi_i2c_inst/i2c_ctrl_inst/i2c_sda_reg/G' (GTP_DLATCH.G) has no clock, timing propagation is disabled at the pin.
C: STA-3011: Clock pin 'hdmi_i2c_inst/i2c_ctrl_inst/ack/G' (GTP_DLATCH_P.G) has no clock, timing propagation is disabled at the pin.
W: Timing-4086: Port 'ddc_sda' is not constrained, it is treated as combinational input.
W: Timing-4087: Port 'ddc_sda' is not constrained, it is treated as combinational output.
W: Timing-4087: Port 'ddc_scl' is not constrained, it is treated as combinational output.
W: Timing-4087: Port 'hdmi_in_rst_n' is not constrained, it is treated as combinational output.
W: Timing-4087: Port 'hdmi_out_clk' is not constrained, it is treated as combinational output.
W: Timing-4087: Port 'hdmi_out_de' is not constrained, it is treated as combinational output.
W: Timing-4087: Port 'hdmi_out_hsync' is not constrained, it is treated as combinational output.
W: Timing-4087: Port 'hdmi_out_rgb[0]' is not constrained, it is treated as combinational output.
W: Timing-4087: Port 'hdmi_out_rgb[1]' is not constrained, it is treated as combinational output.
W: Timing-4087: Port 'hdmi_out_rgb[2]' is not constrained, it is treated as combinational output.
W: Timing-4087: Port 'hdmi_out_rgb[3]' is not constrained, it is treated as combinational output.
W: Timing-4087: Port 'hdmi_out_rgb[4]' is not constrained, it is treated as combinational output.
W: Timing-4087: Port 'hdmi_out_rgb[5]' is not constrained, it is treated as combinational output.
W: Timing-4087: Port 'hdmi_out_rgb[6]' is not constrained, it is treated as combinational output.
W: Timing-4087: Port 'hdmi_out_rgb[7]' is not constrained, it is treated as combinational output.
W: Timing-4087: Port 'hdmi_out_rgb[8]' is not constrained, it is treated as combinational output.
W: Timing-4087: Port 'hdmi_out_rgb[9]' is not constrained, it is treated as combinational output.
W: Timing-4087: Port 'hdmi_out_rgb[10]' is not constrained, it is treated as combinational output.
W: Timing-4087: Port 'hdmi_out_rgb[11]' is not constrained, it is treated as combinational output.
W: Timing-4087: Port 'hdmi_out_rgb[12]' is not constrained, it is treated as combinational output.
W: Timing-4087: Port 'hdmi_out_rgb[13]' is not constrained, it is treated as combinational output.
W: Timing-4087: Port 'hdmi_out_rgb[14]' is not constrained, it is treated as combinational output.
W: Timing-4087: Port 'hdmi_out_rgb[15]' is not constrained, it is treated as combinational output.
W: Timing-4087: Port 'hdmi_out_rgb[16]' is not constrained, it is treated as combinational output.
W: Timing-4087: Port 'hdmi_out_rgb[17]' is not constrained, it is treated as combinational output.
W: Timing-4087: Port 'hdmi_out_rgb[18]' is not constrained, it is treated as combinational output.
W: Timing-4087: Port 'hdmi_out_rgb[19]' is not constrained, it is treated as combinational output.
W: Timing-4087: Port 'hdmi_out_rgb[20]' is not constrained, it is treated as combinational output.
W: Timing-4087: Port 'hdmi_out_rgb[21]' is not constrained, it is treated as combinational output.
W: Timing-4087: Port 'hdmi_out_rgb[22]' is not constrained, it is treated as combinational output.
W: Timing-4087: Port 'hdmi_out_rgb[23]' is not constrained, it is treated as combinational output.
W: Timing-4087: Port 'hdmi_out_rst_n' is not constrained, it is treated as combinational output.
W: Timing-4087: Port 'hdmi_out_vsync' is not constrained, it is treated as combinational output.
W: Timing-4086: Port 'hdmi_in_clk' is not constrained, it is treated as combinational input.
W: Timing-4086: Port 'hdmi_in_de' is not constrained, it is treated as combinational input.
W: Timing-4086: Port 'hdmi_in_hsync' is not constrained, it is treated as combinational input.
W: Timing-4086: Port 'hdmi_in_rgb[0]' is not constrained, it is treated as combinational input.
W: Timing-4086: Port 'hdmi_in_rgb[1]' is not constrained, it is treated as combinational input.
W: Timing-4086: Port 'hdmi_in_rgb[2]' is not constrained, it is treated as combinational input.
W: Timing-4086: Port 'hdmi_in_rgb[3]' is not constrained, it is treated as combinational input.
W: Timing-4086: Port 'hdmi_in_rgb[4]' is not constrained, it is treated as combinational input.
W: Timing-4086: Port 'hdmi_in_rgb[5]' is not constrained, it is treated as combinational input.
W: Timing-4086: Port 'hdmi_in_rgb[6]' is not constrained, it is treated as combinational input.
W: Timing-4086: Port 'hdmi_in_rgb[7]' is not constrained, it is treated as combinational input.
W: Timing-4086: Port 'hdmi_in_rgb[8]' is not constrained, it is treated as combinational input.
W: Timing-4086: Port 'hdmi_in_rgb[9]' is not constrained, it is treated as combinational input.
W: Timing-4086: Port 'hdmi_in_rgb[10]' is not constrained, it is treated as combinational input.
W: Timing-4086: Port 'hdmi_in_rgb[11]' is not constrained, it is treated as combinational input.
W: Timing-4086: Port 'hdmi_in_rgb[12]' is not constrained, it is treated as combinational input.
W: Timing-4086: Port 'hdmi_in_rgb[13]' is not constrained, it is treated as combinational input.
W: Timing-4086: Port 'hdmi_in_rgb[14]' is not constrained, it is treated as combinational input.
W: Timing-4086: Port 'hdmi_in_rgb[15]' is not constrained, it is treated as combinational input.
W: Timing-4086: Port 'hdmi_in_rgb[16]' is not constrained, it is treated as combinational input.
W: Timing-4086: Port 'hdmi_in_rgb[17]' is not constrained, it is treated as combinational input.
W: Timing-4086: Port 'hdmi_in_rgb[18]' is not constrained, it is treated as combinational input.
W: Timing-4086: Port 'hdmi_in_rgb[19]' is not constrained, it is treated as combinational input.
W: Timing-4086: Port 'hdmi_in_rgb[20]' is not constrained, it is treated as combinational input.
W: Timing-4086: Port 'hdmi_in_rgb[21]' is not constrained, it is treated as combinational input.
W: Timing-4086: Port 'hdmi_in_rgb[22]' is not constrained, it is treated as combinational input.
W: Timing-4086: Port 'hdmi_in_rgb[23]' is not constrained, it is treated as combinational input.
W: Timing-4086: Port 'hdmi_in_vsync' is not constrained, it is treated as combinational input.
W: Timing-4086: Port 'sys_rst_n' is not constrained, it is treated as combinational input.
Begin dump timing report
Detailed Timing Report:

Timing analysis mode : single corner

 Clock Summary:                                                                                     
****************************************************************************************************
                                                                           Clock   Non-clock        
 Clock                    Period       Waveform       Type                 Loads       Loads  Sources
----------------------------------------------------------------------------------------------------
 sys_clk                  20.000       {0 10}         Declared                 9           0  {sys_clk}
 hdmi_i2c_inst/i2c_ctrl_inst/i2c_clk/Q[0]_Inferred
                          1000.000     {0 500}        Declared                41           0  {hdmi_i2c_inst/i2c_ctrl_inst/i2c_clk/Q}
====================================================================================================

 Clock Groups:                                                                                    
**************************************************************************************************
 Clock Group                   Group Type                 clocks                                  
--------------------------------------------------------------------------------------------------
 Inferred_clock_group          asynchronous               hdmi_i2c_inst/i2c_ctrl_inst/i2c_clk/Q[0]_Inferred
==================================================================================================

 Performance Summary:                                                                               
****************************************************************************************************
                              Requested       Estimated      Requested      Estimated               
 Clock                        Frequency       Frequency      Period         Period             Slack
----------------------------------------------------------------------------------------------------
 sys_clk                     50.000 MHz     610.501 MHz         20.000          1.638         18.362
 hdmi_i2c_inst/i2c_ctrl_inst/i2c_clk/Q[0]_Inferred
                              1.000 MHz     350.631 MHz       1000.000          2.852        997.148
====================================================================================================

Design Summary : All Constraints Met.

Setup Summary(Slow Corner):
****************************************************************************************************
                                                                          TNS Failing      TNS Total
 Launch Clock           Capture Clock              WNS(ns)     TNS(ns)      Endpoints      Endpoints
----------------------------------------------------------------------------------------------------
 sys_clk                sys_clk                     18.362       0.000              0              9
 hdmi_i2c_inst/i2c_ctrl_inst/i2c_clk/Q[0]_Inferred
                        hdmi_i2c_inst/i2c_ctrl_inst/i2c_clk/Q[0]_Inferred
                                                   997.148       0.000              0             77
====================================================================================================

Hold Summary(Slow Corner):
****************************************************************************************************
                                                                          THS Failing      THS Total
 Launch Clock           Capture Clock              WHS(ns)     THS(ns)      Endpoints      Endpoints
----------------------------------------------------------------------------------------------------
 sys_clk                sys_clk                      0.830       0.000              0              9
 hdmi_i2c_inst/i2c_ctrl_inst/i2c_clk/Q[0]_Inferred
                        hdmi_i2c_inst/i2c_ctrl_inst/i2c_clk/Q[0]_Inferred
                                                     0.649       0.000              0             77
====================================================================================================

Recovery Summary(Slow Corner):
****************************************************************************************************
                                                                          TNS Failing      TNS Total
 Launch Clock           Capture Clock              WNS(ns)     TNS(ns)      Endpoints      Endpoints
----------------------------------------------------------------------------------------------------
====================================================================================================

Removal Summary(Slow Corner):
****************************************************************************************************
                                                                          THS Failing      THS Total
 Launch Clock           Capture Clock              WHS(ns)     THS(ns)      Endpoints      Endpoints
----------------------------------------------------------------------------------------------------
====================================================================================================

Minimum Pulse Width Summary(Slow Corner):
****************************************************************************************************
                                                                         WPWS Failing     WPWS Total
 Clock                                            WPWS(ns)    TPWS(ns)      Endpoints      Endpoints
----------------------------------------------------------------------------------------------------
 sys_clk                                             9.702       0.000              0              9
 hdmi_i2c_inst/i2c_ctrl_inst/i2c_clk/Q[0]_Inferred
                                                   499.800       0.000              0             41
====================================================================================================

Setup Summary(Fast Corner):
****************************************************************************************************
                                                                          TNS Failing      TNS Total
 Launch Clock           Capture Clock              WNS(ns)     TNS(ns)      Endpoints      Endpoints
----------------------------------------------------------------------------------------------------
====================================================================================================

Hold Summary(Fast Corner):
****************************************************************************************************
                                                                          THS Failing      THS Total
 Launch Clock           Capture Clock              WHS(ns)     THS(ns)      Endpoints      Endpoints
----------------------------------------------------------------------------------------------------
====================================================================================================

Recovery Summary(Fast Corner):
****************************************************************************************************
                                                                          TNS Failing      TNS Total
 Launch Clock           Capture Clock              WNS(ns)     TNS(ns)      Endpoints      Endpoints
----------------------------------------------------------------------------------------------------
====================================================================================================

Removal Summary(Fast Corner):
****************************************************************************************************
                                                                          THS Failing      THS Total
 Launch Clock           Capture Clock              WHS(ns)     THS(ns)      Endpoints      Endpoints
----------------------------------------------------------------------------------------------------
====================================================================================================

Minimum Pulse Width Summary(Fast Corner):
****************************************************************************************************
                                                                         WPWS Failing     WPWS Total
 Clock                                            WPWS(ns)    TPWS(ns)      Endpoints      Endpoints
----------------------------------------------------------------------------------------------------
====================================================================================================

default
****************************************************************************************************
====================================================================================================

Startpoint  : hdmi_i2c_inst/i2c_ctrl_inst/cnt_clk[0]/CLK (GTP_DFF_C)
Endpoint    : hdmi_i2c_inst/i2c_ctrl_inst/cnt_clk[6]/D (GTP_DFF_C)
Path Group  : sys_clk
Path Type   : max
Path Class  : sequential timing path
Clock Skew :    0.000  (Capture Clock Delay - Launch Clock Delay + Clock Pessimism Removal)
  Capture Clock Delay     :  3.379
  Launch Clock Delay      :  3.379
  Clock Pessimism Removal :  0.000

 Location                          Delay Type             Incr        Path         Logical Resource 
----------------------------------------------------------------------------------------------------

 Clock sys_clk (rising edge)                             0.000       0.000 r                        
 sys_clk                                                 0.000       0.000 r       sys_clk (port)   
                                   net (fanout=1)        0.000       0.000         sys_clk          
                                                                                   sys_clk_ibuf/I (GTP_INBUF)
                                   td                    0.959       0.959 r       sys_clk_ibuf/O (GTP_INBUF)
                                   net (fanout=9)        2.420       3.379         nt_sys_clk       
                                                                           r       hdmi_i2c_inst/i2c_ctrl_inst/cnt_clk[0]/CLK (GTP_DFF_C)

                                   tco                   0.203       3.582 r       hdmi_i2c_inst/i2c_ctrl_inst/cnt_clk[0]/Q (GTP_DFF_C)
                                   net (fanout=8)        0.527       4.109         hdmi_i2c_inst/i2c_ctrl_inst/cnt_clk [0]
                                                                                   hdmi_i2c_inst/i2c_ctrl_inst/N8_ac2/I0 (GTP_LUT3)
                                   td                    0.203       4.312 r       hdmi_i2c_inst/i2c_ctrl_inst/N8_ac2/Z (GTP_LUT3)
                                   net (fanout=4)        0.423       4.735         hdmi_i2c_inst/i2c_ctrl_inst/_N35
                                                                                   hdmi_i2c_inst/i2c_ctrl_inst/N8_sum6/I4 (GTP_LUT5)
                                   td                    0.096       4.831 r       hdmi_i2c_inst/i2c_ctrl_inst/N8_sum6/Z (GTP_LUT5)
                                   net (fanout=1)        0.000       4.831         hdmi_i2c_inst/i2c_ctrl_inst/N706 [6]
                                                                           r       hdmi_i2c_inst/i2c_ctrl_inst/cnt_clk[6]/D (GTP_DFF_C)

 Data arrival time                                                   4.831         Logic Levels: 2  
                                                                                   Logic: 0.502ns(34.573%), Route: 0.950ns(65.427%)
----------------------------------------------------------------------------------------------------

 Clock sys_clk (rising edge)                            20.000      20.000 r                        
 sys_clk                                                 0.000      20.000 r       sys_clk (port)   
                                   net (fanout=1)        0.000      20.000         sys_clk          
                                                                                   sys_clk_ibuf/I (GTP_INBUF)
                                   td                    0.959      20.959 r       sys_clk_ibuf/O (GTP_INBUF)
                                   net (fanout=9)        2.420      23.379         nt_sys_clk       
                                                                           r       hdmi_i2c_inst/i2c_ctrl_inst/cnt_clk[6]/CLK (GTP_DFF_C)
 clock pessimism                                         0.000      23.379                          
 clock uncertainty                                      -0.050      23.329                          

 Setup time                                             -0.136      23.193                          

 Data required time                                                 23.193                          
----------------------------------------------------------------------------------------------------
 Data required time                                                 23.193                          
 Data arrival time                                                  -4.831                          
----------------------------------------------------------------------------------------------------
 Slack (MET)                                                        18.362                          
====================================================================================================

====================================================================================================

Startpoint  : hdmi_i2c_inst/i2c_ctrl_inst/cnt_clk[0]/CLK (GTP_DFF_C)
Endpoint    : hdmi_i2c_inst/i2c_ctrl_inst/cnt_clk[4]/D (GTP_DFF_C)
Path Group  : sys_clk
Path Type   : max
Path Class  : sequential timing path
Clock Skew :    0.000  (Capture Clock Delay - Launch Clock Delay + Clock Pessimism Removal)
  Capture Clock Delay     :  3.379
  Launch Clock Delay      :  3.379
  Clock Pessimism Removal :  0.000

 Location                          Delay Type             Incr        Path         Logical Resource 
----------------------------------------------------------------------------------------------------

 Clock sys_clk (rising edge)                             0.000       0.000 r                        
 sys_clk                                                 0.000       0.000 r       sys_clk (port)   
                                   net (fanout=1)        0.000       0.000         sys_clk          
                                                                                   sys_clk_ibuf/I (GTP_INBUF)
                                   td                    0.959       0.959 r       sys_clk_ibuf/O (GTP_INBUF)
                                   net (fanout=9)        2.420       3.379         nt_sys_clk       
                                                                           r       hdmi_i2c_inst/i2c_ctrl_inst/cnt_clk[0]/CLK (GTP_DFF_C)

                                   tco                   0.203       3.582 r       hdmi_i2c_inst/i2c_ctrl_inst/cnt_clk[0]/Q (GTP_DFF_C)
                                   net (fanout=8)        0.527       4.109         hdmi_i2c_inst/i2c_ctrl_inst/cnt_clk [0]
                                                                                   hdmi_i2c_inst/i2c_ctrl_inst/N8_ac2/I0 (GTP_LUT3)
                                   td                    0.203       4.312 r       hdmi_i2c_inst/i2c_ctrl_inst/N8_ac2/Z (GTP_LUT3)
                                   net (fanout=4)        0.423       4.735         hdmi_i2c_inst/i2c_ctrl_inst/_N35
                                                                                   hdmi_i2c_inst/i2c_ctrl_inst/N706[4]/I4 (GTP_LUT6)
                                   td                    0.074       4.809 r       hdmi_i2c_inst/i2c_ctrl_inst/N706[4]/Z (GTP_LUT6)
                                   net (fanout=1)        0.000       4.809         hdmi_i2c_inst/i2c_ctrl_inst/N706 [4]
                                                                           r       hdmi_i2c_inst/i2c_ctrl_inst/cnt_clk[4]/D (GTP_DFF_C)

 Data arrival time                                                   4.809         Logic Levels: 2  
                                                                                   Logic: 0.480ns(33.566%), Route: 0.950ns(66.434%)
----------------------------------------------------------------------------------------------------

 Clock sys_clk (rising edge)                            20.000      20.000 r                        
 sys_clk                                                 0.000      20.000 r       sys_clk (port)   
                                   net (fanout=1)        0.000      20.000         sys_clk          
                                                                                   sys_clk_ibuf/I (GTP_INBUF)
                                   td                    0.959      20.959 r       sys_clk_ibuf/O (GTP_INBUF)
                                   net (fanout=9)        2.420      23.379         nt_sys_clk       
                                                                           r       hdmi_i2c_inst/i2c_ctrl_inst/cnt_clk[4]/CLK (GTP_DFF_C)
 clock pessimism                                         0.000      23.379                          
 clock uncertainty                                      -0.050      23.329                          

 Setup time                                             -0.136      23.193                          

 Data required time                                                 23.193                          
----------------------------------------------------------------------------------------------------
 Data required time                                                 23.193                          
 Data arrival time                                                  -4.809                          
----------------------------------------------------------------------------------------------------
 Slack (MET)                                                        18.384                          
====================================================================================================

====================================================================================================

Startpoint  : hdmi_i2c_inst/i2c_ctrl_inst/cnt_clk[0]/CLK (GTP_DFF_C)
Endpoint    : hdmi_i2c_inst/i2c_ctrl_inst/cnt_clk[7]/D (GTP_DFF_C)
Path Group  : sys_clk
Path Type   : max
Path Class  : sequential timing path
Clock Skew :    0.000  (Capture Clock Delay - Launch Clock Delay + Clock Pessimism Removal)
  Capture Clock Delay     :  3.379
  Launch Clock Delay      :  3.379
  Clock Pessimism Removal :  0.000

 Location                          Delay Type             Incr        Path         Logical Resource 
----------------------------------------------------------------------------------------------------

 Clock sys_clk (rising edge)                             0.000       0.000 r                        
 sys_clk                                                 0.000       0.000 r       sys_clk (port)   
                                   net (fanout=1)        0.000       0.000         sys_clk          
                                                                                   sys_clk_ibuf/I (GTP_INBUF)
                                   td                    0.959       0.959 r       sys_clk_ibuf/O (GTP_INBUF)
                                   net (fanout=9)        2.420       3.379         nt_sys_clk       
                                                                           r       hdmi_i2c_inst/i2c_ctrl_inst/cnt_clk[0]/CLK (GTP_DFF_C)

                                   tco                   0.203       3.582 r       hdmi_i2c_inst/i2c_ctrl_inst/cnt_clk[0]/Q (GTP_DFF_C)
                                   net (fanout=8)        0.527       4.109         hdmi_i2c_inst/i2c_ctrl_inst/cnt_clk [0]
                                                                                   hdmi_i2c_inst/i2c_ctrl_inst/N8_ac2/I0 (GTP_LUT3)
                                   td                    0.203       4.312 r       hdmi_i2c_inst/i2c_ctrl_inst/N8_ac2/Z (GTP_LUT3)
                                   net (fanout=4)        0.423       4.735         hdmi_i2c_inst/i2c_ctrl_inst/_N35
                                                                                   hdmi_i2c_inst/i2c_ctrl_inst/N8_sum7_1/I5 (GTP_LUT6)
                                   td                    0.074       4.809 r       hdmi_i2c_inst/i2c_ctrl_inst/N8_sum7_1/Z (GTP_LUT6)
                                   net (fanout=1)        0.000       4.809         hdmi_i2c_inst/i2c_ctrl_inst/N706 [7]
                                                                           r       hdmi_i2c_inst/i2c_ctrl_inst/cnt_clk[7]/D (GTP_DFF_C)

 Data arrival time                                                   4.809         Logic Levels: 2  
                                                                                   Logic: 0.480ns(33.566%), Route: 0.950ns(66.434%)
----------------------------------------------------------------------------------------------------

 Clock sys_clk (rising edge)                            20.000      20.000 r                        
 sys_clk                                                 0.000      20.000 r       sys_clk (port)   
                                   net (fanout=1)        0.000      20.000         sys_clk          
                                                                                   sys_clk_ibuf/I (GTP_INBUF)
                                   td                    0.959      20.959 r       sys_clk_ibuf/O (GTP_INBUF)
                                   net (fanout=9)        2.420      23.379         nt_sys_clk       
                                                                           r       hdmi_i2c_inst/i2c_ctrl_inst/cnt_clk[7]/CLK (GTP_DFF_C)
 clock pessimism                                         0.000      23.379                          
 clock uncertainty                                      -0.050      23.329                          

 Setup time                                             -0.136      23.193                          

 Data required time                                                 23.193                          
----------------------------------------------------------------------------------------------------
 Data required time                                                 23.193                          
 Data arrival time                                                  -4.809                          
----------------------------------------------------------------------------------------------------
 Slack (MET)                                                        18.384                          
====================================================================================================

====================================================================================================

Startpoint  : hdmi_i2c_inst/i2c_ctrl_inst/cnt_clk[7]/CLK (GTP_DFF_C)
Endpoint    : hdmi_i2c_inst/i2c_ctrl_inst/cnt_clk[7]/D (GTP_DFF_C)
Path Group  : sys_clk
Path Type   : min
Path Class  : sequential timing path
Clock Skew :    0.000  (Capture Clock Delay - Launch Clock Delay + Clock Pessimism Removal)
  Capture Clock Delay     :  3.379
  Launch Clock Delay      :  3.379
  Clock Pessimism Removal :  0.000

 Location                          Delay Type             Incr        Path         Logical Resource 
----------------------------------------------------------------------------------------------------

 Clock sys_clk (rising edge)                             0.000       0.000 r                        
 sys_clk                                                 0.000       0.000 r       sys_clk (port)   
                                   net (fanout=1)        0.000       0.000         sys_clk          
                                                                                   sys_clk_ibuf/I (GTP_INBUF)
                                   td                    0.959       0.959 r       sys_clk_ibuf/O (GTP_INBUF)
                                   net (fanout=9)        2.420       3.379         nt_sys_clk       
                                                                           r       hdmi_i2c_inst/i2c_ctrl_inst/cnt_clk[7]/CLK (GTP_DFF_C)

                                   tco                   0.185       3.564 f       hdmi_i2c_inst/i2c_ctrl_inst/cnt_clk[7]/Q (GTP_DFF_C)
                                   net (fanout=2)        0.426       3.990         hdmi_i2c_inst/i2c_ctrl_inst/cnt_clk [7]
                                                                                   hdmi_i2c_inst/i2c_ctrl_inst/N8_sum7_1/I2 (GTP_LUT6)
                                   td                    0.175       4.165 f       hdmi_i2c_inst/i2c_ctrl_inst/N8_sum7_1/Z (GTP_LUT6)
                                   net (fanout=1)        0.000       4.165         hdmi_i2c_inst/i2c_ctrl_inst/N706 [7]
                                                                           f       hdmi_i2c_inst/i2c_ctrl_inst/cnt_clk[7]/D (GTP_DFF_C)

 Data arrival time                                                   4.165         Logic Levels: 1  
                                                                                   Logic: 0.360ns(45.802%), Route: 0.426ns(54.198%)
----------------------------------------------------------------------------------------------------

 Clock sys_clk (rising edge)                             0.000       0.000 r                        
 sys_clk                                                 0.000       0.000 r       sys_clk (port)   
                                   net (fanout=1)        0.000       0.000         sys_clk          
                                                                                   sys_clk_ibuf/I (GTP_INBUF)
                                   td                    0.959       0.959 r       sys_clk_ibuf/O (GTP_INBUF)
                                   net (fanout=9)        2.420       3.379         nt_sys_clk       
                                                                           r       hdmi_i2c_inst/i2c_ctrl_inst/cnt_clk[7]/CLK (GTP_DFF_C)
 clock pessimism                                         0.000       3.379                          
 clock uncertainty                                       0.000       3.379                          

 Hold time                                              -0.044       3.335                          

 Data required time                                                  3.335                          
----------------------------------------------------------------------------------------------------
 Data required time                                                  3.335                          
 Data arrival time                                                  -4.165                          
----------------------------------------------------------------------------------------------------
 Slack (MET)                                                         0.830                          
====================================================================================================

====================================================================================================

Startpoint  : hdmi_i2c_inst/i2c_ctrl_inst/cnt_clk[2]/CLK (GTP_DFF_C)
Endpoint    : hdmi_i2c_inst/i2c_ctrl_inst/cnt_clk[5]/D (GTP_DFF_C)
Path Group  : sys_clk
Path Type   : min
Path Class  : sequential timing path
Clock Skew :    0.000  (Capture Clock Delay - Launch Clock Delay + Clock Pessimism Removal)
  Capture Clock Delay     :  3.379
  Launch Clock Delay      :  3.379
  Clock Pessimism Removal :  0.000

 Location                          Delay Type             Incr        Path         Logical Resource 
----------------------------------------------------------------------------------------------------

 Clock sys_clk (rising edge)                             0.000       0.000 r                        
 sys_clk                                                 0.000       0.000 r       sys_clk (port)   
                                   net (fanout=1)        0.000       0.000         sys_clk          
                                                                                   sys_clk_ibuf/I (GTP_INBUF)
                                   td                    0.959       0.959 r       sys_clk_ibuf/O (GTP_INBUF)
                                   net (fanout=9)        2.420       3.379         nt_sys_clk       
                                                                           r       hdmi_i2c_inst/i2c_ctrl_inst/cnt_clk[2]/CLK (GTP_DFF_C)

                                   tco                   0.185       3.564 f       hdmi_i2c_inst/i2c_ctrl_inst/cnt_clk[2]/Q (GTP_DFF_C)
                                   net (fanout=4)        0.476       4.040         hdmi_i2c_inst/i2c_ctrl_inst/cnt_clk [2]
                                                                                   hdmi_i2c_inst/i2c_ctrl_inst/N8_sum5_1/I2 (GTP_LUT6)
                                   td                    0.138       4.178 f       hdmi_i2c_inst/i2c_ctrl_inst/N8_sum5_1/Z (GTP_LUT6)
                                   net (fanout=1)        0.000       4.178         hdmi_i2c_inst/i2c_ctrl_inst/N706 [5]
                                                                           f       hdmi_i2c_inst/i2c_ctrl_inst/cnt_clk[5]/D (GTP_DFF_C)

 Data arrival time                                                   4.178         Logic Levels: 1  
                                                                                   Logic: 0.323ns(40.426%), Route: 0.476ns(59.574%)
----------------------------------------------------------------------------------------------------

 Clock sys_clk (rising edge)                             0.000       0.000 r                        
 sys_clk                                                 0.000       0.000 r       sys_clk (port)   
                                   net (fanout=1)        0.000       0.000         sys_clk          
                                                                                   sys_clk_ibuf/I (GTP_INBUF)
                                   td                    0.959       0.959 r       sys_clk_ibuf/O (GTP_INBUF)
                                   net (fanout=9)        2.420       3.379         nt_sys_clk       
                                                                           r       hdmi_i2c_inst/i2c_ctrl_inst/cnt_clk[5]/CLK (GTP_DFF_C)
 clock pessimism                                         0.000       3.379                          
 clock uncertainty                                       0.000       3.379                          

 Hold time                                              -0.044       3.335                          

 Data required time                                                  3.335                          
----------------------------------------------------------------------------------------------------
 Data required time                                                  3.335                          
 Data arrival time                                                  -4.178                          
----------------------------------------------------------------------------------------------------
 Slack (MET)                                                         0.843                          
====================================================================================================

====================================================================================================

Startpoint  : hdmi_i2c_inst/i2c_ctrl_inst/cnt_clk[0]/CLK (GTP_DFF_C)
Endpoint    : hdmi_i2c_inst/i2c_ctrl_inst/cnt_clk[4]/D (GTP_DFF_C)
Path Group  : sys_clk
Path Type   : min
Path Class  : sequential timing path
Clock Skew :    0.000  (Capture Clock Delay - Launch Clock Delay + Clock Pessimism Removal)
  Capture Clock Delay     :  3.379
  Launch Clock Delay      :  3.379
  Clock Pessimism Removal :  0.000

 Location                          Delay Type             Incr        Path         Logical Resource 
----------------------------------------------------------------------------------------------------

 Clock sys_clk (rising edge)                             0.000       0.000 r                        
 sys_clk                                                 0.000       0.000 r       sys_clk (port)   
                                   net (fanout=1)        0.000       0.000         sys_clk          
                                                                                   sys_clk_ibuf/I (GTP_INBUF)
                                   td                    0.959       0.959 r       sys_clk_ibuf/O (GTP_INBUF)
                                   net (fanout=9)        2.420       3.379         nt_sys_clk       
                                                                           r       hdmi_i2c_inst/i2c_ctrl_inst/cnt_clk[0]/CLK (GTP_DFF_C)

                                   tco                   0.185       3.564 f       hdmi_i2c_inst/i2c_ctrl_inst/cnt_clk[0]/Q (GTP_DFF_C)
                                   net (fanout=8)        0.527       4.091         hdmi_i2c_inst/i2c_ctrl_inst/cnt_clk [0]
                                                                                   hdmi_i2c_inst/i2c_ctrl_inst/N706[4]/I0 (GTP_LUT6)
                                   td                    0.102       4.193 f       hdmi_i2c_inst/i2c_ctrl_inst/N706[4]/Z (GTP_LUT6)
                                   net (fanout=1)        0.000       4.193         hdmi_i2c_inst/i2c_ctrl_inst/N706 [4]
                                                                           f       hdmi_i2c_inst/i2c_ctrl_inst/cnt_clk[4]/D (GTP_DFF_C)

 Data arrival time                                                   4.193         Logic Levels: 1  
                                                                                   Logic: 0.287ns(35.258%), Route: 0.527ns(64.742%)
----------------------------------------------------------------------------------------------------

 Clock sys_clk (rising edge)                             0.000       0.000 r                        
 sys_clk                                                 0.000       0.000 r       sys_clk (port)   
                                   net (fanout=1)        0.000       0.000         sys_clk          
                                                                                   sys_clk_ibuf/I (GTP_INBUF)
                                   td                    0.959       0.959 r       sys_clk_ibuf/O (GTP_INBUF)
                                   net (fanout=9)        2.420       3.379         nt_sys_clk       
                                                                           r       hdmi_i2c_inst/i2c_ctrl_inst/cnt_clk[4]/CLK (GTP_DFF_C)
 clock pessimism                                         0.000       3.379                          
 clock uncertainty                                       0.000       3.379                          

 Hold time                                              -0.044       3.335                          

 Data required time                                                  3.335                          
----------------------------------------------------------------------------------------------------
 Data required time                                                  3.335                          
 Data arrival time                                                  -4.193                          
----------------------------------------------------------------------------------------------------
 Slack (MET)                                                         0.858                          
====================================================================================================

====================================================================================================

Startpoint  : hdmi_i2c_inst/i2c_ctrl_inst/cnt_i2c_clk[1]/CLK (GTP_DFF_CE)
Endpoint    : hdmi_i2c_inst/i2c_ctrl_inst/state_1/CE (GTP_DFF_CE)
Path Group  : hdmi_i2c_inst/i2c_ctrl_inst/i2c_clk/Q[0]_Inferred
Path Type   : max
Path Class  : sequential timing path
Clock Skew :    0.000  (Capture Clock Delay - Launch Clock Delay + Clock Pessimism Removal)
  Capture Clock Delay     :  3.300
  Launch Clock Delay      :  3.300
  Clock Pessimism Removal :  0.000

 Location                          Delay Type             Incr        Path         Logical Resource 
----------------------------------------------------------------------------------------------------

 Clock hdmi_i2c_inst/i2c_ctrl_inst/i2c_clk/Q[0]_Inferred (rising edge)
                                                         0.000       0.000 r                        
                                                         0.000       0.000 r       hdmi_i2c_inst/i2c_ctrl_inst/i2c_clk/Q (GTP_DFF_P)
                                   net (fanout=42)       3.300       3.300         hdmi_i2c_inst/cfg_clk
                                                                           r       hdmi_i2c_inst/i2c_ctrl_inst/cnt_i2c_clk[1]/CLK (GTP_DFF_CE)

                                   tco                   0.203       3.503 r       hdmi_i2c_inst/i2c_ctrl_inst/cnt_i2c_clk[1]/Q (GTP_DFF_CE)
                                   net (fanout=18)       0.586       4.089         hdmi_i2c_inst/i2c_ctrl_inst/N390
                                                                                   hdmi_i2c_inst/i2c_ctrl_inst/N29_2/I1 (GTP_LUT5)
                                   td                    0.165       4.254 r       hdmi_i2c_inst/i2c_ctrl_inst/N29_2/Z (GTP_LUT5)
                                   net (fanout=5)        0.439       4.693         hdmi_i2c_inst/i2c_ctrl_inst/N792
                                                                                   hdmi_i2c_inst/i2c_ctrl_inst/N736_2_6/I5 (GTP_LUT6)
                                   td                    0.074       4.767 r       hdmi_i2c_inst/i2c_ctrl_inst/N736_2_6/Z (GTP_LUT6)
                                   net (fanout=1)        0.372       5.139         hdmi_i2c_inst/i2c_ctrl_inst/_N504
                                                                                   hdmi_i2c_inst/i2c_ctrl_inst/N736_2_13/I3 (GTP_LUT5)
                                   td                    0.179       5.318 r       hdmi_i2c_inst/i2c_ctrl_inst/N736_2_13/Z (GTP_LUT5)
                                   net (fanout=14)       0.558       5.876         hdmi_i2c_inst/i2c_ctrl_inst/N736
                                                                           r       hdmi_i2c_inst/i2c_ctrl_inst/state_1/CE (GTP_DFF_CE)

 Data arrival time                                                   5.876         Logic Levels: 3  
                                                                                   Logic: 0.621ns(24.107%), Route: 1.955ns(75.893%)
----------------------------------------------------------------------------------------------------

 Clock hdmi_i2c_inst/i2c_ctrl_inst/i2c_clk/Q[0]_Inferred (rising edge)
                                                      1000.000    1000.000 r                        
                                                         0.000    1000.000 r       hdmi_i2c_inst/i2c_ctrl_inst/i2c_clk/Q (GTP_DFF_P)
                                   net (fanout=42)       3.300    1003.300         hdmi_i2c_inst/cfg_clk
                                                                           r       hdmi_i2c_inst/i2c_ctrl_inst/state_1/CLK (GTP_DFF_CE)
 clock pessimism                                         0.000    1003.300                          
 clock uncertainty                                      -0.050    1003.250                          

 Setup time                                             -0.226    1003.024                          

 Data required time                                               1003.024                          
----------------------------------------------------------------------------------------------------
 Data required time                                               1003.024                          
 Data arrival time                                                  -5.876                          
----------------------------------------------------------------------------------------------------
 Slack (MET)                                                       997.148                          
====================================================================================================

====================================================================================================

Startpoint  : hdmi_i2c_inst/i2c_ctrl_inst/cnt_i2c_clk[1]/CLK (GTP_DFF_CE)
Endpoint    : hdmi_i2c_inst/i2c_ctrl_inst/state_15/CE (GTP_DFF_CE)
Path Group  : hdmi_i2c_inst/i2c_ctrl_inst/i2c_clk/Q[0]_Inferred
Path Type   : max
Path Class  : sequential timing path
Clock Skew :    0.000  (Capture Clock Delay - Launch Clock Delay + Clock Pessimism Removal)
  Capture Clock Delay     :  3.300
  Launch Clock Delay      :  3.300
  Clock Pessimism Removal :  0.000

 Location                          Delay Type             Incr        Path         Logical Resource 
----------------------------------------------------------------------------------------------------

 Clock hdmi_i2c_inst/i2c_ctrl_inst/i2c_clk/Q[0]_Inferred (rising edge)
                                                         0.000       0.000 r                        
                                                         0.000       0.000 r       hdmi_i2c_inst/i2c_ctrl_inst/i2c_clk/Q (GTP_DFF_P)
                                   net (fanout=42)       3.300       3.300         hdmi_i2c_inst/cfg_clk
                                                                           r       hdmi_i2c_inst/i2c_ctrl_inst/cnt_i2c_clk[1]/CLK (GTP_DFF_CE)

                                   tco                   0.203       3.503 r       hdmi_i2c_inst/i2c_ctrl_inst/cnt_i2c_clk[1]/Q (GTP_DFF_CE)
                                   net (fanout=18)       0.586       4.089         hdmi_i2c_inst/i2c_ctrl_inst/N390
                                                                                   hdmi_i2c_inst/i2c_ctrl_inst/N29_2/I1 (GTP_LUT5)
                                   td                    0.165       4.254 r       hdmi_i2c_inst/i2c_ctrl_inst/N29_2/Z (GTP_LUT5)
                                   net (fanout=5)        0.439       4.693         hdmi_i2c_inst/i2c_ctrl_inst/N792
                                                                                   hdmi_i2c_inst/i2c_ctrl_inst/N736_2_6/I5 (GTP_LUT6)
                                   td                    0.074       4.767 r       hdmi_i2c_inst/i2c_ctrl_inst/N736_2_6/Z (GTP_LUT6)
                                   net (fanout=1)        0.372       5.139         hdmi_i2c_inst/i2c_ctrl_inst/_N504
                                                                                   hdmi_i2c_inst/i2c_ctrl_inst/N736_2_13/I3 (GTP_LUT5)
                                   td                    0.179       5.318 r       hdmi_i2c_inst/i2c_ctrl_inst/N736_2_13/Z (GTP_LUT5)
                                   net (fanout=14)       0.558       5.876         hdmi_i2c_inst/i2c_ctrl_inst/N736
                                                                           r       hdmi_i2c_inst/i2c_ctrl_inst/state_15/CE (GTP_DFF_CE)

 Data arrival time                                                   5.876         Logic Levels: 3  
                                                                                   Logic: 0.621ns(24.107%), Route: 1.955ns(75.893%)
----------------------------------------------------------------------------------------------------

 Clock hdmi_i2c_inst/i2c_ctrl_inst/i2c_clk/Q[0]_Inferred (rising edge)
                                                      1000.000    1000.000 r                        
                                                         0.000    1000.000 r       hdmi_i2c_inst/i2c_ctrl_inst/i2c_clk/Q (GTP_DFF_P)
                                   net (fanout=42)       3.300    1003.300         hdmi_i2c_inst/cfg_clk
                                                                           r       hdmi_i2c_inst/i2c_ctrl_inst/state_15/CLK (GTP_DFF_CE)
 clock pessimism                                         0.000    1003.300                          
 clock uncertainty                                      -0.050    1003.250                          

 Setup time                                             -0.226    1003.024                          

 Data required time                                               1003.024                          
----------------------------------------------------------------------------------------------------
 Data required time                                               1003.024                          
 Data arrival time                                                  -5.876                          
----------------------------------------------------------------------------------------------------
 Slack (MET)                                                       997.148                          
====================================================================================================

====================================================================================================

Startpoint  : hdmi_i2c_inst/i2c_ctrl_inst/cnt_i2c_clk[1]/CLK (GTP_DFF_CE)
Endpoint    : hdmi_i2c_inst/i2c_ctrl_inst/state_8/CE (GTP_DFF_CE)
Path Group  : hdmi_i2c_inst/i2c_ctrl_inst/i2c_clk/Q[0]_Inferred
Path Type   : max
Path Class  : sequential timing path
Clock Skew :    0.000  (Capture Clock Delay - Launch Clock Delay + Clock Pessimism Removal)
  Capture Clock Delay     :  3.300
  Launch Clock Delay      :  3.300
  Clock Pessimism Removal :  0.000

 Location                          Delay Type             Incr        Path         Logical Resource 
----------------------------------------------------------------------------------------------------

 Clock hdmi_i2c_inst/i2c_ctrl_inst/i2c_clk/Q[0]_Inferred (rising edge)
                                                         0.000       0.000 r                        
                                                         0.000       0.000 r       hdmi_i2c_inst/i2c_ctrl_inst/i2c_clk/Q (GTP_DFF_P)
                                   net (fanout=42)       3.300       3.300         hdmi_i2c_inst/cfg_clk
                                                                           r       hdmi_i2c_inst/i2c_ctrl_inst/cnt_i2c_clk[1]/CLK (GTP_DFF_CE)

                                   tco                   0.203       3.503 r       hdmi_i2c_inst/i2c_ctrl_inst/cnt_i2c_clk[1]/Q (GTP_DFF_CE)
                                   net (fanout=18)       0.586       4.089         hdmi_i2c_inst/i2c_ctrl_inst/N390
                                                                                   hdmi_i2c_inst/i2c_ctrl_inst/N29_2/I1 (GTP_LUT5)
                                   td                    0.165       4.254 r       hdmi_i2c_inst/i2c_ctrl_inst/N29_2/Z (GTP_LUT5)
                                   net (fanout=5)        0.439       4.693         hdmi_i2c_inst/i2c_ctrl_inst/N792
                                                                                   hdmi_i2c_inst/i2c_ctrl_inst/N736_2_6/I5 (GTP_LUT6)
                                   td                    0.074       4.767 r       hdmi_i2c_inst/i2c_ctrl_inst/N736_2_6/Z (GTP_LUT6)
                                   net (fanout=1)        0.372       5.139         hdmi_i2c_inst/i2c_ctrl_inst/_N504
                                                                                   hdmi_i2c_inst/i2c_ctrl_inst/N736_2_13/I3 (GTP_LUT5)
                                   td                    0.179       5.318 r       hdmi_i2c_inst/i2c_ctrl_inst/N736_2_13/Z (GTP_LUT5)
                                   net (fanout=14)       0.558       5.876         hdmi_i2c_inst/i2c_ctrl_inst/N736
                                                                           r       hdmi_i2c_inst/i2c_ctrl_inst/state_8/CE (GTP_DFF_CE)

 Data arrival time                                                   5.876         Logic Levels: 3  
                                                                                   Logic: 0.621ns(24.107%), Route: 1.955ns(75.893%)
----------------------------------------------------------------------------------------------------

 Clock hdmi_i2c_inst/i2c_ctrl_inst/i2c_clk/Q[0]_Inferred (rising edge)
                                                      1000.000    1000.000 r                        
                                                         0.000    1000.000 r       hdmi_i2c_inst/i2c_ctrl_inst/i2c_clk/Q (GTP_DFF_P)
                                   net (fanout=42)       3.300    1003.300         hdmi_i2c_inst/cfg_clk
                                                                           r       hdmi_i2c_inst/i2c_ctrl_inst/state_8/CLK (GTP_DFF_CE)
 clock pessimism                                         0.000    1003.300                          
 clock uncertainty                                      -0.050    1003.250                          

 Setup time                                             -0.226    1003.024                          

 Data required time                                               1003.024                          
----------------------------------------------------------------------------------------------------
 Data required time                                               1003.024                          
 Data arrival time                                                  -5.876                          
----------------------------------------------------------------------------------------------------
 Slack (MET)                                                       997.148                          
====================================================================================================

====================================================================================================

Startpoint  : hdmi_i2c_inst/i2c_ctrl_inst/cnt_i2c_clk_en/CLK (GTP_DFF_C)
Endpoint    : hdmi_i2c_inst/i2c_ctrl_inst/cnt_i2c_clk[0]/CE (GTP_DFF_CE)
Path Group  : hdmi_i2c_inst/i2c_ctrl_inst/i2c_clk/Q[0]_Inferred
Path Type   : min
Path Class  : sequential timing path
Clock Skew :    0.000  (Capture Clock Delay - Launch Clock Delay + Clock Pessimism Removal)
  Capture Clock Delay     :  3.300
  Launch Clock Delay      :  3.300
  Clock Pessimism Removal :  0.000

 Location                          Delay Type             Incr        Path         Logical Resource 
----------------------------------------------------------------------------------------------------

 Clock hdmi_i2c_inst/i2c_ctrl_inst/i2c_clk/Q[0]_Inferred (rising edge)
                                                         0.000       0.000 r                        
                                                         0.000       0.000 r       hdmi_i2c_inst/i2c_ctrl_inst/i2c_clk/Q (GTP_DFF_P)
                                   net (fanout=42)       3.300       3.300         hdmi_i2c_inst/cfg_clk
                                                                           r       hdmi_i2c_inst/i2c_ctrl_inst/cnt_i2c_clk_en/CLK (GTP_DFF_C)

                                   tco                   0.185       3.485 f       hdmi_i2c_inst/i2c_ctrl_inst/cnt_i2c_clk_en/Q (GTP_DFF_C)
                                   net (fanout=3)        0.407       3.892         hdmi_i2c_inst/i2c_ctrl_inst/cnt_i2c_clk_en
                                                                           f       hdmi_i2c_inst/i2c_ctrl_inst/cnt_i2c_clk[0]/CE (GTP_DFF_CE)

 Data arrival time                                                   3.892         Logic Levels: 0  
                                                                                   Logic: 0.185ns(31.250%), Route: 0.407ns(68.750%)
----------------------------------------------------------------------------------------------------

 Clock hdmi_i2c_inst/i2c_ctrl_inst/i2c_clk/Q[0]_Inferred (rising edge)
                                                         0.000       0.000 r                        
                                                         0.000       0.000 r       hdmi_i2c_inst/i2c_ctrl_inst/i2c_clk/Q (GTP_DFF_P)
                                   net (fanout=42)       3.300       3.300         hdmi_i2c_inst/cfg_clk
                                                                           r       hdmi_i2c_inst/i2c_ctrl_inst/cnt_i2c_clk[0]/CLK (GTP_DFF_CE)
 clock pessimism                                         0.000       3.300                          
 clock uncertainty                                       0.000       3.300                          

 Hold time                                              -0.057       3.243                          

 Data required time                                                  3.243                          
----------------------------------------------------------------------------------------------------
 Data required time                                                  3.243                          
 Data arrival time                                                  -3.892                          
----------------------------------------------------------------------------------------------------
 Slack (MET)                                                         0.649                          
====================================================================================================

====================================================================================================

Startpoint  : hdmi_i2c_inst/i2c_ctrl_inst/cnt_i2c_clk_en/CLK (GTP_DFF_C)
Endpoint    : hdmi_i2c_inst/i2c_ctrl_inst/cnt_i2c_clk[1]/CE (GTP_DFF_CE)
Path Group  : hdmi_i2c_inst/i2c_ctrl_inst/i2c_clk/Q[0]_Inferred
Path Type   : min
Path Class  : sequential timing path
Clock Skew :    0.000  (Capture Clock Delay - Launch Clock Delay + Clock Pessimism Removal)
  Capture Clock Delay     :  3.300
  Launch Clock Delay      :  3.300
  Clock Pessimism Removal :  0.000

 Location                          Delay Type             Incr        Path         Logical Resource 
----------------------------------------------------------------------------------------------------

 Clock hdmi_i2c_inst/i2c_ctrl_inst/i2c_clk/Q[0]_Inferred (rising edge)
                                                         0.000       0.000 r                        
                                                         0.000       0.000 r       hdmi_i2c_inst/i2c_ctrl_inst/i2c_clk/Q (GTP_DFF_P)
                                   net (fanout=42)       3.300       3.300         hdmi_i2c_inst/cfg_clk
                                                                           r       hdmi_i2c_inst/i2c_ctrl_inst/cnt_i2c_clk_en/CLK (GTP_DFF_C)

                                   tco                   0.185       3.485 f       hdmi_i2c_inst/i2c_ctrl_inst/cnt_i2c_clk_en/Q (GTP_DFF_C)
                                   net (fanout=3)        0.407       3.892         hdmi_i2c_inst/i2c_ctrl_inst/cnt_i2c_clk_en
                                                                           f       hdmi_i2c_inst/i2c_ctrl_inst/cnt_i2c_clk[1]/CE (GTP_DFF_CE)

 Data arrival time                                                   3.892         Logic Levels: 0  
                                                                                   Logic: 0.185ns(31.250%), Route: 0.407ns(68.750%)
----------------------------------------------------------------------------------------------------

 Clock hdmi_i2c_inst/i2c_ctrl_inst/i2c_clk/Q[0]_Inferred (rising edge)
                                                         0.000       0.000 r                        
                                                         0.000       0.000 r       hdmi_i2c_inst/i2c_ctrl_inst/i2c_clk/Q (GTP_DFF_P)
                                   net (fanout=42)       3.300       3.300         hdmi_i2c_inst/cfg_clk
                                                                           r       hdmi_i2c_inst/i2c_ctrl_inst/cnt_i2c_clk[1]/CLK (GTP_DFF_CE)
 clock pessimism                                         0.000       3.300                          
 clock uncertainty                                       0.000       3.300                          

 Hold time                                              -0.057       3.243                          

 Data required time                                                  3.243                          
----------------------------------------------------------------------------------------------------
 Data required time                                                  3.243                          
 Data arrival time                                                  -3.892                          
----------------------------------------------------------------------------------------------------
 Slack (MET)                                                         0.649                          
====================================================================================================

====================================================================================================

Startpoint  : hdmi_i2c_inst/hdmi_cfg_inst/cnt_wait[7]/CLK (GTP_DFF_CE)
Endpoint    : hdmi_i2c_inst/hdmi_cfg_inst/cnt_wait[7]/D (GTP_DFF_CE)
Path Group  : hdmi_i2c_inst/i2c_ctrl_inst/i2c_clk/Q[0]_Inferred
Path Type   : min
Path Class  : sequential timing path
Clock Skew :    0.000  (Capture Clock Delay - Launch Clock Delay + Clock Pessimism Removal)
  Capture Clock Delay     :  3.300
  Launch Clock Delay      :  3.300
  Clock Pessimism Removal :  0.000

 Location                          Delay Type             Incr        Path         Logical Resource 
----------------------------------------------------------------------------------------------------

 Clock hdmi_i2c_inst/i2c_ctrl_inst/i2c_clk/Q[0]_Inferred (rising edge)
                                                         0.000       0.000 r                        
                                                         0.000       0.000 r       hdmi_i2c_inst/i2c_ctrl_inst/i2c_clk/Q (GTP_DFF_P)
                                   net (fanout=42)       3.300       3.300         hdmi_i2c_inst/cfg_clk
                                                                           r       hdmi_i2c_inst/hdmi_cfg_inst/cnt_wait[7]/CLK (GTP_DFF_CE)

                                   tco                   0.185       3.485 f       hdmi_i2c_inst/hdmi_cfg_inst/cnt_wait[7]/Q (GTP_DFF_CE)
                                   net (fanout=3)        0.455       3.940         hdmi_i2c_inst/hdmi_cfg_inst/cnt_wait [7]
                                                                                   hdmi_i2c_inst/hdmi_cfg_inst/N5_8/I0 (GTP_LUT6CARRY)
                                   td                    0.093       4.033 f       hdmi_i2c_inst/hdmi_cfg_inst/N5_8/Z (GTP_LUT6CARRY)
                                   net (fanout=1)        0.000       4.033         hdmi_i2c_inst/hdmi_cfg_inst/N5 [7]
                                                                           f       hdmi_i2c_inst/hdmi_cfg_inst/cnt_wait[7]/D (GTP_DFF_CE)

 Data arrival time                                                   4.033         Logic Levels: 1  
                                                                                   Logic: 0.278ns(37.926%), Route: 0.455ns(62.074%)
----------------------------------------------------------------------------------------------------

 Clock hdmi_i2c_inst/i2c_ctrl_inst/i2c_clk/Q[0]_Inferred (rising edge)
                                                         0.000       0.000 r                        
                                                         0.000       0.000 r       hdmi_i2c_inst/i2c_ctrl_inst/i2c_clk/Q (GTP_DFF_P)
                                   net (fanout=42)       3.300       3.300         hdmi_i2c_inst/cfg_clk
                                                                           r       hdmi_i2c_inst/hdmi_cfg_inst/cnt_wait[7]/CLK (GTP_DFF_CE)
 clock pessimism                                         0.000       3.300                          
 clock uncertainty                                       0.000       3.300                          

 Hold time                                              -0.044       3.256                          

 Data required time                                                  3.256                          
----------------------------------------------------------------------------------------------------
 Data required time                                                  3.256                          
 Data arrival time                                                  -4.033                          
----------------------------------------------------------------------------------------------------
 Slack (MET)                                                         0.777                          
====================================================================================================

====================================================================================================

Startpoint  : hdmi_i2c_inst/i2c_ctrl_inst/state_10/CLK (GTP_DFF_CE)
Endpoint    : ddc_scl (port)
Path Group  : **default**
Path Type   : max
Path Class  : combinational timing path

 Location                          Delay Type             Incr        Path         Logical Resource 
----------------------------------------------------------------------------------------------------

 Clock hdmi_i2c_inst/i2c_ctrl_inst/i2c_clk/Q[0]_Inferred (rising edge)
                                                         0.000       0.000 r                        
                                                         0.000       0.000 r       hdmi_i2c_inst/i2c_ctrl_inst/i2c_clk/Q (GTP_DFF_P)
                                   net (fanout=42)       3.300       3.300         hdmi_i2c_inst/cfg_clk
                                                                           r       hdmi_i2c_inst/i2c_ctrl_inst/state_10/CLK (GTP_DFF_CE)

                                   tco                   0.203       3.503 r       hdmi_i2c_inst/i2c_ctrl_inst/state_10/Q (GTP_DFF_CE)
                                   net (fanout=6)        0.506       4.009         hdmi_i2c_inst/i2c_ctrl_inst/state_10
                                                                                   hdmi_i2c_inst/i2c_ctrl_inst/state[3:0]_fsm[3:0]_26[1]_2/I1 (GTP_LUT6)
                                   td                    0.148       4.157 r       hdmi_i2c_inst/i2c_ctrl_inst/state[3:0]_fsm[3:0]_26[1]_2/Z (GTP_LUT6)
                                   net (fanout=2)        0.390       4.547         hdmi_i2c_inst/i2c_ctrl_inst/_N415
                                                                                   hdmi_i2c_inst/i2c_ctrl_inst/N796_2/I5 (GTP_LUT6)
                                   td                    0.074       4.621 r       hdmi_i2c_inst/i2c_ctrl_inst/N796_2/Z (GTP_LUT6)
                                   net (fanout=1)        0.372       4.993         hdmi_i2c_inst/i2c_ctrl_inst/N796
                                                                                   hdmi_i2c_inst/i2c_ctrl_inst/i2c_scl_3/I5 (GTP_LUT6)
                                   td                    0.059       5.052 f       hdmi_i2c_inst/i2c_ctrl_inst/i2c_scl_3/Z (GTP_LUT6)
                                   net (fanout=1)        1.252       6.304         _N283            
                                                                                   ddc_scl_obuf/I (GTP_OUTBUF)
                                   td                    3.966      10.270 f       ddc_scl_obuf/O (GTP_OUTBUF)
                                   net (fanout=1)        0.000      10.270         ddc_scl          
 ddc_scl                                                                   f       ddc_scl (port)   

 Data arrival time                                                  10.270         Logic Levels: 4  
                                                                                   Logic: 4.450ns(63.845%), Route: 2.520ns(36.155%)
====================================================================================================

====================================================================================================

Startpoint  : hdmi_i2c_inst/i2c_ctrl_inst/state_12/CLK (GTP_DFF_CE)
Endpoint    : ddc_sda (port)
Path Group  : **default**
Path Type   : max
Path Class  : combinational timing path

 Location                          Delay Type             Incr        Path         Logical Resource 
----------------------------------------------------------------------------------------------------

 Clock hdmi_i2c_inst/i2c_ctrl_inst/i2c_clk/Q[0]_Inferred (rising edge)
                                                         0.000       0.000 r                        
                                                         0.000       0.000 r       hdmi_i2c_inst/i2c_ctrl_inst/i2c_clk/Q (GTP_DFF_P)
                                   net (fanout=42)       3.300       3.300         hdmi_i2c_inst/cfg_clk
                                                                           r       hdmi_i2c_inst/i2c_ctrl_inst/state_12/CLK (GTP_DFF_CE)

                                   tco                   0.203       3.503 r       hdmi_i2c_inst/i2c_ctrl_inst/state_12/Q (GTP_DFF_CE)
                                   net (fanout=6)        0.506       4.009         hdmi_i2c_inst/i2c_ctrl_inst/state_12
                                                                                   hdmi_i2c_inst/i2c_ctrl_inst/N796_5/I3 (GTP_LUT6D)
                                   td                    0.273       4.282 r       hdmi_i2c_inst/i2c_ctrl_inst/N796_5/Z5 (GTP_LUT6D)
                                   net (fanout=1)        1.252       5.534         _N417            
                                                                                   hdmi_i2c_inst.i2c_ctrl_inst.i2c_sda_tri/T (GTP_IOBUF)
                                   tse                   3.493       9.027 f       hdmi_i2c_inst.i2c_ctrl_inst.i2c_sda_tri/IO (GTP_IOBUF)
                                   net (fanout=1)        0.000       9.027         nt_ddc_sda       
 ddc_sda                                                                   f       ddc_sda (port)   

 Data arrival time                                                   9.027         Logic Levels: 2  
                                                                                   Logic: 3.969ns(69.303%), Route: 1.758ns(30.697%)
====================================================================================================

====================================================================================================

Startpoint  : sys_rst_n (port)
Endpoint    : hdmi_in_rst_n (port)
Path Group  : **default**
Path Type   : max
Path Class  : combinational timing path

 Location                          Delay Type             Incr        Path         Logical Resource 
----------------------------------------------------------------------------------------------------


 sys_rst_n                                               0.000       0.000 f       sys_rst_n (port) 
                                   net (fanout=1)        0.000       0.000         sys_rst_n        
                                                                                   sys_rst_n_ibuf/I (GTP_INBUF)
                                   td                    0.861       0.861 f       sys_rst_n_ibuf/O (GTP_INBUF)
                                   net (fanout=3)        1.583       2.444         nt_sys_rst_n     
                                                                                   hdmi_in_rst_n_obuf/I (GTP_OUTBUF)
                                   td                    3.966       6.410 f       hdmi_in_rst_n_obuf/O (GTP_OUTBUF)
                                   net (fanout=1)        0.000       6.410         hdmi_in_rst_n    
 hdmi_in_rst_n                                                             f       hdmi_in_rst_n (port)

 Data arrival time                                                   6.410         Logic Levels: 2  
                                                                                   Logic: 4.827ns(75.304%), Route: 1.583ns(24.696%)
====================================================================================================

====================================================================================================

Startpoint  : sys_rst_n (port)
Endpoint    : hdmi_i2c_inst/hdmi_cfg_inst/cfg_done/C (GTP_DFF_C)
Path Group  : **default**
Path Type   : min
Path Class  : combinational timing path

 Location                          Delay Type             Incr        Path         Logical Resource 
----------------------------------------------------------------------------------------------------


 sys_rst_n                                               0.000       0.000 f       sys_rst_n (port) 
                                   net (fanout=1)        0.000       0.000         sys_rst_n        
                                                                                   sys_rst_n_ibuf/I (GTP_INBUF)
                                   td                    0.861       0.861 f       sys_rst_n_ibuf/O (GTP_INBUF)
                                   net (fanout=3)        0.000       0.861         nt_sys_rst_n     
                                                                                   hdmi_i2c_inst/hdmi_cfg_inst/N98/I (GTP_INV)
                                   td                    0.000       0.861 r       hdmi_i2c_inst/hdmi_cfg_inst/N98/Z (GTP_INV)
                                   net (fanout=50)       1.583       2.444         hdmi_i2c_inst/i2c_ctrl_inst/N497
                                                                           r       hdmi_i2c_inst/hdmi_cfg_inst/cfg_done/C (GTP_DFF_C)

 Data arrival time                                                   2.444         Logic Levels: 2  
                                                                                   Logic: 0.861ns(35.229%), Route: 1.583ns(64.771%)
====================================================================================================

====================================================================================================

Startpoint  : sys_rst_n (port)
Endpoint    : hdmi_i2c_inst/i2c_ctrl_inst/state_3/C (GTP_DFF_CE)
Path Group  : **default**
Path Type   : min
Path Class  : combinational timing path

 Location                          Delay Type             Incr        Path         Logical Resource 
----------------------------------------------------------------------------------------------------


 sys_rst_n                                               0.000       0.000 f       sys_rst_n (port) 
                                   net (fanout=1)        0.000       0.000         sys_rst_n        
                                                                                   sys_rst_n_ibuf/I (GTP_INBUF)
                                   td                    0.861       0.861 f       sys_rst_n_ibuf/O (GTP_INBUF)
                                   net (fanout=3)        0.000       0.861         nt_sys_rst_n     
                                                                                   hdmi_i2c_inst/hdmi_cfg_inst/N98/I (GTP_INV)
                                   td                    0.000       0.861 r       hdmi_i2c_inst/hdmi_cfg_inst/N98/Z (GTP_INV)
                                   net (fanout=50)       1.583       2.444         hdmi_i2c_inst/i2c_ctrl_inst/N497
                                                                           r       hdmi_i2c_inst/i2c_ctrl_inst/state_3/C (GTP_DFF_CE)

 Data arrival time                                                   2.444         Logic Levels: 2  
                                                                                   Logic: 0.861ns(35.229%), Route: 1.583ns(64.771%)
====================================================================================================

====================================================================================================

Startpoint  : sys_rst_n (port)
Endpoint    : hdmi_i2c_inst/i2c_ctrl_inst/state_2/C (GTP_DFF_CE)
Path Group  : **default**
Path Type   : min
Path Class  : combinational timing path

 Location                          Delay Type             Incr        Path         Logical Resource 
----------------------------------------------------------------------------------------------------


 sys_rst_n                                               0.000       0.000 f       sys_rst_n (port) 
                                   net (fanout=1)        0.000       0.000         sys_rst_n        
                                                                                   sys_rst_n_ibuf/I (GTP_INBUF)
                                   td                    0.861       0.861 f       sys_rst_n_ibuf/O (GTP_INBUF)
                                   net (fanout=3)        0.000       0.861         nt_sys_rst_n     
                                                                                   hdmi_i2c_inst/hdmi_cfg_inst/N98/I (GTP_INV)
                                   td                    0.000       0.861 r       hdmi_i2c_inst/hdmi_cfg_inst/N98/Z (GTP_INV)
                                   net (fanout=50)       1.583       2.444         hdmi_i2c_inst/i2c_ctrl_inst/N497
                                                                           r       hdmi_i2c_inst/i2c_ctrl_inst/state_2/C (GTP_DFF_CE)

 Data arrival time                                                   2.444         Logic Levels: 2  
                                                                                   Logic: 0.861ns(35.229%), Route: 1.583ns(64.771%)
====================================================================================================

====================================================================================================
End dump timing report

0. checking no_clock
--------------------

1. checking virtual_clock
--------------------

2. checking unexpandable_clocks
--------------------

3. checking no_input_delay
--------------------

4. checking no_output_delay
--------------------

5. checking partial_input_delay
--------------------

6. checking partial_output_delay
--------------------

7. checking io_min_max_delay_consistency
--------------------

8. checking input_delay_assigned_to_clock
--------------------

9. checking loops
--------------------

10. checking latches
--------------------
Action synthesize: Real time elapsed is 11.000 sec
Action synthesize: CPU time elapsed is 8.906 sec
Current time: Fri Oct 28 15:53:16 2022
Action synthesize: Peak memory pool usage is 260,800,512 bytes
