#Build: Fabric Compiler 2020.3, Build 62942, Sep 29 13:34 2020
#Install: E:\pango\PDS_2020.3\bin
#Application name: pds_shell.exe
#OS: Windows 10 10.0.18363
#Hostname: DESKTOP-6GABMIP
Generated by Fabric Compiler (version 2020.3 build 62942) at Wed Nov  2 14:28:09 2022
Compiling verification operator library.
Compiling common defs.
Compiling prim grid devices.
Compiling gate devices.
Compiling gate operators.
Building architecture model.
Loading device packaging model 'FBG676'.
Reading design from pnr DB.
Start Report Post-PnR timing.
Constructing timing graph ...
Timing graph has been constructed successfully
C: STA-3003: The timing arc 'I5->L6' of 'gopLUT6|devAL6_S|"LUT6"' are non_unate, The timing analyser will assume pos_unate for these arcs in clock propgation. Clock: 'hdmi_i2c_inst/i2c_ctrl_inst/i2c_clk/Q[0]_Inferred'  from 'hdmi_i2c_inst/i2c_ctrl_inst/i2c_clk_ce_mux[0]/LUT6_inst_perm/I5' to: 'hdmi_i2c_inst/i2c_ctrl_inst/i2c_clk_ce_mux[0]/LUT6_inst_perm/L6'
C: STA-3003: The timing arc 'I5->L6' of 'gopLUT6|devAL6_S|"LUT6"' are non_unate, The timing analyser will assume pos_unate for these arcs in clock propgation. Clock: 'hdmi_i2c_inst/i2c_ctrl_inst/i2c_clk/Q[0]_Inferred'  from 'hdmi_i2c_inst/i2c_ctrl_inst/i2c_clk_ce_mux[0]/LUT6_inst_perm/I5' to: 'hdmi_i2c_inst/i2c_ctrl_inst/i2c_clk_ce_mux[0]/LUT6_inst_perm/L6'
C: STA-3003: The timing arc 'I5->L6' of 'gopLUT6|devAL6_S|"LUT6"' are non_unate, The timing analyser will assume pos_unate for these arcs in clock propgation. Clock: 'hdmi_i2c_inst/i2c_ctrl_inst/i2c_clk/Q[0]_Inferred'  from 'hdmi_i2c_inst/i2c_ctrl_inst/i2c_clk_ce_mux[0]/LUT6_inst_perm/I5' to: 'hdmi_i2c_inst/i2c_ctrl_inst/i2c_clk_ce_mux[0]/LUT6_inst_perm/L6'
C: STA-3003: The timing arc 'I5->L6' of 'gopLUT6|devAL6_S|"LUT6"' are non_unate, The timing analyser will assume pos_unate for these arcs in clock propgation. Clock: 'hdmi_i2c_inst/i2c_ctrl_inst/i2c_clk/Q[0]_Inferred'  from 'hdmi_i2c_inst/i2c_ctrl_inst/i2c_clk_ce_mux[0]/LUT6_inst_perm/I5' to: 'hdmi_i2c_inst/i2c_ctrl_inst/i2c_clk_ce_mux[0]/LUT6_inst_perm/L6'
C: STA-3003: The timing arc 'I5->L6' of 'gopLUT6|devAL6_S|"LUT6"' are non_unate, The timing analyser will assume pos_unate for these arcs in clock propgation. Clock: 'hdmi_i2c_inst/i2c_ctrl_inst/i2c_clk/Q[0]_Inferred'  from 'hdmi_i2c_inst/i2c_ctrl_inst/i2c_clk_ce_mux[0]/LUT6_inst_perm/I5' to: 'hdmi_i2c_inst/i2c_ctrl_inst/i2c_clk_ce_mux[0]/LUT6_inst_perm/L6'
C: STA-3003: The timing arc 'I5->L6' of 'gopLUT6|devAL6_S|"LUT6"' are non_unate, The timing analyser will assume pos_unate for these arcs in clock propgation. Clock: 'hdmi_i2c_inst/i2c_ctrl_inst/i2c_clk/Q[0]_Inferred'  from 'hdmi_i2c_inst/i2c_ctrl_inst/i2c_clk_ce_mux[0]/LUT6_inst_perm/I5' to: 'hdmi_i2c_inst/i2c_ctrl_inst/i2c_clk_ce_mux[0]/LUT6_inst_perm/L6'
C: STA-3003: The timing arc 'I5->L6' of 'gopLUT6|devAL6_S|"LUT6"' are non_unate, The timing analyser will assume pos_unate for these arcs in clock propgation. Clock: 'hdmi_i2c_inst/i2c_ctrl_inst/i2c_clk/Q[0]_Inferred'  from 'hdmi_i2c_inst/i2c_ctrl_inst/i2c_clk_ce_mux[0]/LUT6_inst_perm/I5' to: 'hdmi_i2c_inst/i2c_ctrl_inst/i2c_clk_ce_mux[0]/LUT6_inst_perm/L6'
C: STA-3003: The timing arc 'I5->L6' of 'gopLUT6|devAL6_S|"LUT6"' are non_unate, The timing analyser will assume pos_unate for these arcs in clock propgation. Clock: 'hdmi_i2c_inst/i2c_ctrl_inst/i2c_clk/Q[0]_Inferred'  from 'hdmi_i2c_inst/i2c_ctrl_inst/i2c_clk_ce_mux[0]/LUT6_inst_perm/I5' to: 'hdmi_i2c_inst/i2c_ctrl_inst/i2c_clk_ce_mux[0]/LUT6_inst_perm/L6'
Check timing ...
C: STA-3011: Clock pin 'hdmi_i2c_inst/i2c_ctrl_inst/ack/opit_0/CLK' (gopLATCH.CLK) has no clock, timing propagation is disabled at the pin.
C: STA-3011: Clock pin 'hdmi_i2c_inst/i2c_ctrl_inst/i2c_sda_reg/opit_0/CLK' (gopLATCH.CLK) has no clock, timing propagation is disabled at the pin.
C: STA-3011: Clock pin 'hdmi_i2c_inst/i2c_ctrl_inst/rd_data_reg[0]/opit_0/CLK' (gopLATCH.CLK) has no clock, timing propagation is disabled at the pin.
C: STA-3011: Clock pin 'hdmi_i2c_inst/i2c_ctrl_inst/rd_data_reg[1]/opit_0/CLK' (gopLATCH.CLK) has no clock, timing propagation is disabled at the pin.
C: STA-3011: Clock pin 'hdmi_i2c_inst/i2c_ctrl_inst/rd_data_reg[2]/opit_0/CLK' (gopLATCH.CLK) has no clock, timing propagation is disabled at the pin.
C: STA-3011: Clock pin 'hdmi_i2c_inst/i2c_ctrl_inst/rd_data_reg[3]/opit_0/CLK' (gopLATCH.CLK) has no clock, timing propagation is disabled at the pin.
C: STA-3011: Clock pin 'hdmi_i2c_inst/i2c_ctrl_inst/rd_data_reg[4]/opit_0/CLK' (gopLATCH.CLK) has no clock, timing propagation is disabled at the pin.
C: STA-3011: Clock pin 'hdmi_i2c_inst/i2c_ctrl_inst/rd_data_reg[5]/opit_0/CLK' (gopLATCH.CLK) has no clock, timing propagation is disabled at the pin.
C: STA-3011: Clock pin 'hdmi_i2c_inst/i2c_ctrl_inst/rd_data_reg[6]/opit_0/CLK' (gopLATCH.CLK) has no clock, timing propagation is disabled at the pin.
C: STA-3011: Clock pin 'hdmi_i2c_inst/i2c_ctrl_inst/rd_data_reg[7]/opit_0/CLK' (gopLATCH.CLK) has no clock, timing propagation is disabled at the pin.
W: Timing-4086: Port 'ddc_sda' is not constrained, it is treated as combinational input.
W: Timing-4087: Port 'ddc_sda' is not constrained, it is treated as combinational output.
W: Timing-4087: Port 'ddc_scl' is not constrained, it is treated as combinational output.
W: Timing-4087: Port 'hdmi_in_rst_n' is not constrained, it is treated as combinational output.
W: Timing-4087: Port 'hdmi_out_clk' is not constrained, it is treated as combinational output.
W: Timing-4087: Port 'hdmi_out_de' is not constrained, it is treated as combinational output.
W: Timing-4087: Port 'hdmi_out_hsync' is not constrained, it is treated as combinational output.
W: Timing-4087: Port 'hdmi_out_rgb[0]' is not constrained, it is treated as combinational output.
W: Timing-4087: Port 'hdmi_out_rgb[1]' is not constrained, it is treated as combinational output.
W: Timing-4087: Port 'hdmi_out_rgb[2]' is not constrained, it is treated as combinational output.
W: Timing-4087: Port 'hdmi_out_rgb[3]' is not constrained, it is treated as combinational output.
W: Timing-4087: Port 'hdmi_out_rgb[4]' is not constrained, it is treated as combinational output.
W: Timing-4087: Port 'hdmi_out_rgb[5]' is not constrained, it is treated as combinational output.
W: Timing-4087: Port 'hdmi_out_rgb[6]' is not constrained, it is treated as combinational output.
W: Timing-4087: Port 'hdmi_out_rgb[7]' is not constrained, it is treated as combinational output.
W: Timing-4087: Port 'hdmi_out_rgb[8]' is not constrained, it is treated as combinational output.
W: Timing-4087: Port 'hdmi_out_rgb[9]' is not constrained, it is treated as combinational output.
W: Timing-4087: Port 'hdmi_out_rgb[10]' is not constrained, it is treated as combinational output.
W: Timing-4087: Port 'hdmi_out_rgb[11]' is not constrained, it is treated as combinational output.
W: Timing-4087: Port 'hdmi_out_rgb[12]' is not constrained, it is treated as combinational output.
W: Timing-4087: Port 'hdmi_out_rgb[13]' is not constrained, it is treated as combinational output.
W: Timing-4087: Port 'hdmi_out_rgb[14]' is not constrained, it is treated as combinational output.
W: Timing-4087: Port 'hdmi_out_rgb[15]' is not constrained, it is treated as combinational output.
W: Timing-4087: Port 'hdmi_out_rgb[16]' is not constrained, it is treated as combinational output.
W: Timing-4087: Port 'hdmi_out_rgb[17]' is not constrained, it is treated as combinational output.
W: Timing-4087: Port 'hdmi_out_rgb[18]' is not constrained, it is treated as combinational output.
W: Timing-4087: Port 'hdmi_out_rgb[19]' is not constrained, it is treated as combinational output.
W: Timing-4087: Port 'hdmi_out_rgb[20]' is not constrained, it is treated as combinational output.
W: Timing-4087: Port 'hdmi_out_rgb[21]' is not constrained, it is treated as combinational output.
W: Timing-4087: Port 'hdmi_out_rgb[22]' is not constrained, it is treated as combinational output.
W: Timing-4087: Port 'hdmi_out_rgb[23]' is not constrained, it is treated as combinational output.
W: Timing-4087: Port 'hdmi_out_rst_n' is not constrained, it is treated as combinational output.
W: Timing-4087: Port 'hdmi_out_vsync' is not constrained, it is treated as combinational output.
W: Timing-4086: Port 'hdmi_in_clk' is not constrained, it is treated as combinational input.
W: Timing-4086: Port 'hdmi_in_de' is not constrained, it is treated as combinational input.
W: Timing-4086: Port 'hdmi_in_hsync' is not constrained, it is treated as combinational input.
W: Timing-4086: Port 'hdmi_in_rgb[0]' is not constrained, it is treated as combinational input.
W: Timing-4086: Port 'hdmi_in_rgb[1]' is not constrained, it is treated as combinational input.
W: Timing-4086: Port 'hdmi_in_rgb[2]' is not constrained, it is treated as combinational input.
W: Timing-4086: Port 'hdmi_in_rgb[3]' is not constrained, it is treated as combinational input.
W: Timing-4086: Port 'hdmi_in_rgb[4]' is not constrained, it is treated as combinational input.
W: Timing-4086: Port 'hdmi_in_rgb[5]' is not constrained, it is treated as combinational input.
W: Timing-4086: Port 'hdmi_in_rgb[6]' is not constrained, it is treated as combinational input.
W: Timing-4086: Port 'hdmi_in_rgb[7]' is not constrained, it is treated as combinational input.
W: Timing-4086: Port 'hdmi_in_rgb[8]' is not constrained, it is treated as combinational input.
W: Timing-4086: Port 'hdmi_in_rgb[9]' is not constrained, it is treated as combinational input.
W: Timing-4086: Port 'hdmi_in_rgb[10]' is not constrained, it is treated as combinational input.
W: Timing-4086: Port 'hdmi_in_rgb[11]' is not constrained, it is treated as combinational input.
W: Timing-4086: Port 'hdmi_in_rgb[12]' is not constrained, it is treated as combinational input.
W: Timing-4086: Port 'hdmi_in_rgb[13]' is not constrained, it is treated as combinational input.
W: Timing-4086: Port 'hdmi_in_rgb[14]' is not constrained, it is treated as combinational input.
W: Timing-4086: Port 'hdmi_in_rgb[15]' is not constrained, it is treated as combinational input.
W: Timing-4086: Port 'hdmi_in_rgb[16]' is not constrained, it is treated as combinational input.
W: Timing-4086: Port 'hdmi_in_rgb[17]' is not constrained, it is treated as combinational input.
W: Timing-4086: Port 'hdmi_in_rgb[18]' is not constrained, it is treated as combinational input.
W: Timing-4086: Port 'hdmi_in_rgb[19]' is not constrained, it is treated as combinational input.
W: Timing-4086: Port 'hdmi_in_rgb[20]' is not constrained, it is treated as combinational input.
W: Timing-4086: Port 'hdmi_in_rgb[21]' is not constrained, it is treated as combinational input.
W: Timing-4086: Port 'hdmi_in_rgb[22]' is not constrained, it is treated as combinational input.
W: Timing-4086: Port 'hdmi_in_rgb[23]' is not constrained, it is treated as combinational input.
W: Timing-4086: Port 'hdmi_in_vsync' is not constrained, it is treated as combinational input.
W: Timing-4086: Port 'sys_rst_n' is not constrained, it is treated as combinational input.
Begin dump timing report
Detailed Timing Report:

----------------------------------------------------------------------------------------------------
| Tool Version : Fabric Compiler (version 2020.3 <build 62942>)
| Date         : Wed Nov  2 14:28:25 2022
| Design       : hdmi_loop
| Device       : PG2L100H
| Speed Grade  : -6
| Package      : FBG676
----------------------------------------------------------------------------------------------------
----------------------------------------------------------------------------------------------------
| Timing Models: Production
| Tcl Command  : report_timing 
----------------------------------------------------------------------------------------------------

Timing analysis mode : multi corner

 Clock Summary:                                                                                     
****************************************************************************************************
                                                                           Clock   Non-clock        
 Clock                    Period       Waveform       Type                 Loads       Loads  Sources
----------------------------------------------------------------------------------------------------
 sys_clk                  20.000       {0 10}         Declared                 8           0  {sys_clk}
 hdmi_i2c_inst/i2c_ctrl_inst/i2c_clk/Q[0]_Inferred
                          1000.000     {0 500}        Declared               652           0  {hdmi_i2c_inst/i2c_ctrl_inst/i2c_clk/opit_0_inv/Q}
 DebugCore_JCLK           50.000       {0 25}         Declared               179           0  {u_CORES/u_GTP_SCANCHAIN_PG/scanchain/TCK1}
 DebugCore_CAPTURE        100.000      {25 75}        Declared                11           0  {u_CORES/u_GTP_SCANCHAIN_PG/scanchain/CAPTUREDR}
====================================================================================================

 Clock Groups:                                                                                    
**************************************************************************************************
 Clock Group                   Group Type                 clocks                                  
--------------------------------------------------------------------------------------------------
 Inferred_clock_group          asynchronous               hdmi_i2c_inst/i2c_ctrl_inst/i2c_clk/Q[0]_Inferred
 DebugCoreClockGroup           asynchronous               DebugCore_JCLK  DebugCore_CAPTURE       
==================================================================================================

 Performance Summary:                                                                               
****************************************************************************************************
                              Requested       Estimated      Requested      Estimated               
 Clock                        Frequency       Frequency      Period         Period             Slack
----------------------------------------------------------------------------------------------------
 sys_clk                     50.000 MHz     449.640 MHz         20.000          2.224         17.776
 hdmi_i2c_inst/i2c_ctrl_inst/i2c_clk/Q[0]_Inferred
                              1.000 MHz     311.429 MHz       1000.000          3.211        996.789
 DebugCore_JCLK              20.000 MHz     138.236 MHz         50.000          7.234         42.766
====================================================================================================

Design Summary : Some Constraints Violated.

Setup Summary(Slow Corner):
****************************************************************************************************
                                                                          TNS Failing      TNS Total
 Launch Clock           Capture Clock              WNS(ns)     TNS(ns)      Endpoints      Endpoints
----------------------------------------------------------------------------------------------------
 sys_clk                sys_clk                     17.776       0.000              0             37
 hdmi_i2c_inst/i2c_ctrl_inst/i2c_clk/Q[0]_Inferred
                        hdmi_i2c_inst/i2c_ctrl_inst/i2c_clk/Q[0]_Inferred
                                                   996.789       0.000              0           1522
 DebugCore_JCLK         DebugCore_JCLK              23.348       0.000              0            735
 DebugCore_CAPTURE      DebugCore_JCLK              22.265       0.000              0            101
 DebugCore_JCLK         DebugCore_CAPTURE           46.952       0.000              0             16
====================================================================================================

Hold Summary(Slow Corner):
****************************************************************************************************
                                                                          THS Failing      THS Total
 Launch Clock           Capture Clock              WHS(ns)     THS(ns)      Endpoints      Endpoints
----------------------------------------------------------------------------------------------------
 sys_clk                sys_clk                      0.209       0.000              0             37
 hdmi_i2c_inst/i2c_ctrl_inst/i2c_clk/Q[0]_Inferred
                        hdmi_i2c_inst/i2c_ctrl_inst/i2c_clk/Q[0]_Inferred
                                                    -0.405     -19.588            170           1522
 DebugCore_JCLK         DebugCore_JCLK               0.276       0.000              0            735
 DebugCore_CAPTURE      DebugCore_JCLK              23.424       0.000              0            101
 DebugCore_JCLK         DebugCore_CAPTURE            0.583       0.000              0             16
====================================================================================================

Recovery Summary(Slow Corner):
****************************************************************************************************
                                                                          TNS Failing      TNS Total
 Launch Clock           Capture Clock              WNS(ns)     TNS(ns)      Endpoints      Endpoints
----------------------------------------------------------------------------------------------------
 hdmi_i2c_inst/i2c_ctrl_inst/i2c_clk/Q[0]_Inferred
                        hdmi_i2c_inst/i2c_ctrl_inst/i2c_clk/Q[0]_Inferred
                                                   997.621       0.000              0            418
====================================================================================================

Removal Summary(Slow Corner):
****************************************************************************************************
                                                                          THS Failing      THS Total
 Launch Clock           Capture Clock              WHS(ns)     THS(ns)      Endpoints      Endpoints
----------------------------------------------------------------------------------------------------
 hdmi_i2c_inst/i2c_ctrl_inst/i2c_clk/Q[0]_Inferred
                        hdmi_i2c_inst/i2c_ctrl_inst/i2c_clk/Q[0]_Inferred
                                                    -0.103      -0.103              1            418
====================================================================================================

Minimum Pulse Width Summary(Slow Corner):
****************************************************************************************************
                                                                         WPWS Failing     WPWS Total
 Clock                                            WPWS(ns)    TPWS(ns)      Endpoints      Endpoints
----------------------------------------------------------------------------------------------------
 sys_clk                                             9.680       0.000              0              8
 hdmi_i2c_inst/i2c_ctrl_inst/i2c_clk/Q[0]_Inferred
                                                   498.866       0.000              0            652
 DebugCore_JCLK                                     23.917       0.000              0            179
 DebugCore_CAPTURE                                  49.733       0.000              0             11
====================================================================================================

Setup Summary(Fast Corner):
****************************************************************************************************
                                                                          TNS Failing      TNS Total
 Launch Clock           Capture Clock              WNS(ns)     TNS(ns)      Endpoints      Endpoints
----------------------------------------------------------------------------------------------------
 sys_clk                sys_clk                     18.680       0.000              0             37
 hdmi_i2c_inst/i2c_ctrl_inst/i2c_clk/Q[0]_Inferred
                        hdmi_i2c_inst/i2c_ctrl_inst/i2c_clk/Q[0]_Inferred
                                                   998.160       0.000              0           1522
 DebugCore_JCLK         DebugCore_JCLK              23.987       0.000              0            735
 DebugCore_CAPTURE      DebugCore_JCLK              23.388       0.000              0            101
 DebugCore_JCLK         DebugCore_CAPTURE           47.957       0.000              0             16
====================================================================================================

Hold Summary(Fast Corner):
****************************************************************************************************
                                                                          THS Failing      THS Total
 Launch Clock           Capture Clock              WHS(ns)     THS(ns)      Endpoints      Endpoints
----------------------------------------------------------------------------------------------------
 sys_clk                sys_clk                      0.142       0.000              0             37
 hdmi_i2c_inst/i2c_ctrl_inst/i2c_clk/Q[0]_Inferred
                        hdmi_i2c_inst/i2c_ctrl_inst/i2c_clk/Q[0]_Inferred
                                                    -0.180      -2.524             55           1522
 DebugCore_JCLK         DebugCore_JCLK               0.187       0.000              0            735
 DebugCore_CAPTURE      DebugCore_JCLK              24.040       0.000              0            101
 DebugCore_JCLK         DebugCore_CAPTURE            0.575       0.000              0             16
====================================================================================================

Recovery Summary(Fast Corner):
****************************************************************************************************
                                                                          TNS Failing      TNS Total
 Launch Clock           Capture Clock              WNS(ns)     TNS(ns)      Endpoints      Endpoints
----------------------------------------------------------------------------------------------------
 hdmi_i2c_inst/i2c_ctrl_inst/i2c_clk/Q[0]_Inferred
                        hdmi_i2c_inst/i2c_ctrl_inst/i2c_clk/Q[0]_Inferred
                                                   998.552       0.000              0            418
====================================================================================================

Removal Summary(Fast Corner):
****************************************************************************************************
                                                                          THS Failing      THS Total
 Launch Clock           Capture Clock              WHS(ns)     THS(ns)      Endpoints      Endpoints
----------------------------------------------------------------------------------------------------
 hdmi_i2c_inst/i2c_ctrl_inst/i2c_clk/Q[0]_Inferred
                        hdmi_i2c_inst/i2c_ctrl_inst/i2c_clk/Q[0]_Inferred
                                                     0.017       0.000              0            418
====================================================================================================

Minimum Pulse Width Summary(Fast Corner):
****************************************************************************************************
                                                                         WPWS Failing     WPWS Total
 Clock                                            WPWS(ns)    TPWS(ns)      Endpoints      Endpoints
----------------------------------------------------------------------------------------------------
 sys_clk                                             9.771       0.000              0              8
 hdmi_i2c_inst/i2c_ctrl_inst/i2c_clk/Q[0]_Inferred
                                                   499.283       0.000              0            652
 DebugCore_JCLK                                     24.250       0.000              0            179
 DebugCore_CAPTURE                                  49.702       0.000              0             11
====================================================================================================

Slow Corner: 950mV 125C
****************************************************************************************************
====================================================================================================

Startpoint  : hdmi_i2c_inst/i2c_ctrl_inst/cnt_clk[2]/opit_0_inv_L6Q_LUT6DQL5Q_perm/CLK
Endpoint    : hdmi_i2c_inst/i2c_ctrl_inst/i2c_clk/opit_0_inv/D
Path Group  : sys_clk
Path Type   : max
Path Class  : sequential timing path
Clock Skew :    -0.058  (Capture Clock Delay - Launch Clock Delay + Clock Pessimism Removal)
  Capture Clock Delay     :  3.240
  Launch Clock Delay      :  3.775
  Clock Pessimism Removal :  0.477

 Location                          Delay Type             Incr        Path         Logical Resource 
----------------------------------------------------------------------------------------------------

 Clock sys_clk (rising edge)                             0.000       0.000 r                        
 R3                                                      0.000       0.000 r       sys_clk (port)   
                                   net (fanout=1)        0.096       0.096         sys_clk          
 IOBD_372_450/DIN                  td                    1.117       1.213 r       sys_clk_ibuf/opit_0/O
                                   net (fanout=1)        0.000       1.213         sys_clk_ibuf/ntD 
 IOLHR_364_450/DI_TO_CLK           td                    0.105       1.318 r       sys_clk_ibuf/opit_1/DI_TO_CLK
                                   net (fanout=1)        0.876       2.194         nt_sys_clk       
 USCM_215_576/CLKOUT               td                    0.168       2.362 r       clkbufg_3/gopclkbufg/CLKOUT
                                   net (fanout=1)        0.620       2.982         ntclkbufg_0      
 HCKB_213_506/CLKOUT               td                    0.287       3.269 r       HCKBROUTE_287/CLKOUT
                                   net (fanout=8)        0.506       3.775         _N403            
 CLMA_177_769/CLK                                                          r       hdmi_i2c_inst/i2c_ctrl_inst/cnt_clk[2]/opit_0_inv_L6Q_LUT6DQL5Q_perm/CLK

 CLMA_177_769/CR0                  tco                   0.249       4.024 r       hdmi_i2c_inst/i2c_ctrl_inst/cnt_clk[2]/opit_0_inv_L6Q_LUT6DQL5Q_perm/L5Q
                                   net (fanout=3)        0.600       4.624         hdmi_i2c_inst/i2c_ctrl_inst/cnt_clk [1]
 CLMA_177_769/Y1                   td                    0.224       4.848 r       hdmi_i2c_inst/i2c_ctrl_inst/N505_6/gateop_LUT6DL5_perm/L6
                                   net (fanout=4)        0.401       5.249         hdmi_i2c_inst/i2c_ctrl_inst/_N534
 CLMS_171_769/Y0                   td                    0.096       5.345 r       hdmi_i2c_inst/i2c_ctrl_inst/i2c_clk_ce_mux[0]/LUT6_inst_perm/L6
                                   net (fanout=1)        0.410       5.755         hdmi_i2c_inst/i2c_ctrl_inst/_N496
 CLMA_177_768/M0                                                           r       hdmi_i2c_inst/i2c_ctrl_inst/i2c_clk/opit_0_inv/D

 Data arrival time                                                   5.755         Logic Levels: 2  
                                                                                   Logic: 0.569ns(28.737%), Route: 1.411ns(71.263%)
----------------------------------------------------------------------------------------------------

 Clock sys_clk (rising edge)                            20.000      20.000 r                        
 R3                                                      0.000      20.000 r       sys_clk (port)   
                                   net (fanout=1)        0.096      20.096         sys_clk          
 IOBD_372_450/DIN                  td                    0.953      21.049 r       sys_clk_ibuf/opit_0/O
                                   net (fanout=1)        0.000      21.049         sys_clk_ibuf/ntD 
 IOLHR_364_450/DI_TO_CLK           td                    0.091      21.140 r       sys_clk_ibuf/opit_1/DI_TO_CLK
                                   net (fanout=1)        0.746      21.886         nt_sys_clk       
 USCM_215_576/CLKOUT               td                    0.143      22.029 r       clkbufg_3/gopclkbufg/CLKOUT
                                   net (fanout=1)        0.530      22.559         ntclkbufg_0      
 HCKB_213_506/CLKOUT               td                    0.245      22.804 r       HCKBROUTE_287/CLKOUT
                                   net (fanout=8)        0.436      23.240         _N403            
 CLMA_177_768/CLK                                                          r       hdmi_i2c_inst/i2c_ctrl_inst/i2c_clk/opit_0_inv/CLK
 clock pessimism                                         0.477      23.717                          
 clock uncertainty                                      -0.050      23.667                          

 Setup time                                             -0.136      23.531                          

 Data required time                                                 23.531                          
----------------------------------------------------------------------------------------------------
 Data required time                                                 23.531                          
 Data arrival time                                                  -5.755                          
----------------------------------------------------------------------------------------------------
 Slack (MET)                                                        17.776                          
====================================================================================================

====================================================================================================

Startpoint  : hdmi_i2c_inst/i2c_ctrl_inst/cnt_clk[2]/opit_0_inv_L6Q_LUT6DQL5Q_perm/CLK
Endpoint    : hdmi_i2c_inst/i2c_ctrl_inst/cnt_clk[6]/opit_0_inv_L6Q_perm/I0
Path Group  : sys_clk
Path Type   : max
Path Class  : sequential timing path
Clock Skew :    -0.001  (Capture Clock Delay - Launch Clock Delay + Clock Pessimism Removal)
  Capture Clock Delay     :  3.240
  Launch Clock Delay      :  3.775
  Clock Pessimism Removal :  0.534

 Location                          Delay Type             Incr        Path         Logical Resource 
----------------------------------------------------------------------------------------------------

 Clock sys_clk (rising edge)                             0.000       0.000 r                        
 R3                                                      0.000       0.000 r       sys_clk (port)   
                                   net (fanout=1)        0.096       0.096         sys_clk          
 IOBD_372_450/DIN                  td                    1.117       1.213 r       sys_clk_ibuf/opit_0/O
                                   net (fanout=1)        0.000       1.213         sys_clk_ibuf/ntD 
 IOLHR_364_450/DI_TO_CLK           td                    0.105       1.318 r       sys_clk_ibuf/opit_1/DI_TO_CLK
                                   net (fanout=1)        0.876       2.194         nt_sys_clk       
 USCM_215_576/CLKOUT               td                    0.168       2.362 r       clkbufg_3/gopclkbufg/CLKOUT
                                   net (fanout=1)        0.620       2.982         ntclkbufg_0      
 HCKB_213_506/CLKOUT               td                    0.287       3.269 r       HCKBROUTE_287/CLKOUT
                                   net (fanout=8)        0.506       3.775         _N403            
 CLMA_177_769/CLK                                                          r       hdmi_i2c_inst/i2c_ctrl_inst/cnt_clk[2]/opit_0_inv_L6Q_LUT6DQL5Q_perm/CLK

 CLMA_177_769/CR0                  tco                   0.249       4.024 r       hdmi_i2c_inst/i2c_ctrl_inst/cnt_clk[2]/opit_0_inv_L6Q_LUT6DQL5Q_perm/L5Q
                                   net (fanout=3)        0.600       4.624         hdmi_i2c_inst/i2c_ctrl_inst/cnt_clk [1]
 CLMA_177_769/CR1                  td                    0.313       4.937 r       hdmi_i2c_inst/i2c_ctrl_inst/N505_6/gateop_LUT6DL5_perm/L5
                                   net (fanout=4)        0.241       5.178         hdmi_i2c_inst/i2c_ctrl_inst/_N35
 CLMA_177_769/C0                                                           r       hdmi_i2c_inst/i2c_ctrl_inst/cnt_clk[6]/opit_0_inv_L6Q_perm/I0

 Data arrival time                                                   5.178         Logic Levels: 1  
                                                                                   Logic: 0.562ns(40.057%), Route: 0.841ns(59.943%)
----------------------------------------------------------------------------------------------------

 Clock sys_clk (rising edge)                            20.000      20.000 r                        
 R3                                                      0.000      20.000 r       sys_clk (port)   
                                   net (fanout=1)        0.096      20.096         sys_clk          
 IOBD_372_450/DIN                  td                    0.953      21.049 r       sys_clk_ibuf/opit_0/O
                                   net (fanout=1)        0.000      21.049         sys_clk_ibuf/ntD 
 IOLHR_364_450/DI_TO_CLK           td                    0.091      21.140 r       sys_clk_ibuf/opit_1/DI_TO_CLK
                                   net (fanout=1)        0.746      21.886         nt_sys_clk       
 USCM_215_576/CLKOUT               td                    0.143      22.029 r       clkbufg_3/gopclkbufg/CLKOUT
                                   net (fanout=1)        0.530      22.559         ntclkbufg_0      
 HCKB_213_506/CLKOUT               td                    0.245      22.804 r       HCKBROUTE_287/CLKOUT
                                   net (fanout=8)        0.436      23.240         _N403            
 CLMA_177_769/CLK                                                          r       hdmi_i2c_inst/i2c_ctrl_inst/cnt_clk[6]/opit_0_inv_L6Q_perm/CLK
 clock pessimism                                         0.534      23.774                          
 clock uncertainty                                      -0.050      23.724                          

 Setup time                                             -0.272      23.452                          

 Data required time                                                 23.452                          
----------------------------------------------------------------------------------------------------
 Data required time                                                 23.452                          
 Data arrival time                                                  -5.178                          
----------------------------------------------------------------------------------------------------
 Slack (MET)                                                        18.274                          
====================================================================================================

====================================================================================================

Startpoint  : hdmi_i2c_inst/i2c_ctrl_inst/cnt_clk[2]/opit_0_inv_L6Q_LUT6DQL5Q_perm/CLK
Endpoint    : hdmi_i2c_inst/i2c_ctrl_inst/cnt_clk[3]/opit_0_inv_L6Q_perm/I1
Path Group  : sys_clk
Path Type   : max
Path Class  : sequential timing path
Clock Skew :    -0.058  (Capture Clock Delay - Launch Clock Delay + Clock Pessimism Removal)
  Capture Clock Delay     :  3.240
  Launch Clock Delay      :  3.775
  Clock Pessimism Removal :  0.477

 Location                          Delay Type             Incr        Path         Logical Resource 
----------------------------------------------------------------------------------------------------

 Clock sys_clk (rising edge)                             0.000       0.000 r                        
 R3                                                      0.000       0.000 r       sys_clk (port)   
                                   net (fanout=1)        0.096       0.096         sys_clk          
 IOBD_372_450/DIN                  td                    1.117       1.213 r       sys_clk_ibuf/opit_0/O
                                   net (fanout=1)        0.000       1.213         sys_clk_ibuf/ntD 
 IOLHR_364_450/DI_TO_CLK           td                    0.105       1.318 r       sys_clk_ibuf/opit_1/DI_TO_CLK
                                   net (fanout=1)        0.876       2.194         nt_sys_clk       
 USCM_215_576/CLKOUT               td                    0.168       2.362 r       clkbufg_3/gopclkbufg/CLKOUT
                                   net (fanout=1)        0.620       2.982         ntclkbufg_0      
 HCKB_213_506/CLKOUT               td                    0.287       3.269 r       HCKBROUTE_287/CLKOUT
                                   net (fanout=8)        0.506       3.775         _N403            
 CLMA_177_769/CLK                                                          r       hdmi_i2c_inst/i2c_ctrl_inst/cnt_clk[2]/opit_0_inv_L6Q_LUT6DQL5Q_perm/CLK

 CLMA_177_769/CR0                  tco                   0.249       4.024 r       hdmi_i2c_inst/i2c_ctrl_inst/cnt_clk[2]/opit_0_inv_L6Q_LUT6DQL5Q_perm/L5Q
                                   net (fanout=3)        0.600       4.624         hdmi_i2c_inst/i2c_ctrl_inst/cnt_clk [1]
 CLMA_177_769/Y1                   td                    0.224       4.848 r       hdmi_i2c_inst/i2c_ctrl_inst/N505_6/gateop_LUT6DL5_perm/L6
                                   net (fanout=4)        0.248       5.096         hdmi_i2c_inst/i2c_ctrl_inst/_N534
 CLMA_177_768/B1                                                           r       hdmi_i2c_inst/i2c_ctrl_inst/cnt_clk[3]/opit_0_inv_L6Q_perm/I1

 Data arrival time                                                   5.096         Logic Levels: 1  
                                                                                   Logic: 0.473ns(35.806%), Route: 0.848ns(64.194%)
----------------------------------------------------------------------------------------------------

 Clock sys_clk (rising edge)                            20.000      20.000 r                        
 R3                                                      0.000      20.000 r       sys_clk (port)   
                                   net (fanout=1)        0.096      20.096         sys_clk          
 IOBD_372_450/DIN                  td                    0.953      21.049 r       sys_clk_ibuf/opit_0/O
                                   net (fanout=1)        0.000      21.049         sys_clk_ibuf/ntD 
 IOLHR_364_450/DI_TO_CLK           td                    0.091      21.140 r       sys_clk_ibuf/opit_1/DI_TO_CLK
                                   net (fanout=1)        0.746      21.886         nt_sys_clk       
 USCM_215_576/CLKOUT               td                    0.143      22.029 r       clkbufg_3/gopclkbufg/CLKOUT
                                   net (fanout=1)        0.530      22.559         ntclkbufg_0      
 HCKB_213_506/CLKOUT               td                    0.245      22.804 r       HCKBROUTE_287/CLKOUT
                                   net (fanout=8)        0.436      23.240         _N403            
 CLMA_177_768/CLK                                                          r       hdmi_i2c_inst/i2c_ctrl_inst/cnt_clk[3]/opit_0_inv_L6Q_perm/CLK
 clock pessimism                                         0.477      23.717                          
 clock uncertainty                                      -0.050      23.667                          

 Setup time                                             -0.263      23.404                          

 Data required time                                                 23.404                          
----------------------------------------------------------------------------------------------------
 Data required time                                                 23.404                          
 Data arrival time                                                  -5.096                          
----------------------------------------------------------------------------------------------------
 Slack (MET)                                                        18.308                          
====================================================================================================

====================================================================================================

Startpoint  : hdmi_i2c_inst/i2c_ctrl_inst/cnt_clk[5]/opit_0_inv_L6Q_perm/CLK
Endpoint    : hdmi_i2c_inst/i2c_ctrl_inst/cnt_clk[7]/opit_0_inv_L6Q_perm/I5
Path Group  : sys_clk
Path Type   : min
Path Class  : sequential timing path
Clock Skew :    0.058  (Capture Clock Delay - Launch Clock Delay + Clock Pessimism Removal)
  Capture Clock Delay     :  3.775
  Launch Clock Delay      :  3.240
  Clock Pessimism Removal :  -0.477

 Location                          Delay Type             Incr        Path         Logical Resource 
----------------------------------------------------------------------------------------------------

 Clock sys_clk (rising edge)                             0.000       0.000 r                        
 R3                                                      0.000       0.000 r       sys_clk (port)   
                                   net (fanout=1)        0.096       0.096         sys_clk          
 IOBD_372_450/DIN                  td                    0.953       1.049 r       sys_clk_ibuf/opit_0/O
                                   net (fanout=1)        0.000       1.049         sys_clk_ibuf/ntD 
 IOLHR_364_450/DI_TO_CLK           td                    0.091       1.140 r       sys_clk_ibuf/opit_1/DI_TO_CLK
                                   net (fanout=1)        0.746       1.886         nt_sys_clk       
 USCM_215_576/CLKOUT               td                    0.143       2.029 r       clkbufg_3/gopclkbufg/CLKOUT
                                   net (fanout=1)        0.530       2.559         ntclkbufg_0      
 HCKB_213_506/CLKOUT               td                    0.245       2.804 r       HCKBROUTE_287/CLKOUT
                                   net (fanout=8)        0.436       3.240         _N403            
 CLMA_177_769/CLK                                                          r       hdmi_i2c_inst/i2c_ctrl_inst/cnt_clk[5]/opit_0_inv_L6Q_perm/CLK

 CLMA_177_769/Q3                   tco                   0.158       3.398 f       hdmi_i2c_inst/i2c_ctrl_inst/cnt_clk[5]/opit_0_inv_L6Q_perm/L6Q
                                   net (fanout=4)        0.092       3.490         hdmi_i2c_inst/i2c_ctrl_inst/cnt_clk [5]
 CLMA_177_768/C5                                                           f       hdmi_i2c_inst/i2c_ctrl_inst/cnt_clk[7]/opit_0_inv_L6Q_perm/I5

 Data arrival time                                                   3.490         Logic Levels: 0  
                                                                                   Logic: 0.158ns(63.200%), Route: 0.092ns(36.800%)
----------------------------------------------------------------------------------------------------

 Clock sys_clk (rising edge)                             0.000       0.000 r                        
 R3                                                      0.000       0.000 r       sys_clk (port)   
                                   net (fanout=1)        0.096       0.096         sys_clk          
 IOBD_372_450/DIN                  td                    1.117       1.213 r       sys_clk_ibuf/opit_0/O
                                   net (fanout=1)        0.000       1.213         sys_clk_ibuf/ntD 
 IOLHR_364_450/DI_TO_CLK           td                    0.105       1.318 r       sys_clk_ibuf/opit_1/DI_TO_CLK
                                   net (fanout=1)        0.876       2.194         nt_sys_clk       
 USCM_215_576/CLKOUT               td                    0.168       2.362 r       clkbufg_3/gopclkbufg/CLKOUT
                                   net (fanout=1)        0.620       2.982         ntclkbufg_0      
 HCKB_213_506/CLKOUT               td                    0.287       3.269 r       HCKBROUTE_287/CLKOUT
                                   net (fanout=8)        0.506       3.775         _N403            
 CLMA_177_768/CLK                                                          r       hdmi_i2c_inst/i2c_ctrl_inst/cnt_clk[7]/opit_0_inv_L6Q_perm/CLK
 clock pessimism                                        -0.477       3.298                          
 clock uncertainty                                       0.000       3.298                          

 Hold time                                              -0.017       3.281                          

 Data required time                                                  3.281                          
----------------------------------------------------------------------------------------------------
 Data required time                                                  3.281                          
 Data arrival time                                                  -3.490                          
----------------------------------------------------------------------------------------------------
 Slack (MET)                                                         0.209                          
====================================================================================================

====================================================================================================

Startpoint  : hdmi_i2c_inst/i2c_ctrl_inst/cnt_clk[0]/opit_0_inv_L6Q_perm/CLK
Endpoint    : hdmi_i2c_inst/i2c_ctrl_inst/cnt_clk[5]/opit_0_inv_L6Q_perm/I4
Path Group  : sys_clk
Path Type   : min
Path Class  : sequential timing path
Clock Skew :    0.058  (Capture Clock Delay - Launch Clock Delay + Clock Pessimism Removal)
  Capture Clock Delay     :  3.775
  Launch Clock Delay      :  3.240
  Clock Pessimism Removal :  -0.477

 Location                          Delay Type             Incr        Path         Logical Resource 
----------------------------------------------------------------------------------------------------

 Clock sys_clk (rising edge)                             0.000       0.000 r                        
 R3                                                      0.000       0.000 r       sys_clk (port)   
                                   net (fanout=1)        0.096       0.096         sys_clk          
 IOBD_372_450/DIN                  td                    0.953       1.049 r       sys_clk_ibuf/opit_0/O
                                   net (fanout=1)        0.000       1.049         sys_clk_ibuf/ntD 
 IOLHR_364_450/DI_TO_CLK           td                    0.091       1.140 r       sys_clk_ibuf/opit_1/DI_TO_CLK
                                   net (fanout=1)        0.746       1.886         nt_sys_clk       
 USCM_215_576/CLKOUT               td                    0.143       2.029 r       clkbufg_3/gopclkbufg/CLKOUT
                                   net (fanout=1)        0.530       2.559         ntclkbufg_0      
 HCKB_213_506/CLKOUT               td                    0.245       2.804 r       HCKBROUTE_287/CLKOUT
                                   net (fanout=8)        0.436       3.240         _N403            
 CLMA_177_768/CLK                                                          r       hdmi_i2c_inst/i2c_ctrl_inst/cnt_clk[0]/opit_0_inv_L6Q_perm/CLK

 CLMA_177_768/Q0                   tco                   0.158       3.398 f       hdmi_i2c_inst/i2c_ctrl_inst/cnt_clk[0]/opit_0_inv_L6Q_perm/L6Q
                                   net (fanout=7)        0.090       3.488         hdmi_i2c_inst/i2c_ctrl_inst/cnt_clk [0]
 CLMA_177_769/D4                                                           f       hdmi_i2c_inst/i2c_ctrl_inst/cnt_clk[5]/opit_0_inv_L6Q_perm/I4

 Data arrival time                                                   3.488         Logic Levels: 0  
                                                                                   Logic: 0.158ns(63.710%), Route: 0.090ns(36.290%)
----------------------------------------------------------------------------------------------------

 Clock sys_clk (rising edge)                             0.000       0.000 r                        
 R3                                                      0.000       0.000 r       sys_clk (port)   
                                   net (fanout=1)        0.096       0.096         sys_clk          
 IOBD_372_450/DIN                  td                    1.117       1.213 r       sys_clk_ibuf/opit_0/O
                                   net (fanout=1)        0.000       1.213         sys_clk_ibuf/ntD 
 IOLHR_364_450/DI_TO_CLK           td                    0.105       1.318 r       sys_clk_ibuf/opit_1/DI_TO_CLK
                                   net (fanout=1)        0.876       2.194         nt_sys_clk       
 USCM_215_576/CLKOUT               td                    0.168       2.362 r       clkbufg_3/gopclkbufg/CLKOUT
                                   net (fanout=1)        0.620       2.982         ntclkbufg_0      
 HCKB_213_506/CLKOUT               td                    0.287       3.269 r       HCKBROUTE_287/CLKOUT
                                   net (fanout=8)        0.506       3.775         _N403            
 CLMA_177_769/CLK                                                          r       hdmi_i2c_inst/i2c_ctrl_inst/cnt_clk[5]/opit_0_inv_L6Q_perm/CLK
 clock pessimism                                        -0.477       3.298                          
 clock uncertainty                                       0.000       3.298                          

 Hold time                                              -0.032       3.266                          

 Data required time                                                  3.266                          
----------------------------------------------------------------------------------------------------
 Data required time                                                  3.266                          
 Data arrival time                                                  -3.488                          
----------------------------------------------------------------------------------------------------
 Slack (MET)                                                         0.222                          
====================================================================================================

====================================================================================================

Startpoint  : hdmi_i2c_inst/i2c_ctrl_inst/cnt_clk[4]/opit_0_inv_L6Q_perm/CLK
Endpoint    : hdmi_i2c_inst/i2c_ctrl_inst/cnt_clk[6]/opit_0_inv_L6Q_perm/I4
Path Group  : sys_clk
Path Type   : min
Path Class  : sequential timing path
Clock Skew :    0.058  (Capture Clock Delay - Launch Clock Delay + Clock Pessimism Removal)
  Capture Clock Delay     :  3.775
  Launch Clock Delay      :  3.240
  Clock Pessimism Removal :  -0.477

 Location                          Delay Type             Incr        Path         Logical Resource 
----------------------------------------------------------------------------------------------------

 Clock sys_clk (rising edge)                             0.000       0.000 r                        
 R3                                                      0.000       0.000 r       sys_clk (port)   
                                   net (fanout=1)        0.096       0.096         sys_clk          
 IOBD_372_450/DIN                  td                    0.953       1.049 r       sys_clk_ibuf/opit_0/O
                                   net (fanout=1)        0.000       1.049         sys_clk_ibuf/ntD 
 IOLHR_364_450/DI_TO_CLK           td                    0.091       1.140 r       sys_clk_ibuf/opit_1/DI_TO_CLK
                                   net (fanout=1)        0.746       1.886         nt_sys_clk       
 USCM_215_576/CLKOUT               td                    0.143       2.029 r       clkbufg_3/gopclkbufg/CLKOUT
                                   net (fanout=1)        0.530       2.559         ntclkbufg_0      
 HCKB_213_506/CLKOUT               td                    0.245       2.804 r       HCKBROUTE_287/CLKOUT
                                   net (fanout=8)        0.436       3.240         _N403            
 CLMA_177_768/CLK                                                          r       hdmi_i2c_inst/i2c_ctrl_inst/cnt_clk[4]/opit_0_inv_L6Q_perm/CLK

 CLMA_177_768/Q3                   tco                   0.158       3.398 f       hdmi_i2c_inst/i2c_ctrl_inst/cnt_clk[4]/opit_0_inv_L6Q_perm/L6Q
                                   net (fanout=7)        0.089       3.487         hdmi_i2c_inst/i2c_ctrl_inst/cnt_clk [4]
 CLMA_177_769/C4                                                           f       hdmi_i2c_inst/i2c_ctrl_inst/cnt_clk[6]/opit_0_inv_L6Q_perm/I4

 Data arrival time                                                   3.487         Logic Levels: 0  
                                                                                   Logic: 0.158ns(63.968%), Route: 0.089ns(36.032%)
----------------------------------------------------------------------------------------------------

 Clock sys_clk (rising edge)                             0.000       0.000 r                        
 R3                                                      0.000       0.000 r       sys_clk (port)   
                                   net (fanout=1)        0.096       0.096         sys_clk          
 IOBD_372_450/DIN                  td                    1.117       1.213 r       sys_clk_ibuf/opit_0/O
                                   net (fanout=1)        0.000       1.213         sys_clk_ibuf/ntD 
 IOLHR_364_450/DI_TO_CLK           td                    0.105       1.318 r       sys_clk_ibuf/opit_1/DI_TO_CLK
                                   net (fanout=1)        0.876       2.194         nt_sys_clk       
 USCM_215_576/CLKOUT               td                    0.168       2.362 r       clkbufg_3/gopclkbufg/CLKOUT
                                   net (fanout=1)        0.620       2.982         ntclkbufg_0      
 HCKB_213_506/CLKOUT               td                    0.287       3.269 r       HCKBROUTE_287/CLKOUT
                                   net (fanout=8)        0.506       3.775         _N403            
 CLMA_177_769/CLK                                                          r       hdmi_i2c_inst/i2c_ctrl_inst/cnt_clk[6]/opit_0_inv_L6Q_perm/CLK
 clock pessimism                                        -0.477       3.298                          
 clock uncertainty                                       0.000       3.298                          

 Hold time                                              -0.035       3.263                          

 Data required time                                                  3.263                          
----------------------------------------------------------------------------------------------------
 Data required time                                                  3.263                          
 Data arrival time                                                  -3.487                          
----------------------------------------------------------------------------------------------------
 Slack (MET)                                                         0.224                          
====================================================================================================

====================================================================================================

Startpoint  : hdmi_i2c_inst/i2c_ctrl_inst/cnt_i2c_clk[1]/opit_0_inv_L5Q_perm/CLK
Endpoint    : hdmi_i2c_inst/i2c_ctrl_inst/state_2/opit_0_inv_L6QL5_perm/CE
Path Group  : hdmi_i2c_inst/i2c_ctrl_inst/i2c_clk/Q[0]_Inferred
Path Type   : max
Path Class  : sequential timing path
Clock Skew :    -0.068  (Capture Clock Delay - Launch Clock Delay + Clock Pessimism Removal)
  Capture Clock Delay     :  0.431
  Launch Clock Delay      :  0.534
  Clock Pessimism Removal :  0.035

 Location                          Delay Type             Incr        Path         Logical Resource 
----------------------------------------------------------------------------------------------------

 Clock hdmi_i2c_inst/i2c_ctrl_inst/i2c_clk/Q[0]_Inferred (rising edge)
                                                         0.000       0.000 r                        
 CLMA_177_768/CR0                                        0.000       0.000 r       hdmi_i2c_inst/i2c_ctrl_inst/i2c_clk/opit_0_inv/Q
                                   net (fanout=670)      0.534       0.534         hdmi_i2c_inst/cfg_clk
 CLMA_195_775/CLK                                                          r       hdmi_i2c_inst/i2c_ctrl_inst/cnt_i2c_clk[1]/opit_0_inv_L5Q_perm/CLK

 CLMA_195_775/CR3                  tco                   0.248       0.782 r       hdmi_i2c_inst/i2c_ctrl_inst/cnt_i2c_clk[1]/opit_0_inv_L5Q_perm/L5Q
                                   net (fanout=18)       0.573       1.355         hdmi_i2c_inst/i2c_ctrl_inst/N390
 CLMA_201_750/Y3                   td                    0.212       1.567 r       hdmi_i2c_inst/i2c_ctrl_inst/i2c_end/opit_0_inv_L6Q_perm/L6
                                   net (fanout=3)        0.725       2.292         hdmi_i2c_inst/i2c_ctrl_inst/N734
 CLMA_195_775/Y2                   td                    0.179       2.471 r       hdmi_i2c_inst/i2c_ctrl_inst/N736_2_9/LUT6_inst_perm/L6
                                   net (fanout=1)        0.271       2.742         hdmi_i2c_inst/i2c_ctrl_inst/_N518
 CLMS_189_775/Y0                   td                    0.074       2.816 r       hdmi_i2c_inst/i2c_ctrl_inst/N736_2_13/gateop_perm/L6
                                   net (fanout=12)       0.585       3.401         hdmi_i2c_inst/i2c_ctrl_inst/N736
 CLMA_201_756/CE                                                           r       hdmi_i2c_inst/i2c_ctrl_inst/state_2/opit_0_inv_L6QL5_perm/CE

 Data arrival time                                                   3.401         Logic Levels: 3  
                                                                                   Logic: 0.713ns(24.869%), Route: 2.154ns(75.131%)
----------------------------------------------------------------------------------------------------

 Clock hdmi_i2c_inst/i2c_ctrl_inst/i2c_clk/Q[0]_Inferred (rising edge)
                                                      1000.000    1000.000 r                        
 CLMA_177_768/CR0                                        0.000    1000.000 r       hdmi_i2c_inst/i2c_ctrl_inst/i2c_clk/opit_0_inv/Q
                                   net (fanout=670)      0.431    1000.431         hdmi_i2c_inst/cfg_clk
 CLMA_201_756/CLK                                                          r       hdmi_i2c_inst/i2c_ctrl_inst/state_2/opit_0_inv_L6QL5_perm/CLK
 clock pessimism                                         0.035    1000.466                          
 clock uncertainty                                      -0.050    1000.416                          

 Setup time                                             -0.226    1000.190                          

 Data required time                                               1000.190                          
----------------------------------------------------------------------------------------------------
 Data required time                                               1000.190                          
 Data arrival time                                                  -3.401                          
----------------------------------------------------------------------------------------------------
 Slack (MET)                                                       996.789                          
====================================================================================================

====================================================================================================

Startpoint  : hdmi_i2c_inst/i2c_ctrl_inst/cnt_i2c_clk[1]/opit_0_inv_L5Q_perm/CLK
Endpoint    : hdmi_i2c_inst/i2c_ctrl_inst/state_3/opit_0_inv_L6Q_perm/CE
Path Group  : hdmi_i2c_inst/i2c_ctrl_inst/i2c_clk/Q[0]_Inferred
Path Type   : max
Path Class  : sequential timing path
Clock Skew :    -0.068  (Capture Clock Delay - Launch Clock Delay + Clock Pessimism Removal)
  Capture Clock Delay     :  0.431
  Launch Clock Delay      :  0.534
  Clock Pessimism Removal :  0.035

 Location                          Delay Type             Incr        Path         Logical Resource 
----------------------------------------------------------------------------------------------------

 Clock hdmi_i2c_inst/i2c_ctrl_inst/i2c_clk/Q[0]_Inferred (rising edge)
                                                         0.000       0.000 r                        
 CLMA_177_768/CR0                                        0.000       0.000 r       hdmi_i2c_inst/i2c_ctrl_inst/i2c_clk/opit_0_inv/Q
                                   net (fanout=670)      0.534       0.534         hdmi_i2c_inst/cfg_clk
 CLMA_195_775/CLK                                                          r       hdmi_i2c_inst/i2c_ctrl_inst/cnt_i2c_clk[1]/opit_0_inv_L5Q_perm/CLK

 CLMA_195_775/CR3                  tco                   0.248       0.782 r       hdmi_i2c_inst/i2c_ctrl_inst/cnt_i2c_clk[1]/opit_0_inv_L5Q_perm/L5Q
                                   net (fanout=18)       0.573       1.355         hdmi_i2c_inst/i2c_ctrl_inst/N390
 CLMA_201_750/Y3                   td                    0.212       1.567 r       hdmi_i2c_inst/i2c_ctrl_inst/i2c_end/opit_0_inv_L6Q_perm/L6
                                   net (fanout=3)        0.725       2.292         hdmi_i2c_inst/i2c_ctrl_inst/N734
 CLMA_195_775/Y2                   td                    0.179       2.471 r       hdmi_i2c_inst/i2c_ctrl_inst/N736_2_9/LUT6_inst_perm/L6
                                   net (fanout=1)        0.271       2.742         hdmi_i2c_inst/i2c_ctrl_inst/_N518
 CLMS_189_775/Y0                   td                    0.074       2.816 r       hdmi_i2c_inst/i2c_ctrl_inst/N736_2_13/gateop_perm/L6
                                   net (fanout=12)       0.585       3.401         hdmi_i2c_inst/i2c_ctrl_inst/N736
 CLMA_201_756/CE                                                           r       hdmi_i2c_inst/i2c_ctrl_inst/state_3/opit_0_inv_L6Q_perm/CE

 Data arrival time                                                   3.401         Logic Levels: 3  
                                                                                   Logic: 0.713ns(24.869%), Route: 2.154ns(75.131%)
----------------------------------------------------------------------------------------------------

 Clock hdmi_i2c_inst/i2c_ctrl_inst/i2c_clk/Q[0]_Inferred (rising edge)
                                                      1000.000    1000.000 r                        
 CLMA_177_768/CR0                                        0.000    1000.000 r       hdmi_i2c_inst/i2c_ctrl_inst/i2c_clk/opit_0_inv/Q
                                   net (fanout=670)      0.431    1000.431         hdmi_i2c_inst/cfg_clk
 CLMA_201_756/CLK                                                          r       hdmi_i2c_inst/i2c_ctrl_inst/state_3/opit_0_inv_L6Q_perm/CLK
 clock pessimism                                         0.035    1000.466                          
 clock uncertainty                                      -0.050    1000.416                          

 Setup time                                             -0.226    1000.190                          

 Data required time                                               1000.190                          
----------------------------------------------------------------------------------------------------
 Data required time                                               1000.190                          
 Data arrival time                                                  -3.401                          
----------------------------------------------------------------------------------------------------
 Slack (MET)                                                       996.789                          
====================================================================================================

====================================================================================================

Startpoint  : hdmi_i2c_inst/i2c_ctrl_inst/cnt_i2c_clk[1]/opit_0_inv_L5Q_perm/CLK
Endpoint    : hdmi_i2c_inst/i2c_ctrl_inst/state_0/opit_0_inv/CE
Path Group  : hdmi_i2c_inst/i2c_ctrl_inst/i2c_clk/Q[0]_Inferred
Path Type   : max
Path Class  : sequential timing path
Clock Skew :    -0.068  (Capture Clock Delay - Launch Clock Delay + Clock Pessimism Removal)
  Capture Clock Delay     :  0.431
  Launch Clock Delay      :  0.534
  Clock Pessimism Removal :  0.035

 Location                          Delay Type             Incr        Path         Logical Resource 
----------------------------------------------------------------------------------------------------

 Clock hdmi_i2c_inst/i2c_ctrl_inst/i2c_clk/Q[0]_Inferred (rising edge)
                                                         0.000       0.000 r                        
 CLMA_177_768/CR0                                        0.000       0.000 r       hdmi_i2c_inst/i2c_ctrl_inst/i2c_clk/opit_0_inv/Q
                                   net (fanout=670)      0.534       0.534         hdmi_i2c_inst/cfg_clk
 CLMA_195_775/CLK                                                          r       hdmi_i2c_inst/i2c_ctrl_inst/cnt_i2c_clk[1]/opit_0_inv_L5Q_perm/CLK

 CLMA_195_775/CR3                  tco                   0.248       0.782 r       hdmi_i2c_inst/i2c_ctrl_inst/cnt_i2c_clk[1]/opit_0_inv_L5Q_perm/L5Q
                                   net (fanout=18)       0.573       1.355         hdmi_i2c_inst/i2c_ctrl_inst/N390
 CLMA_201_750/Y3                   td                    0.212       1.567 r       hdmi_i2c_inst/i2c_ctrl_inst/i2c_end/opit_0_inv_L6Q_perm/L6
                                   net (fanout=3)        0.725       2.292         hdmi_i2c_inst/i2c_ctrl_inst/N734
 CLMA_195_775/Y2                   td                    0.179       2.471 r       hdmi_i2c_inst/i2c_ctrl_inst/N736_2_9/LUT6_inst_perm/L6
                                   net (fanout=1)        0.271       2.742         hdmi_i2c_inst/i2c_ctrl_inst/_N518
 CLMS_189_775/Y0                   td                    0.074       2.816 r       hdmi_i2c_inst/i2c_ctrl_inst/N736_2_13/gateop_perm/L6
                                   net (fanout=12)       0.585       3.401         hdmi_i2c_inst/i2c_ctrl_inst/N736
 CLMA_201_756/CE                                                           r       hdmi_i2c_inst/i2c_ctrl_inst/state_0/opit_0_inv/CE

 Data arrival time                                                   3.401         Logic Levels: 3  
                                                                                   Logic: 0.713ns(24.869%), Route: 2.154ns(75.131%)
----------------------------------------------------------------------------------------------------

 Clock hdmi_i2c_inst/i2c_ctrl_inst/i2c_clk/Q[0]_Inferred (rising edge)
                                                      1000.000    1000.000 r                        
 CLMA_177_768/CR0                                        0.000    1000.000 r       hdmi_i2c_inst/i2c_ctrl_inst/i2c_clk/opit_0_inv/Q
                                   net (fanout=670)      0.431    1000.431         hdmi_i2c_inst/cfg_clk
 CLMA_201_756/CLK                                                          r       hdmi_i2c_inst/i2c_ctrl_inst/state_0/opit_0_inv/CLK
 clock pessimism                                         0.035    1000.466                          
 clock uncertainty                                      -0.050    1000.416                          

 Setup time                                             -0.226    1000.190                          

 Data required time                                               1000.190                          
----------------------------------------------------------------------------------------------------
 Data required time                                               1000.190                          
 Data arrival time                                                  -3.401                          
----------------------------------------------------------------------------------------------------
 Slack (MET)                                                       996.789                          
====================================================================================================

====================================================================================================

Startpoint  : u_CORES/u_debug_core_0/DATA_ff[0][5]/opit_0/CLK
Endpoint    : u_CORES/u_debug_core_0/u_Data_Capture_Memory/block_ram.ram_data_0_0/gopdrm_36k/DA0[6]
Path Group  : hdmi_i2c_inst/i2c_ctrl_inst/i2c_clk/Q[0]_Inferred
Path Type   : min
Path Class  : sequential timing path
Clock Skew :    1.136  (Capture Clock Delay - Launch Clock Delay + Clock Pessimism Removal)
  Capture Clock Delay     :  2.372
  Launch Clock Delay      :  1.236
  Clock Pessimism Removal :  0.000

 Location                          Delay Type             Incr        Path         Logical Resource 
----------------------------------------------------------------------------------------------------

 Clock hdmi_i2c_inst/i2c_ctrl_inst/i2c_clk/Q[0]_Inferred (rising edge)
                                                         0.000       0.000 r                        
 CLMA_177_768/CR0                                        0.000       0.000 r       hdmi_i2c_inst/i2c_ctrl_inst/i2c_clk/opit_0_inv/Q
                                   net (fanout=670)      1.236       1.236         hdmi_i2c_inst/cfg_clk
 CLMS_243_901/CLK                                                          r       u_CORES/u_debug_core_0/DATA_ff[0][5]/opit_0/CLK

 CLMS_243_901/Q0                   tco                   0.158       1.394 f       u_CORES/u_debug_core_0/DATA_ff[0][5]/opit_0/Q
                                   net (fanout=4)        0.589       1.983         u_CORES/u_debug_core_0/DATA_ff[0] [5]
 DRM_256_1008/DA0[6]                                                       f       u_CORES/u_debug_core_0/u_Data_Capture_Memory/block_ram.ram_data_0_0/gopdrm_36k/DA0[6]

 Data arrival time                                                   1.983         Logic Levels: 0  
                                                                                   Logic: 0.158ns(21.151%), Route: 0.589ns(78.849%)
----------------------------------------------------------------------------------------------------

 Clock hdmi_i2c_inst/i2c_ctrl_inst/i2c_clk/Q[0]_Inferred (rising edge)
                                                         0.000       0.000 r                        
 CLMA_177_768/CR0                                        0.000       0.000 r       hdmi_i2c_inst/i2c_ctrl_inst/i2c_clk/opit_0_inv/Q
                                   net (fanout=670)      2.372       2.372         hdmi_i2c_inst/cfg_clk
 DRM_256_1008/CLKA[0]                                                      r       u_CORES/u_debug_core_0/u_Data_Capture_Memory/block_ram.ram_data_0_0/gopdrm_36k/CLKA[0]
 clock pessimism                                         0.000       2.372                          
 clock uncertainty                                       0.000       2.372                          

 Hold time                                               0.016       2.388                          

 Data required time                                                  2.388                          
----------------------------------------------------------------------------------------------------
 Data required time                                                  2.388                          
 Data arrival time                                                  -1.983                          
----------------------------------------------------------------------------------------------------
 Slack (VIOLATED)                                                   -0.405                          
====================================================================================================

====================================================================================================

Startpoint  : hdmi_i2c_inst/i2c_ctrl_inst/rd_data[0]/opit_0_inv/CLK
Endpoint    : u_CORES/u_debug_core_0/trig0_d1[24]/opit_0/D
Path Group  : hdmi_i2c_inst/i2c_ctrl_inst/i2c_clk/Q[0]_Inferred
Path Type   : min
Path Class  : sequential timing path
Clock Skew :    0.979  (Capture Clock Delay - Launch Clock Delay + Clock Pessimism Removal)
  Capture Clock Delay     :  1.292
  Launch Clock Delay      :  0.313
  Clock Pessimism Removal :  0.000

 Location                          Delay Type             Incr        Path         Logical Resource 
----------------------------------------------------------------------------------------------------

 Clock hdmi_i2c_inst/i2c_ctrl_inst/i2c_clk/Q[0]_Inferred (rising edge)
                                                         0.000       0.000 r                        
 CLMA_177_768/CR0                                        0.000       0.000 r       hdmi_i2c_inst/i2c_ctrl_inst/i2c_clk/opit_0_inv/Q
                                   net (fanout=670)      0.313       0.313         hdmi_i2c_inst/cfg_clk
 CLMA_207_768/CLK                                                          r       hdmi_i2c_inst/i2c_ctrl_inst/rd_data[0]/opit_0_inv/CLK

 CLMA_207_768/Q0                   tco                   0.158       0.471 f       hdmi_i2c_inst/i2c_ctrl_inst/rd_data[0]/opit_0_inv/Q
                                   net (fanout=2)        0.403       0.874         hdmi_i2c_inst/i2c_ctrl_inst/rd_data [0]
 CLMS_225_727/M0                                                           f       u_CORES/u_debug_core_0/trig0_d1[24]/opit_0/D

 Data arrival time                                                   0.874         Logic Levels: 0  
                                                                                   Logic: 0.158ns(28.164%), Route: 0.403ns(71.836%)
----------------------------------------------------------------------------------------------------

 Clock hdmi_i2c_inst/i2c_ctrl_inst/i2c_clk/Q[0]_Inferred (rising edge)
                                                         0.000       0.000 r                        
 CLMA_177_768/CR0                                        0.000       0.000 r       hdmi_i2c_inst/i2c_ctrl_inst/i2c_clk/opit_0_inv/Q
                                   net (fanout=670)      1.292       1.292         hdmi_i2c_inst/cfg_clk
 CLMS_225_727/CLK                                                          r       u_CORES/u_debug_core_0/trig0_d1[24]/opit_0/CLK
 clock pessimism                                         0.000       1.292                          
 clock uncertainty                                       0.000       1.292                          

 Hold time                                              -0.044       1.248                          

 Data required time                                                  1.248                          
----------------------------------------------------------------------------------------------------
 Data required time                                                  1.248                          
 Data arrival time                                                  -0.874                          
----------------------------------------------------------------------------------------------------
 Slack (VIOLATED)                                                   -0.374                          
====================================================================================================

====================================================================================================

Startpoint  : u_CORES/u_debug_core_0/data_start_d1/opit_0_inv/CLK
Endpoint    : u_CORES/u_debug_core_0/data_pipe[4][7]/opit_0_inv_L6QL5Q_perm/I4
Path Group  : hdmi_i2c_inst/i2c_ctrl_inst/i2c_clk/Q[0]_Inferred
Path Type   : min
Path Class  : sequential timing path
Clock Skew :    0.705  (Capture Clock Delay - Launch Clock Delay + Clock Pessimism Removal)
  Capture Clock Delay     :  1.519
  Launch Clock Delay      :  0.814
  Clock Pessimism Removal :  0.000

 Location                          Delay Type             Incr        Path         Logical Resource 
----------------------------------------------------------------------------------------------------

 Clock hdmi_i2c_inst/i2c_ctrl_inst/i2c_clk/Q[0]_Inferred (rising edge)
                                                         0.000       0.000 r                        
 CLMA_177_768/CR0                                        0.000       0.000 r       hdmi_i2c_inst/i2c_ctrl_inst/i2c_clk/opit_0_inv/Q
                                   net (fanout=670)      0.814       0.814         hdmi_i2c_inst/cfg_clk
 CLMA_243_810/CLK                                                          r       u_CORES/u_debug_core_0/data_start_d1/opit_0_inv/CLK

 CLMA_243_810/CR0                  tco                   0.173       0.987 f       u_CORES/u_debug_core_0/data_start_d1/opit_0_inv/Q
                                   net (fanout=133)      0.160       1.147         u_CORES/u_debug_core_0/data_start_d1
 CLMA_249_810/C4                                                           f       u_CORES/u_debug_core_0/data_pipe[4][7]/opit_0_inv_L6QL5Q_perm/I4

 Data arrival time                                                   1.147         Logic Levels: 0  
                                                                                   Logic: 0.173ns(51.952%), Route: 0.160ns(48.048%)
----------------------------------------------------------------------------------------------------

 Clock hdmi_i2c_inst/i2c_ctrl_inst/i2c_clk/Q[0]_Inferred (rising edge)
                                                         0.000       0.000 r                        
 CLMA_177_768/CR0                                        0.000       0.000 r       hdmi_i2c_inst/i2c_ctrl_inst/i2c_clk/opit_0_inv/Q
                                   net (fanout=670)      1.519       1.519         hdmi_i2c_inst/cfg_clk
 CLMA_249_810/CLK                                                          r       u_CORES/u_debug_core_0/data_pipe[4][7]/opit_0_inv_L6QL5Q_perm/CLK
 clock pessimism                                         0.000       1.519                          
 clock uncertainty                                       0.000       1.519                          

 Hold time                                              -0.030       1.489                          

 Data required time                                                  1.489                          
----------------------------------------------------------------------------------------------------
 Data required time                                                  1.489                          
 Data arrival time                                                  -1.147                          
----------------------------------------------------------------------------------------------------
 Slack (VIOLATED)                                                   -0.342                          
====================================================================================================

====================================================================================================

Startpoint  : u_CORES/u_jtag_hub/data_ctrl/opit_0_inv_L6Q_perm/CLK
Endpoint    : u_CORES/u_jtag_hub/conf_sel[0]/opit_0_inv_L6Q_perm/I2
Path Group  : DebugCore_JCLK
Path Type   : max
Path Class  : sequential timing path
Clock Skew :    -0.102  (Capture Clock Delay - Launch Clock Delay + Clock Pessimism Removal)
  Capture Clock Delay     :  3.099
  Launch Clock Delay      :  4.095
  Clock Pessimism Removal :  0.894

 Location                          Delay Type             Incr        Path         Logical Resource 
----------------------------------------------------------------------------------------------------

 Clock DebugCore_JCLK (rising edge)
                                                         0.000       0.000 r                        
 SCANCHAIN_88_312/TCK1                                   0.000       0.000 r       u_CORES/u_GTP_SCANCHAIN_PG/scanchain/TCK1
                                   net (fanout=1)        2.544       2.544         u_CORES/drck_o   
 USCM_215_669/CLKOUT               td                    0.168       2.712 r       clkbufg_5/gopclkbufg/CLKOUT
                                   net (fanout=4)        0.620       3.332         ntclkbufg_2      
 HCKB_213_526/CLKOUT               td                    0.287       3.619 r       HCKBROUTE_289/CLKOUT
                                   net (fanout=164)      0.476       4.095         _N404            
 CLMS_225_613/CLK                                                          r       u_CORES/u_jtag_hub/data_ctrl/opit_0_inv_L6Q_perm/CLK

 CLMS_225_613/Q0                   tco                   0.203       4.298 r       u_CORES/u_jtag_hub/data_ctrl/opit_0_inv_L6Q_perm/L6Q
                                   net (fanout=8)        1.063       5.361         u_CORES/u_jtag_hub/data_ctrl
 CLMA_261_727/B2                                                           r       u_CORES/u_jtag_hub/conf_sel[0]/opit_0_inv_L6Q_perm/I2

 Data arrival time                                                   5.361         Logic Levels: 0  
                                                                                   Logic: 0.203ns(16.035%), Route: 1.063ns(83.965%)
----------------------------------------------------------------------------------------------------

 Clock DebugCore_JCLK (falling edge)
                                                        25.000      25.000 f                        
 SCANCHAIN_88_312/TCK1                                   0.000      25.000 f       u_CORES/u_GTP_SCANCHAIN_PG/scanchain/TCK1
                                   net (fanout=1)        1.807      26.807         u_CORES/drck_o   
 USCM_215_669/CLKOUT               td                    0.143      26.950 f       clkbufg_5/gopclkbufg/CLKOUT
                                   net (fanout=4)        0.530      27.480         ntclkbufg_2      
 HCKB_213_526/CLKOUT               td                    0.245      27.725 f       HCKBROUTE_289/CLKOUT
                                   net (fanout=164)      0.374      28.099         _N404            
 CLMA_261_727/CLK                                                          f       u_CORES/u_jtag_hub/conf_sel[0]/opit_0_inv_L6Q_perm/CLK
 clock pessimism                                         0.894      28.993                          
 clock uncertainty                                      -0.050      28.943                          

 Setup time                                             -0.234      28.709                          

 Data required time                                                 28.709                          
----------------------------------------------------------------------------------------------------
 Data required time                                                 28.709                          
 Data arrival time                                                  -5.361                          
----------------------------------------------------------------------------------------------------
 Slack (MET)                                                        23.348                          
====================================================================================================

====================================================================================================

Startpoint  : u_CORES/u_jtag_hub/data_ctrl/opit_0_inv_L6Q_perm/CLK
Endpoint    : u_CORES/u_jtag_hub/id_o[0]/opit_0_inv_L6Q_LUT6DQL5_perm/I2
Path Group  : DebugCore_JCLK
Path Type   : max
Path Class  : sequential timing path
Clock Skew :    -0.101  (Capture Clock Delay - Launch Clock Delay + Clock Pessimism Removal)
  Capture Clock Delay     :  3.100
  Launch Clock Delay      :  4.095
  Clock Pessimism Removal :  0.894

 Location                          Delay Type             Incr        Path         Logical Resource 
----------------------------------------------------------------------------------------------------

 Clock DebugCore_JCLK (rising edge)
                                                         0.000       0.000 r                        
 SCANCHAIN_88_312/TCK1                                   0.000       0.000 r       u_CORES/u_GTP_SCANCHAIN_PG/scanchain/TCK1
                                   net (fanout=1)        2.544       2.544         u_CORES/drck_o   
 USCM_215_669/CLKOUT               td                    0.168       2.712 r       clkbufg_5/gopclkbufg/CLKOUT
                                   net (fanout=4)        0.620       3.332         ntclkbufg_2      
 HCKB_213_526/CLKOUT               td                    0.287       3.619 r       HCKBROUTE_289/CLKOUT
                                   net (fanout=164)      0.476       4.095         _N404            
 CLMS_225_613/CLK                                                          r       u_CORES/u_jtag_hub/data_ctrl/opit_0_inv_L6Q_perm/CLK

 CLMS_225_613/Q0                   tco                   0.203       4.298 r       u_CORES/u_jtag_hub/data_ctrl/opit_0_inv_L6Q_perm/L6Q
                                   net (fanout=8)        1.036       5.334         u_CORES/u_jtag_hub/data_ctrl
 CLMA_261_720/A2                                                           r       u_CORES/u_jtag_hub/id_o[0]/opit_0_inv_L6Q_LUT6DQL5_perm/I2

 Data arrival time                                                   5.334         Logic Levels: 0  
                                                                                   Logic: 0.203ns(16.384%), Route: 1.036ns(83.616%)
----------------------------------------------------------------------------------------------------

 Clock DebugCore_JCLK (falling edge)
                                                        25.000      25.000 f                        
 SCANCHAIN_88_312/TCK1                                   0.000      25.000 f       u_CORES/u_GTP_SCANCHAIN_PG/scanchain/TCK1
                                   net (fanout=1)        1.807      26.807         u_CORES/drck_o   
 USCM_215_669/CLKOUT               td                    0.143      26.950 f       clkbufg_5/gopclkbufg/CLKOUT
                                   net (fanout=4)        0.530      27.480         ntclkbufg_2      
 HCKB_213_526/CLKOUT               td                    0.245      27.725 f       HCKBROUTE_289/CLKOUT
                                   net (fanout=164)      0.375      28.100         _N404            
 CLMA_261_720/CLK                                                          f       u_CORES/u_jtag_hub/id_o[0]/opit_0_inv_L6Q_LUT6DQL5_perm/CLK
 clock pessimism                                         0.894      28.994                          
 clock uncertainty                                      -0.050      28.944                          

 Setup time                                             -0.238      28.706                          

 Data required time                                                 28.706                          
----------------------------------------------------------------------------------------------------
 Data required time                                                 28.706                          
 Data arrival time                                                  -5.334                          
----------------------------------------------------------------------------------------------------
 Slack (MET)                                                        23.372                          
====================================================================================================

====================================================================================================

Startpoint  : u_CORES/u_jtag_hub/data_ctrl/opit_0_inv_L6Q_perm/CLK
Endpoint    : u_CORES/u_jtag_hub/id_o[4]/opit_0_inv_L6QL5_perm/I3
Path Group  : DebugCore_JCLK
Path Type   : max
Path Class  : sequential timing path
Clock Skew :    -0.101  (Capture Clock Delay - Launch Clock Delay + Clock Pessimism Removal)
  Capture Clock Delay     :  3.100
  Launch Clock Delay      :  4.095
  Clock Pessimism Removal :  0.894

 Location                          Delay Type             Incr        Path         Logical Resource 
----------------------------------------------------------------------------------------------------

 Clock DebugCore_JCLK (rising edge)
                                                         0.000       0.000 r                        
 SCANCHAIN_88_312/TCK1                                   0.000       0.000 r       u_CORES/u_GTP_SCANCHAIN_PG/scanchain/TCK1
                                   net (fanout=1)        2.544       2.544         u_CORES/drck_o   
 USCM_215_669/CLKOUT               td                    0.168       2.712 r       clkbufg_5/gopclkbufg/CLKOUT
                                   net (fanout=4)        0.620       3.332         ntclkbufg_2      
 HCKB_213_526/CLKOUT               td                    0.287       3.619 r       HCKBROUTE_289/CLKOUT
                                   net (fanout=164)      0.476       4.095         _N404            
 CLMS_225_613/CLK                                                          r       u_CORES/u_jtag_hub/data_ctrl/opit_0_inv_L6Q_perm/CLK

 CLMS_225_613/Q0                   tco                   0.203       4.298 r       u_CORES/u_jtag_hub/data_ctrl/opit_0_inv_L6Q_perm/L6Q
                                   net (fanout=8)        1.023       5.321         u_CORES/u_jtag_hub/data_ctrl
 CLMA_249_733/A3                                                           r       u_CORES/u_jtag_hub/id_o[4]/opit_0_inv_L6QL5_perm/I3

 Data arrival time                                                   5.321         Logic Levels: 0  
                                                                                   Logic: 0.203ns(16.558%), Route: 1.023ns(83.442%)
----------------------------------------------------------------------------------------------------

 Clock DebugCore_JCLK (falling edge)
                                                        25.000      25.000 f                        
 SCANCHAIN_88_312/TCK1                                   0.000      25.000 f       u_CORES/u_GTP_SCANCHAIN_PG/scanchain/TCK1
                                   net (fanout=1)        1.807      26.807         u_CORES/drck_o   
 USCM_215_669/CLKOUT               td                    0.143      26.950 f       clkbufg_5/gopclkbufg/CLKOUT
                                   net (fanout=4)        0.530      27.480         ntclkbufg_2      
 HCKB_213_526/CLKOUT               td                    0.245      27.725 f       HCKBROUTE_289/CLKOUT
                                   net (fanout=164)      0.375      28.100         _N404            
 CLMA_249_733/CLK                                                          f       u_CORES/u_jtag_hub/id_o[4]/opit_0_inv_L6QL5_perm/CLK
 clock pessimism                                         0.894      28.994                          
 clock uncertainty                                      -0.050      28.944                          

 Setup time                                             -0.166      28.778                          

 Data required time                                                 28.778                          
----------------------------------------------------------------------------------------------------
 Data required time                                                 28.778                          
 Data arrival time                                                  -5.321                          
----------------------------------------------------------------------------------------------------
 Slack (MET)                                                        23.457                          
====================================================================================================

====================================================================================================

Startpoint  : u_CORES/u_debug_core_0/u_hub_data_decode/conf_id_d1[0]/opit_0_inv/CLK
Endpoint    : u_CORES/u_debug_core_0/u_hub_data_decode/conf_sel_int[16]/opit_0_inv_L6Q_perm/I5
Path Group  : DebugCore_JCLK
Path Type   : min
Path Class  : sequential timing path
Clock Skew :    0.001  (Capture Clock Delay - Launch Clock Delay + Clock Pessimism Removal)
  Capture Clock Delay     :  4.066
  Launch Clock Delay      :  3.218
  Clock Pessimism Removal :  -0.847

 Location                          Delay Type             Incr        Path         Logical Resource 
----------------------------------------------------------------------------------------------------

 Clock DebugCore_JCLK (rising edge)
                                                         0.000       0.000 r                        
 SCANCHAIN_88_312/TCK1                                   0.000       0.000 r       u_CORES/u_GTP_SCANCHAIN_PG/scanchain/TCK1
                                   net (fanout=1)        1.923       1.923         u_CORES/drck_o   
 USCM_215_669/CLKOUT               td                    0.143       2.066 r       clkbufg_5/gopclkbufg/CLKOUT
                                   net (fanout=4)        0.530       2.596         ntclkbufg_2      
 HCKB_213_526/CLKOUT               td                    0.245       2.841 r       HCKBROUTE_289/CLKOUT
                                   net (fanout=164)      0.377       3.218         _N404            
 CLMA_267_744/CLK                                                          r       u_CORES/u_debug_core_0/u_hub_data_decode/conf_id_d1[0]/opit_0_inv/CLK

 CLMA_267_744/CR0                  tco                   0.173       3.391 f       u_CORES/u_debug_core_0/u_hub_data_decode/conf_id_d1[0]/opit_0_inv/Q
                                   net (fanout=3)        0.087       3.478         u_CORES/u_debug_core_0/u_hub_data_decode/conf_id_d1 [0]
 CLMA_267_744/C5                                                           f       u_CORES/u_debug_core_0/u_hub_data_decode/conf_sel_int[16]/opit_0_inv_L6Q_perm/I5

 Data arrival time                                                   3.478         Logic Levels: 0  
                                                                                   Logic: 0.173ns(66.538%), Route: 0.087ns(33.462%)
----------------------------------------------------------------------------------------------------

 Clock DebugCore_JCLK (rising edge)
                                                         0.000       0.000 r                        
 SCANCHAIN_88_312/TCK1                                   0.000       0.000 r       u_CORES/u_GTP_SCANCHAIN_PG/scanchain/TCK1
                                   net (fanout=1)        2.544       2.544         u_CORES/drck_o   
 USCM_215_669/CLKOUT               td                    0.168       2.712 r       clkbufg_5/gopclkbufg/CLKOUT
                                   net (fanout=4)        0.620       3.332         ntclkbufg_2      
 HCKB_213_526/CLKOUT               td                    0.287       3.619 r       HCKBROUTE_289/CLKOUT
                                   net (fanout=164)      0.447       4.066         _N404            
 CLMA_267_744/CLK                                                          r       u_CORES/u_debug_core_0/u_hub_data_decode/conf_sel_int[16]/opit_0_inv_L6Q_perm/CLK
 clock pessimism                                        -0.847       3.219                          
 clock uncertainty                                       0.000       3.219                          

 Hold time                                              -0.017       3.202                          

 Data required time                                                  3.202                          
----------------------------------------------------------------------------------------------------
 Data required time                                                  3.202                          
 Data arrival time                                                  -3.478                          
----------------------------------------------------------------------------------------------------
 Slack (MET)                                                         0.276                          
====================================================================================================

====================================================================================================

Startpoint  : u_CORES/u_debug_core_0/u_hub_data_decode/conf_id_d1[2]/opit_0_inv/CLK
Endpoint    : u_CORES/u_debug_core_0/u_hub_data_decode/conf_sel_int[0]/opit_0_inv_L6Q_perm/I5
Path Group  : DebugCore_JCLK
Path Type   : min
Path Class  : sequential timing path
Clock Skew :    0.001  (Capture Clock Delay - Launch Clock Delay + Clock Pessimism Removal)
  Capture Clock Delay     :  4.066
  Launch Clock Delay      :  3.218
  Clock Pessimism Removal :  -0.847

 Location                          Delay Type             Incr        Path         Logical Resource 
----------------------------------------------------------------------------------------------------

 Clock DebugCore_JCLK (rising edge)
                                                         0.000       0.000 r                        
 SCANCHAIN_88_312/TCK1                                   0.000       0.000 r       u_CORES/u_GTP_SCANCHAIN_PG/scanchain/TCK1
                                   net (fanout=1)        1.923       1.923         u_CORES/drck_o   
 USCM_215_669/CLKOUT               td                    0.143       2.066 r       clkbufg_5/gopclkbufg/CLKOUT
                                   net (fanout=4)        0.530       2.596         ntclkbufg_2      
 HCKB_213_526/CLKOUT               td                    0.245       2.841 r       HCKBROUTE_289/CLKOUT
                                   net (fanout=164)      0.377       3.218         _N404            
 CLMA_267_744/CLK                                                          r       u_CORES/u_debug_core_0/u_hub_data_decode/conf_id_d1[2]/opit_0_inv/CLK

 CLMA_267_744/CR2                  tco                   0.173       3.391 f       u_CORES/u_debug_core_0/u_hub_data_decode/conf_id_d1[2]/opit_0_inv/Q
                                   net (fanout=3)        0.089       3.480         u_CORES/u_debug_core_0/u_hub_data_decode/conf_id_d1 [2]
 CLMA_267_744/A5                                                           f       u_CORES/u_debug_core_0/u_hub_data_decode/conf_sel_int[0]/opit_0_inv_L6Q_perm/I5

 Data arrival time                                                   3.480         Logic Levels: 0  
                                                                                   Logic: 0.173ns(66.031%), Route: 0.089ns(33.969%)
----------------------------------------------------------------------------------------------------

 Clock DebugCore_JCLK (rising edge)
                                                         0.000       0.000 r                        
 SCANCHAIN_88_312/TCK1                                   0.000       0.000 r       u_CORES/u_GTP_SCANCHAIN_PG/scanchain/TCK1
                                   net (fanout=1)        2.544       2.544         u_CORES/drck_o   
 USCM_215_669/CLKOUT               td                    0.168       2.712 r       clkbufg_5/gopclkbufg/CLKOUT
                                   net (fanout=4)        0.620       3.332         ntclkbufg_2      
 HCKB_213_526/CLKOUT               td                    0.287       3.619 r       HCKBROUTE_289/CLKOUT
                                   net (fanout=164)      0.447       4.066         _N404            
 CLMA_267_744/CLK                                                          r       u_CORES/u_debug_core_0/u_hub_data_decode/conf_sel_int[0]/opit_0_inv_L6Q_perm/CLK
 clock pessimism                                        -0.847       3.219                          
 clock uncertainty                                       0.000       3.219                          

 Hold time                                              -0.017       3.202                          

 Data required time                                                  3.202                          
----------------------------------------------------------------------------------------------------
 Data required time                                                  3.202                          
 Data arrival time                                                  -3.480                          
----------------------------------------------------------------------------------------------------
 Slack (MET)                                                         0.278                          
====================================================================================================

====================================================================================================

Startpoint  : u_CORES/u_debug_core_0/u_hub_data_decode/conf_id_d1[3]/opit_0_inv/CLK
Endpoint    : u_CORES/u_debug_core_0/u_hub_data_decode/conf_sel_int[18]/opit_0_inv_L6Q_perm/I4
Path Group  : DebugCore_JCLK
Path Type   : min
Path Class  : sequential timing path
Clock Skew :    0.001  (Capture Clock Delay - Launch Clock Delay + Clock Pessimism Removal)
  Capture Clock Delay     :  4.068
  Launch Clock Delay      :  3.220
  Clock Pessimism Removal :  -0.847

 Location                          Delay Type             Incr        Path         Logical Resource 
----------------------------------------------------------------------------------------------------

 Clock DebugCore_JCLK (rising edge)
                                                         0.000       0.000 r                        
 SCANCHAIN_88_312/TCK1                                   0.000       0.000 r       u_CORES/u_GTP_SCANCHAIN_PG/scanchain/TCK1
                                   net (fanout=1)        1.923       1.923         u_CORES/drck_o   
 USCM_215_669/CLKOUT               td                    0.143       2.066 r       clkbufg_5/gopclkbufg/CLKOUT
                                   net (fanout=4)        0.530       2.596         ntclkbufg_2      
 HCKB_213_526/CLKOUT               td                    0.245       2.841 r       HCKBROUTE_289/CLKOUT
                                   net (fanout=164)      0.379       3.220         _N404            
 CLMA_267_732/CLK                                                          r       u_CORES/u_debug_core_0/u_hub_data_decode/conf_id_d1[3]/opit_0_inv/CLK

 CLMA_267_732/Q1                   tco                   0.158       3.378 f       u_CORES/u_debug_core_0/u_hub_data_decode/conf_id_d1[3]/opit_0_inv/Q
                                   net (fanout=3)        0.087       3.465         u_CORES/u_debug_core_0/u_hub_data_decode/conf_id_d1 [3]
 CLMA_267_732/A4                                                           f       u_CORES/u_debug_core_0/u_hub_data_decode/conf_sel_int[18]/opit_0_inv_L6Q_perm/I4

 Data arrival time                                                   3.465         Logic Levels: 0  
                                                                                   Logic: 0.158ns(64.490%), Route: 0.087ns(35.510%)
----------------------------------------------------------------------------------------------------

 Clock DebugCore_JCLK (rising edge)
                                                         0.000       0.000 r                        
 SCANCHAIN_88_312/TCK1                                   0.000       0.000 r       u_CORES/u_GTP_SCANCHAIN_PG/scanchain/TCK1
                                   net (fanout=1)        2.544       2.544         u_CORES/drck_o   
 USCM_215_669/CLKOUT               td                    0.168       2.712 r       clkbufg_5/gopclkbufg/CLKOUT
                                   net (fanout=4)        0.620       3.332         ntclkbufg_2      
 HCKB_213_526/CLKOUT               td                    0.287       3.619 r       HCKBROUTE_289/CLKOUT
                                   net (fanout=164)      0.449       4.068         _N404            
 CLMA_267_732/CLK                                                          r       u_CORES/u_debug_core_0/u_hub_data_decode/conf_sel_int[18]/opit_0_inv_L6Q_perm/CLK
 clock pessimism                                        -0.847       3.221                          
 clock uncertainty                                       0.000       3.221                          

 Hold time                                              -0.035       3.186                          

 Data required time                                                  3.186                          
----------------------------------------------------------------------------------------------------
 Data required time                                                  3.186                          
 Data arrival time                                                  -3.465                          
----------------------------------------------------------------------------------------------------
 Slack (MET)                                                         0.279                          
====================================================================================================

====================================================================================================

Startpoint  : u_CORES/u_debug_core_0/u_hub_data_decode/conf_id[4]/opit_0_inv/CLK
Endpoint    : u_CORES/u_debug_core_0/u_rd_addr_gen/counter[4]/opit_0_inv_L6Q_LUT6DQL5_perm/I4
Path Group  : DebugCore_JCLK
Path Type   : max
Path Class  : sequential timing path
Clock Skew :    0.365  (Capture Clock Delay - Launch Clock Delay + Clock Pessimism Removal)
  Capture Clock Delay     :  3.199
  Launch Clock Delay      :  2.834
  Clock Pessimism Removal :  0.000

 Location                          Delay Type             Incr        Path         Logical Resource 
----------------------------------------------------------------------------------------------------

 Clock DebugCore_CAPTURE (rising edge)
                                                        25.000      25.000 r                        
 SCANCHAIN_88_312/CAPTUREDR                              0.000      25.000 r       u_CORES/u_GTP_SCANCHAIN_PG/scanchain/CAPTUREDR
                                   net (fanout=1)        1.306      26.306         u_CORES/capt_o   
 USCM_215_666/CLKOUT               td                    0.168      26.474 r       clkbufg_4/gopclkbufg/CLKOUT
                                   net (fanout=1)        0.620      27.094         ntclkbufg_1      
 HCKB_213_536/CLKOUT               td                    0.287      27.381 r       HCKBROUTE_286/CLKOUT
                                   net (fanout=11)       0.453      27.834         _N402            
 CLMA_261_714/CLK                                                          r       u_CORES/u_debug_core_0/u_hub_data_decode/conf_id[4]/opit_0_inv/CLK

 CLMA_261_714/Q0                   tco                   0.203      28.037 r       u_CORES/u_debug_core_0/u_hub_data_decode/conf_id[4]/opit_0_inv/Q
                                   net (fanout=11)       0.735      28.772         u_CORES/u_debug_core_0/conf_id_o [4]
 CLMA_261_757/Y2                   td                    0.179      28.951 r       u_CORES/u_debug_core_0/u_rd_addr_gen/N347_3/LUT6_inst_perm/L6
                                   net (fanout=6)        0.469      29.420         u_CORES/u_debug_core_0/u_rd_addr_gen/_N2237
 CLMA_267_786/Y3                   td                    0.096      29.516 r       u_CORES/u_debug_core_0/u_rd_addr_gen/N35_22/LUT6_inst_perm/L6
                                   net (fanout=8)        0.562      30.078         u_CORES/u_debug_core_0/u_rd_addr_gen/_N2206
 CLMA_261_768/Y1                   td                    0.179      30.257 r       u_CORES/u_debug_core_0/u_rd_addr_gen/N35_33[4]/LUT6_inst_perm/L6
                                   net (fanout=1)        0.487      30.744         u_CORES/u_debug_core_0/u_rd_addr_gen/N35 [4]
 CLMA_261_774/C4                                                           r       u_CORES/u_debug_core_0/u_rd_addr_gen/counter[4]/opit_0_inv_L6Q_LUT6DQL5_perm/I4

 Data arrival time                                                  30.744         Logic Levels: 3  
                                                                                   Logic: 0.657ns(22.577%), Route: 2.253ns(77.423%)
----------------------------------------------------------------------------------------------------

 Clock DebugCore_JCLK (rising edge)
                                                        50.000      50.000 r                        
 SCANCHAIN_88_312/TCK1                                   0.000      50.000 r       u_CORES/u_GTP_SCANCHAIN_PG/scanchain/TCK1
                                   net (fanout=1)        1.923      51.923         u_CORES/drck_o   
 USCM_215_669/CLKOUT               td                    0.143      52.066 r       clkbufg_5/gopclkbufg/CLKOUT
                                   net (fanout=4)        0.530      52.596         ntclkbufg_2      
 HCKB_213_526/CLKOUT               td                    0.245      52.841 r       HCKBROUTE_289/CLKOUT
                                   net (fanout=164)      0.358      53.199         _N404            
 CLMA_261_774/CLK                                                          r       u_CORES/u_debug_core_0/u_rd_addr_gen/counter[4]/opit_0_inv_L6Q_LUT6DQL5_perm/CLK
 clock pessimism                                         0.000      53.199                          
 clock uncertainty                                      -0.050      53.149                          

 Setup time                                             -0.140      53.009                          

 Data required time                                                 53.009                          
----------------------------------------------------------------------------------------------------
 Data required time                                                 53.009                          
 Data arrival time                                                 -30.744                          
----------------------------------------------------------------------------------------------------
 Slack (MET)                                                        22.265                          
====================================================================================================

====================================================================================================

Startpoint  : u_CORES/u_debug_core_0/u_hub_data_decode/conf_id[4]/opit_0_inv/CLK
Endpoint    : u_CORES/u_debug_core_0/u_rd_addr_gen/ram_radr[13]/opit_0_inv_AQ/CE
Path Group  : DebugCore_JCLK
Path Type   : max
Path Class  : sequential timing path
Clock Skew :    0.380  (Capture Clock Delay - Launch Clock Delay + Clock Pessimism Removal)
  Capture Clock Delay     :  3.214
  Launch Clock Delay      :  2.834
  Clock Pessimism Removal :  0.000

 Location                          Delay Type             Incr        Path         Logical Resource 
----------------------------------------------------------------------------------------------------

 Clock DebugCore_CAPTURE (rising edge)
                                                        25.000      25.000 r                        
 SCANCHAIN_88_312/CAPTUREDR                              0.000      25.000 r       u_CORES/u_GTP_SCANCHAIN_PG/scanchain/CAPTUREDR
                                   net (fanout=1)        1.306      26.306         u_CORES/capt_o   
 USCM_215_666/CLKOUT               td                    0.168      26.474 r       clkbufg_4/gopclkbufg/CLKOUT
                                   net (fanout=1)        0.620      27.094         ntclkbufg_1      
 HCKB_213_536/CLKOUT               td                    0.287      27.381 r       HCKBROUTE_286/CLKOUT
                                   net (fanout=11)       0.453      27.834         _N402            
 CLMA_261_714/CLK                                                          r       u_CORES/u_debug_core_0/u_hub_data_decode/conf_id[4]/opit_0_inv/CLK

 CLMA_261_714/Q0                   tco                   0.203      28.037 r       u_CORES/u_debug_core_0/u_hub_data_decode/conf_id[4]/opit_0_inv/Q
                                   net (fanout=11)       0.588      28.625         u_CORES/u_debug_core_0/conf_id_o [4]
 CLMA_267_750/Y1                   td                    0.179      28.804 r       u_CORES/u_debug_core_0/u_hub_data_decode/N114[22]_3/LUT6_inst_perm/L6
                                   net (fanout=3)        0.244      29.048         u_CORES/u_debug_core_0/conf_sel_int [22]
 CLMS_267_751/CR1                  td                    0.313      29.361 r       u_CORES/u_debug_core_0/u_rd_addr_gen/N733/gateop_LUT6DL5_perm/L5
                                   net (fanout=4)        0.571      29.932         u_CORES/u_debug_core_0/u_rd_addr_gen/N479
 CLMA_285_732/CECO                 td                    0.136      30.068 r       u_CORES/u_debug_core_0/u_rd_addr_gen/ram_radr[3]/opit_0_inv_AQ_perm/CECO
                                   net (fanout=4)        0.000      30.068         _N116            
 CLMA_285_738/CECO                 td                    0.136      30.204 r       u_CORES/u_debug_core_0/u_rd_addr_gen/ram_radr[7]/opit_0_inv_AQ_perm/CECO
                                   net (fanout=4)        0.000      30.204         _N115            
 CLMA_285_744/CECO                 td                    0.136      30.340 r       u_CORES/u_debug_core_0/u_rd_addr_gen/ram_radr[11]/opit_0_inv_AQ_perm/CECO
                                   net (fanout=2)        0.000      30.340         _N114            
 CLMA_285_750/CECI                                                         r       u_CORES/u_debug_core_0/u_rd_addr_gen/ram_radr[13]/opit_0_inv_AQ/CE

 Data arrival time                                                  30.340         Logic Levels: 5  
                                                                                   Logic: 1.103ns(44.014%), Route: 1.403ns(55.986%)
----------------------------------------------------------------------------------------------------

 Clock DebugCore_JCLK (rising edge)
                                                        50.000      50.000 r                        
 SCANCHAIN_88_312/TCK1                                   0.000      50.000 r       u_CORES/u_GTP_SCANCHAIN_PG/scanchain/TCK1
                                   net (fanout=1)        1.923      51.923         u_CORES/drck_o   
 USCM_215_669/CLKOUT               td                    0.143      52.066 r       clkbufg_5/gopclkbufg/CLKOUT
                                   net (fanout=4)        0.530      52.596         ntclkbufg_2      
 HCKB_213_526/CLKOUT               td                    0.245      52.841 r       HCKBROUTE_289/CLKOUT
                                   net (fanout=164)      0.373      53.214         _N404            
 CLMA_285_750/CLK                                                          r       u_CORES/u_debug_core_0/u_rd_addr_gen/ram_radr[13]/opit_0_inv_AQ/CLK
 clock pessimism                                         0.000      53.214                          
 clock uncertainty                                      -0.050      53.164                          

 Setup time                                             -0.226      52.938                          

 Data required time                                                 52.938                          
----------------------------------------------------------------------------------------------------
 Data required time                                                 52.938                          
 Data arrival time                                                 -30.340                          
----------------------------------------------------------------------------------------------------
 Slack (MET)                                                        22.598                          
====================================================================================================

====================================================================================================

Startpoint  : u_CORES/u_debug_core_0/u_hub_data_decode/conf_id[4]/opit_0_inv/CLK
Endpoint    : u_CORES/u_debug_core_0/u0_trig_unit/u_cfg_reg_file/bit_cnt[1]/opit_0_inv_L6Q_LUT6DQL5Q_perm/CE
Path Group  : DebugCore_JCLK
Path Type   : max
Path Class  : sequential timing path
Clock Skew :    0.387  (Capture Clock Delay - Launch Clock Delay + Clock Pessimism Removal)
  Capture Clock Delay     :  3.221
  Launch Clock Delay      :  2.834
  Clock Pessimism Removal :  0.000

 Location                          Delay Type             Incr        Path         Logical Resource 
----------------------------------------------------------------------------------------------------

 Clock DebugCore_CAPTURE (rising edge)
                                                        25.000      25.000 r                        
 SCANCHAIN_88_312/CAPTUREDR                              0.000      25.000 r       u_CORES/u_GTP_SCANCHAIN_PG/scanchain/CAPTUREDR
                                   net (fanout=1)        1.306      26.306         u_CORES/capt_o   
 USCM_215_666/CLKOUT               td                    0.168      26.474 r       clkbufg_4/gopclkbufg/CLKOUT
                                   net (fanout=1)        0.620      27.094         ntclkbufg_1      
 HCKB_213_536/CLKOUT               td                    0.287      27.381 r       HCKBROUTE_286/CLKOUT
                                   net (fanout=11)       0.453      27.834         _N402            
 CLMA_261_714/CLK                                                          r       u_CORES/u_debug_core_0/u_hub_data_decode/conf_id[4]/opit_0_inv/CLK

 CLMA_261_714/Q0                   tco                   0.203      28.037 r       u_CORES/u_debug_core_0/u_hub_data_decode/conf_id[4]/opit_0_inv/Q
                                   net (fanout=11)       0.541      28.578         u_CORES/u_debug_core_0/conf_id_o [4]
 CLMA_261_745/Y0                   td                    0.096      28.674 r       u_CORES/u_debug_core_0/u_hub_data_decode/N11_3/LUT6_inst_perm/L6
                                   net (fanout=9)        0.464      29.138         u_CORES/u_debug_core_0/_N2245
 CLMS_243_739/Y0                   td                    0.224      29.362 r       u_CORES/u_debug_core_0/u0_trig_unit/u_cfg_reg_file/N564_2/LUT6_inst_perm/L6
                                   net (fanout=7)        0.427      29.789         u_CORES/u_debug_core_0/u0_trig_unit/u_cfg_reg_file/N564
 CLMA_249_756/Y0                   td                    0.096      29.885 r       u_CORES/u_debug_core_0/u0_trig_unit/u_cfg_reg_file/N566/gateop_LUT6DL5Q_perm/L6
                                   net (fanout=6)        0.407      30.292         u_CORES/u_debug_core_0/u0_trig_unit/u_cfg_reg_file/N566
 CLMS_243_751/CE                                                           r       u_CORES/u_debug_core_0/u0_trig_unit/u_cfg_reg_file/bit_cnt[1]/opit_0_inv_L6Q_LUT6DQL5Q_perm/CE

 Data arrival time                                                  30.292         Logic Levels: 3  
                                                                                   Logic: 0.619ns(25.183%), Route: 1.839ns(74.817%)
----------------------------------------------------------------------------------------------------

 Clock DebugCore_JCLK (rising edge)
                                                        50.000      50.000 r                        
 SCANCHAIN_88_312/TCK1                                   0.000      50.000 r       u_CORES/u_GTP_SCANCHAIN_PG/scanchain/TCK1
                                   net (fanout=1)        1.923      51.923         u_CORES/drck_o   
 USCM_215_669/CLKOUT               td                    0.143      52.066 r       clkbufg_5/gopclkbufg/CLKOUT
                                   net (fanout=4)        0.530      52.596         ntclkbufg_2      
 HCKB_213_526/CLKOUT               td                    0.245      52.841 r       HCKBROUTE_289/CLKOUT
                                   net (fanout=164)      0.380      53.221         _N404            
 CLMS_243_751/CLK                                                          r       u_CORES/u_debug_core_0/u0_trig_unit/u_cfg_reg_file/bit_cnt[1]/opit_0_inv_L6Q_LUT6DQL5Q_perm/CLK
 clock pessimism                                         0.000      53.221                          
 clock uncertainty                                      -0.050      53.171                          

 Setup time                                             -0.226      52.945                          

 Data required time                                                 52.945                          
----------------------------------------------------------------------------------------------------
 Data required time                                                 52.945                          
 Data arrival time                                                 -30.292                          
----------------------------------------------------------------------------------------------------
 Slack (MET)                                                        22.653                          
====================================================================================================

====================================================================================================

Startpoint  : u_CORES/u_debug_core_0/u_hub_data_decode/conf_sel_ini/opit_0_inv/CLK
Endpoint    : u_CORES/u_debug_core_0/u_hub_data_decode/conf_sel_ini_d1/opit_0_inv/D
Path Group  : DebugCore_JCLK
Path Type   : min
Path Class  : sequential timing path
Clock Skew :    1.803  (Capture Clock Delay - Launch Clock Delay + Clock Pessimism Removal)
  Capture Clock Delay     :  4.066
  Launch Clock Delay      :  2.263
  Clock Pessimism Removal :  0.000

 Location                          Delay Type             Incr        Path         Logical Resource 
----------------------------------------------------------------------------------------------------

 Clock DebugCore_CAPTURE (rising edge)
                                                        25.000      25.000 r                        
 SCANCHAIN_88_312/CAPTUREDR                              0.000      25.000 r       u_CORES/u_GTP_SCANCHAIN_PG/scanchain/CAPTUREDR
                                   net (fanout=1)        0.967      25.967         u_CORES/capt_o   
 USCM_215_666/CLKOUT               td                    0.143      26.110 r       clkbufg_4/gopclkbufg/CLKOUT
                                   net (fanout=1)        0.530      26.640         ntclkbufg_1      
 HCKB_213_536/CLKOUT               td                    0.245      26.885 r       HCKBROUTE_286/CLKOUT
                                   net (fanout=11)       0.378      27.263         _N402            
 CLMA_261_745/CLK                                                          r       u_CORES/u_debug_core_0/u_hub_data_decode/conf_sel_ini/opit_0_inv/CLK

 CLMA_261_745/Q1                   tco                   0.158      27.421 f       u_CORES/u_debug_core_0/u_hub_data_decode/conf_sel_ini/opit_0_inv/Q
                                   net (fanout=10)       0.163      27.584         u_CORES/u_debug_core_0/conf_sel_o
 CLMA_267_744/M3                                                           f       u_CORES/u_debug_core_0/u_hub_data_decode/conf_sel_ini_d1/opit_0_inv/D

 Data arrival time                                                  27.584         Logic Levels: 0  
                                                                                   Logic: 0.158ns(49.221%), Route: 0.163ns(50.779%)
----------------------------------------------------------------------------------------------------

 Clock DebugCore_JCLK (rising edge)
                                                         0.000       0.000 r                        
 SCANCHAIN_88_312/TCK1                                   0.000       0.000 r       u_CORES/u_GTP_SCANCHAIN_PG/scanchain/TCK1
                                   net (fanout=1)        2.544       2.544         u_CORES/drck_o   
 USCM_215_669/CLKOUT               td                    0.168       2.712 r       clkbufg_5/gopclkbufg/CLKOUT
                                   net (fanout=4)        0.620       3.332         ntclkbufg_2      
 HCKB_213_526/CLKOUT               td                    0.287       3.619 r       HCKBROUTE_289/CLKOUT
                                   net (fanout=164)      0.447       4.066         _N404            
 CLMA_267_744/CLK                                                          r       u_CORES/u_debug_core_0/u_hub_data_decode/conf_sel_ini_d1/opit_0_inv/CLK
 clock pessimism                                         0.000       4.066                          
 clock uncertainty                                       0.050       4.116                          

 Hold time                                               0.044       4.160                          

 Data required time                                                  4.160                          
----------------------------------------------------------------------------------------------------
 Data required time                                                  4.160                          
 Data arrival time                                                 -27.584                          
----------------------------------------------------------------------------------------------------
 Slack (MET)                                                        23.424                          
====================================================================================================

====================================================================================================

Startpoint  : u_CORES/u_debug_core_0/u_hub_data_decode/conf_id_ini[2]/opit_0_inv/CLK
Endpoint    : u_CORES/u_debug_core_0/u_hub_data_decode/conf_rst/opit_0_inv_L6Q_perm/I3
Path Group  : DebugCore_JCLK
Path Type   : min
Path Class  : sequential timing path
Clock Skew :    1.804  (Capture Clock Delay - Launch Clock Delay + Clock Pessimism Removal)
  Capture Clock Delay     :  4.067
  Launch Clock Delay      :  2.263
  Clock Pessimism Removal :  0.000

 Location                          Delay Type             Incr        Path         Logical Resource 
----------------------------------------------------------------------------------------------------

 Clock DebugCore_CAPTURE (rising edge)
                                                        25.000      25.000 r                        
 SCANCHAIN_88_312/CAPTUREDR                              0.000      25.000 r       u_CORES/u_GTP_SCANCHAIN_PG/scanchain/CAPTUREDR
                                   net (fanout=1)        0.967      25.967         u_CORES/capt_o   
 USCM_215_666/CLKOUT               td                    0.143      26.110 r       clkbufg_4/gopclkbufg/CLKOUT
                                   net (fanout=1)        0.530      26.640         ntclkbufg_1      
 HCKB_213_536/CLKOUT               td                    0.245      26.885 r       HCKBROUTE_286/CLKOUT
                                   net (fanout=11)       0.378      27.263         _N402            
 CLMA_261_745/CLK                                                          r       u_CORES/u_debug_core_0/u_hub_data_decode/conf_id_ini[2]/opit_0_inv/CLK

 CLMA_261_745/Q0                   tco                   0.158      27.421 f       u_CORES/u_debug_core_0/u_hub_data_decode/conf_id_ini[2]/opit_0_inv/Q
                                   net (fanout=3)        0.087      27.508         u_CORES/u_debug_core_0/u_hub_data_decode/conf_id_ini [2]
 CLMA_261_744/B3                                                           f       u_CORES/u_debug_core_0/u_hub_data_decode/conf_rst/opit_0_inv_L6Q_perm/I3

 Data arrival time                                                  27.508         Logic Levels: 0  
                                                                                   Logic: 0.158ns(64.490%), Route: 0.087ns(35.510%)
----------------------------------------------------------------------------------------------------

 Clock DebugCore_JCLK (rising edge)
                                                         0.000       0.000 r                        
 SCANCHAIN_88_312/TCK1                                   0.000       0.000 r       u_CORES/u_GTP_SCANCHAIN_PG/scanchain/TCK1
                                   net (fanout=1)        2.544       2.544         u_CORES/drck_o   
 USCM_215_669/CLKOUT               td                    0.168       2.712 r       clkbufg_5/gopclkbufg/CLKOUT
                                   net (fanout=4)        0.620       3.332         ntclkbufg_2      
 HCKB_213_526/CLKOUT               td                    0.287       3.619 r       HCKBROUTE_289/CLKOUT
                                   net (fanout=164)      0.448       4.067         _N404            
 CLMA_261_744/CLK                                                          r       u_CORES/u_debug_core_0/u_hub_data_decode/conf_rst/opit_0_inv_L6Q_perm/CLK
 clock pessimism                                         0.000       4.067                          
 clock uncertainty                                       0.050       4.117                          

 Hold time                                              -0.038       4.079                          

 Data required time                                                  4.079                          
----------------------------------------------------------------------------------------------------
 Data required time                                                  4.079                          
 Data arrival time                                                 -27.508                          
----------------------------------------------------------------------------------------------------
 Slack (MET)                                                        23.429                          
====================================================================================================

====================================================================================================

Startpoint  : u_CORES/u_debug_core_0/u_hub_data_decode/conf_id_ini[1]/opit_0_inv/CLK
Endpoint    : u_CORES/u_debug_core_0/u_hub_data_decode/conf_rst/opit_0_inv_L6Q_perm/I5
Path Group  : DebugCore_JCLK
Path Type   : min
Path Class  : sequential timing path
Clock Skew :    1.805  (Capture Clock Delay - Launch Clock Delay + Clock Pessimism Removal)
  Capture Clock Delay     :  4.067
  Launch Clock Delay      :  2.262
  Clock Pessimism Removal :  0.000

 Location                          Delay Type             Incr        Path         Logical Resource 
----------------------------------------------------------------------------------------------------

 Clock DebugCore_CAPTURE (rising edge)
                                                        25.000      25.000 r                        
 SCANCHAIN_88_312/CAPTUREDR                              0.000      25.000 r       u_CORES/u_GTP_SCANCHAIN_PG/scanchain/CAPTUREDR
                                   net (fanout=1)        0.967      25.967         u_CORES/capt_o   
 USCM_215_666/CLKOUT               td                    0.143      26.110 r       clkbufg_4/gopclkbufg/CLKOUT
                                   net (fanout=1)        0.530      26.640         ntclkbufg_1      
 HCKB_213_536/CLKOUT               td                    0.245      26.885 r       HCKBROUTE_286/CLKOUT
                                   net (fanout=11)       0.377      27.262         _N402            
 CLMA_261_750/CLK                                                          r       u_CORES/u_debug_core_0/u_hub_data_decode/conf_id_ini[1]/opit_0_inv/CLK

 CLMA_261_750/Q2                   tco                   0.158      27.420 f       u_CORES/u_debug_core_0/u_hub_data_decode/conf_id_ini[1]/opit_0_inv/Q
                                   net (fanout=3)        0.159      27.579         u_CORES/u_debug_core_0/u_hub_data_decode/conf_id_ini [1]
 CLMA_261_744/B5                                                           f       u_CORES/u_debug_core_0/u_hub_data_decode/conf_rst/opit_0_inv_L6Q_perm/I5

 Data arrival time                                                  27.579         Logic Levels: 0  
                                                                                   Logic: 0.158ns(49.842%), Route: 0.159ns(50.158%)
----------------------------------------------------------------------------------------------------

 Clock DebugCore_JCLK (rising edge)
                                                         0.000       0.000 r                        
 SCANCHAIN_88_312/TCK1                                   0.000       0.000 r       u_CORES/u_GTP_SCANCHAIN_PG/scanchain/TCK1
                                   net (fanout=1)        2.544       2.544         u_CORES/drck_o   
 USCM_215_669/CLKOUT               td                    0.168       2.712 r       clkbufg_5/gopclkbufg/CLKOUT
                                   net (fanout=4)        0.620       3.332         ntclkbufg_2      
 HCKB_213_526/CLKOUT               td                    0.287       3.619 r       HCKBROUTE_289/CLKOUT
                                   net (fanout=164)      0.448       4.067         _N404            
 CLMA_261_744/CLK                                                          r       u_CORES/u_debug_core_0/u_hub_data_decode/conf_rst/opit_0_inv_L6Q_perm/CLK
 clock pessimism                                         0.000       4.067                          
 clock uncertainty                                       0.050       4.117                          

 Hold time                                              -0.014       4.103                          

 Data required time                                                  4.103                          
----------------------------------------------------------------------------------------------------
 Data required time                                                  4.103                          
 Data arrival time                                                 -27.579                          
----------------------------------------------------------------------------------------------------
 Slack (MET)                                                        23.476                          
====================================================================================================

====================================================================================================

Startpoint  : u_CORES/u_debug_core_0/u_Trigger_Condition/N114/gateop_LUT6DL5Q_perm/CLK
Endpoint    : u_CORES/u_debug_core_0/u_hub_data_decode/conf_id_ini[3]/opit_0_inv/D
Path Group  : DebugCore_CAPTURE
Path Type   : max
Path Class  : sequential timing path
Clock Skew :    -1.810  (Capture Clock Delay - Launch Clock Delay + Clock Pessimism Removal)
  Capture Clock Delay     :  2.262
  Launch Clock Delay      :  4.072
  Clock Pessimism Removal :  0.000

 Location                          Delay Type             Incr        Path         Logical Resource 
----------------------------------------------------------------------------------------------------

 Clock DebugCore_JCLK (falling edge)
                                                        75.000      75.000 f                        
 SCANCHAIN_88_312/TCK1                                   0.000      75.000 f       u_CORES/u_GTP_SCANCHAIN_PG/scanchain/TCK1
                                   net (fanout=1)        2.554      77.554         u_CORES/drck_o   
 USCM_215_669/CLKOUT               td                    0.168      77.722 f       clkbufg_5/gopclkbufg/CLKOUT
                                   net (fanout=4)        0.620      78.342         ntclkbufg_2      
 HCKB_213_526/CLKOUT               td                    0.287      78.629 f       HCKBROUTE_289/CLKOUT
                                   net (fanout=164)      0.443      79.072         _N404            
 CLMA_261_727/CLK                                                          f       u_CORES/u_debug_core_0/u_Trigger_Condition/N114/gateop_LUT6DL5Q_perm/CLK

 CLMA_261_727/CR0                  tco                   0.227      79.299 r       u_CORES/u_debug_core_0/u_Trigger_Condition/N114/gateop_LUT6DL5Q_perm/L5Q
                                   net (fanout=2)        0.825      80.124         u_CORES/id_o [3] 
 CLMA_261_750/M0                                                           r       u_CORES/u_debug_core_0/u_hub_data_decode/conf_id_ini[3]/opit_0_inv/D

 Data arrival time                                                  80.124         Logic Levels: 0  
                                                                                   Logic: 0.227ns(21.578%), Route: 0.825ns(78.422%)
----------------------------------------------------------------------------------------------------

 Clock DebugCore_CAPTURE (rising edge)
                                                       125.000     125.000 r                        
 SCANCHAIN_88_312/CAPTUREDR                              0.000     125.000 r       u_CORES/u_GTP_SCANCHAIN_PG/scanchain/CAPTUREDR
                                   net (fanout=1)        0.967     125.967         u_CORES/capt_o   
 USCM_215_666/CLKOUT               td                    0.143     126.110 r       clkbufg_4/gopclkbufg/CLKOUT
                                   net (fanout=1)        0.530     126.640         ntclkbufg_1      
 HCKB_213_536/CLKOUT               td                    0.245     126.885 r       HCKBROUTE_286/CLKOUT
                                   net (fanout=11)       0.377     127.262         _N402            
 CLMA_261_750/CLK                                                          r       u_CORES/u_debug_core_0/u_hub_data_decode/conf_id_ini[3]/opit_0_inv/CLK
 clock pessimism                                         0.000     127.262                          
 clock uncertainty                                      -0.050     127.212                          

 Setup time                                             -0.136     127.076                          

 Data required time                                                127.076                          
----------------------------------------------------------------------------------------------------
 Data required time                                                127.076                          
 Data arrival time                                                 -80.124                          
----------------------------------------------------------------------------------------------------
 Slack (MET)                                                        46.952                          
====================================================================================================

====================================================================================================

Startpoint  : u_CORES/u_jtag_hub/id_o[0]/opit_0_inv_L6Q_LUT6DQL5_perm/CLK
Endpoint    : u_CORES/u_debug_core_0/u_hub_data_decode/conf_id_ini[0]/opit_0_inv/D
Path Group  : DebugCore_CAPTURE
Path Type   : max
Path Class  : sequential timing path
Clock Skew :    -1.811  (Capture Clock Delay - Launch Clock Delay + Clock Pessimism Removal)
  Capture Clock Delay     :  2.262
  Launch Clock Delay      :  4.073
  Clock Pessimism Removal :  0.000

 Location                          Delay Type             Incr        Path         Logical Resource 
----------------------------------------------------------------------------------------------------

 Clock DebugCore_JCLK (falling edge)
                                                        75.000      75.000 f                        
 SCANCHAIN_88_312/TCK1                                   0.000      75.000 f       u_CORES/u_GTP_SCANCHAIN_PG/scanchain/TCK1
                                   net (fanout=1)        2.554      77.554         u_CORES/drck_o   
 USCM_215_669/CLKOUT               td                    0.168      77.722 f       clkbufg_5/gopclkbufg/CLKOUT
                                   net (fanout=4)        0.620      78.342         ntclkbufg_2      
 HCKB_213_526/CLKOUT               td                    0.287      78.629 f       HCKBROUTE_289/CLKOUT
                                   net (fanout=164)      0.444      79.073         _N404            
 CLMA_261_720/CLK                                                          f       u_CORES/u_jtag_hub/id_o[0]/opit_0_inv_L6Q_LUT6DQL5_perm/CLK

 CLMA_261_720/Q0                   tco                   0.204      79.277 r       u_CORES/u_jtag_hub/id_o[0]/opit_0_inv_L6Q_LUT6DQL5_perm/L6Q
                                   net (fanout=2)        0.843      80.120         u_CORES/id_o [0] 
 CLMA_261_750/M1                                                           r       u_CORES/u_debug_core_0/u_hub_data_decode/conf_id_ini[0]/opit_0_inv/D

 Data arrival time                                                  80.120         Logic Levels: 0  
                                                                                   Logic: 0.204ns(19.484%), Route: 0.843ns(80.516%)
----------------------------------------------------------------------------------------------------

 Clock DebugCore_CAPTURE (rising edge)
                                                       125.000     125.000 r                        
 SCANCHAIN_88_312/CAPTUREDR                              0.000     125.000 r       u_CORES/u_GTP_SCANCHAIN_PG/scanchain/CAPTUREDR
                                   net (fanout=1)        0.967     125.967         u_CORES/capt_o   
 USCM_215_666/CLKOUT               td                    0.143     126.110 r       clkbufg_4/gopclkbufg/CLKOUT
                                   net (fanout=1)        0.530     126.640         ntclkbufg_1      
 HCKB_213_536/CLKOUT               td                    0.245     126.885 r       HCKBROUTE_286/CLKOUT
                                   net (fanout=11)       0.377     127.262         _N402            
 CLMA_261_750/CLK                                                          r       u_CORES/u_debug_core_0/u_hub_data_decode/conf_id_ini[0]/opit_0_inv/CLK
 clock pessimism                                         0.000     127.262                          
 clock uncertainty                                      -0.050     127.212                          

 Setup time                                             -0.136     127.076                          

 Data required time                                                127.076                          
----------------------------------------------------------------------------------------------------
 Data required time                                                127.076                          
 Data arrival time                                                 -80.120                          
----------------------------------------------------------------------------------------------------
 Slack (MET)                                                        46.956                          
====================================================================================================

====================================================================================================

Startpoint  : u_CORES/u_jtag_hub/id_o[4]/opit_0_inv_L6QL5_perm/CLK
Endpoint    : u_CORES/u_debug_core_0/u_hub_data_decode/conf_id[4]/opit_0_inv/D
Path Group  : DebugCore_CAPTURE
Path Type   : max
Path Class  : sequential timing path
Clock Skew :    -1.805  (Capture Clock Delay - Launch Clock Delay + Clock Pessimism Removal)
  Capture Clock Delay     :  2.268
  Launch Clock Delay      :  4.073
  Clock Pessimism Removal :  0.000

 Location                          Delay Type             Incr        Path         Logical Resource 
----------------------------------------------------------------------------------------------------

 Clock DebugCore_JCLK (falling edge)
                                                        75.000      75.000 f                        
 SCANCHAIN_88_312/TCK1                                   0.000      75.000 f       u_CORES/u_GTP_SCANCHAIN_PG/scanchain/TCK1
                                   net (fanout=1)        2.554      77.554         u_CORES/drck_o   
 USCM_215_669/CLKOUT               td                    0.168      77.722 f       clkbufg_5/gopclkbufg/CLKOUT
                                   net (fanout=4)        0.620      78.342         ntclkbufg_2      
 HCKB_213_526/CLKOUT               td                    0.287      78.629 f       HCKBROUTE_289/CLKOUT
                                   net (fanout=164)      0.444      79.073         _N404            
 CLMA_249_733/CLK                                                          f       u_CORES/u_jtag_hub/id_o[4]/opit_0_inv_L6QL5_perm/CLK

 CLMA_249_733/Q0                   tco                   0.204      79.277 r       u_CORES/u_jtag_hub/id_o[4]/opit_0_inv_L6QL5_perm/L6Q
                                   net (fanout=2)        0.754      80.031         u_CORES/id_o [4] 
 CLMA_261_714/M0                                                           r       u_CORES/u_debug_core_0/u_hub_data_decode/conf_id[4]/opit_0_inv/D

 Data arrival time                                                  80.031         Logic Levels: 0  
                                                                                   Logic: 0.204ns(21.294%), Route: 0.754ns(78.706%)
----------------------------------------------------------------------------------------------------

 Clock DebugCore_CAPTURE (rising edge)
                                                       125.000     125.000 r                        
 SCANCHAIN_88_312/CAPTUREDR                              0.000     125.000 r       u_CORES/u_GTP_SCANCHAIN_PG/scanchain/CAPTUREDR
                                   net (fanout=1)        0.967     125.967         u_CORES/capt_o   
 USCM_215_666/CLKOUT               td                    0.143     126.110 r       clkbufg_4/gopclkbufg/CLKOUT
                                   net (fanout=1)        0.530     126.640         ntclkbufg_1      
 HCKB_213_536/CLKOUT               td                    0.245     126.885 r       HCKBROUTE_286/CLKOUT
                                   net (fanout=11)       0.383     127.268         _N402            
 CLMA_261_714/CLK                                                          r       u_CORES/u_debug_core_0/u_hub_data_decode/conf_id[4]/opit_0_inv/CLK
 clock pessimism                                         0.000     127.268                          
 clock uncertainty                                      -0.050     127.218                          

 Setup time                                             -0.136     127.082                          

 Data required time                                                127.082                          
----------------------------------------------------------------------------------------------------
 Data required time                                                127.082                          
 Data arrival time                                                 -80.031                          
----------------------------------------------------------------------------------------------------
 Slack (MET)                                                        47.051                          
====================================================================================================

====================================================================================================

Startpoint  : u_CORES/u_jtag_hub/id_o[0]/opit_0_inv_L6Q_LUT6DQL5_perm/CLK
Endpoint    : u_CORES/u_debug_core_0/u_hub_data_decode/conf_id[0]/opit_0_inv/D
Path Group  : DebugCore_CAPTURE
Path Type   : min
Path Class  : sequential timing path
Clock Skew :    -0.270  (Capture Clock Delay - Launch Clock Delay + Clock Pessimism Removal)
  Capture Clock Delay     :  2.830
  Launch Clock Delay      :  3.100
  Clock Pessimism Removal :  0.000

 Location                          Delay Type             Incr        Path         Logical Resource 
----------------------------------------------------------------------------------------------------

 Clock DebugCore_JCLK (falling edge)
                                                       125.000     125.000 f                        
 SCANCHAIN_88_312/TCK1                                   0.000     125.000 f       u_CORES/u_GTP_SCANCHAIN_PG/scanchain/TCK1
                                   net (fanout=1)        1.807     126.807         u_CORES/drck_o   
 USCM_215_669/CLKOUT               td                    0.143     126.950 f       clkbufg_5/gopclkbufg/CLKOUT
                                   net (fanout=4)        0.530     127.480         ntclkbufg_2      
 HCKB_213_526/CLKOUT               td                    0.245     127.725 f       HCKBROUTE_289/CLKOUT
                                   net (fanout=164)      0.375     128.100         _N404            
 CLMA_261_720/CLK                                                          f       u_CORES/u_jtag_hub/id_o[0]/opit_0_inv_L6Q_LUT6DQL5_perm/CLK

 CLMA_261_720/Q0                   tco                   0.159     128.259 f       u_CORES/u_jtag_hub/id_o[0]/opit_0_inv_L6Q_LUT6DQL5_perm/L6Q
                                   net (fanout=2)        0.247     128.506         u_CORES/id_o [0] 
 CLMA_261_738/M3                                                           f       u_CORES/u_debug_core_0/u_hub_data_decode/conf_id[0]/opit_0_inv/D

 Data arrival time                                                 128.506         Logic Levels: 0  
                                                                                   Logic: 0.159ns(39.163%), Route: 0.247ns(60.837%)
----------------------------------------------------------------------------------------------------

 Clock DebugCore_CAPTURE (rising edge)
                                                       125.000     125.000 r                        
 SCANCHAIN_88_312/CAPTUREDR                              0.000     125.000 r       u_CORES/u_GTP_SCANCHAIN_PG/scanchain/CAPTUREDR
                                   net (fanout=1)        1.306     126.306         u_CORES/capt_o   
 USCM_215_666/CLKOUT               td                    0.168     126.474 r       clkbufg_4/gopclkbufg/CLKOUT
                                   net (fanout=1)        0.620     127.094         ntclkbufg_1      
 HCKB_213_536/CLKOUT               td                    0.287     127.381 r       HCKBROUTE_286/CLKOUT
                                   net (fanout=11)       0.449     127.830         _N402            
 CLMA_261_738/CLK                                                          r       u_CORES/u_debug_core_0/u_hub_data_decode/conf_id[0]/opit_0_inv/CLK
 clock pessimism                                         0.000     127.830                          
 clock uncertainty                                       0.050     127.880                          

 Hold time                                               0.043     127.923                          

 Data required time                                                127.923                          
----------------------------------------------------------------------------------------------------
 Data required time                                                127.923                          
 Data arrival time                                                -128.506                          
----------------------------------------------------------------------------------------------------
 Slack (MET)                                                         0.583                          
====================================================================================================

====================================================================================================

Startpoint  : u_CORES/u_jtag_hub/conf_sel[0]/opit_0_inv_L6Q_perm/CLK
Endpoint    : u_CORES/u_debug_core_0/u_hub_data_decode/conf_id[4]/opit_0_inv/CE
Path Group  : DebugCore_CAPTURE
Path Type   : min
Path Class  : sequential timing path
Clock Skew :    -0.265  (Capture Clock Delay - Launch Clock Delay + Clock Pessimism Removal)
  Capture Clock Delay     :  2.834
  Launch Clock Delay      :  3.099
  Clock Pessimism Removal :  0.000

 Location                          Delay Type             Incr        Path         Logical Resource 
----------------------------------------------------------------------------------------------------

 Clock DebugCore_JCLK (falling edge)
                                                       125.000     125.000 f                        
 SCANCHAIN_88_312/TCK1                                   0.000     125.000 f       u_CORES/u_GTP_SCANCHAIN_PG/scanchain/TCK1
                                   net (fanout=1)        1.807     126.807         u_CORES/drck_o   
 USCM_215_669/CLKOUT               td                    0.143     126.950 f       clkbufg_5/gopclkbufg/CLKOUT
                                   net (fanout=4)        0.530     127.480         ntclkbufg_2      
 HCKB_213_526/CLKOUT               td                    0.245     127.725 f       HCKBROUTE_289/CLKOUT
                                   net (fanout=164)      0.374     128.099         _N404            
 CLMA_261_727/CLK                                                          f       u_CORES/u_jtag_hub/conf_sel[0]/opit_0_inv_L6Q_perm/CLK

 CLMA_261_727/Q1                   tco                   0.159     128.258 f       u_CORES/u_jtag_hub/conf_sel[0]/opit_0_inv_L6Q_perm/L6Q
                                   net (fanout=6)        0.160     128.418         u_CORES/conf_sel [0]
 CLMA_261_714/CE                                                           f       u_CORES/u_debug_core_0/u_hub_data_decode/conf_id[4]/opit_0_inv/CE

 Data arrival time                                                 128.418         Logic Levels: 0  
                                                                                   Logic: 0.159ns(49.843%), Route: 0.160ns(50.157%)
----------------------------------------------------------------------------------------------------

 Clock DebugCore_CAPTURE (rising edge)
                                                       125.000     125.000 r                        
 SCANCHAIN_88_312/CAPTUREDR                              0.000     125.000 r       u_CORES/u_GTP_SCANCHAIN_PG/scanchain/CAPTUREDR
                                   net (fanout=1)        1.306     126.306         u_CORES/capt_o   
 USCM_215_666/CLKOUT               td                    0.168     126.474 r       clkbufg_4/gopclkbufg/CLKOUT
                                   net (fanout=1)        0.620     127.094         ntclkbufg_1      
 HCKB_213_536/CLKOUT               td                    0.287     127.381 r       HCKBROUTE_286/CLKOUT
                                   net (fanout=11)       0.453     127.834         _N402            
 CLMA_261_714/CLK                                                          r       u_CORES/u_debug_core_0/u_hub_data_decode/conf_id[4]/opit_0_inv/CLK
 clock pessimism                                         0.000     127.834                          
 clock uncertainty                                       0.050     127.884                          

 Hold time                                              -0.057     127.827                          

 Data required time                                                127.827                          
----------------------------------------------------------------------------------------------------
 Data required time                                                127.827                          
 Data arrival time                                                -128.418                          
----------------------------------------------------------------------------------------------------
 Slack (MET)                                                         0.591                          
====================================================================================================

====================================================================================================

Startpoint  : u_CORES/u_jtag_hub/conf_sel[0]/opit_0_inv_L6Q_perm/CLK
Endpoint    : u_CORES/u_debug_core_0/u_hub_data_decode/conf_id[1]/opit_0_inv/CE
Path Group  : DebugCore_CAPTURE
Path Type   : min
Path Class  : sequential timing path
Clock Skew :    -0.269  (Capture Clock Delay - Launch Clock Delay + Clock Pessimism Removal)
  Capture Clock Delay     :  2.830
  Launch Clock Delay      :  3.099
  Clock Pessimism Removal :  0.000

 Location                          Delay Type             Incr        Path         Logical Resource 
----------------------------------------------------------------------------------------------------

 Clock DebugCore_JCLK (falling edge)
                                                       125.000     125.000 f                        
 SCANCHAIN_88_312/TCK1                                   0.000     125.000 f       u_CORES/u_GTP_SCANCHAIN_PG/scanchain/TCK1
                                   net (fanout=1)        1.807     126.807         u_CORES/drck_o   
 USCM_215_669/CLKOUT               td                    0.143     126.950 f       clkbufg_5/gopclkbufg/CLKOUT
                                   net (fanout=4)        0.530     127.480         ntclkbufg_2      
 HCKB_213_526/CLKOUT               td                    0.245     127.725 f       HCKBROUTE_289/CLKOUT
                                   net (fanout=164)      0.374     128.099         _N404            
 CLMA_261_727/CLK                                                          f       u_CORES/u_jtag_hub/conf_sel[0]/opit_0_inv_L6Q_perm/CLK

 CLMA_261_727/Q1                   tco                   0.159     128.258 f       u_CORES/u_jtag_hub/conf_sel[0]/opit_0_inv_L6Q_perm/L6Q
                                   net (fanout=6)        0.160     128.418         u_CORES/conf_sel [0]
 CLMA_261_738/CE                                                           f       u_CORES/u_debug_core_0/u_hub_data_decode/conf_id[1]/opit_0_inv/CE

 Data arrival time                                                 128.418         Logic Levels: 0  
                                                                                   Logic: 0.159ns(49.843%), Route: 0.160ns(50.157%)
----------------------------------------------------------------------------------------------------

 Clock DebugCore_CAPTURE (rising edge)
                                                       125.000     125.000 r                        
 SCANCHAIN_88_312/CAPTUREDR                              0.000     125.000 r       u_CORES/u_GTP_SCANCHAIN_PG/scanchain/CAPTUREDR
                                   net (fanout=1)        1.306     126.306         u_CORES/capt_o   
 USCM_215_666/CLKOUT               td                    0.168     126.474 r       clkbufg_4/gopclkbufg/CLKOUT
                                   net (fanout=1)        0.620     127.094         ntclkbufg_1      
 HCKB_213_536/CLKOUT               td                    0.287     127.381 r       HCKBROUTE_286/CLKOUT
                                   net (fanout=11)       0.449     127.830         _N402            
 CLMA_261_738/CLK                                                          r       u_CORES/u_debug_core_0/u_hub_data_decode/conf_id[1]/opit_0_inv/CLK
 clock pessimism                                         0.000     127.830                          
 clock uncertainty                                       0.050     127.880                          

 Hold time                                              -0.057     127.823                          

 Data required time                                                127.823                          
----------------------------------------------------------------------------------------------------
 Data required time                                                127.823                          
 Data arrival time                                                -128.418                          
----------------------------------------------------------------------------------------------------
 Slack (MET)                                                         0.595                          
====================================================================================================

====================================================================================================

Startpoint  : u_CORES/u_debug_core_0/resetn/opit_0/CLK
Endpoint    : u_CORES/u_debug_core_0/TRIG0_ff[0][39]/opit_0_inv/RS
Path Group  : hdmi_i2c_inst/i2c_ctrl_inst/i2c_clk/Q[0]_Inferred
Path Type   : max
Path Class  : async timing path
Clock Skew :    -0.781  (Capture Clock Delay - Launch Clock Delay + Clock Pessimism Removal)
  Capture Clock Delay     :  0.412
  Launch Clock Delay      :  1.193
  Clock Pessimism Removal :  0.000

 Location                          Delay Type             Incr        Path         Logical Resource 
----------------------------------------------------------------------------------------------------

 Clock hdmi_i2c_inst/i2c_ctrl_inst/i2c_clk/Q[0]_Inferred (rising edge)
                                                         0.000       0.000 r                        
 CLMA_177_768/CR0                                        0.000       0.000 r       hdmi_i2c_inst/i2c_ctrl_inst/i2c_clk/opit_0_inv/Q
                                   net (fanout=670)      1.193       1.193         hdmi_i2c_inst/cfg_clk
 CLMA_243_714/CLK                                                          r       u_CORES/u_debug_core_0/resetn/opit_0/CLK

 CLMA_243_714/Q3                   tco                   0.185       1.378 f       u_CORES/u_debug_core_0/resetn/opit_0/Q
                                   net (fanout=171)      0.968       2.346         u_CORES/u_debug_core_0/resetn
 CLMS_207_769/RSCO                 td                    0.094       2.440 r       u_CORES/u_debug_core_0/u0_trig_unit/conf_reg[59]/opit_0_inv_L6QL5Q/RSCO
                                   net (fanout=1)        0.000       2.440         _N49             
 CLMS_207_775/RSCO                 td                    0.075       2.515 r       u_CORES/u_debug_core_0/u0_trig_unit/signal_ff_dly[41]/opit_0_inv/RSCO
                                   net (fanout=6)        0.000       2.515         _N48             
 CLMS_207_781/RSCI                                                         r       u_CORES/u_debug_core_0/TRIG0_ff[0][39]/opit_0_inv/RS

 Data arrival time                                                   2.515         Logic Levels: 2  
                                                                                   Logic: 0.354ns(26.778%), Route: 0.968ns(73.222%)
----------------------------------------------------------------------------------------------------

 Clock hdmi_i2c_inst/i2c_ctrl_inst/i2c_clk/Q[0]_Inferred (rising edge)
                                                      1000.000    1000.000 r                        
 CLMA_177_768/CR0                                        0.000    1000.000 r       hdmi_i2c_inst/i2c_ctrl_inst/i2c_clk/opit_0_inv/Q
                                   net (fanout=670)      0.412    1000.412         hdmi_i2c_inst/cfg_clk
 CLMS_207_781/CLK                                                          r       u_CORES/u_debug_core_0/TRIG0_ff[0][39]/opit_0_inv/CLK
 clock pessimism                                         0.000    1000.412                          
 clock uncertainty                                      -0.050    1000.362                          

 Recovery time                                          -0.226    1000.136                          

 Data required time                                               1000.136                          
----------------------------------------------------------------------------------------------------
 Data required time                                               1000.136                          
 Data arrival time                                                  -2.515                          
----------------------------------------------------------------------------------------------------
 Slack (MET)                                                       997.621                          
====================================================================================================

====================================================================================================

Startpoint  : u_CORES/u_debug_core_0/resetn/opit_0/CLK
Endpoint    : u_CORES/u_debug_core_0/u0_trig_unit/match_single[39]/opit_0_inv_L6Q_perm/RS
Path Group  : hdmi_i2c_inst/i2c_ctrl_inst/i2c_clk/Q[0]_Inferred
Path Type   : max
Path Class  : async timing path
Clock Skew :    -0.781  (Capture Clock Delay - Launch Clock Delay + Clock Pessimism Removal)
  Capture Clock Delay     :  0.412
  Launch Clock Delay      :  1.193
  Clock Pessimism Removal :  0.000

 Location                          Delay Type             Incr        Path         Logical Resource 
----------------------------------------------------------------------------------------------------

 Clock hdmi_i2c_inst/i2c_ctrl_inst/i2c_clk/Q[0]_Inferred (rising edge)
                                                         0.000       0.000 r                        
 CLMA_177_768/CR0                                        0.000       0.000 r       hdmi_i2c_inst/i2c_ctrl_inst/i2c_clk/opit_0_inv/Q
                                   net (fanout=670)      1.193       1.193         hdmi_i2c_inst/cfg_clk
 CLMA_243_714/CLK                                                          r       u_CORES/u_debug_core_0/resetn/opit_0/CLK

 CLMA_243_714/Q3                   tco                   0.185       1.378 f       u_CORES/u_debug_core_0/resetn/opit_0/Q
                                   net (fanout=171)      0.968       2.346         u_CORES/u_debug_core_0/resetn
 CLMS_207_769/RSCO                 td                    0.094       2.440 r       u_CORES/u_debug_core_0/u0_trig_unit/conf_reg[59]/opit_0_inv_L6QL5Q/RSCO
                                   net (fanout=1)        0.000       2.440         _N49             
 CLMS_207_775/RSCO                 td                    0.075       2.515 r       u_CORES/u_debug_core_0/u0_trig_unit/signal_ff_dly[41]/opit_0_inv/RSCO
                                   net (fanout=6)        0.000       2.515         _N48             
 CLMS_207_781/RSCI                                                         r       u_CORES/u_debug_core_0/u0_trig_unit/match_single[39]/opit_0_inv_L6Q_perm/RS

 Data arrival time                                                   2.515         Logic Levels: 2  
                                                                                   Logic: 0.354ns(26.778%), Route: 0.968ns(73.222%)
----------------------------------------------------------------------------------------------------

 Clock hdmi_i2c_inst/i2c_ctrl_inst/i2c_clk/Q[0]_Inferred (rising edge)
                                                      1000.000    1000.000 r                        
 CLMA_177_768/CR0                                        0.000    1000.000 r       hdmi_i2c_inst/i2c_ctrl_inst/i2c_clk/opit_0_inv/Q
                                   net (fanout=670)      0.412    1000.412         hdmi_i2c_inst/cfg_clk
 CLMS_207_781/CLK                                                          r       u_CORES/u_debug_core_0/u0_trig_unit/match_single[39]/opit_0_inv_L6Q_perm/CLK
 clock pessimism                                         0.000    1000.412                          
 clock uncertainty                                      -0.050    1000.362                          

 Recovery time                                          -0.226    1000.136                          

 Data required time                                               1000.136                          
----------------------------------------------------------------------------------------------------
 Data required time                                               1000.136                          
 Data arrival time                                                  -2.515                          
----------------------------------------------------------------------------------------------------
 Slack (MET)                                                       997.621                          
====================================================================================================

====================================================================================================

Startpoint  : u_CORES/u_debug_core_0/resetn/opit_0/CLK
Endpoint    : u_CORES/u_debug_core_0/TRIG0_ff[0][32]/opit_0_inv/RS
Path Group  : hdmi_i2c_inst/i2c_ctrl_inst/i2c_clk/Q[0]_Inferred
Path Type   : max
Path Class  : async timing path
Clock Skew :    -0.781  (Capture Clock Delay - Launch Clock Delay + Clock Pessimism Removal)
  Capture Clock Delay     :  0.412
  Launch Clock Delay      :  1.193
  Clock Pessimism Removal :  0.000

 Location                          Delay Type             Incr        Path         Logical Resource 
----------------------------------------------------------------------------------------------------

 Clock hdmi_i2c_inst/i2c_ctrl_inst/i2c_clk/Q[0]_Inferred (rising edge)
                                                         0.000       0.000 r                        
 CLMA_177_768/CR0                                        0.000       0.000 r       hdmi_i2c_inst/i2c_ctrl_inst/i2c_clk/opit_0_inv/Q
                                   net (fanout=670)      1.193       1.193         hdmi_i2c_inst/cfg_clk
 CLMA_243_714/CLK                                                          r       u_CORES/u_debug_core_0/resetn/opit_0/CLK

 CLMA_243_714/Q3                   tco                   0.185       1.378 f       u_CORES/u_debug_core_0/resetn/opit_0/Q
                                   net (fanout=171)      0.968       2.346         u_CORES/u_debug_core_0/resetn
 CLMS_207_769/RSCO                 td                    0.094       2.440 r       u_CORES/u_debug_core_0/u0_trig_unit/conf_reg[59]/opit_0_inv_L6QL5Q/RSCO
                                   net (fanout=1)        0.000       2.440         _N49             
 CLMS_207_775/RSCO                 td                    0.075       2.515 r       u_CORES/u_debug_core_0/u0_trig_unit/signal_ff_dly[41]/opit_0_inv/RSCO
                                   net (fanout=6)        0.000       2.515         _N48             
 CLMS_207_781/RSCI                                                         r       u_CORES/u_debug_core_0/TRIG0_ff[0][32]/opit_0_inv/RS

 Data arrival time                                                   2.515         Logic Levels: 2  
                                                                                   Logic: 0.354ns(26.778%), Route: 0.968ns(73.222%)
----------------------------------------------------------------------------------------------------

 Clock hdmi_i2c_inst/i2c_ctrl_inst/i2c_clk/Q[0]_Inferred (rising edge)
                                                      1000.000    1000.000 r                        
 CLMA_177_768/CR0                                        0.000    1000.000 r       hdmi_i2c_inst/i2c_ctrl_inst/i2c_clk/opit_0_inv/Q
                                   net (fanout=670)      0.412    1000.412         hdmi_i2c_inst/cfg_clk
 CLMS_207_781/CLK                                                          r       u_CORES/u_debug_core_0/TRIG0_ff[0][32]/opit_0_inv/CLK
 clock pessimism                                         0.000    1000.412                          
 clock uncertainty                                      -0.050    1000.362                          

 Recovery time                                          -0.226    1000.136                          

 Data required time                                               1000.136                          
----------------------------------------------------------------------------------------------------
 Data required time                                               1000.136                          
 Data arrival time                                                  -2.515                          
----------------------------------------------------------------------------------------------------
 Slack (MET)                                                       997.621                          
====================================================================================================

====================================================================================================

Startpoint  : u_CORES/u_debug_core_0/resetn/opit_0/CLK
Endpoint    : u_CORES/u_debug_core_0/data_pipe[4][23]/opit_0_inv_L6QL5Q_perm/RS
Path Group  : hdmi_i2c_inst/i2c_ctrl_inst/i2c_clk/Q[0]_Inferred
Path Type   : min
Path Class  : async timing path
Clock Skew :    0.555  (Capture Clock Delay - Launch Clock Delay + Clock Pessimism Removal)
  Capture Clock Delay     :  1.475
  Launch Clock Delay      :  0.872
  Clock Pessimism Removal :  -0.048

 Location                          Delay Type             Incr        Path         Logical Resource 
----------------------------------------------------------------------------------------------------

 Clock hdmi_i2c_inst/i2c_ctrl_inst/i2c_clk/Q[0]_Inferred (rising edge)
                                                         0.000       0.000 r                        
 CLMA_177_768/CR0                                        0.000       0.000 r       hdmi_i2c_inst/i2c_ctrl_inst/i2c_clk/opit_0_inv/Q
                                   net (fanout=670)      0.872       0.872         hdmi_i2c_inst/cfg_clk
 CLMA_243_714/CLK                                                          r       u_CORES/u_debug_core_0/resetn/opit_0/CLK

 CLMA_243_714/Q3                   tco                   0.158       1.030 f       u_CORES/u_debug_core_0/resetn/opit_0/Q
                                   net (fanout=171)      0.237       1.267         u_CORES/u_debug_core_0/resetn
 CLMA_249_708/RS                                                           f       u_CORES/u_debug_core_0/data_pipe[4][23]/opit_0_inv_L6QL5Q_perm/RS

 Data arrival time                                                   1.267         Logic Levels: 0  
                                                                                   Logic: 0.158ns(40.000%), Route: 0.237ns(60.000%)
----------------------------------------------------------------------------------------------------

 Clock hdmi_i2c_inst/i2c_ctrl_inst/i2c_clk/Q[0]_Inferred (rising edge)
                                                         0.000       0.000 r                        
 CLMA_177_768/CR0                                        0.000       0.000 r       hdmi_i2c_inst/i2c_ctrl_inst/i2c_clk/opit_0_inv/Q
                                   net (fanout=670)      1.475       1.475         hdmi_i2c_inst/cfg_clk
 CLMA_249_708/CLK                                                          r       u_CORES/u_debug_core_0/data_pipe[4][23]/opit_0_inv_L6QL5Q_perm/CLK
 clock pessimism                                        -0.048       1.427                          
 clock uncertainty                                       0.000       1.427                          

 Removal time                                           -0.057       1.370                          

 Data required time                                                  1.370                          
----------------------------------------------------------------------------------------------------
 Data required time                                                  1.370                          
 Data arrival time                                                  -1.267                          
----------------------------------------------------------------------------------------------------
 Slack (VIOLATED)                                                   -0.103                          
====================================================================================================

====================================================================================================

Startpoint  : u_CORES/u_debug_core_0/resetn/opit_0/CLK
Endpoint    : u_CORES/u_debug_core_0/data_pipe[4][49]/opit_0_inv_L6QL5Q_perm/RS
Path Group  : hdmi_i2c_inst/i2c_ctrl_inst/i2c_clk/Q[0]_Inferred
Path Type   : min
Path Class  : async timing path
Clock Skew :    0.679  (Capture Clock Delay - Launch Clock Delay + Clock Pessimism Removal)
  Capture Clock Delay     :  1.599
  Launch Clock Delay      :  0.872
  Clock Pessimism Removal :  -0.048

 Location                          Delay Type             Incr        Path         Logical Resource 
----------------------------------------------------------------------------------------------------

 Clock hdmi_i2c_inst/i2c_ctrl_inst/i2c_clk/Q[0]_Inferred (rising edge)
                                                         0.000       0.000 r                        
 CLMA_177_768/CR0                                        0.000       0.000 r       hdmi_i2c_inst/i2c_ctrl_inst/i2c_clk/opit_0_inv/Q
                                   net (fanout=670)      0.872       0.872         hdmi_i2c_inst/cfg_clk
 CLMA_243_714/CLK                                                          r       u_CORES/u_debug_core_0/resetn/opit_0/CLK

 CLMA_243_714/Q3                   tco                   0.174       1.046 r       u_CORES/u_debug_core_0/resetn/opit_0/Q
                                   net (fanout=171)      0.380       1.426         u_CORES/u_debug_core_0/resetn
 CLMA_249_726/RSCO                 td                    0.076       1.502 f       u_CORES/u_debug_core_0/data_pipe[4][17]/opit_0_inv_L6QL5Q_perm/RSCO
                                   net (fanout=4)        0.000       1.502         _N76             
 CLMA_249_732/RSCI                                                         f       u_CORES/u_debug_core_0/data_pipe[4][49]/opit_0_inv_L6QL5Q_perm/RS

 Data arrival time                                                   1.502         Logic Levels: 1  
                                                                                   Logic: 0.250ns(39.683%), Route: 0.380ns(60.317%)
----------------------------------------------------------------------------------------------------

 Clock hdmi_i2c_inst/i2c_ctrl_inst/i2c_clk/Q[0]_Inferred (rising edge)
                                                         0.000       0.000 r                        
 CLMA_177_768/CR0                                        0.000       0.000 r       hdmi_i2c_inst/i2c_ctrl_inst/i2c_clk/opit_0_inv/Q
                                   net (fanout=670)      1.599       1.599         hdmi_i2c_inst/cfg_clk
 CLMA_249_732/CLK                                                          r       u_CORES/u_debug_core_0/data_pipe[4][49]/opit_0_inv_L6QL5Q_perm/CLK
 clock pessimism                                        -0.048       1.551                          
 clock uncertainty                                       0.000       1.551                          

 Removal time                                           -0.057       1.494                          

 Data required time                                                  1.494                          
----------------------------------------------------------------------------------------------------
 Data required time                                                  1.494                          
 Data arrival time                                                  -1.502                          
----------------------------------------------------------------------------------------------------
 Slack (MET)                                                         0.008                          
====================================================================================================

====================================================================================================

Startpoint  : u_CORES/u_debug_core_0/resetn/opit_0/CLK
Endpoint    : u_CORES/u_debug_core_0/data_pipe[3][50]/opit_0_inv_L6QL5Q_perm/RS
Path Group  : hdmi_i2c_inst/i2c_ctrl_inst/i2c_clk/Q[0]_Inferred
Path Type   : min
Path Class  : async timing path
Clock Skew :    0.679  (Capture Clock Delay - Launch Clock Delay + Clock Pessimism Removal)
  Capture Clock Delay     :  1.599
  Launch Clock Delay      :  0.872
  Clock Pessimism Removal :  -0.048

 Location                          Delay Type             Incr        Path         Logical Resource 
----------------------------------------------------------------------------------------------------

 Clock hdmi_i2c_inst/i2c_ctrl_inst/i2c_clk/Q[0]_Inferred (rising edge)
                                                         0.000       0.000 r                        
 CLMA_177_768/CR0                                        0.000       0.000 r       hdmi_i2c_inst/i2c_ctrl_inst/i2c_clk/opit_0_inv/Q
                                   net (fanout=670)      0.872       0.872         hdmi_i2c_inst/cfg_clk
 CLMA_243_714/CLK                                                          r       u_CORES/u_debug_core_0/resetn/opit_0/CLK

 CLMA_243_714/Q3                   tco                   0.174       1.046 r       u_CORES/u_debug_core_0/resetn/opit_0/Q
                                   net (fanout=171)      0.380       1.426         u_CORES/u_debug_core_0/resetn
 CLMA_249_726/RSCO                 td                    0.076       1.502 f       u_CORES/u_debug_core_0/data_pipe[4][17]/opit_0_inv_L6QL5Q_perm/RSCO
                                   net (fanout=4)        0.000       1.502         _N76             
 CLMA_249_732/RSCI                                                         f       u_CORES/u_debug_core_0/data_pipe[3][50]/opit_0_inv_L6QL5Q_perm/RS

 Data arrival time                                                   1.502         Logic Levels: 1  
                                                                                   Logic: 0.250ns(39.683%), Route: 0.380ns(60.317%)
----------------------------------------------------------------------------------------------------

 Clock hdmi_i2c_inst/i2c_ctrl_inst/i2c_clk/Q[0]_Inferred (rising edge)
                                                         0.000       0.000 r                        
 CLMA_177_768/CR0                                        0.000       0.000 r       hdmi_i2c_inst/i2c_ctrl_inst/i2c_clk/opit_0_inv/Q
                                   net (fanout=670)      1.599       1.599         hdmi_i2c_inst/cfg_clk
 CLMA_249_732/CLK                                                          r       u_CORES/u_debug_core_0/data_pipe[3][50]/opit_0_inv_L6QL5Q_perm/CLK
 clock pessimism                                        -0.048       1.551                          
 clock uncertainty                                       0.000       1.551                          

 Removal time                                           -0.057       1.494                          

 Data required time                                                  1.494                          
----------------------------------------------------------------------------------------------------
 Data required time                                                  1.494                          
 Data arrival time                                                  -1.502                          
----------------------------------------------------------------------------------------------------
 Slack (MET)                                                         0.008                          
====================================================================================================

====================================================================================================

Startpoint  : hdmi_i2c_inst/i2c_ctrl_inst/cnt_bit[2]/opit_0_inv_L6QL5Q_perm/CLK
Endpoint    : ddc_scl (port)
Path Group  : **default**
Path Type   : max
Path Class  : combinational timing path

 Location                          Delay Type             Incr        Path         Logical Resource 
----------------------------------------------------------------------------------------------------

 Clock hdmi_i2c_inst/i2c_ctrl_inst/i2c_clk/Q[0]_Inferred (rising edge)
                                                         0.000       0.000 r                        
 CLMA_177_768/CR0                                        0.000       0.000 r       hdmi_i2c_inst/i2c_ctrl_inst/i2c_clk/opit_0_inv/Q
                                   net (fanout=670)      0.578       0.578         hdmi_i2c_inst/cfg_clk
 CLMA_195_750/CLK                                                          r       hdmi_i2c_inst/i2c_ctrl_inst/cnt_bit[2]/opit_0_inv_L6QL5Q_perm/CLK

 CLMA_195_750/CR0                  tco                   0.249       0.827 r       hdmi_i2c_inst/i2c_ctrl_inst/cnt_bit[2]/opit_0_inv_L6QL5Q_perm/L5Q
                                   net (fanout=24)       0.545       1.372         hdmi_i2c_inst/i2c_ctrl_inst/cnt_bit [2]
 CLMA_195_757/Y0                   td                    0.096       1.468 r       hdmi_i2c_inst/i2c_ctrl_inst/N516/LUT6D_inst_perm/L6
                                   net (fanout=1)        0.398       1.866         hdmi_i2c_inst/i2c_ctrl_inst/N636
 CLMA_195_751/Y0                   td                    0.179       2.045 r       u_CORES/u_debug_core_0/TRIG0_ff[1][41]/opit_0_inv_L6QQ_perm/L6
                                   net (fanout=2)        2.339       4.384         _N283            
 IOLHR_16_480/DO_P                 td                    1.172       5.556 r       ddc_scl_obuf/opit_1/DO_P
                                   net (fanout=1)        0.000       5.556         ddc_scl_obuf/ntO 
 IOBD_0_480/PAD                    td                    2.410       7.966 r       ddc_scl_obuf/opit_0/O
                                   net (fanout=1)        0.131       8.097         ddc_scl          
 L22                                                                       r       ddc_scl (port)   

 Data arrival time                                                   8.097         Logic Levels: 4  
                                                                                   Logic: 4.106ns(54.608%), Route: 3.413ns(45.392%)
====================================================================================================

====================================================================================================

Startpoint  : hdmi_i2c_inst/i2c_ctrl_inst/state_13/opit_0_inv_L6QL5Q_perm/CLK
Endpoint    : ddc_sda (port)
Path Group  : **default**
Path Type   : max
Path Class  : combinational timing path

 Location                          Delay Type             Incr        Path         Logical Resource 
----------------------------------------------------------------------------------------------------

 Clock hdmi_i2c_inst/i2c_ctrl_inst/i2c_clk/Q[0]_Inferred (rising edge)
                                                         0.000       0.000 r                        
 CLMA_177_768/CR0                                        0.000       0.000 r       hdmi_i2c_inst/i2c_ctrl_inst/i2c_clk/opit_0_inv/Q
                                   net (fanout=670)      0.534       0.534         hdmi_i2c_inst/cfg_clk
 CLMA_195_774/CLK                                                          r       hdmi_i2c_inst/i2c_ctrl_inst/state_13/opit_0_inv_L6QL5Q_perm/CLK

 CLMA_195_774/CR3                  tco                   0.248       0.782 r       hdmi_i2c_inst/i2c_ctrl_inst/state_13/opit_0_inv_L6QL5Q_perm/L5Q
                                   net (fanout=15)       0.594       1.376         hdmi_i2c_inst/i2c_ctrl_inst/state_13
 CLMA_189_756/Y2                   td                    0.108       1.484 r       hdmi_i2c_inst/i2c_ctrl_inst/N745_2/LUT6D_inst_perm/L6
                                   net (fanout=1)        2.307       3.791         _N420            
 IOLHR_16_474/DO_N                 td                    1.067       4.858 r       hdmi_i2c_inst.i2c_ctrl_inst.i2c_sda_tri/opit_1/DO_N
                                   net (fanout=1)        0.000       4.858         hdmi_i2c_inst.i2c_ctrl_inst.i2c_sda_tri/ntT
 IOBS_0_474/PAD                    tse                   2.618       7.476 f       hdmi_i2c_inst.i2c_ctrl_inst.i2c_sda_tri/opit_0/IO
                                   net (fanout=1)        0.129       7.605         nt_ddc_sda       
 L23                                                                       f       ddc_sda (port)   

 Data arrival time                                                   7.605         Logic Levels: 3  
                                                                                   Logic: 4.041ns(57.149%), Route: 3.030ns(42.851%)
====================================================================================================

====================================================================================================

Startpoint  : hdmi_in_vsync (port)
Endpoint    : hdmi_out_vsync (port)
Path Group  : **default**
Path Type   : max
Path Class  : combinational timing path

 Location                          Delay Type             Incr        Path         Logical Resource 
----------------------------------------------------------------------------------------------------


 N22                                                     0.000       0.000 f       hdmi_in_vsync (port)
                                   net (fanout=1)        0.130       0.130         hdmi_in_vsync    
 IOBS_0_444/DIN                    td                    0.756       0.886 f       hdmi_in_vsync_ibuf/opit_0/O
                                   net (fanout=1)        0.000       0.886         hdmi_in_vsync_ibuf/ntD
 IOLHR_16_444/DI_TO_CLK            td                    0.105       0.991 f       hdmi_in_vsync_ibuf/opit_1/DI_TO_CLK
                                   net (fanout=1)        2.010       3.001         nt_hdmi_in_vsync 
 IOLHR_16_816/DO_P                 td                    1.172       4.173 f       hdmi_out_vsync_obuf/opit_1/DO_P
                                   net (fanout=1)        0.000       4.173         hdmi_out_vsync_obuf/ntO
 IOBS_0_816/PAD                    td                    2.618       6.791 f       hdmi_out_vsync_obuf/opit_0/O
                                   net (fanout=1)        0.086       6.877         hdmi_out_vsync   
 L18                                                                       f       hdmi_out_vsync (port)

 Data arrival time                                                   6.877         Logic Levels: 4  
                                                                                   Logic: 4.651ns(67.631%), Route: 2.226ns(32.369%)
====================================================================================================

====================================================================================================

Startpoint  : hdmi_in_clk (port)
Endpoint    : u_CORES/u_debug_core_0/TRIG0_ff[0][32]/opit_0_inv/D
Path Group  : **default**
Path Type   : min
Path Class  : combinational timing path

 Location                          Delay Type             Incr        Path         Logical Resource 
----------------------------------------------------------------------------------------------------


 M16                                                     0.000       0.000 f       hdmi_in_clk (port)
                                   net (fanout=1)        0.085       0.085         hdmi_in_clk      
 IOBD_0_846/DIN                    td                    0.646       0.731 f       hdmi_in_clk_ibuf/opit_0/O
                                   net (fanout=1)        0.000       0.731         hdmi_in_clk_ibuf/ntD
 IOLHR_16_846/DI_TO_CLK            td                    0.091       0.822 f       hdmi_in_clk_ibuf/opit_1/DI_TO_CLK
                                   net (fanout=5)        1.156       1.978         nt_hdmi_in_clk   
 CLMS_207_781/M2                                                           f       u_CORES/u_debug_core_0/TRIG0_ff[0][32]/opit_0_inv/D

 Data arrival time                                                   1.978         Logic Levels: 2  
                                                                                   Logic: 0.737ns(37.260%), Route: 1.241ns(62.740%)
====================================================================================================

====================================================================================================

Startpoint  : hdmi_in_clk (port)
Endpoint    : u_CORES/u_debug_core_0/TRIG0_ff[0][39]/opit_0_inv/D
Path Group  : **default**
Path Type   : min
Path Class  : combinational timing path

 Location                          Delay Type             Incr        Path         Logical Resource 
----------------------------------------------------------------------------------------------------


 M16                                                     0.000       0.000 f       hdmi_in_clk (port)
                                   net (fanout=1)        0.085       0.085         hdmi_in_clk      
 IOBD_0_846/DIN                    td                    0.646       0.731 f       hdmi_in_clk_ibuf/opit_0/O
                                   net (fanout=1)        0.000       0.731         hdmi_in_clk_ibuf/ntD
 IOLHR_16_846/DI_TO_CLK            td                    0.091       0.822 f       hdmi_in_clk_ibuf/opit_1/DI_TO_CLK
                                   net (fanout=5)        1.156       1.978         nt_hdmi_in_clk   
 CLMS_207_781/M2                                                           f       u_CORES/u_debug_core_0/TRIG0_ff[0][39]/opit_0_inv/D

 Data arrival time                                                   1.978         Logic Levels: 2  
                                                                                   Logic: 0.737ns(37.260%), Route: 1.241ns(62.740%)
====================================================================================================

====================================================================================================

Startpoint  : sys_rst_n (port)
Endpoint    : hdmi_i2c_inst/hdmi_cfg_inst/reg_num[6]/opit_0_inv_L6Q_perm/RS
Path Group  : **default**
Path Type   : min
Path Class  : combinational timing path

 Location                          Delay Type             Incr        Path         Logical Resource 
----------------------------------------------------------------------------------------------------


 G25                                                     0.000       0.000 f       sys_rst_n (port) 
                                   net (fanout=1)        0.145       0.145         sys_rst_n        
 IOBD_0_636/DIN                    td                    0.646       0.791 f       sys_rst_n_ibuf/opit_0/O
                                   net (fanout=1)        0.000       0.791         sys_rst_n_ibuf/ntD
 IOLHR_16_636/DI_TO_CLK            td                    0.091       0.882 f       sys_rst_n_ibuf/opit_1/DI_TO_CLK
                                   net (fanout=35)       1.137       2.019         nt_sys_rst_n     
 CLMA_195_745/RS                                                           f       hdmi_i2c_inst/hdmi_cfg_inst/reg_num[6]/opit_0_inv_L6Q_perm/RS

 Data arrival time                                                   2.019         Logic Levels: 2  
                                                                                   Logic: 0.737ns(36.503%), Route: 1.282ns(63.497%)
====================================================================================================

====================================================================================================
Fast Corner: 1050mV -40C
****************************************************************************************************
====================================================================================================

Startpoint  : hdmi_i2c_inst/i2c_ctrl_inst/cnt_clk[2]/opit_0_inv_L6Q_LUT6DQL5Q_perm/CLK
Endpoint    : hdmi_i2c_inst/i2c_ctrl_inst/i2c_clk/opit_0_inv/D
Path Group  : sys_clk
Path Type   : max
Path Class  : sequential timing path
Clock Skew :    -0.039  (Capture Clock Delay - Launch Clock Delay + Clock Pessimism Removal)
  Capture Clock Delay     :  2.168
  Launch Clock Delay      :  2.541
  Clock Pessimism Removal :  0.334

 Location                          Delay Type             Incr        Path         Logical Resource 
----------------------------------------------------------------------------------------------------

 Clock sys_clk (rising edge)                             0.000       0.000 r                        
 R3                                                      0.000       0.000 r       sys_clk (port)   
                                   net (fanout=1)        0.096       0.096         sys_clk          
 IOBD_372_450/DIN                  td                    0.659       0.755 r       sys_clk_ibuf/opit_0/O
                                   net (fanout=1)        0.000       0.755         sys_clk_ibuf/ntD 
 IOLHR_364_450/DI_TO_CLK           td                    0.087       0.842 r       sys_clk_ibuf/opit_1/DI_TO_CLK
                                   net (fanout=1)        0.588       1.430         nt_sys_clk       
 USCM_215_576/CLKOUT               td                    0.115       1.545 r       clkbufg_3/gopclkbufg/CLKOUT
                                   net (fanout=1)        0.397       1.942         ntclkbufg_0      
 HCKB_213_506/CLKOUT               td                    0.233       2.175 r       HCKBROUTE_287/CLKOUT
                                   net (fanout=8)        0.366       2.541         _N403            
 CLMA_177_769/CLK                                                          r       hdmi_i2c_inst/i2c_ctrl_inst/cnt_clk[2]/opit_0_inv_L6Q_LUT6DQL5Q_perm/CLK

 CLMA_177_769/CR0                  tco                   0.141       2.682 f       hdmi_i2c_inst/i2c_ctrl_inst/cnt_clk[2]/opit_0_inv_L6Q_LUT6DQL5Q_perm/L5Q
                                   net (fanout=3)        0.342       3.024         hdmi_i2c_inst/i2c_ctrl_inst/cnt_clk [1]
 CLMA_177_769/Y1                   td                    0.122       3.146 f       hdmi_i2c_inst/i2c_ctrl_inst/N505_6/gateop_LUT6DL5_perm/L6
                                   net (fanout=4)        0.242       3.388         hdmi_i2c_inst/i2c_ctrl_inst/_N534
 CLMS_171_769/Y0                   td                    0.066       3.454 f       hdmi_i2c_inst/i2c_ctrl_inst/i2c_clk_ce_mux[0]/LUT6_inst_perm/L6
                                   net (fanout=1)        0.245       3.699         hdmi_i2c_inst/i2c_ctrl_inst/_N496
 CLMA_177_768/M0                                                           f       hdmi_i2c_inst/i2c_ctrl_inst/i2c_clk/opit_0_inv/D

 Data arrival time                                                   3.699         Logic Levels: 2  
                                                                                   Logic: 0.329ns(28.411%), Route: 0.829ns(71.589%)
----------------------------------------------------------------------------------------------------

 Clock sys_clk (rising edge)                            20.000      20.000 r                        
 R3                                                      0.000      20.000 r       sys_clk (port)   
                                   net (fanout=1)        0.096      20.096         sys_clk          
 IOBD_372_450/DIN                  td                    0.563      20.659 r       sys_clk_ibuf/opit_0/O
                                   net (fanout=1)        0.000      20.659         sys_clk_ibuf/ntD 
 IOLHR_364_450/DI_TO_CLK           td                    0.073      20.732 r       sys_clk_ibuf/opit_1/DI_TO_CLK
                                   net (fanout=1)        0.493      21.225         nt_sys_clk       
 USCM_215_576/CLKOUT               td                    0.097      21.322 r       clkbufg_3/gopclkbufg/CLKOUT
                                   net (fanout=1)        0.334      21.656         ntclkbufg_0      
 HCKB_213_506/CLKOUT               td                    0.195      21.851 r       HCKBROUTE_287/CLKOUT
                                   net (fanout=8)        0.317      22.168         _N403            
 CLMA_177_768/CLK                                                          r       hdmi_i2c_inst/i2c_ctrl_inst/i2c_clk/opit_0_inv/CLK
 clock pessimism                                         0.334      22.502                          
 clock uncertainty                                      -0.050      22.452                          

 Setup time                                             -0.073      22.379                          

 Data required time                                                 22.379                          
----------------------------------------------------------------------------------------------------
 Data required time                                                 22.379                          
 Data arrival time                                                  -3.699                          
----------------------------------------------------------------------------------------------------
 Slack (MET)                                                        18.680                          
====================================================================================================

====================================================================================================

Startpoint  : hdmi_i2c_inst/i2c_ctrl_inst/cnt_clk[2]/opit_0_inv_L6Q_LUT6DQL5Q_perm/CLK
Endpoint    : hdmi_i2c_inst/i2c_ctrl_inst/cnt_clk[6]/opit_0_inv_L6Q_perm/I0
Path Group  : sys_clk
Path Type   : max
Path Class  : sequential timing path
Clock Skew :    -0.001  (Capture Clock Delay - Launch Clock Delay + Clock Pessimism Removal)
  Capture Clock Delay     :  2.168
  Launch Clock Delay      :  2.541
  Clock Pessimism Removal :  0.372

 Location                          Delay Type             Incr        Path         Logical Resource 
----------------------------------------------------------------------------------------------------

 Clock sys_clk (rising edge)                             0.000       0.000 r                        
 R3                                                      0.000       0.000 r       sys_clk (port)   
                                   net (fanout=1)        0.096       0.096         sys_clk          
 IOBD_372_450/DIN                  td                    0.659       0.755 r       sys_clk_ibuf/opit_0/O
                                   net (fanout=1)        0.000       0.755         sys_clk_ibuf/ntD 
 IOLHR_364_450/DI_TO_CLK           td                    0.087       0.842 r       sys_clk_ibuf/opit_1/DI_TO_CLK
                                   net (fanout=1)        0.588       1.430         nt_sys_clk       
 USCM_215_576/CLKOUT               td                    0.115       1.545 r       clkbufg_3/gopclkbufg/CLKOUT
                                   net (fanout=1)        0.397       1.942         ntclkbufg_0      
 HCKB_213_506/CLKOUT               td                    0.233       2.175 r       HCKBROUTE_287/CLKOUT
                                   net (fanout=8)        0.366       2.541         _N403            
 CLMA_177_769/CLK                                                          r       hdmi_i2c_inst/i2c_ctrl_inst/cnt_clk[2]/opit_0_inv_L6Q_LUT6DQL5Q_perm/CLK

 CLMA_177_769/CR0                  tco                   0.141       2.682 f       hdmi_i2c_inst/i2c_ctrl_inst/cnt_clk[2]/opit_0_inv_L6Q_LUT6DQL5Q_perm/L5Q
                                   net (fanout=3)        0.342       3.024         hdmi_i2c_inst/i2c_ctrl_inst/cnt_clk [1]
 CLMA_177_769/CR1                  td                    0.184       3.208 r       hdmi_i2c_inst/i2c_ctrl_inst/N505_6/gateop_LUT6DL5_perm/L5
                                   net (fanout=4)        0.139       3.347         hdmi_i2c_inst/i2c_ctrl_inst/_N35
 CLMA_177_769/C0                                                           r       hdmi_i2c_inst/i2c_ctrl_inst/cnt_clk[6]/opit_0_inv_L6Q_perm/I0

 Data arrival time                                                   3.347         Logic Levels: 1  
                                                                                   Logic: 0.325ns(40.323%), Route: 0.481ns(59.677%)
----------------------------------------------------------------------------------------------------

 Clock sys_clk (rising edge)                            20.000      20.000 r                        
 R3                                                      0.000      20.000 r       sys_clk (port)   
                                   net (fanout=1)        0.096      20.096         sys_clk          
 IOBD_372_450/DIN                  td                    0.563      20.659 r       sys_clk_ibuf/opit_0/O
                                   net (fanout=1)        0.000      20.659         sys_clk_ibuf/ntD 
 IOLHR_364_450/DI_TO_CLK           td                    0.073      20.732 r       sys_clk_ibuf/opit_1/DI_TO_CLK
                                   net (fanout=1)        0.493      21.225         nt_sys_clk       
 USCM_215_576/CLKOUT               td                    0.097      21.322 r       clkbufg_3/gopclkbufg/CLKOUT
                                   net (fanout=1)        0.334      21.656         ntclkbufg_0      
 HCKB_213_506/CLKOUT               td                    0.195      21.851 r       HCKBROUTE_287/CLKOUT
                                   net (fanout=8)        0.317      22.168         _N403            
 CLMA_177_769/CLK                                                          r       hdmi_i2c_inst/i2c_ctrl_inst/cnt_clk[6]/opit_0_inv_L6Q_perm/CLK
 clock pessimism                                         0.372      22.540                          
 clock uncertainty                                      -0.050      22.490                          

 Setup time                                             -0.141      22.349                          

 Data required time                                                 22.349                          
----------------------------------------------------------------------------------------------------
 Data required time                                                 22.349                          
 Data arrival time                                                  -3.347                          
----------------------------------------------------------------------------------------------------
 Slack (MET)                                                        19.002                          
====================================================================================================

====================================================================================================

Startpoint  : hdmi_i2c_inst/i2c_ctrl_inst/cnt_clk[2]/opit_0_inv_L6Q_LUT6DQL5Q_perm/CLK
Endpoint    : hdmi_i2c_inst/i2c_ctrl_inst/cnt_clk[7]/opit_0_inv_L6Q_perm/I4
Path Group  : sys_clk
Path Type   : max
Path Class  : sequential timing path
Clock Skew :    -0.039  (Capture Clock Delay - Launch Clock Delay + Clock Pessimism Removal)
  Capture Clock Delay     :  2.168
  Launch Clock Delay      :  2.541
  Clock Pessimism Removal :  0.334

 Location                          Delay Type             Incr        Path         Logical Resource 
----------------------------------------------------------------------------------------------------

 Clock sys_clk (rising edge)                             0.000       0.000 r                        
 R3                                                      0.000       0.000 r       sys_clk (port)   
                                   net (fanout=1)        0.096       0.096         sys_clk          
 IOBD_372_450/DIN                  td                    0.659       0.755 r       sys_clk_ibuf/opit_0/O
                                   net (fanout=1)        0.000       0.755         sys_clk_ibuf/ntD 
 IOLHR_364_450/DI_TO_CLK           td                    0.087       0.842 r       sys_clk_ibuf/opit_1/DI_TO_CLK
                                   net (fanout=1)        0.588       1.430         nt_sys_clk       
 USCM_215_576/CLKOUT               td                    0.115       1.545 r       clkbufg_3/gopclkbufg/CLKOUT
                                   net (fanout=1)        0.397       1.942         ntclkbufg_0      
 HCKB_213_506/CLKOUT               td                    0.233       2.175 r       HCKBROUTE_287/CLKOUT
                                   net (fanout=8)        0.366       2.541         _N403            
 CLMA_177_769/CLK                                                          r       hdmi_i2c_inst/i2c_ctrl_inst/cnt_clk[2]/opit_0_inv_L6Q_LUT6DQL5Q_perm/CLK

 CLMA_177_769/CR0                  tco                   0.141       2.682 f       hdmi_i2c_inst/i2c_ctrl_inst/cnt_clk[2]/opit_0_inv_L6Q_LUT6DQL5Q_perm/L5Q
                                   net (fanout=3)        0.342       3.024         hdmi_i2c_inst/i2c_ctrl_inst/cnt_clk [1]
 CLMA_177_769/CR1                  td                    0.183       3.207 f       hdmi_i2c_inst/i2c_ctrl_inst/N505_6/gateop_LUT6DL5_perm/L5
                                   net (fanout=4)        0.147       3.354         hdmi_i2c_inst/i2c_ctrl_inst/_N35
 CLMA_177_768/C4                                                           f       hdmi_i2c_inst/i2c_ctrl_inst/cnt_clk[7]/opit_0_inv_L6Q_perm/I4

 Data arrival time                                                   3.354         Logic Levels: 1  
                                                                                   Logic: 0.324ns(39.852%), Route: 0.489ns(60.148%)
----------------------------------------------------------------------------------------------------

 Clock sys_clk (rising edge)                            20.000      20.000 r                        
 R3                                                      0.000      20.000 r       sys_clk (port)   
                                   net (fanout=1)        0.096      20.096         sys_clk          
 IOBD_372_450/DIN                  td                    0.563      20.659 r       sys_clk_ibuf/opit_0/O
                                   net (fanout=1)        0.000      20.659         sys_clk_ibuf/ntD 
 IOLHR_364_450/DI_TO_CLK           td                    0.073      20.732 r       sys_clk_ibuf/opit_1/DI_TO_CLK
                                   net (fanout=1)        0.493      21.225         nt_sys_clk       
 USCM_215_576/CLKOUT               td                    0.097      21.322 r       clkbufg_3/gopclkbufg/CLKOUT
                                   net (fanout=1)        0.334      21.656         ntclkbufg_0      
 HCKB_213_506/CLKOUT               td                    0.195      21.851 r       HCKBROUTE_287/CLKOUT
                                   net (fanout=8)        0.317      22.168         _N403            
 CLMA_177_768/CLK                                                          r       hdmi_i2c_inst/i2c_ctrl_inst/cnt_clk[7]/opit_0_inv_L6Q_perm/CLK
 clock pessimism                                         0.334      22.502                          
 clock uncertainty                                      -0.050      22.452                          

 Setup time                                             -0.079      22.373                          

 Data required time                                                 22.373                          
----------------------------------------------------------------------------------------------------
 Data required time                                                 22.373                          
 Data arrival time                                                  -3.354                          
----------------------------------------------------------------------------------------------------
 Slack (MET)                                                        19.019                          
====================================================================================================

====================================================================================================

Startpoint  : hdmi_i2c_inst/i2c_ctrl_inst/cnt_clk[5]/opit_0_inv_L6Q_perm/CLK
Endpoint    : hdmi_i2c_inst/i2c_ctrl_inst/cnt_clk[7]/opit_0_inv_L6Q_perm/I5
Path Group  : sys_clk
Path Type   : min
Path Class  : sequential timing path
Clock Skew :    0.039  (Capture Clock Delay - Launch Clock Delay + Clock Pessimism Removal)
  Capture Clock Delay     :  2.541
  Launch Clock Delay      :  2.168
  Clock Pessimism Removal :  -0.334

 Location                          Delay Type             Incr        Path         Logical Resource 
----------------------------------------------------------------------------------------------------

 Clock sys_clk (rising edge)                             0.000       0.000 r                        
 R3                                                      0.000       0.000 r       sys_clk (port)   
                                   net (fanout=1)        0.096       0.096         sys_clk          
 IOBD_372_450/DIN                  td                    0.563       0.659 r       sys_clk_ibuf/opit_0/O
                                   net (fanout=1)        0.000       0.659         sys_clk_ibuf/ntD 
 IOLHR_364_450/DI_TO_CLK           td                    0.073       0.732 r       sys_clk_ibuf/opit_1/DI_TO_CLK
                                   net (fanout=1)        0.493       1.225         nt_sys_clk       
 USCM_215_576/CLKOUT               td                    0.097       1.322 r       clkbufg_3/gopclkbufg/CLKOUT
                                   net (fanout=1)        0.334       1.656         ntclkbufg_0      
 HCKB_213_506/CLKOUT               td                    0.195       1.851 r       HCKBROUTE_287/CLKOUT
                                   net (fanout=8)        0.317       2.168         _N403            
 CLMA_177_769/CLK                                                          r       hdmi_i2c_inst/i2c_ctrl_inst/cnt_clk[5]/opit_0_inv_L6Q_perm/CLK

 CLMA_177_769/Q3                   tco                   0.103       2.271 r       hdmi_i2c_inst/i2c_ctrl_inst/cnt_clk[5]/opit_0_inv_L6Q_perm/L6Q
                                   net (fanout=4)        0.062       2.333         hdmi_i2c_inst/i2c_ctrl_inst/cnt_clk [5]
 CLMA_177_768/C5                                                           r       hdmi_i2c_inst/i2c_ctrl_inst/cnt_clk[7]/opit_0_inv_L6Q_perm/I5

 Data arrival time                                                   2.333         Logic Levels: 0  
                                                                                   Logic: 0.103ns(62.424%), Route: 0.062ns(37.576%)
----------------------------------------------------------------------------------------------------

 Clock sys_clk (rising edge)                             0.000       0.000 r                        
 R3                                                      0.000       0.000 r       sys_clk (port)   
                                   net (fanout=1)        0.096       0.096         sys_clk          
 IOBD_372_450/DIN                  td                    0.659       0.755 r       sys_clk_ibuf/opit_0/O
                                   net (fanout=1)        0.000       0.755         sys_clk_ibuf/ntD 
 IOLHR_364_450/DI_TO_CLK           td                    0.087       0.842 r       sys_clk_ibuf/opit_1/DI_TO_CLK
                                   net (fanout=1)        0.588       1.430         nt_sys_clk       
 USCM_215_576/CLKOUT               td                    0.115       1.545 r       clkbufg_3/gopclkbufg/CLKOUT
                                   net (fanout=1)        0.397       1.942         ntclkbufg_0      
 HCKB_213_506/CLKOUT               td                    0.233       2.175 r       HCKBROUTE_287/CLKOUT
                                   net (fanout=8)        0.366       2.541         _N403            
 CLMA_177_768/CLK                                                          r       hdmi_i2c_inst/i2c_ctrl_inst/cnt_clk[7]/opit_0_inv_L6Q_perm/CLK
 clock pessimism                                        -0.334       2.207                          
 clock uncertainty                                       0.000       2.207                          

 Hold time                                              -0.016       2.191                          

 Data required time                                                  2.191                          
----------------------------------------------------------------------------------------------------
 Data required time                                                  2.191                          
 Data arrival time                                                  -2.333                          
----------------------------------------------------------------------------------------------------
 Slack (MET)                                                         0.142                          
====================================================================================================

====================================================================================================

Startpoint  : hdmi_i2c_inst/i2c_ctrl_inst/cnt_clk[0]/opit_0_inv_L6Q_perm/CLK
Endpoint    : hdmi_i2c_inst/i2c_ctrl_inst/cnt_clk[5]/opit_0_inv_L6Q_perm/I4
Path Group  : sys_clk
Path Type   : min
Path Class  : sequential timing path
Clock Skew :    0.039  (Capture Clock Delay - Launch Clock Delay + Clock Pessimism Removal)
  Capture Clock Delay     :  2.541
  Launch Clock Delay      :  2.168
  Clock Pessimism Removal :  -0.334

 Location                          Delay Type             Incr        Path         Logical Resource 
----------------------------------------------------------------------------------------------------

 Clock sys_clk (rising edge)                             0.000       0.000 r                        
 R3                                                      0.000       0.000 r       sys_clk (port)   
                                   net (fanout=1)        0.096       0.096         sys_clk          
 IOBD_372_450/DIN                  td                    0.563       0.659 r       sys_clk_ibuf/opit_0/O
                                   net (fanout=1)        0.000       0.659         sys_clk_ibuf/ntD 
 IOLHR_364_450/DI_TO_CLK           td                    0.073       0.732 r       sys_clk_ibuf/opit_1/DI_TO_CLK
                                   net (fanout=1)        0.493       1.225         nt_sys_clk       
 USCM_215_576/CLKOUT               td                    0.097       1.322 r       clkbufg_3/gopclkbufg/CLKOUT
                                   net (fanout=1)        0.334       1.656         ntclkbufg_0      
 HCKB_213_506/CLKOUT               td                    0.195       1.851 r       HCKBROUTE_287/CLKOUT
                                   net (fanout=8)        0.317       2.168         _N403            
 CLMA_177_768/CLK                                                          r       hdmi_i2c_inst/i2c_ctrl_inst/cnt_clk[0]/opit_0_inv_L6Q_perm/CLK

 CLMA_177_768/Q0                   tco                   0.103       2.271 r       hdmi_i2c_inst/i2c_ctrl_inst/cnt_clk[0]/opit_0_inv_L6Q_perm/L6Q
                                   net (fanout=7)        0.060       2.331         hdmi_i2c_inst/i2c_ctrl_inst/cnt_clk [0]
 CLMA_177_769/D4                                                           r       hdmi_i2c_inst/i2c_ctrl_inst/cnt_clk[5]/opit_0_inv_L6Q_perm/I4

 Data arrival time                                                   2.331         Logic Levels: 0  
                                                                                   Logic: 0.103ns(63.190%), Route: 0.060ns(36.810%)
----------------------------------------------------------------------------------------------------

 Clock sys_clk (rising edge)                             0.000       0.000 r                        
 R3                                                      0.000       0.000 r       sys_clk (port)   
                                   net (fanout=1)        0.096       0.096         sys_clk          
 IOBD_372_450/DIN                  td                    0.659       0.755 r       sys_clk_ibuf/opit_0/O
                                   net (fanout=1)        0.000       0.755         sys_clk_ibuf/ntD 
 IOLHR_364_450/DI_TO_CLK           td                    0.087       0.842 r       sys_clk_ibuf/opit_1/DI_TO_CLK
                                   net (fanout=1)        0.588       1.430         nt_sys_clk       
 USCM_215_576/CLKOUT               td                    0.115       1.545 r       clkbufg_3/gopclkbufg/CLKOUT
                                   net (fanout=1)        0.397       1.942         ntclkbufg_0      
 HCKB_213_506/CLKOUT               td                    0.233       2.175 r       HCKBROUTE_287/CLKOUT
                                   net (fanout=8)        0.366       2.541         _N403            
 CLMA_177_769/CLK                                                          r       hdmi_i2c_inst/i2c_ctrl_inst/cnt_clk[5]/opit_0_inv_L6Q_perm/CLK
 clock pessimism                                        -0.334       2.207                          
 clock uncertainty                                       0.000       2.207                          

 Hold time                                              -0.024       2.183                          

 Data required time                                                  2.183                          
----------------------------------------------------------------------------------------------------
 Data required time                                                  2.183                          
 Data arrival time                                                  -2.331                          
----------------------------------------------------------------------------------------------------
 Slack (MET)                                                         0.148                          
====================================================================================================

====================================================================================================

Startpoint  : hdmi_i2c_inst/i2c_ctrl_inst/cnt_clk[4]/opit_0_inv_L6Q_perm/CLK
Endpoint    : hdmi_i2c_inst/i2c_ctrl_inst/cnt_clk[6]/opit_0_inv_L6Q_perm/I4
Path Group  : sys_clk
Path Type   : min
Path Class  : sequential timing path
Clock Skew :    0.039  (Capture Clock Delay - Launch Clock Delay + Clock Pessimism Removal)
  Capture Clock Delay     :  2.541
  Launch Clock Delay      :  2.168
  Clock Pessimism Removal :  -0.334

 Location                          Delay Type             Incr        Path         Logical Resource 
----------------------------------------------------------------------------------------------------

 Clock sys_clk (rising edge)                             0.000       0.000 r                        
 R3                                                      0.000       0.000 r       sys_clk (port)   
                                   net (fanout=1)        0.096       0.096         sys_clk          
 IOBD_372_450/DIN                  td                    0.563       0.659 r       sys_clk_ibuf/opit_0/O
                                   net (fanout=1)        0.000       0.659         sys_clk_ibuf/ntD 
 IOLHR_364_450/DI_TO_CLK           td                    0.073       0.732 r       sys_clk_ibuf/opit_1/DI_TO_CLK
                                   net (fanout=1)        0.493       1.225         nt_sys_clk       
 USCM_215_576/CLKOUT               td                    0.097       1.322 r       clkbufg_3/gopclkbufg/CLKOUT
                                   net (fanout=1)        0.334       1.656         ntclkbufg_0      
 HCKB_213_506/CLKOUT               td                    0.195       1.851 r       HCKBROUTE_287/CLKOUT
                                   net (fanout=8)        0.317       2.168         _N403            
 CLMA_177_768/CLK                                                          r       hdmi_i2c_inst/i2c_ctrl_inst/cnt_clk[4]/opit_0_inv_L6Q_perm/CLK

 CLMA_177_768/Q3                   tco                   0.103       2.271 r       hdmi_i2c_inst/i2c_ctrl_inst/cnt_clk[4]/opit_0_inv_L6Q_perm/L6Q
                                   net (fanout=7)        0.060       2.331         hdmi_i2c_inst/i2c_ctrl_inst/cnt_clk [4]
 CLMA_177_769/C4                                                           r       hdmi_i2c_inst/i2c_ctrl_inst/cnt_clk[6]/opit_0_inv_L6Q_perm/I4

 Data arrival time                                                   2.331         Logic Levels: 0  
                                                                                   Logic: 0.103ns(63.190%), Route: 0.060ns(36.810%)
----------------------------------------------------------------------------------------------------

 Clock sys_clk (rising edge)                             0.000       0.000 r                        
 R3                                                      0.000       0.000 r       sys_clk (port)   
                                   net (fanout=1)        0.096       0.096         sys_clk          
 IOBD_372_450/DIN                  td                    0.659       0.755 r       sys_clk_ibuf/opit_0/O
                                   net (fanout=1)        0.000       0.755         sys_clk_ibuf/ntD 
 IOLHR_364_450/DI_TO_CLK           td                    0.087       0.842 r       sys_clk_ibuf/opit_1/DI_TO_CLK
                                   net (fanout=1)        0.588       1.430         nt_sys_clk       
 USCM_215_576/CLKOUT               td                    0.115       1.545 r       clkbufg_3/gopclkbufg/CLKOUT
                                   net (fanout=1)        0.397       1.942         ntclkbufg_0      
 HCKB_213_506/CLKOUT               td                    0.233       2.175 r       HCKBROUTE_287/CLKOUT
                                   net (fanout=8)        0.366       2.541         _N403            
 CLMA_177_769/CLK                                                          r       hdmi_i2c_inst/i2c_ctrl_inst/cnt_clk[6]/opit_0_inv_L6Q_perm/CLK
 clock pessimism                                        -0.334       2.207                          
 clock uncertainty                                       0.000       2.207                          

 Hold time                                              -0.027       2.180                          

 Data required time                                                  2.180                          
----------------------------------------------------------------------------------------------------
 Data required time                                                  2.180                          
 Data arrival time                                                  -2.331                          
----------------------------------------------------------------------------------------------------
 Slack (MET)                                                         0.151                          
====================================================================================================

====================================================================================================

Startpoint  : hdmi_i2c_inst/i2c_ctrl_inst/cnt_i2c_clk[1]/opit_0_inv_L5Q_perm/CLK
Endpoint    : hdmi_i2c_inst/i2c_ctrl_inst/state_2/opit_0_inv_L6QL5_perm/CE
Path Group  : hdmi_i2c_inst/i2c_ctrl_inst/i2c_clk/Q[0]_Inferred
Path Type   : max
Path Class  : sequential timing path
Clock Skew :    -0.030  (Capture Clock Delay - Launch Clock Delay + Clock Pessimism Removal)
  Capture Clock Delay     :  0.264
  Launch Clock Delay      :  0.310
  Clock Pessimism Removal :  0.016

 Location                          Delay Type             Incr        Path         Logical Resource 
----------------------------------------------------------------------------------------------------

 Clock hdmi_i2c_inst/i2c_ctrl_inst/i2c_clk/Q[0]_Inferred (rising edge)
                                                         0.000       0.000 r                        
 CLMA_177_768/CR0                                        0.000       0.000 r       hdmi_i2c_inst/i2c_ctrl_inst/i2c_clk/opit_0_inv/Q
                                   net (fanout=670)      0.310       0.310         hdmi_i2c_inst/cfg_clk
 CLMA_195_775/CLK                                                          r       hdmi_i2c_inst/i2c_ctrl_inst/cnt_i2c_clk[1]/opit_0_inv_L5Q_perm/CLK

 CLMA_195_775/CR3                  tco                   0.139       0.449 r       hdmi_i2c_inst/i2c_ctrl_inst/cnt_i2c_clk[1]/opit_0_inv_L5Q_perm/L5Q
                                   net (fanout=18)       0.333       0.782         hdmi_i2c_inst/i2c_ctrl_inst/N390
 CLMA_201_750/Y3                   td                    0.125       0.907 r       hdmi_i2c_inst/i2c_ctrl_inst/i2c_end/opit_0_inv_L6Q_perm/L6
                                   net (fanout=3)        0.408       1.315         hdmi_i2c_inst/i2c_ctrl_inst/N734
 CLMA_195_775/Y2                   td                    0.100       1.415 f       hdmi_i2c_inst/i2c_ctrl_inst/N736_2_9/LUT6_inst_perm/L6
                                   net (fanout=1)        0.161       1.576         hdmi_i2c_inst/i2c_ctrl_inst/_N518
 CLMS_189_775/Y0                   td                    0.040       1.616 r       hdmi_i2c_inst/i2c_ctrl_inst/N736_2_13/gateop_perm/L6
                                   net (fanout=12)       0.338       1.954         hdmi_i2c_inst/i2c_ctrl_inst/N736
 CLMA_201_756/CE                                                           r       hdmi_i2c_inst/i2c_ctrl_inst/state_2/opit_0_inv_L6QL5_perm/CE

 Data arrival time                                                   1.954         Logic Levels: 3  
                                                                                   Logic: 0.404ns(24.574%), Route: 1.240ns(75.426%)
----------------------------------------------------------------------------------------------------

 Clock hdmi_i2c_inst/i2c_ctrl_inst/i2c_clk/Q[0]_Inferred (rising edge)
                                                      1000.000    1000.000 r                        
 CLMA_177_768/CR0                                        0.000    1000.000 r       hdmi_i2c_inst/i2c_ctrl_inst/i2c_clk/opit_0_inv/Q
                                   net (fanout=670)      0.264    1000.264         hdmi_i2c_inst/cfg_clk
 CLMA_201_756/CLK                                                          r       hdmi_i2c_inst/i2c_ctrl_inst/state_2/opit_0_inv_L6QL5_perm/CLK
 clock pessimism                                         0.016    1000.280                          
 clock uncertainty                                      -0.050    1000.230                          

 Setup time                                             -0.116    1000.114                          

 Data required time                                               1000.114                          
----------------------------------------------------------------------------------------------------
 Data required time                                               1000.114                          
 Data arrival time                                                  -1.954                          
----------------------------------------------------------------------------------------------------
 Slack (MET)                                                       998.160                          
====================================================================================================

====================================================================================================

Startpoint  : hdmi_i2c_inst/i2c_ctrl_inst/cnt_i2c_clk[1]/opit_0_inv_L5Q_perm/CLK
Endpoint    : hdmi_i2c_inst/i2c_ctrl_inst/state_0/opit_0_inv/CE
Path Group  : hdmi_i2c_inst/i2c_ctrl_inst/i2c_clk/Q[0]_Inferred
Path Type   : max
Path Class  : sequential timing path
Clock Skew :    -0.030  (Capture Clock Delay - Launch Clock Delay + Clock Pessimism Removal)
  Capture Clock Delay     :  0.264
  Launch Clock Delay      :  0.310
  Clock Pessimism Removal :  0.016

 Location                          Delay Type             Incr        Path         Logical Resource 
----------------------------------------------------------------------------------------------------

 Clock hdmi_i2c_inst/i2c_ctrl_inst/i2c_clk/Q[0]_Inferred (rising edge)
                                                         0.000       0.000 r                        
 CLMA_177_768/CR0                                        0.000       0.000 r       hdmi_i2c_inst/i2c_ctrl_inst/i2c_clk/opit_0_inv/Q
                                   net (fanout=670)      0.310       0.310         hdmi_i2c_inst/cfg_clk
 CLMA_195_775/CLK                                                          r       hdmi_i2c_inst/i2c_ctrl_inst/cnt_i2c_clk[1]/opit_0_inv_L5Q_perm/CLK

 CLMA_195_775/CR3                  tco                   0.139       0.449 r       hdmi_i2c_inst/i2c_ctrl_inst/cnt_i2c_clk[1]/opit_0_inv_L5Q_perm/L5Q
                                   net (fanout=18)       0.333       0.782         hdmi_i2c_inst/i2c_ctrl_inst/N390
 CLMA_201_750/Y3                   td                    0.125       0.907 r       hdmi_i2c_inst/i2c_ctrl_inst/i2c_end/opit_0_inv_L6Q_perm/L6
                                   net (fanout=3)        0.408       1.315         hdmi_i2c_inst/i2c_ctrl_inst/N734
 CLMA_195_775/Y2                   td                    0.100       1.415 f       hdmi_i2c_inst/i2c_ctrl_inst/N736_2_9/LUT6_inst_perm/L6
                                   net (fanout=1)        0.161       1.576         hdmi_i2c_inst/i2c_ctrl_inst/_N518
 CLMS_189_775/Y0                   td                    0.040       1.616 r       hdmi_i2c_inst/i2c_ctrl_inst/N736_2_13/gateop_perm/L6
                                   net (fanout=12)       0.338       1.954         hdmi_i2c_inst/i2c_ctrl_inst/N736
 CLMA_201_756/CE                                                           r       hdmi_i2c_inst/i2c_ctrl_inst/state_0/opit_0_inv/CE

 Data arrival time                                                   1.954         Logic Levels: 3  
                                                                                   Logic: 0.404ns(24.574%), Route: 1.240ns(75.426%)
----------------------------------------------------------------------------------------------------

 Clock hdmi_i2c_inst/i2c_ctrl_inst/i2c_clk/Q[0]_Inferred (rising edge)
                                                      1000.000    1000.000 r                        
 CLMA_177_768/CR0                                        0.000    1000.000 r       hdmi_i2c_inst/i2c_ctrl_inst/i2c_clk/opit_0_inv/Q
                                   net (fanout=670)      0.264    1000.264         hdmi_i2c_inst/cfg_clk
 CLMA_201_756/CLK                                                          r       hdmi_i2c_inst/i2c_ctrl_inst/state_0/opit_0_inv/CLK
 clock pessimism                                         0.016    1000.280                          
 clock uncertainty                                      -0.050    1000.230                          

 Setup time                                             -0.116    1000.114                          

 Data required time                                               1000.114                          
----------------------------------------------------------------------------------------------------
 Data required time                                               1000.114                          
 Data arrival time                                                  -1.954                          
----------------------------------------------------------------------------------------------------
 Slack (MET)                                                       998.160                          
====================================================================================================

====================================================================================================

Startpoint  : hdmi_i2c_inst/i2c_ctrl_inst/cnt_i2c_clk[1]/opit_0_inv_L5Q_perm/CLK
Endpoint    : hdmi_i2c_inst/i2c_ctrl_inst/state_3/opit_0_inv_L6Q_perm/CE
Path Group  : hdmi_i2c_inst/i2c_ctrl_inst/i2c_clk/Q[0]_Inferred
Path Type   : max
Path Class  : sequential timing path
Clock Skew :    -0.030  (Capture Clock Delay - Launch Clock Delay + Clock Pessimism Removal)
  Capture Clock Delay     :  0.264
  Launch Clock Delay      :  0.310
  Clock Pessimism Removal :  0.016

 Location                          Delay Type             Incr        Path         Logical Resource 
----------------------------------------------------------------------------------------------------

 Clock hdmi_i2c_inst/i2c_ctrl_inst/i2c_clk/Q[0]_Inferred (rising edge)
                                                         0.000       0.000 r                        
 CLMA_177_768/CR0                                        0.000       0.000 r       hdmi_i2c_inst/i2c_ctrl_inst/i2c_clk/opit_0_inv/Q
                                   net (fanout=670)      0.310       0.310         hdmi_i2c_inst/cfg_clk
 CLMA_195_775/CLK                                                          r       hdmi_i2c_inst/i2c_ctrl_inst/cnt_i2c_clk[1]/opit_0_inv_L5Q_perm/CLK

 CLMA_195_775/CR3                  tco                   0.139       0.449 r       hdmi_i2c_inst/i2c_ctrl_inst/cnt_i2c_clk[1]/opit_0_inv_L5Q_perm/L5Q
                                   net (fanout=18)       0.333       0.782         hdmi_i2c_inst/i2c_ctrl_inst/N390
 CLMA_201_750/Y3                   td                    0.125       0.907 r       hdmi_i2c_inst/i2c_ctrl_inst/i2c_end/opit_0_inv_L6Q_perm/L6
                                   net (fanout=3)        0.408       1.315         hdmi_i2c_inst/i2c_ctrl_inst/N734
 CLMA_195_775/Y2                   td                    0.100       1.415 f       hdmi_i2c_inst/i2c_ctrl_inst/N736_2_9/LUT6_inst_perm/L6
                                   net (fanout=1)        0.161       1.576         hdmi_i2c_inst/i2c_ctrl_inst/_N518
 CLMS_189_775/Y0                   td                    0.040       1.616 r       hdmi_i2c_inst/i2c_ctrl_inst/N736_2_13/gateop_perm/L6
                                   net (fanout=12)       0.338       1.954         hdmi_i2c_inst/i2c_ctrl_inst/N736
 CLMA_201_756/CE                                                           r       hdmi_i2c_inst/i2c_ctrl_inst/state_3/opit_0_inv_L6Q_perm/CE

 Data arrival time                                                   1.954         Logic Levels: 3  
                                                                                   Logic: 0.404ns(24.574%), Route: 1.240ns(75.426%)
----------------------------------------------------------------------------------------------------

 Clock hdmi_i2c_inst/i2c_ctrl_inst/i2c_clk/Q[0]_Inferred (rising edge)
                                                      1000.000    1000.000 r                        
 CLMA_177_768/CR0                                        0.000    1000.000 r       hdmi_i2c_inst/i2c_ctrl_inst/i2c_clk/opit_0_inv/Q
                                   net (fanout=670)      0.264    1000.264         hdmi_i2c_inst/cfg_clk
 CLMA_201_756/CLK                                                          r       hdmi_i2c_inst/i2c_ctrl_inst/state_3/opit_0_inv_L6Q_perm/CLK
 clock pessimism                                         0.016    1000.280                          
 clock uncertainty                                      -0.050    1000.230                          

 Setup time                                             -0.116    1000.114                          

 Data required time                                               1000.114                          
----------------------------------------------------------------------------------------------------
 Data required time                                               1000.114                          
 Data arrival time                                                  -1.954                          
----------------------------------------------------------------------------------------------------
 Slack (MET)                                                       998.160                          
====================================================================================================

====================================================================================================

Startpoint  : u_CORES/u_debug_core_0/DATA_ff[0][5]/opit_0/CLK
Endpoint    : u_CORES/u_debug_core_0/u_Data_Capture_Memory/block_ram.ram_data_0_0/gopdrm_36k/DA0[6]
Path Group  : hdmi_i2c_inst/i2c_ctrl_inst/i2c_clk/Q[0]_Inferred
Path Type   : min
Path Class  : sequential timing path
Clock Skew :    0.639  (Capture Clock Delay - Launch Clock Delay + Clock Pessimism Removal)
  Capture Clock Delay     :  1.401
  Launch Clock Delay      :  0.762
  Clock Pessimism Removal :  0.000

 Location                          Delay Type             Incr        Path         Logical Resource 
----------------------------------------------------------------------------------------------------

 Clock hdmi_i2c_inst/i2c_ctrl_inst/i2c_clk/Q[0]_Inferred (rising edge)
                                                         0.000       0.000 r                        
 CLMA_177_768/CR0                                        0.000       0.000 r       hdmi_i2c_inst/i2c_ctrl_inst/i2c_clk/opit_0_inv/Q
                                   net (fanout=670)      0.762       0.762         hdmi_i2c_inst/cfg_clk
 CLMS_243_901/CLK                                                          r       u_CORES/u_debug_core_0/DATA_ff[0][5]/opit_0/CLK

 CLMS_243_901/Q0                   tco                   0.103       0.865 r       u_CORES/u_debug_core_0/DATA_ff[0][5]/opit_0/Q
                                   net (fanout=4)        0.370       1.235         u_CORES/u_debug_core_0/DATA_ff[0] [5]
 DRM_256_1008/DA0[6]                                                       r       u_CORES/u_debug_core_0/u_Data_Capture_Memory/block_ram.ram_data_0_0/gopdrm_36k/DA0[6]

 Data arrival time                                                   1.235         Logic Levels: 0  
                                                                                   Logic: 0.103ns(21.776%), Route: 0.370ns(78.224%)
----------------------------------------------------------------------------------------------------

 Clock hdmi_i2c_inst/i2c_ctrl_inst/i2c_clk/Q[0]_Inferred (rising edge)
                                                         0.000       0.000 r                        
 CLMA_177_768/CR0                                        0.000       0.000 r       hdmi_i2c_inst/i2c_ctrl_inst/i2c_clk/opit_0_inv/Q
                                   net (fanout=670)      1.401       1.401         hdmi_i2c_inst/cfg_clk
 DRM_256_1008/CLKA[0]                                                      r       u_CORES/u_debug_core_0/u_Data_Capture_Memory/block_ram.ram_data_0_0/gopdrm_36k/CLKA[0]
 clock pessimism                                         0.000       1.401                          
 clock uncertainty                                       0.000       1.401                          

 Hold time                                               0.014       1.415                          

 Data required time                                                  1.415                          
----------------------------------------------------------------------------------------------------
 Data required time                                                  1.415                          
 Data arrival time                                                  -1.235                          
----------------------------------------------------------------------------------------------------
 Slack (VIOLATED)                                                   -0.180                          
====================================================================================================

====================================================================================================

Startpoint  : u_CORES/u_debug_core_0/data_start_d1/opit_0_inv/CLK
Endpoint    : u_CORES/u_debug_core_0/data_pipe[4][7]/opit_0_inv_L6QL5Q_perm/I4
Path Group  : hdmi_i2c_inst/i2c_ctrl_inst/i2c_clk/Q[0]_Inferred
Path Type   : min
Path Class  : sequential timing path
Clock Skew :    0.405  (Capture Clock Delay - Launch Clock Delay + Clock Pessimism Removal)
  Capture Clock Delay     :  0.911
  Launch Clock Delay      :  0.506
  Clock Pessimism Removal :  0.000

 Location                          Delay Type             Incr        Path         Logical Resource 
----------------------------------------------------------------------------------------------------

 Clock hdmi_i2c_inst/i2c_ctrl_inst/i2c_clk/Q[0]_Inferred (rising edge)
                                                         0.000       0.000 r                        
 CLMA_177_768/CR0                                        0.000       0.000 r       hdmi_i2c_inst/i2c_ctrl_inst/i2c_clk/opit_0_inv/Q
                                   net (fanout=670)      0.506       0.506         hdmi_i2c_inst/cfg_clk
 CLMA_243_810/CLK                                                          r       u_CORES/u_debug_core_0/data_start_d1/opit_0_inv/CLK

 CLMA_243_810/CR0                  tco                   0.123       0.629 f       u_CORES/u_debug_core_0/data_start_d1/opit_0_inv/Q
                                   net (fanout=133)      0.112       0.741         u_CORES/u_debug_core_0/data_start_d1
 CLMA_249_810/C4                                                           f       u_CORES/u_debug_core_0/data_pipe[4][7]/opit_0_inv_L6QL5Q_perm/I4

 Data arrival time                                                   0.741         Logic Levels: 0  
                                                                                   Logic: 0.123ns(52.340%), Route: 0.112ns(47.660%)
----------------------------------------------------------------------------------------------------

 Clock hdmi_i2c_inst/i2c_ctrl_inst/i2c_clk/Q[0]_Inferred (rising edge)
                                                         0.000       0.000 r                        
 CLMA_177_768/CR0                                        0.000       0.000 r       hdmi_i2c_inst/i2c_ctrl_inst/i2c_clk/opit_0_inv/Q
                                   net (fanout=670)      0.911       0.911         hdmi_i2c_inst/cfg_clk
 CLMA_249_810/CLK                                                          r       u_CORES/u_debug_core_0/data_pipe[4][7]/opit_0_inv_L6QL5Q_perm/CLK
 clock pessimism                                         0.000       0.911                          
 clock uncertainty                                       0.000       0.911                          

 Hold time                                              -0.028       0.883                          

 Data required time                                                  0.883                          
----------------------------------------------------------------------------------------------------
 Data required time                                                  0.883                          
 Data arrival time                                                  -0.741                          
----------------------------------------------------------------------------------------------------
 Slack (VIOLATED)                                                   -0.142                          
====================================================================================================

====================================================================================================

Startpoint  : hdmi_i2c_inst/i2c_ctrl_inst/rd_data[0]/opit_0_inv/CLK
Endpoint    : u_CORES/u_debug_core_0/trig0_d1[24]/opit_0/D
Path Group  : hdmi_i2c_inst/i2c_ctrl_inst/i2c_clk/Q[0]_Inferred
Path Type   : min
Path Class  : sequential timing path
Clock Skew :    0.551  (Capture Clock Delay - Launch Clock Delay + Clock Pessimism Removal)
  Capture Clock Delay     :  0.746
  Launch Clock Delay      :  0.195
  Clock Pessimism Removal :  0.000

 Location                          Delay Type             Incr        Path         Logical Resource 
----------------------------------------------------------------------------------------------------

 Clock hdmi_i2c_inst/i2c_ctrl_inst/i2c_clk/Q[0]_Inferred (rising edge)
                                                         0.000       0.000 r                        
 CLMA_177_768/CR0                                        0.000       0.000 r       hdmi_i2c_inst/i2c_ctrl_inst/i2c_clk/opit_0_inv/Q
                                   net (fanout=670)      0.195       0.195         hdmi_i2c_inst/cfg_clk
 CLMA_207_768/CLK                                                          r       hdmi_i2c_inst/i2c_ctrl_inst/rd_data[0]/opit_0_inv/CLK

 CLMA_207_768/Q0                   tco                   0.103       0.298 r       hdmi_i2c_inst/i2c_ctrl_inst/rd_data[0]/opit_0_inv/Q
                                   net (fanout=2)        0.291       0.589         hdmi_i2c_inst/i2c_ctrl_inst/rd_data [0]
 CLMS_225_727/M0                                                           r       u_CORES/u_debug_core_0/trig0_d1[24]/opit_0/D

 Data arrival time                                                   0.589         Logic Levels: 0  
                                                                                   Logic: 0.103ns(26.142%), Route: 0.291ns(73.858%)
----------------------------------------------------------------------------------------------------

 Clock hdmi_i2c_inst/i2c_ctrl_inst/i2c_clk/Q[0]_Inferred (rising edge)
                                                         0.000       0.000 r                        
 CLMA_177_768/CR0                                        0.000       0.000 r       hdmi_i2c_inst/i2c_ctrl_inst/i2c_clk/opit_0_inv/Q
                                   net (fanout=670)      0.746       0.746         hdmi_i2c_inst/cfg_clk
 CLMS_225_727/CLK                                                          r       u_CORES/u_debug_core_0/trig0_d1[24]/opit_0/CLK
 clock pessimism                                         0.000       0.746                          
 clock uncertainty                                       0.000       0.746                          

 Hold time                                              -0.028       0.718                          

 Data required time                                                  0.718                          
----------------------------------------------------------------------------------------------------
 Data required time                                                  0.718                          
 Data arrival time                                                  -0.589                          
----------------------------------------------------------------------------------------------------
 Slack (VIOLATED)                                                   -0.129                          
====================================================================================================

====================================================================================================

Startpoint  : u_CORES/u_jtag_hub/data_ctrl/opit_0_inv_L6Q_perm/CLK
Endpoint    : u_CORES/u_jtag_hub/conf_sel[0]/opit_0_inv_L6Q_perm/I2
Path Group  : DebugCore_JCLK
Path Type   : max
Path Class  : sequential timing path
Clock Skew :    -0.073  (Capture Clock Delay - Launch Clock Delay + Clock Pessimism Removal)
  Capture Clock Delay     :  2.172
  Launch Clock Delay      :  2.600
  Clock Pessimism Removal :  0.355

 Location                          Delay Type             Incr        Path         Logical Resource 
----------------------------------------------------------------------------------------------------

 Clock DebugCore_JCLK (rising edge)
                                                         0.000       0.000 r                        
 SCANCHAIN_88_312/TCK1                                   0.000       0.000 r       u_CORES/u_GTP_SCANCHAIN_PG/scanchain/TCK1
                                   net (fanout=1)        1.520       1.520         u_CORES/drck_o   
 USCM_215_669/CLKOUT               td                    0.115       1.635 r       clkbufg_5/gopclkbufg/CLKOUT
                                   net (fanout=4)        0.397       2.032         ntclkbufg_2      
 HCKB_213_526/CLKOUT               td                    0.233       2.265 r       HCKBROUTE_289/CLKOUT
                                   net (fanout=164)      0.335       2.600         _N404            
 CLMS_225_613/CLK                                                          r       u_CORES/u_jtag_hub/data_ctrl/opit_0_inv_L6Q_perm/CLK

 CLMS_225_613/Q0                   tco                   0.125       2.725 f       u_CORES/u_jtag_hub/data_ctrl/opit_0_inv_L6Q_perm/L6Q
                                   net (fanout=8)        0.640       3.365         u_CORES/u_jtag_hub/data_ctrl
 CLMA_261_727/B2                                                           f       u_CORES/u_jtag_hub/conf_sel[0]/opit_0_inv_L6Q_perm/I2

 Data arrival time                                                   3.365         Logic Levels: 0  
                                                                                   Logic: 0.125ns(16.340%), Route: 0.640ns(83.660%)
----------------------------------------------------------------------------------------------------

 Clock DebugCore_JCLK (falling edge)
                                                        25.000      25.000 f                        
 SCANCHAIN_88_312/TCK1                                   0.000      25.000 f       u_CORES/u_GTP_SCANCHAIN_PG/scanchain/TCK1
                                   net (fanout=1)        1.284      26.284         u_CORES/drck_o   
 USCM_215_669/CLKOUT               td                    0.097      26.381 f       clkbufg_5/gopclkbufg/CLKOUT
                                   net (fanout=4)        0.334      26.715         ntclkbufg_2      
 HCKB_213_526/CLKOUT               td                    0.195      26.910 f       HCKBROUTE_289/CLKOUT
                                   net (fanout=164)      0.262      27.172         _N404            
 CLMA_261_727/CLK                                                          f       u_CORES/u_jtag_hub/conf_sel[0]/opit_0_inv_L6Q_perm/CLK
 clock pessimism                                         0.355      27.527                          
 clock uncertainty                                      -0.050      27.477                          

 Setup time                                             -0.125      27.352                          

 Data required time                                                 27.352                          
----------------------------------------------------------------------------------------------------
 Data required time                                                 27.352                          
 Data arrival time                                                  -3.365                          
----------------------------------------------------------------------------------------------------
 Slack (MET)                                                        23.987                          
====================================================================================================

====================================================================================================

Startpoint  : u_CORES/u_jtag_hub/data_ctrl/opit_0_inv_L6Q_perm/CLK
Endpoint    : u_CORES/u_jtag_hub/id_o[0]/opit_0_inv_L6Q_LUT6DQL5_perm/I2
Path Group  : DebugCore_JCLK
Path Type   : max
Path Class  : sequential timing path
Clock Skew :    -0.072  (Capture Clock Delay - Launch Clock Delay + Clock Pessimism Removal)
  Capture Clock Delay     :  2.173
  Launch Clock Delay      :  2.600
  Clock Pessimism Removal :  0.355

 Location                          Delay Type             Incr        Path         Logical Resource 
----------------------------------------------------------------------------------------------------

 Clock DebugCore_JCLK (rising edge)
                                                         0.000       0.000 r                        
 SCANCHAIN_88_312/TCK1                                   0.000       0.000 r       u_CORES/u_GTP_SCANCHAIN_PG/scanchain/TCK1
                                   net (fanout=1)        1.520       1.520         u_CORES/drck_o   
 USCM_215_669/CLKOUT               td                    0.115       1.635 r       clkbufg_5/gopclkbufg/CLKOUT
                                   net (fanout=4)        0.397       2.032         ntclkbufg_2      
 HCKB_213_526/CLKOUT               td                    0.233       2.265 r       HCKBROUTE_289/CLKOUT
                                   net (fanout=164)      0.335       2.600         _N404            
 CLMS_225_613/CLK                                                          r       u_CORES/u_jtag_hub/data_ctrl/opit_0_inv_L6Q_perm/CLK

 CLMS_225_613/Q0                   tco                   0.125       2.725 f       u_CORES/u_jtag_hub/data_ctrl/opit_0_inv_L6Q_perm/L6Q
                                   net (fanout=8)        0.628       3.353         u_CORES/u_jtag_hub/data_ctrl
 CLMA_261_720/A2                                                           f       u_CORES/u_jtag_hub/id_o[0]/opit_0_inv_L6Q_LUT6DQL5_perm/I2

 Data arrival time                                                   3.353         Logic Levels: 0  
                                                                                   Logic: 0.125ns(16.600%), Route: 0.628ns(83.400%)
----------------------------------------------------------------------------------------------------

 Clock DebugCore_JCLK (falling edge)
                                                        25.000      25.000 f                        
 SCANCHAIN_88_312/TCK1                                   0.000      25.000 f       u_CORES/u_GTP_SCANCHAIN_PG/scanchain/TCK1
                                   net (fanout=1)        1.284      26.284         u_CORES/drck_o   
 USCM_215_669/CLKOUT               td                    0.097      26.381 f       clkbufg_5/gopclkbufg/CLKOUT
                                   net (fanout=4)        0.334      26.715         ntclkbufg_2      
 HCKB_213_526/CLKOUT               td                    0.195      26.910 f       HCKBROUTE_289/CLKOUT
                                   net (fanout=164)      0.263      27.173         _N404            
 CLMA_261_720/CLK                                                          f       u_CORES/u_jtag_hub/id_o[0]/opit_0_inv_L6Q_LUT6DQL5_perm/CLK
 clock pessimism                                         0.355      27.528                          
 clock uncertainty                                      -0.050      27.478                          

 Setup time                                             -0.127      27.351                          

 Data required time                                                 27.351                          
----------------------------------------------------------------------------------------------------
 Data required time                                                 27.351                          
 Data arrival time                                                  -3.353                          
----------------------------------------------------------------------------------------------------
 Slack (MET)                                                        23.998                          
====================================================================================================

====================================================================================================

Startpoint  : u_CORES/u_jtag_hub/data_ctrl/opit_0_inv_L6Q_perm/CLK
Endpoint    : u_CORES/u_jtag_hub/id_o[4]/opit_0_inv_L6QL5_perm/I3
Path Group  : DebugCore_JCLK
Path Type   : max
Path Class  : sequential timing path
Clock Skew :    -0.072  (Capture Clock Delay - Launch Clock Delay + Clock Pessimism Removal)
  Capture Clock Delay     :  2.173
  Launch Clock Delay      :  2.600
  Clock Pessimism Removal :  0.355

 Location                          Delay Type             Incr        Path         Logical Resource 
----------------------------------------------------------------------------------------------------

 Clock DebugCore_JCLK (rising edge)
                                                         0.000       0.000 r                        
 SCANCHAIN_88_312/TCK1                                   0.000       0.000 r       u_CORES/u_GTP_SCANCHAIN_PG/scanchain/TCK1
                                   net (fanout=1)        1.520       1.520         u_CORES/drck_o   
 USCM_215_669/CLKOUT               td                    0.115       1.635 r       clkbufg_5/gopclkbufg/CLKOUT
                                   net (fanout=4)        0.397       2.032         ntclkbufg_2      
 HCKB_213_526/CLKOUT               td                    0.233       2.265 r       HCKBROUTE_289/CLKOUT
                                   net (fanout=164)      0.335       2.600         _N404            
 CLMS_225_613/CLK                                                          r       u_CORES/u_jtag_hub/data_ctrl/opit_0_inv_L6Q_perm/CLK

 CLMS_225_613/Q0                   tco                   0.125       2.725 f       u_CORES/u_jtag_hub/data_ctrl/opit_0_inv_L6Q_perm/L6Q
                                   net (fanout=8)        0.621       3.346         u_CORES/u_jtag_hub/data_ctrl
 CLMA_249_733/A3                                                           f       u_CORES/u_jtag_hub/id_o[4]/opit_0_inv_L6QL5_perm/I3

 Data arrival time                                                   3.346         Logic Levels: 0  
                                                                                   Logic: 0.125ns(16.756%), Route: 0.621ns(83.244%)
----------------------------------------------------------------------------------------------------

 Clock DebugCore_JCLK (falling edge)
                                                        25.000      25.000 f                        
 SCANCHAIN_88_312/TCK1                                   0.000      25.000 f       u_CORES/u_GTP_SCANCHAIN_PG/scanchain/TCK1
                                   net (fanout=1)        1.284      26.284         u_CORES/drck_o   
 USCM_215_669/CLKOUT               td                    0.097      26.381 f       clkbufg_5/gopclkbufg/CLKOUT
                                   net (fanout=4)        0.334      26.715         ntclkbufg_2      
 HCKB_213_526/CLKOUT               td                    0.195      26.910 f       HCKBROUTE_289/CLKOUT
                                   net (fanout=164)      0.263      27.173         _N404            
 CLMA_249_733/CLK                                                          f       u_CORES/u_jtag_hub/id_o[4]/opit_0_inv_L6QL5_perm/CLK
 clock pessimism                                         0.355      27.528                          
 clock uncertainty                                      -0.050      27.478                          

 Setup time                                             -0.097      27.381                          

 Data required time                                                 27.381                          
----------------------------------------------------------------------------------------------------
 Data required time                                                 27.381                          
 Data arrival time                                                  -3.346                          
----------------------------------------------------------------------------------------------------
 Slack (MET)                                                        24.035                          
====================================================================================================

====================================================================================================

Startpoint  : u_CORES/u_debug_core_0/u_hub_data_decode/conf_id_d1[3]/opit_0_inv/CLK
Endpoint    : u_CORES/u_debug_core_0/u_hub_data_decode/conf_sel_int[18]/opit_0_inv_L6Q_perm/I4
Path Group  : DebugCore_JCLK
Path Type   : min
Path Class  : sequential timing path
Clock Skew :    0.000  (Capture Clock Delay - Launch Clock Delay + Clock Pessimism Removal)
  Capture Clock Delay     :  2.571
  Launch Clock Delay      :  2.097
  Clock Pessimism Removal :  -0.474

 Location                          Delay Type             Incr        Path         Logical Resource 
----------------------------------------------------------------------------------------------------

 Clock DebugCore_JCLK (rising edge)
                                                         0.000       0.000 r                        
 SCANCHAIN_88_312/TCK1                                   0.000       0.000 r       u_CORES/u_GTP_SCANCHAIN_PG/scanchain/TCK1
                                   net (fanout=1)        1.213       1.213         u_CORES/drck_o   
 USCM_215_669/CLKOUT               td                    0.097       1.310 r       clkbufg_5/gopclkbufg/CLKOUT
                                   net (fanout=4)        0.334       1.644         ntclkbufg_2      
 HCKB_213_526/CLKOUT               td                    0.195       1.839 r       HCKBROUTE_289/CLKOUT
                                   net (fanout=164)      0.258       2.097         _N404            
 CLMA_267_732/CLK                                                          r       u_CORES/u_debug_core_0/u_hub_data_decode/conf_id_d1[3]/opit_0_inv/CLK

 CLMA_267_732/Q1                   tco                   0.103       2.200 r       u_CORES/u_debug_core_0/u_hub_data_decode/conf_id_d1[3]/opit_0_inv/Q
                                   net (fanout=3)        0.057       2.257         u_CORES/u_debug_core_0/u_hub_data_decode/conf_id_d1 [3]
 CLMA_267_732/A4                                                           r       u_CORES/u_debug_core_0/u_hub_data_decode/conf_sel_int[18]/opit_0_inv_L6Q_perm/I4

 Data arrival time                                                   2.257         Logic Levels: 0  
                                                                                   Logic: 0.103ns(64.375%), Route: 0.057ns(35.625%)
----------------------------------------------------------------------------------------------------

 Clock DebugCore_JCLK (rising edge)
                                                         0.000       0.000 r                        
 SCANCHAIN_88_312/TCK1                                   0.000       0.000 r       u_CORES/u_GTP_SCANCHAIN_PG/scanchain/TCK1
                                   net (fanout=1)        1.520       1.520         u_CORES/drck_o   
 USCM_215_669/CLKOUT               td                    0.115       1.635 r       clkbufg_5/gopclkbufg/CLKOUT
                                   net (fanout=4)        0.397       2.032         ntclkbufg_2      
 HCKB_213_526/CLKOUT               td                    0.233       2.265 r       HCKBROUTE_289/CLKOUT
                                   net (fanout=164)      0.306       2.571         _N404            
 CLMA_267_732/CLK                                                          r       u_CORES/u_debug_core_0/u_hub_data_decode/conf_sel_int[18]/opit_0_inv_L6Q_perm/CLK
 clock pessimism                                        -0.474       2.097                          
 clock uncertainty                                       0.000       2.097                          

 Hold time                                              -0.027       2.070                          

 Data required time                                                  2.070                          
----------------------------------------------------------------------------------------------------
 Data required time                                                  2.070                          
 Data arrival time                                                  -2.257                          
----------------------------------------------------------------------------------------------------
 Slack (MET)                                                         0.187                          
====================================================================================================

====================================================================================================

Startpoint  : u_CORES/u_debug_core_0/u_hub_data_decode/conf_id_d1[2]/opit_0_inv/CLK
Endpoint    : u_CORES/u_debug_core_0/u_hub_data_decode/conf_sel_int[0]/opit_0_inv_L6Q_perm/I5
Path Group  : DebugCore_JCLK
Path Type   : min
Path Class  : sequential timing path
Clock Skew :    0.001  (Capture Clock Delay - Launch Clock Delay + Clock Pessimism Removal)
  Capture Clock Delay     :  2.569
  Launch Clock Delay      :  2.094
  Clock Pessimism Removal :  -0.474

 Location                          Delay Type             Incr        Path         Logical Resource 
----------------------------------------------------------------------------------------------------

 Clock DebugCore_JCLK (rising edge)
                                                         0.000       0.000 r                        
 SCANCHAIN_88_312/TCK1                                   0.000       0.000 r       u_CORES/u_GTP_SCANCHAIN_PG/scanchain/TCK1
                                   net (fanout=1)        1.213       1.213         u_CORES/drck_o   
 USCM_215_669/CLKOUT               td                    0.097       1.310 r       clkbufg_5/gopclkbufg/CLKOUT
                                   net (fanout=4)        0.334       1.644         ntclkbufg_2      
 HCKB_213_526/CLKOUT               td                    0.195       1.839 r       HCKBROUTE_289/CLKOUT
                                   net (fanout=164)      0.255       2.094         _N404            
 CLMA_267_744/CLK                                                          r       u_CORES/u_debug_core_0/u_hub_data_decode/conf_id_d1[2]/opit_0_inv/CLK

 CLMA_267_744/CR2                  tco                   0.123       2.217 f       u_CORES/u_debug_core_0/u_hub_data_decode/conf_id_d1[2]/opit_0_inv/Q
                                   net (fanout=3)        0.061       2.278         u_CORES/u_debug_core_0/u_hub_data_decode/conf_id_d1 [2]
 CLMA_267_744/A5                                                           f       u_CORES/u_debug_core_0/u_hub_data_decode/conf_sel_int[0]/opit_0_inv_L6Q_perm/I5

 Data arrival time                                                   2.278         Logic Levels: 0  
                                                                                   Logic: 0.123ns(66.848%), Route: 0.061ns(33.152%)
----------------------------------------------------------------------------------------------------

 Clock DebugCore_JCLK (rising edge)
                                                         0.000       0.000 r                        
 SCANCHAIN_88_312/TCK1                                   0.000       0.000 r       u_CORES/u_GTP_SCANCHAIN_PG/scanchain/TCK1
                                   net (fanout=1)        1.520       1.520         u_CORES/drck_o   
 USCM_215_669/CLKOUT               td                    0.115       1.635 r       clkbufg_5/gopclkbufg/CLKOUT
                                   net (fanout=4)        0.397       2.032         ntclkbufg_2      
 HCKB_213_526/CLKOUT               td                    0.233       2.265 r       HCKBROUTE_289/CLKOUT
                                   net (fanout=164)      0.304       2.569         _N404            
 CLMA_267_744/CLK                                                          r       u_CORES/u_debug_core_0/u_hub_data_decode/conf_sel_int[0]/opit_0_inv_L6Q_perm/CLK
 clock pessimism                                        -0.474       2.095                          
 clock uncertainty                                       0.000       2.095                          

 Hold time                                              -0.011       2.084                          

 Data required time                                                  2.084                          
----------------------------------------------------------------------------------------------------
 Data required time                                                  2.084                          
 Data arrival time                                                  -2.278                          
----------------------------------------------------------------------------------------------------
 Slack (MET)                                                         0.194                          
====================================================================================================

====================================================================================================

Startpoint  : u_CORES/u_debug_core_0/u_hub_data_decode/conf_id_d1[0]/opit_0_inv/CLK
Endpoint    : u_CORES/u_debug_core_0/u_hub_data_decode/conf_sel_int[16]/opit_0_inv_L6Q_perm/I5
Path Group  : DebugCore_JCLK
Path Type   : min
Path Class  : sequential timing path
Clock Skew :    0.001  (Capture Clock Delay - Launch Clock Delay + Clock Pessimism Removal)
  Capture Clock Delay     :  2.569
  Launch Clock Delay      :  2.094
  Clock Pessimism Removal :  -0.474

 Location                          Delay Type             Incr        Path         Logical Resource 
----------------------------------------------------------------------------------------------------

 Clock DebugCore_JCLK (rising edge)
                                                         0.000       0.000 r                        
 SCANCHAIN_88_312/TCK1                                   0.000       0.000 r       u_CORES/u_GTP_SCANCHAIN_PG/scanchain/TCK1
                                   net (fanout=1)        1.213       1.213         u_CORES/drck_o   
 USCM_215_669/CLKOUT               td                    0.097       1.310 r       clkbufg_5/gopclkbufg/CLKOUT
                                   net (fanout=4)        0.334       1.644         ntclkbufg_2      
 HCKB_213_526/CLKOUT               td                    0.195       1.839 r       HCKBROUTE_289/CLKOUT
                                   net (fanout=164)      0.255       2.094         _N404            
 CLMA_267_744/CLK                                                          r       u_CORES/u_debug_core_0/u_hub_data_decode/conf_id_d1[0]/opit_0_inv/CLK

 CLMA_267_744/CR0                  tco                   0.122       2.216 r       u_CORES/u_debug_core_0/u_hub_data_decode/conf_id_d1[0]/opit_0_inv/Q
                                   net (fanout=3)        0.057       2.273         u_CORES/u_debug_core_0/u_hub_data_decode/conf_id_d1 [0]
 CLMA_267_744/C5                                                           r       u_CORES/u_debug_core_0/u_hub_data_decode/conf_sel_int[16]/opit_0_inv_L6Q_perm/I5

 Data arrival time                                                   2.273         Logic Levels: 0  
                                                                                   Logic: 0.122ns(68.156%), Route: 0.057ns(31.844%)
----------------------------------------------------------------------------------------------------

 Clock DebugCore_JCLK (rising edge)
                                                         0.000       0.000 r                        
 SCANCHAIN_88_312/TCK1                                   0.000       0.000 r       u_CORES/u_GTP_SCANCHAIN_PG/scanchain/TCK1
                                   net (fanout=1)        1.520       1.520         u_CORES/drck_o   
 USCM_215_669/CLKOUT               td                    0.115       1.635 r       clkbufg_5/gopclkbufg/CLKOUT
                                   net (fanout=4)        0.397       2.032         ntclkbufg_2      
 HCKB_213_526/CLKOUT               td                    0.233       2.265 r       HCKBROUTE_289/CLKOUT
                                   net (fanout=164)      0.304       2.569         _N404            
 CLMA_267_744/CLK                                                          r       u_CORES/u_debug_core_0/u_hub_data_decode/conf_sel_int[16]/opit_0_inv_L6Q_perm/CLK
 clock pessimism                                        -0.474       2.095                          
 clock uncertainty                                       0.000       2.095                          

 Hold time                                              -0.016       2.079                          

 Data required time                                                  2.079                          
----------------------------------------------------------------------------------------------------
 Data required time                                                  2.079                          
 Data arrival time                                                  -2.273                          
----------------------------------------------------------------------------------------------------
 Slack (MET)                                                         0.194                          
====================================================================================================

====================================================================================================

Startpoint  : u_CORES/u_debug_core_0/u_hub_data_decode/conf_id[4]/opit_0_inv/CLK
Endpoint    : u_CORES/u_debug_core_0/u_rd_addr_gen/counter[4]/opit_0_inv_L6Q_LUT6DQL5_perm/I4
Path Group  : DebugCore_JCLK
Path Type   : max
Path Class  : sequential timing path
Clock Skew :    0.263  (Capture Clock Delay - Launch Clock Delay + Clock Pessimism Removal)
  Capture Clock Delay     :  2.075
  Launch Clock Delay      :  1.812
  Clock Pessimism Removal :  0.000

 Location                          Delay Type             Incr        Path         Logical Resource 
----------------------------------------------------------------------------------------------------

 Clock DebugCore_CAPTURE (rising edge)
                                                        25.000      25.000 r                        
 SCANCHAIN_88_312/CAPTUREDR                              0.000      25.000 r       u_CORES/u_GTP_SCANCHAIN_PG/scanchain/CAPTUREDR
                                   net (fanout=1)        0.757      25.757         u_CORES/capt_o   
 USCM_215_666/CLKOUT               td                    0.115      25.872 r       clkbufg_4/gopclkbufg/CLKOUT
                                   net (fanout=1)        0.397      26.269         ntclkbufg_1      
 HCKB_213_536/CLKOUT               td                    0.233      26.502 r       HCKBROUTE_286/CLKOUT
                                   net (fanout=11)       0.310      26.812         _N402            
 CLMA_261_714/CLK                                                          r       u_CORES/u_debug_core_0/u_hub_data_decode/conf_id[4]/opit_0_inv/CLK

 CLMA_261_714/Q0                   tco                   0.125      26.937 f       u_CORES/u_debug_core_0/u_hub_data_decode/conf_id[4]/opit_0_inv/Q
                                   net (fanout=11)       0.441      27.378         u_CORES/u_debug_core_0/conf_id_o [4]
 CLMA_261_757/Y2                   td                    0.100      27.478 f       u_CORES/u_debug_core_0/u_rd_addr_gen/N347_3/LUT6_inst_perm/L6
                                   net (fanout=6)        0.298      27.776         u_CORES/u_debug_core_0/u_rd_addr_gen/_N2237
 CLMA_267_786/Y3                   td                    0.066      27.842 f       u_CORES/u_debug_core_0/u_rd_addr_gen/N35_22/LUT6_inst_perm/L6
                                   net (fanout=8)        0.322      28.164         u_CORES/u_debug_core_0/u_rd_addr_gen/_N2206
 CLMA_261_768/Y1                   td                    0.100      28.264 f       u_CORES/u_debug_core_0/u_rd_addr_gen/N35_33[4]/LUT6_inst_perm/L6
                                   net (fanout=1)        0.294      28.558         u_CORES/u_debug_core_0/u_rd_addr_gen/N35 [4]
 CLMA_261_774/C4                                                           f       u_CORES/u_debug_core_0/u_rd_addr_gen/counter[4]/opit_0_inv_L6Q_LUT6DQL5_perm/I4

 Data arrival time                                                  28.558         Logic Levels: 3  
                                                                                   Logic: 0.391ns(22.394%), Route: 1.355ns(77.606%)
----------------------------------------------------------------------------------------------------

 Clock DebugCore_JCLK (rising edge)
                                                        50.000      50.000 r                        
 SCANCHAIN_88_312/TCK1                                   0.000      50.000 r       u_CORES/u_GTP_SCANCHAIN_PG/scanchain/TCK1
                                   net (fanout=1)        1.213      51.213         u_CORES/drck_o   
 USCM_215_669/CLKOUT               td                    0.097      51.310 r       clkbufg_5/gopclkbufg/CLKOUT
                                   net (fanout=4)        0.334      51.644         ntclkbufg_2      
 HCKB_213_526/CLKOUT               td                    0.195      51.839 r       HCKBROUTE_289/CLKOUT
                                   net (fanout=164)      0.236      52.075         _N404            
 CLMA_261_774/CLK                                                          r       u_CORES/u_debug_core_0/u_rd_addr_gen/counter[4]/opit_0_inv_L6Q_LUT6DQL5_perm/CLK
 clock pessimism                                         0.000      52.075                          
 clock uncertainty                                      -0.050      52.025                          

 Setup time                                             -0.079      51.946                          

 Data required time                                                 51.946                          
----------------------------------------------------------------------------------------------------
 Data required time                                                 51.946                          
 Data arrival time                                                 -28.558                          
----------------------------------------------------------------------------------------------------
 Slack (MET)                                                        23.388                          
====================================================================================================

====================================================================================================

Startpoint  : u_CORES/u_debug_core_0/u_hub_data_decode/conf_id[4]/opit_0_inv/CLK
Endpoint    : u_CORES/u_debug_core_0/u_rd_addr_gen/ram_radr[13]/opit_0_inv_AQ/CE
Path Group  : DebugCore_JCLK
Path Type   : max
Path Class  : sequential timing path
Clock Skew :    0.278  (Capture Clock Delay - Launch Clock Delay + Clock Pessimism Removal)
  Capture Clock Delay     :  2.090
  Launch Clock Delay      :  1.812
  Clock Pessimism Removal :  0.000

 Location                          Delay Type             Incr        Path         Logical Resource 
----------------------------------------------------------------------------------------------------

 Clock DebugCore_CAPTURE (rising edge)
                                                        25.000      25.000 r                        
 SCANCHAIN_88_312/CAPTUREDR                              0.000      25.000 r       u_CORES/u_GTP_SCANCHAIN_PG/scanchain/CAPTUREDR
                                   net (fanout=1)        0.757      25.757         u_CORES/capt_o   
 USCM_215_666/CLKOUT               td                    0.115      25.872 r       clkbufg_4/gopclkbufg/CLKOUT
                                   net (fanout=1)        0.397      26.269         ntclkbufg_1      
 HCKB_213_536/CLKOUT               td                    0.233      26.502 r       HCKBROUTE_286/CLKOUT
                                   net (fanout=11)       0.310      26.812         _N402            
 CLMA_261_714/CLK                                                          r       u_CORES/u_debug_core_0/u_hub_data_decode/conf_id[4]/opit_0_inv/CLK

 CLMA_261_714/Q0                   tco                   0.125      26.937 f       u_CORES/u_debug_core_0/u_hub_data_decode/conf_id[4]/opit_0_inv/Q
                                   net (fanout=11)       0.368      27.305         u_CORES/u_debug_core_0/conf_id_o [4]
 CLMA_267_750/Y1                   td                    0.100      27.405 f       u_CORES/u_debug_core_0/u_hub_data_decode/N114[22]_3/LUT6_inst_perm/L6
                                   net (fanout=3)        0.147      27.552         u_CORES/u_debug_core_0/conf_sel_int [22]
 CLMS_267_751/CR1                  td                    0.184      27.736 r       u_CORES/u_debug_core_0/u_rd_addr_gen/N733/gateop_LUT6DL5_perm/L5
                                   net (fanout=4)        0.327      28.063         u_CORES/u_debug_core_0/u_rd_addr_gen/N479
 CLMA_285_732/CECO                 td                    0.088      28.151 r       u_CORES/u_debug_core_0/u_rd_addr_gen/ram_radr[3]/opit_0_inv_AQ_perm/CECO
                                   net (fanout=4)        0.000      28.151         _N116            
 CLMA_285_738/CECO                 td                    0.088      28.239 r       u_CORES/u_debug_core_0/u_rd_addr_gen/ram_radr[7]/opit_0_inv_AQ_perm/CECO
                                   net (fanout=4)        0.000      28.239         _N115            
 CLMA_285_744/CECO                 td                    0.088      28.327 r       u_CORES/u_debug_core_0/u_rd_addr_gen/ram_radr[11]/opit_0_inv_AQ_perm/CECO
                                   net (fanout=2)        0.000      28.327         _N114            
 CLMA_285_750/CECI                                                         r       u_CORES/u_debug_core_0/u_rd_addr_gen/ram_radr[13]/opit_0_inv_AQ/CE

 Data arrival time                                                  28.327         Logic Levels: 5  
                                                                                   Logic: 0.673ns(44.422%), Route: 0.842ns(55.578%)
----------------------------------------------------------------------------------------------------

 Clock DebugCore_JCLK (rising edge)
                                                        50.000      50.000 r                        
 SCANCHAIN_88_312/TCK1                                   0.000      50.000 r       u_CORES/u_GTP_SCANCHAIN_PG/scanchain/TCK1
                                   net (fanout=1)        1.213      51.213         u_CORES/drck_o   
 USCM_215_669/CLKOUT               td                    0.097      51.310 r       clkbufg_5/gopclkbufg/CLKOUT
                                   net (fanout=4)        0.334      51.644         ntclkbufg_2      
 HCKB_213_526/CLKOUT               td                    0.195      51.839 r       HCKBROUTE_289/CLKOUT
                                   net (fanout=164)      0.251      52.090         _N404            
 CLMA_285_750/CLK                                                          r       u_CORES/u_debug_core_0/u_rd_addr_gen/ram_radr[13]/opit_0_inv_AQ/CLK
 clock pessimism                                         0.000      52.090                          
 clock uncertainty                                      -0.050      52.040                          

 Setup time                                             -0.116      51.924                          

 Data required time                                                 51.924                          
----------------------------------------------------------------------------------------------------
 Data required time                                                 51.924                          
 Data arrival time                                                 -28.327                          
----------------------------------------------------------------------------------------------------
 Slack (MET)                                                        23.597                          
====================================================================================================

====================================================================================================

Startpoint  : u_CORES/u_debug_core_0/u_hub_data_decode/conf_id[4]/opit_0_inv/CLK
Endpoint    : u_CORES/u_debug_core_0/u_rd_addr_gen/ram_radr[12]/opit_0_inv_AQ_perm/CIN
Path Group  : DebugCore_JCLK
Path Type   : max
Path Class  : sequential timing path
Clock Skew :    0.278  (Capture Clock Delay - Launch Clock Delay + Clock Pessimism Removal)
  Capture Clock Delay     :  2.090
  Launch Clock Delay      :  1.812
  Clock Pessimism Removal :  0.000

 Location                          Delay Type             Incr        Path         Logical Resource 
----------------------------------------------------------------------------------------------------

 Clock DebugCore_CAPTURE (rising edge)
                                                        25.000      25.000 r                        
 SCANCHAIN_88_312/CAPTUREDR                              0.000      25.000 r       u_CORES/u_GTP_SCANCHAIN_PG/scanchain/CAPTUREDR
                                   net (fanout=1)        0.757      25.757         u_CORES/capt_o   
 USCM_215_666/CLKOUT               td                    0.115      25.872 r       clkbufg_4/gopclkbufg/CLKOUT
                                   net (fanout=1)        0.397      26.269         ntclkbufg_1      
 HCKB_213_536/CLKOUT               td                    0.233      26.502 r       HCKBROUTE_286/CLKOUT
                                   net (fanout=11)       0.310      26.812         _N402            
 CLMA_261_714/CLK                                                          r       u_CORES/u_debug_core_0/u_hub_data_decode/conf_id[4]/opit_0_inv/CLK

 CLMA_261_714/Q0                   tco                   0.125      26.937 f       u_CORES/u_debug_core_0/u_hub_data_decode/conf_id[4]/opit_0_inv/Q
                                   net (fanout=11)       0.368      27.305         u_CORES/u_debug_core_0/conf_id_o [4]
 CLMA_267_750/Y1                   td                    0.100      27.405 f       u_CORES/u_debug_core_0/u_hub_data_decode/N114[22]_3/LUT6_inst_perm/L6
                                   net (fanout=3)        0.147      27.552         u_CORES/u_debug_core_0/conf_sel_int [22]
 CLMS_267_751/Y1                   td                    0.122      27.674 f       u_CORES/u_debug_core_0/u_rd_addr_gen/N733/gateop_LUT6DL5_perm/L6
                                   net (fanout=14)       0.358      28.032         u_CORES/u_debug_core_0/u_rd_addr_gen/N733
 CLMA_285_732/COUT                 td                    0.248      28.280 f       u_CORES/u_debug_core_0/u_rd_addr_gen/ram_radr[3]/opit_0_inv_AQ_perm/COUT
                                   net (fanout=1)        0.000      28.280         u_CORES/u_debug_core_0/u_rd_addr_gen/_N307
 CLMA_285_738/COUT                 td                    0.056      28.336 f       u_CORES/u_debug_core_0/u_rd_addr_gen/ram_radr[7]/opit_0_inv_AQ_perm/COUT
                                   net (fanout=1)        0.000      28.336         u_CORES/u_debug_core_0/u_rd_addr_gen/_N311
 CLMA_285_744/COUT                 td                    0.046      28.382 r       u_CORES/u_debug_core_0/u_rd_addr_gen/ram_radr[11]/opit_0_inv_AQ_perm/COUT
                                   net (fanout=1)        0.000      28.382         u_CORES/u_debug_core_0/u_rd_addr_gen/_N315
 CLMA_285_750/CIN                                                          r       u_CORES/u_debug_core_0/u_rd_addr_gen/ram_radr[12]/opit_0_inv_AQ_perm/CIN

 Data arrival time                                                  28.382         Logic Levels: 5  
                                                                                   Logic: 0.697ns(44.395%), Route: 0.873ns(55.605%)
----------------------------------------------------------------------------------------------------

 Clock DebugCore_JCLK (rising edge)
                                                        50.000      50.000 r                        
 SCANCHAIN_88_312/TCK1                                   0.000      50.000 r       u_CORES/u_GTP_SCANCHAIN_PG/scanchain/TCK1
                                   net (fanout=1)        1.213      51.213         u_CORES/drck_o   
 USCM_215_669/CLKOUT               td                    0.097      51.310 r       clkbufg_5/gopclkbufg/CLKOUT
                                   net (fanout=4)        0.334      51.644         ntclkbufg_2      
 HCKB_213_526/CLKOUT               td                    0.195      51.839 r       HCKBROUTE_289/CLKOUT
                                   net (fanout=164)      0.251      52.090         _N404            
 CLMA_285_750/CLK                                                          r       u_CORES/u_debug_core_0/u_rd_addr_gen/ram_radr[13]/opit_0_inv_AQ/CLK
 clock pessimism                                         0.000      52.090                          
 clock uncertainty                                      -0.050      52.040                          

 Setup time                                             -0.057      51.983                          

 Data required time                                                 51.983                          
----------------------------------------------------------------------------------------------------
 Data required time                                                 51.983                          
 Data arrival time                                                 -28.382                          
----------------------------------------------------------------------------------------------------
 Slack (MET)                                                        23.601                          
====================================================================================================

====================================================================================================

Startpoint  : u_CORES/u_debug_core_0/u_hub_data_decode/conf_id_ini[2]/opit_0_inv/CLK
Endpoint    : u_CORES/u_debug_core_0/u_hub_data_decode/conf_rst/opit_0_inv_L6Q_perm/I3
Path Group  : DebugCore_JCLK
Path Type   : min
Path Class  : sequential timing path
Clock Skew :    1.101  (Capture Clock Delay - Launch Clock Delay + Clock Pessimism Removal)
  Capture Clock Delay     :  2.570
  Launch Clock Delay      :  1.469
  Clock Pessimism Removal :  0.000

 Location                          Delay Type             Incr        Path         Logical Resource 
----------------------------------------------------------------------------------------------------

 Clock DebugCore_CAPTURE (rising edge)
                                                        25.000      25.000 r                        
 SCANCHAIN_88_312/CAPTUREDR                              0.000      25.000 r       u_CORES/u_GTP_SCANCHAIN_PG/scanchain/CAPTUREDR
                                   net (fanout=1)        0.587      25.587         u_CORES/capt_o   
 USCM_215_666/CLKOUT               td                    0.097      25.684 r       clkbufg_4/gopclkbufg/CLKOUT
                                   net (fanout=1)        0.334      26.018         ntclkbufg_1      
 HCKB_213_536/CLKOUT               td                    0.195      26.213 r       HCKBROUTE_286/CLKOUT
                                   net (fanout=11)       0.256      26.469         _N402            
 CLMA_261_745/CLK                                                          r       u_CORES/u_debug_core_0/u_hub_data_decode/conf_id_ini[2]/opit_0_inv/CLK

 CLMA_261_745/Q0                   tco                   0.103      26.572 r       u_CORES/u_debug_core_0/u_hub_data_decode/conf_id_ini[2]/opit_0_inv/Q
                                   net (fanout=3)        0.057      26.629         u_CORES/u_debug_core_0/u_hub_data_decode/conf_id_ini [2]
 CLMA_261_744/B3                                                           r       u_CORES/u_debug_core_0/u_hub_data_decode/conf_rst/opit_0_inv_L6Q_perm/I3

 Data arrival time                                                  26.629         Logic Levels: 0  
                                                                                   Logic: 0.103ns(64.375%), Route: 0.057ns(35.625%)
----------------------------------------------------------------------------------------------------

 Clock DebugCore_JCLK (rising edge)
                                                         0.000       0.000 r                        
 SCANCHAIN_88_312/TCK1                                   0.000       0.000 r       u_CORES/u_GTP_SCANCHAIN_PG/scanchain/TCK1
                                   net (fanout=1)        1.520       1.520         u_CORES/drck_o   
 USCM_215_669/CLKOUT               td                    0.115       1.635 r       clkbufg_5/gopclkbufg/CLKOUT
                                   net (fanout=4)        0.397       2.032         ntclkbufg_2      
 HCKB_213_526/CLKOUT               td                    0.233       2.265 r       HCKBROUTE_289/CLKOUT
                                   net (fanout=164)      0.305       2.570         _N404            
 CLMA_261_744/CLK                                                          r       u_CORES/u_debug_core_0/u_hub_data_decode/conf_rst/opit_0_inv_L6Q_perm/CLK
 clock pessimism                                         0.000       2.570                          
 clock uncertainty                                       0.050       2.620                          

 Hold time                                              -0.031       2.589                          

 Data required time                                                  2.589                          
----------------------------------------------------------------------------------------------------
 Data required time                                                  2.589                          
 Data arrival time                                                 -26.629                          
----------------------------------------------------------------------------------------------------
 Slack (MET)                                                        24.040                          
====================================================================================================

====================================================================================================

Startpoint  : u_CORES/u_debug_core_0/u_hub_data_decode/conf_sel_ini/opit_0_inv/CLK
Endpoint    : u_CORES/u_debug_core_0/u_hub_data_decode/conf_sel_ini_d1/opit_0_inv/D
Path Group  : DebugCore_JCLK
Path Type   : min
Path Class  : sequential timing path
Clock Skew :    1.100  (Capture Clock Delay - Launch Clock Delay + Clock Pessimism Removal)
  Capture Clock Delay     :  2.569
  Launch Clock Delay      :  1.469
  Clock Pessimism Removal :  0.000

 Location                          Delay Type             Incr        Path         Logical Resource 
----------------------------------------------------------------------------------------------------

 Clock DebugCore_CAPTURE (rising edge)
                                                        25.000      25.000 r                        
 SCANCHAIN_88_312/CAPTUREDR                              0.000      25.000 r       u_CORES/u_GTP_SCANCHAIN_PG/scanchain/CAPTUREDR
                                   net (fanout=1)        0.587      25.587         u_CORES/capt_o   
 USCM_215_666/CLKOUT               td                    0.097      25.684 r       clkbufg_4/gopclkbufg/CLKOUT
                                   net (fanout=1)        0.334      26.018         ntclkbufg_1      
 HCKB_213_536/CLKOUT               td                    0.195      26.213 r       HCKBROUTE_286/CLKOUT
                                   net (fanout=11)       0.256      26.469         _N402            
 CLMA_261_745/CLK                                                          r       u_CORES/u_debug_core_0/u_hub_data_decode/conf_sel_ini/opit_0_inv/CLK

 CLMA_261_745/Q1                   tco                   0.109      26.578 f       u_CORES/u_debug_core_0/u_hub_data_decode/conf_sel_ini/opit_0_inv/Q
                                   net (fanout=10)       0.116      26.694         u_CORES/u_debug_core_0/conf_sel_o
 CLMA_267_744/M3                                                           f       u_CORES/u_debug_core_0/u_hub_data_decode/conf_sel_ini_d1/opit_0_inv/D

 Data arrival time                                                  26.694         Logic Levels: 0  
                                                                                   Logic: 0.109ns(48.444%), Route: 0.116ns(51.556%)
----------------------------------------------------------------------------------------------------

 Clock DebugCore_JCLK (rising edge)
                                                         0.000       0.000 r                        
 SCANCHAIN_88_312/TCK1                                   0.000       0.000 r       u_CORES/u_GTP_SCANCHAIN_PG/scanchain/TCK1
                                   net (fanout=1)        1.520       1.520         u_CORES/drck_o   
 USCM_215_669/CLKOUT               td                    0.115       1.635 r       clkbufg_5/gopclkbufg/CLKOUT
                                   net (fanout=4)        0.397       2.032         ntclkbufg_2      
 HCKB_213_526/CLKOUT               td                    0.233       2.265 r       HCKBROUTE_289/CLKOUT
                                   net (fanout=164)      0.304       2.569         _N404            
 CLMA_267_744/CLK                                                          r       u_CORES/u_debug_core_0/u_hub_data_decode/conf_sel_ini_d1/opit_0_inv/CLK
 clock pessimism                                         0.000       2.569                          
 clock uncertainty                                       0.050       2.619                          

 Hold time                                               0.027       2.646                          

 Data required time                                                  2.646                          
----------------------------------------------------------------------------------------------------
 Data required time                                                  2.646                          
 Data arrival time                                                 -26.694                          
----------------------------------------------------------------------------------------------------
 Slack (MET)                                                        24.048                          
====================================================================================================

====================================================================================================

Startpoint  : u_CORES/u_debug_core_0/u_hub_data_decode/conf_id_ini[1]/opit_0_inv/CLK
Endpoint    : u_CORES/u_debug_core_0/u_hub_data_decode/conf_rst/opit_0_inv_L6Q_perm/I5
Path Group  : DebugCore_JCLK
Path Type   : min
Path Class  : sequential timing path
Clock Skew :    1.102  (Capture Clock Delay - Launch Clock Delay + Clock Pessimism Removal)
  Capture Clock Delay     :  2.570
  Launch Clock Delay      :  1.468
  Clock Pessimism Removal :  0.000

 Location                          Delay Type             Incr        Path         Logical Resource 
----------------------------------------------------------------------------------------------------

 Clock DebugCore_CAPTURE (rising edge)
                                                        25.000      25.000 r                        
 SCANCHAIN_88_312/CAPTUREDR                              0.000      25.000 r       u_CORES/u_GTP_SCANCHAIN_PG/scanchain/CAPTUREDR
                                   net (fanout=1)        0.587      25.587         u_CORES/capt_o   
 USCM_215_666/CLKOUT               td                    0.097      25.684 r       clkbufg_4/gopclkbufg/CLKOUT
                                   net (fanout=1)        0.334      26.018         ntclkbufg_1      
 HCKB_213_536/CLKOUT               td                    0.195      26.213 r       HCKBROUTE_286/CLKOUT
                                   net (fanout=11)       0.255      26.468         _N402            
 CLMA_261_750/CLK                                                          r       u_CORES/u_debug_core_0/u_hub_data_decode/conf_id_ini[1]/opit_0_inv/CLK

 CLMA_261_750/Q2                   tco                   0.109      26.577 f       u_CORES/u_debug_core_0/u_hub_data_decode/conf_id_ini[1]/opit_0_inv/Q
                                   net (fanout=3)        0.112      26.689         u_CORES/u_debug_core_0/u_hub_data_decode/conf_id_ini [1]
 CLMA_261_744/B5                                                           f       u_CORES/u_debug_core_0/u_hub_data_decode/conf_rst/opit_0_inv_L6Q_perm/I5

 Data arrival time                                                  26.689         Logic Levels: 0  
                                                                                   Logic: 0.109ns(49.321%), Route: 0.112ns(50.679%)
----------------------------------------------------------------------------------------------------

 Clock DebugCore_JCLK (rising edge)
                                                         0.000       0.000 r                        
 SCANCHAIN_88_312/TCK1                                   0.000       0.000 r       u_CORES/u_GTP_SCANCHAIN_PG/scanchain/TCK1
                                   net (fanout=1)        1.520       1.520         u_CORES/drck_o   
 USCM_215_669/CLKOUT               td                    0.115       1.635 r       clkbufg_5/gopclkbufg/CLKOUT
                                   net (fanout=4)        0.397       2.032         ntclkbufg_2      
 HCKB_213_526/CLKOUT               td                    0.233       2.265 r       HCKBROUTE_289/CLKOUT
                                   net (fanout=164)      0.305       2.570         _N404            
 CLMA_261_744/CLK                                                          r       u_CORES/u_debug_core_0/u_hub_data_decode/conf_rst/opit_0_inv_L6Q_perm/CLK
 clock pessimism                                         0.000       2.570                          
 clock uncertainty                                       0.050       2.620                          

 Hold time                                              -0.009       2.611                          

 Data required time                                                  2.611                          
----------------------------------------------------------------------------------------------------
 Data required time                                                  2.611                          
 Data arrival time                                                 -26.689                          
----------------------------------------------------------------------------------------------------
 Slack (MET)                                                        24.078                          
====================================================================================================

====================================================================================================

Startpoint  : u_CORES/u_jtag_hub/id_o[0]/opit_0_inv_L6Q_LUT6DQL5_perm/CLK
Endpoint    : u_CORES/u_debug_core_0/u_hub_data_decode/conf_id_ini[0]/opit_0_inv/D
Path Group  : DebugCore_CAPTURE
Path Type   : max
Path Class  : sequential timing path
Clock Skew :    -1.285  (Capture Clock Delay - Launch Clock Delay + Clock Pessimism Removal)
  Capture Clock Delay     :  1.468
  Launch Clock Delay      :  2.753
  Clock Pessimism Removal :  0.000

 Location                          Delay Type             Incr        Path         Logical Resource 
----------------------------------------------------------------------------------------------------

 Clock DebugCore_JCLK (falling edge)
                                                        75.000      75.000 f                        
 SCANCHAIN_88_312/TCK1                                   0.000      75.000 f       u_CORES/u_GTP_SCANCHAIN_PG/scanchain/TCK1
                                   net (fanout=1)        1.698      76.698         u_CORES/drck_o   
 USCM_215_669/CLKOUT               td                    0.115      76.813 f       clkbufg_5/gopclkbufg/CLKOUT
                                   net (fanout=4)        0.397      77.210         ntclkbufg_2      
 HCKB_213_526/CLKOUT               td                    0.233      77.443 f       HCKBROUTE_289/CLKOUT
                                   net (fanout=164)      0.310      77.753         _N404            
 CLMA_261_720/CLK                                                          f       u_CORES/u_jtag_hub/id_o[0]/opit_0_inv_L6Q_LUT6DQL5_perm/CLK

 CLMA_261_720/Q0                   tco                   0.125      77.878 f       u_CORES/u_jtag_hub/id_o[0]/opit_0_inv_L6Q_LUT6DQL5_perm/L6Q
                                   net (fanout=2)        0.509      78.387         u_CORES/id_o [0] 
 CLMA_261_750/M1                                                           f       u_CORES/u_debug_core_0/u_hub_data_decode/conf_id_ini[0]/opit_0_inv/D

 Data arrival time                                                  78.387         Logic Levels: 0  
                                                                                   Logic: 0.125ns(19.716%), Route: 0.509ns(80.284%)
----------------------------------------------------------------------------------------------------

 Clock DebugCore_CAPTURE (rising edge)
                                                       125.000     125.000 r                        
 SCANCHAIN_88_312/CAPTUREDR                              0.000     125.000 r       u_CORES/u_GTP_SCANCHAIN_PG/scanchain/CAPTUREDR
                                   net (fanout=1)        0.587     125.587         u_CORES/capt_o   
 USCM_215_666/CLKOUT               td                    0.097     125.684 r       clkbufg_4/gopclkbufg/CLKOUT
                                   net (fanout=1)        0.334     126.018         ntclkbufg_1      
 HCKB_213_536/CLKOUT               td                    0.195     126.213 r       HCKBROUTE_286/CLKOUT
                                   net (fanout=11)       0.255     126.468         _N402            
 CLMA_261_750/CLK                                                          r       u_CORES/u_debug_core_0/u_hub_data_decode/conf_id_ini[0]/opit_0_inv/CLK
 clock pessimism                                         0.000     126.468                          
 clock uncertainty                                      -0.050     126.418                          

 Setup time                                             -0.074     126.344                          

 Data required time                                                126.344                          
----------------------------------------------------------------------------------------------------
 Data required time                                                126.344                          
 Data arrival time                                                 -78.387                          
----------------------------------------------------------------------------------------------------
 Slack (MET)                                                        47.957                          
====================================================================================================

====================================================================================================

Startpoint  : u_CORES/u_debug_core_0/u_Trigger_Condition/N114/gateop_LUT6DL5Q_perm/CLK
Endpoint    : u_CORES/u_debug_core_0/u_hub_data_decode/conf_id_ini[3]/opit_0_inv/D
Path Group  : DebugCore_CAPTURE
Path Type   : max
Path Class  : sequential timing path
Clock Skew :    -1.284  (Capture Clock Delay - Launch Clock Delay + Clock Pessimism Removal)
  Capture Clock Delay     :  1.468
  Launch Clock Delay      :  2.752
  Clock Pessimism Removal :  0.000

 Location                          Delay Type             Incr        Path         Logical Resource 
----------------------------------------------------------------------------------------------------

 Clock DebugCore_JCLK (falling edge)
                                                        75.000      75.000 f                        
 SCANCHAIN_88_312/TCK1                                   0.000      75.000 f       u_CORES/u_GTP_SCANCHAIN_PG/scanchain/TCK1
                                   net (fanout=1)        1.698      76.698         u_CORES/drck_o   
 USCM_215_669/CLKOUT               td                    0.115      76.813 f       clkbufg_5/gopclkbufg/CLKOUT
                                   net (fanout=4)        0.397      77.210         ntclkbufg_2      
 HCKB_213_526/CLKOUT               td                    0.233      77.443 f       HCKBROUTE_289/CLKOUT
                                   net (fanout=164)      0.309      77.752         _N404            
 CLMA_261_727/CLK                                                          f       u_CORES/u_debug_core_0/u_Trigger_Condition/N114/gateop_LUT6DL5Q_perm/CLK

 CLMA_261_727/CR0                  tco                   0.140      77.892 f       u_CORES/u_debug_core_0/u_Trigger_Condition/N114/gateop_LUT6DL5Q_perm/L5Q
                                   net (fanout=2)        0.480      78.372         u_CORES/id_o [3] 
 CLMA_261_750/M0                                                           f       u_CORES/u_debug_core_0/u_hub_data_decode/conf_id_ini[3]/opit_0_inv/D

 Data arrival time                                                  78.372         Logic Levels: 0  
                                                                                   Logic: 0.140ns(22.581%), Route: 0.480ns(77.419%)
----------------------------------------------------------------------------------------------------

 Clock DebugCore_CAPTURE (rising edge)
                                                       125.000     125.000 r                        
 SCANCHAIN_88_312/CAPTUREDR                              0.000     125.000 r       u_CORES/u_GTP_SCANCHAIN_PG/scanchain/CAPTUREDR
                                   net (fanout=1)        0.587     125.587         u_CORES/capt_o   
 USCM_215_666/CLKOUT               td                    0.097     125.684 r       clkbufg_4/gopclkbufg/CLKOUT
                                   net (fanout=1)        0.334     126.018         ntclkbufg_1      
 HCKB_213_536/CLKOUT               td                    0.195     126.213 r       HCKBROUTE_286/CLKOUT
                                   net (fanout=11)       0.255     126.468         _N402            
 CLMA_261_750/CLK                                                          r       u_CORES/u_debug_core_0/u_hub_data_decode/conf_id_ini[3]/opit_0_inv/CLK
 clock pessimism                                         0.000     126.468                          
 clock uncertainty                                      -0.050     126.418                          

 Setup time                                             -0.074     126.344                          

 Data required time                                                126.344                          
----------------------------------------------------------------------------------------------------
 Data required time                                                126.344                          
 Data arrival time                                                 -78.372                          
----------------------------------------------------------------------------------------------------
 Slack (MET)                                                        47.972                          
====================================================================================================

====================================================================================================

Startpoint  : u_CORES/u_jtag_hub/id_o[4]/opit_0_inv_L6QL5_perm/CLK
Endpoint    : u_CORES/u_debug_core_0/u_hub_data_decode/conf_id[4]/opit_0_inv/D
Path Group  : DebugCore_CAPTURE
Path Type   : max
Path Class  : sequential timing path
Clock Skew :    -1.278  (Capture Clock Delay - Launch Clock Delay + Clock Pessimism Removal)
  Capture Clock Delay     :  1.475
  Launch Clock Delay      :  2.753
  Clock Pessimism Removal :  0.000

 Location                          Delay Type             Incr        Path         Logical Resource 
----------------------------------------------------------------------------------------------------

 Clock DebugCore_JCLK (falling edge)
                                                        75.000      75.000 f                        
 SCANCHAIN_88_312/TCK1                                   0.000      75.000 f       u_CORES/u_GTP_SCANCHAIN_PG/scanchain/TCK1
                                   net (fanout=1)        1.698      76.698         u_CORES/drck_o   
 USCM_215_669/CLKOUT               td                    0.115      76.813 f       clkbufg_5/gopclkbufg/CLKOUT
                                   net (fanout=4)        0.397      77.210         ntclkbufg_2      
 HCKB_213_526/CLKOUT               td                    0.233      77.443 f       HCKBROUTE_289/CLKOUT
                                   net (fanout=164)      0.310      77.753         _N404            
 CLMA_249_733/CLK                                                          f       u_CORES/u_jtag_hub/id_o[4]/opit_0_inv_L6QL5_perm/CLK

 CLMA_249_733/Q0                   tco                   0.125      77.878 f       u_CORES/u_jtag_hub/id_o[4]/opit_0_inv_L6QL5_perm/L6Q
                                   net (fanout=2)        0.429      78.307         u_CORES/id_o [4] 
 CLMA_261_714/M0                                                           f       u_CORES/u_debug_core_0/u_hub_data_decode/conf_id[4]/opit_0_inv/D

 Data arrival time                                                  78.307         Logic Levels: 0  
                                                                                   Logic: 0.125ns(22.563%), Route: 0.429ns(77.437%)
----------------------------------------------------------------------------------------------------

 Clock DebugCore_CAPTURE (rising edge)
                                                       125.000     125.000 r                        
 SCANCHAIN_88_312/CAPTUREDR                              0.000     125.000 r       u_CORES/u_GTP_SCANCHAIN_PG/scanchain/CAPTUREDR
                                   net (fanout=1)        0.587     125.587         u_CORES/capt_o   
 USCM_215_666/CLKOUT               td                    0.097     125.684 r       clkbufg_4/gopclkbufg/CLKOUT
                                   net (fanout=1)        0.334     126.018         ntclkbufg_1      
 HCKB_213_536/CLKOUT               td                    0.195     126.213 r       HCKBROUTE_286/CLKOUT
                                   net (fanout=11)       0.262     126.475         _N402            
 CLMA_261_714/CLK                                                          r       u_CORES/u_debug_core_0/u_hub_data_decode/conf_id[4]/opit_0_inv/CLK
 clock pessimism                                         0.000     126.475                          
 clock uncertainty                                      -0.050     126.425                          

 Setup time                                             -0.074     126.351                          

 Data required time                                                126.351                          
----------------------------------------------------------------------------------------------------
 Data required time                                                126.351                          
 Data arrival time                                                 -78.307                          
----------------------------------------------------------------------------------------------------
 Slack (MET)                                                        48.044                          
====================================================================================================

====================================================================================================

Startpoint  : u_CORES/u_jtag_hub/id_o[0]/opit_0_inv_L6Q_LUT6DQL5_perm/CLK
Endpoint    : u_CORES/u_debug_core_0/u_hub_data_decode/conf_id[0]/opit_0_inv/D
Path Group  : DebugCore_CAPTURE
Path Type   : min
Path Class  : sequential timing path
Clock Skew :    -0.365  (Capture Clock Delay - Launch Clock Delay + Clock Pessimism Removal)
  Capture Clock Delay     :  1.808
  Launch Clock Delay      :  2.173
  Clock Pessimism Removal :  0.000

 Location                          Delay Type             Incr        Path         Logical Resource 
----------------------------------------------------------------------------------------------------

 Clock DebugCore_JCLK (falling edge)
                                                       125.000     125.000 f                        
 SCANCHAIN_88_312/TCK1                                   0.000     125.000 f       u_CORES/u_GTP_SCANCHAIN_PG/scanchain/TCK1
                                   net (fanout=1)        1.284     126.284         u_CORES/drck_o   
 USCM_215_669/CLKOUT               td                    0.097     126.381 f       clkbufg_5/gopclkbufg/CLKOUT
                                   net (fanout=4)        0.334     126.715         ntclkbufg_2      
 HCKB_213_526/CLKOUT               td                    0.195     126.910 f       HCKBROUTE_289/CLKOUT
                                   net (fanout=164)      0.263     127.173         _N404            
 CLMA_261_720/CLK                                                          f       u_CORES/u_jtag_hub/id_o[0]/opit_0_inv_L6Q_LUT6DQL5_perm/CLK

 CLMA_261_720/Q0                   tco                   0.109     127.282 f       u_CORES/u_jtag_hub/id_o[0]/opit_0_inv_L6Q_LUT6DQL5_perm/L6Q
                                   net (fanout=2)        0.178     127.460         u_CORES/id_o [0] 
 CLMA_261_738/M3                                                           f       u_CORES/u_debug_core_0/u_hub_data_decode/conf_id[0]/opit_0_inv/D

 Data arrival time                                                 127.460         Logic Levels: 0  
                                                                                   Logic: 0.109ns(37.979%), Route: 0.178ns(62.021%)
----------------------------------------------------------------------------------------------------

 Clock DebugCore_CAPTURE (rising edge)
                                                       125.000     125.000 r                        
 SCANCHAIN_88_312/CAPTUREDR                              0.000     125.000 r       u_CORES/u_GTP_SCANCHAIN_PG/scanchain/CAPTUREDR
                                   net (fanout=1)        0.757     125.757         u_CORES/capt_o   
 USCM_215_666/CLKOUT               td                    0.115     125.872 r       clkbufg_4/gopclkbufg/CLKOUT
                                   net (fanout=1)        0.397     126.269         ntclkbufg_1      
 HCKB_213_536/CLKOUT               td                    0.233     126.502 r       HCKBROUTE_286/CLKOUT
                                   net (fanout=11)       0.306     126.808         _N402            
 CLMA_261_738/CLK                                                          r       u_CORES/u_debug_core_0/u_hub_data_decode/conf_id[0]/opit_0_inv/CLK
 clock pessimism                                         0.000     126.808                          
 clock uncertainty                                       0.050     126.858                          

 Hold time                                               0.027     126.885                          

 Data required time                                                126.885                          
----------------------------------------------------------------------------------------------------
 Data required time                                                126.885                          
 Data arrival time                                                -127.460                          
----------------------------------------------------------------------------------------------------
 Slack (MET)                                                         0.575                          
====================================================================================================

====================================================================================================

Startpoint  : u_CORES/u_jtag_hub/conf_sel[0]/opit_0_inv_L6Q_perm/CLK
Endpoint    : u_CORES/u_debug_core_0/u_hub_data_decode/conf_id[4]/opit_0_inv/CE
Path Group  : DebugCore_CAPTURE
Path Type   : min
Path Class  : sequential timing path
Clock Skew :    -0.360  (Capture Clock Delay - Launch Clock Delay + Clock Pessimism Removal)
  Capture Clock Delay     :  1.812
  Launch Clock Delay      :  2.172
  Clock Pessimism Removal :  0.000

 Location                          Delay Type             Incr        Path         Logical Resource 
----------------------------------------------------------------------------------------------------

 Clock DebugCore_JCLK (falling edge)
                                                       125.000     125.000 f                        
 SCANCHAIN_88_312/TCK1                                   0.000     125.000 f       u_CORES/u_GTP_SCANCHAIN_PG/scanchain/TCK1
                                   net (fanout=1)        1.284     126.284         u_CORES/drck_o   
 USCM_215_669/CLKOUT               td                    0.097     126.381 f       clkbufg_5/gopclkbufg/CLKOUT
                                   net (fanout=4)        0.334     126.715         ntclkbufg_2      
 HCKB_213_526/CLKOUT               td                    0.195     126.910 f       HCKBROUTE_289/CLKOUT
                                   net (fanout=164)      0.262     127.172         _N404            
 CLMA_261_727/CLK                                                          f       u_CORES/u_jtag_hub/conf_sel[0]/opit_0_inv_L6Q_perm/CLK

 CLMA_261_727/Q1                   tco                   0.110     127.282 f       u_CORES/u_jtag_hub/conf_sel[0]/opit_0_inv_L6Q_perm/L6Q
                                   net (fanout=6)        0.114     127.396         u_CORES/conf_sel [0]
 CLMA_261_714/CE                                                           f       u_CORES/u_debug_core_0/u_hub_data_decode/conf_id[4]/opit_0_inv/CE

 Data arrival time                                                 127.396         Logic Levels: 0  
                                                                                   Logic: 0.110ns(49.107%), Route: 0.114ns(50.893%)
----------------------------------------------------------------------------------------------------

 Clock DebugCore_CAPTURE (rising edge)
                                                       125.000     125.000 r                        
 SCANCHAIN_88_312/CAPTUREDR                              0.000     125.000 r       u_CORES/u_GTP_SCANCHAIN_PG/scanchain/CAPTUREDR
                                   net (fanout=1)        0.757     125.757         u_CORES/capt_o   
 USCM_215_666/CLKOUT               td                    0.115     125.872 r       clkbufg_4/gopclkbufg/CLKOUT
                                   net (fanout=1)        0.397     126.269         ntclkbufg_1      
 HCKB_213_536/CLKOUT               td                    0.233     126.502 r       HCKBROUTE_286/CLKOUT
                                   net (fanout=11)       0.310     126.812         _N402            
 CLMA_261_714/CLK                                                          r       u_CORES/u_debug_core_0/u_hub_data_decode/conf_id[4]/opit_0_inv/CLK
 clock pessimism                                         0.000     126.812                          
 clock uncertainty                                       0.050     126.862                          

 Hold time                                              -0.043     126.819                          

 Data required time                                                126.819                          
----------------------------------------------------------------------------------------------------
 Data required time                                                126.819                          
 Data arrival time                                                -127.396                          
----------------------------------------------------------------------------------------------------
 Slack (MET)                                                         0.577                          
====================================================================================================

====================================================================================================

Startpoint  : u_CORES/u_jtag_hub/conf_sel[0]/opit_0_inv_L6Q_perm/CLK
Endpoint    : u_CORES/u_debug_core_0/u_hub_data_decode/conf_id[1]/opit_0_inv/CE
Path Group  : DebugCore_CAPTURE
Path Type   : min
Path Class  : sequential timing path
Clock Skew :    -0.364  (Capture Clock Delay - Launch Clock Delay + Clock Pessimism Removal)
  Capture Clock Delay     :  1.808
  Launch Clock Delay      :  2.172
  Clock Pessimism Removal :  0.000

 Location                          Delay Type             Incr        Path         Logical Resource 
----------------------------------------------------------------------------------------------------

 Clock DebugCore_JCLK (falling edge)
                                                       125.000     125.000 f                        
 SCANCHAIN_88_312/TCK1                                   0.000     125.000 f       u_CORES/u_GTP_SCANCHAIN_PG/scanchain/TCK1
                                   net (fanout=1)        1.284     126.284         u_CORES/drck_o   
 USCM_215_669/CLKOUT               td                    0.097     126.381 f       clkbufg_5/gopclkbufg/CLKOUT
                                   net (fanout=4)        0.334     126.715         ntclkbufg_2      
 HCKB_213_526/CLKOUT               td                    0.195     126.910 f       HCKBROUTE_289/CLKOUT
                                   net (fanout=164)      0.262     127.172         _N404            
 CLMA_261_727/CLK                                                          f       u_CORES/u_jtag_hub/conf_sel[0]/opit_0_inv_L6Q_perm/CLK

 CLMA_261_727/Q1                   tco                   0.110     127.282 f       u_CORES/u_jtag_hub/conf_sel[0]/opit_0_inv_L6Q_perm/L6Q
                                   net (fanout=6)        0.114     127.396         u_CORES/conf_sel [0]
 CLMA_261_738/CE                                                           f       u_CORES/u_debug_core_0/u_hub_data_decode/conf_id[1]/opit_0_inv/CE

 Data arrival time                                                 127.396         Logic Levels: 0  
                                                                                   Logic: 0.110ns(49.107%), Route: 0.114ns(50.893%)
----------------------------------------------------------------------------------------------------

 Clock DebugCore_CAPTURE (rising edge)
                                                       125.000     125.000 r                        
 SCANCHAIN_88_312/CAPTUREDR                              0.000     125.000 r       u_CORES/u_GTP_SCANCHAIN_PG/scanchain/CAPTUREDR
                                   net (fanout=1)        0.757     125.757         u_CORES/capt_o   
 USCM_215_666/CLKOUT               td                    0.115     125.872 r       clkbufg_4/gopclkbufg/CLKOUT
                                   net (fanout=1)        0.397     126.269         ntclkbufg_1      
 HCKB_213_536/CLKOUT               td                    0.233     126.502 r       HCKBROUTE_286/CLKOUT
                                   net (fanout=11)       0.306     126.808         _N402            
 CLMA_261_738/CLK                                                          r       u_CORES/u_debug_core_0/u_hub_data_decode/conf_id[1]/opit_0_inv/CLK
 clock pessimism                                         0.000     126.808                          
 clock uncertainty                                       0.050     126.858                          

 Hold time                                              -0.043     126.815                          

 Data required time                                                126.815                          
----------------------------------------------------------------------------------------------------
 Data required time                                                126.815                          
 Data arrival time                                                -127.396                          
----------------------------------------------------------------------------------------------------
 Slack (MET)                                                         0.581                          
====================================================================================================

====================================================================================================

Startpoint  : u_CORES/u_debug_core_0/resetn/opit_0/CLK
Endpoint    : u_CORES/u_debug_core_0/TRIG0_ff[0][40]/opit_0_inv/RS
Path Group  : hdmi_i2c_inst/i2c_ctrl_inst/i2c_clk/Q[0]_Inferred
Path Type   : max
Path Class  : async timing path
Clock Skew :    -0.432  (Capture Clock Delay - Launch Clock Delay + Clock Pessimism Removal)
  Capture Clock Delay     :  0.255
  Launch Clock Delay      :  0.687
  Clock Pessimism Removal :  0.000

 Location                          Delay Type             Incr        Path         Logical Resource 
----------------------------------------------------------------------------------------------------

 Clock hdmi_i2c_inst/i2c_ctrl_inst/i2c_clk/Q[0]_Inferred (rising edge)
                                                         0.000       0.000 r                        
 CLMA_177_768/CR0                                        0.000       0.000 r       hdmi_i2c_inst/i2c_ctrl_inst/i2c_clk/opit_0_inv/Q
                                   net (fanout=670)      0.687       0.687         hdmi_i2c_inst/cfg_clk
 CLMA_243_714/CLK                                                          r       u_CORES/u_debug_core_0/resetn/opit_0/CLK

 CLMA_243_714/Q3                   tco                   0.125       0.812 f       u_CORES/u_debug_core_0/resetn/opit_0/Q
                                   net (fanout=171)      0.624       1.436         u_CORES/u_debug_core_0/resetn
 CLMS_207_769/RSCO                 td                    0.052       1.488 r       u_CORES/u_debug_core_0/u0_trig_unit/conf_reg[59]/opit_0_inv_L6QL5Q/RSCO
                                   net (fanout=1)        0.000       1.488         _N49             
 CLMS_207_775/RSCO                 td                    0.049       1.537 r       u_CORES/u_debug_core_0/u0_trig_unit/signal_ff_dly[41]/opit_0_inv/RSCO
                                   net (fanout=6)        0.000       1.537         _N48             
 CLMS_207_781/RSCI                                                         r       u_CORES/u_debug_core_0/TRIG0_ff[0][40]/opit_0_inv/RS

 Data arrival time                                                   1.537         Logic Levels: 2  
                                                                                   Logic: 0.226ns(26.588%), Route: 0.624ns(73.412%)
----------------------------------------------------------------------------------------------------

 Clock hdmi_i2c_inst/i2c_ctrl_inst/i2c_clk/Q[0]_Inferred (rising edge)
                                                      1000.000    1000.000 r                        
 CLMA_177_768/CR0                                        0.000    1000.000 r       hdmi_i2c_inst/i2c_ctrl_inst/i2c_clk/opit_0_inv/Q
                                   net (fanout=670)      0.255    1000.255         hdmi_i2c_inst/cfg_clk
 CLMS_207_781/CLK                                                          r       u_CORES/u_debug_core_0/TRIG0_ff[0][40]/opit_0_inv/CLK
 clock pessimism                                         0.000    1000.255                          
 clock uncertainty                                      -0.050    1000.205                          

 Recovery time                                          -0.116    1000.089                          

 Data required time                                               1000.089                          
----------------------------------------------------------------------------------------------------
 Data required time                                               1000.089                          
 Data arrival time                                                  -1.537                          
----------------------------------------------------------------------------------------------------
 Slack (MET)                                                       998.552                          
====================================================================================================

====================================================================================================

Startpoint  : u_CORES/u_debug_core_0/resetn/opit_0/CLK
Endpoint    : u_CORES/u_debug_core_0/u0_trig_unit/signal_ff_dly[39]/opit_0_inv/RS
Path Group  : hdmi_i2c_inst/i2c_ctrl_inst/i2c_clk/Q[0]_Inferred
Path Type   : max
Path Class  : async timing path
Clock Skew :    -0.432  (Capture Clock Delay - Launch Clock Delay + Clock Pessimism Removal)
  Capture Clock Delay     :  0.255
  Launch Clock Delay      :  0.687
  Clock Pessimism Removal :  0.000

 Location                          Delay Type             Incr        Path         Logical Resource 
----------------------------------------------------------------------------------------------------

 Clock hdmi_i2c_inst/i2c_ctrl_inst/i2c_clk/Q[0]_Inferred (rising edge)
                                                         0.000       0.000 r                        
 CLMA_177_768/CR0                                        0.000       0.000 r       hdmi_i2c_inst/i2c_ctrl_inst/i2c_clk/opit_0_inv/Q
                                   net (fanout=670)      0.687       0.687         hdmi_i2c_inst/cfg_clk
 CLMA_243_714/CLK                                                          r       u_CORES/u_debug_core_0/resetn/opit_0/CLK

 CLMA_243_714/Q3                   tco                   0.125       0.812 f       u_CORES/u_debug_core_0/resetn/opit_0/Q
                                   net (fanout=171)      0.624       1.436         u_CORES/u_debug_core_0/resetn
 CLMS_207_769/RSCO                 td                    0.052       1.488 r       u_CORES/u_debug_core_0/u0_trig_unit/conf_reg[59]/opit_0_inv_L6QL5Q/RSCO
                                   net (fanout=1)        0.000       1.488         _N49             
 CLMS_207_775/RSCO                 td                    0.049       1.537 r       u_CORES/u_debug_core_0/u0_trig_unit/signal_ff_dly[41]/opit_0_inv/RSCO
                                   net (fanout=6)        0.000       1.537         _N48             
 CLMS_207_781/RSCI                                                         r       u_CORES/u_debug_core_0/u0_trig_unit/signal_ff_dly[39]/opit_0_inv/RS

 Data arrival time                                                   1.537         Logic Levels: 2  
                                                                                   Logic: 0.226ns(26.588%), Route: 0.624ns(73.412%)
----------------------------------------------------------------------------------------------------

 Clock hdmi_i2c_inst/i2c_ctrl_inst/i2c_clk/Q[0]_Inferred (rising edge)
                                                      1000.000    1000.000 r                        
 CLMA_177_768/CR0                                        0.000    1000.000 r       hdmi_i2c_inst/i2c_ctrl_inst/i2c_clk/opit_0_inv/Q
                                   net (fanout=670)      0.255    1000.255         hdmi_i2c_inst/cfg_clk
 CLMS_207_781/CLK                                                          r       u_CORES/u_debug_core_0/u0_trig_unit/signal_ff_dly[39]/opit_0_inv/CLK
 clock pessimism                                         0.000    1000.255                          
 clock uncertainty                                      -0.050    1000.205                          

 Recovery time                                          -0.116    1000.089                          

 Data required time                                               1000.089                          
----------------------------------------------------------------------------------------------------
 Data required time                                               1000.089                          
 Data arrival time                                                  -1.537                          
----------------------------------------------------------------------------------------------------
 Slack (MET)                                                       998.552                          
====================================================================================================

====================================================================================================

Startpoint  : u_CORES/u_debug_core_0/resetn/opit_0/CLK
Endpoint    : u_CORES/u_debug_core_0/TRIG0_ff[1][39]/opit_0_inv/RS
Path Group  : hdmi_i2c_inst/i2c_ctrl_inst/i2c_clk/Q[0]_Inferred
Path Type   : max
Path Class  : async timing path
Clock Skew :    -0.432  (Capture Clock Delay - Launch Clock Delay + Clock Pessimism Removal)
  Capture Clock Delay     :  0.255
  Launch Clock Delay      :  0.687
  Clock Pessimism Removal :  0.000

 Location                          Delay Type             Incr        Path         Logical Resource 
----------------------------------------------------------------------------------------------------

 Clock hdmi_i2c_inst/i2c_ctrl_inst/i2c_clk/Q[0]_Inferred (rising edge)
                                                         0.000       0.000 r                        
 CLMA_177_768/CR0                                        0.000       0.000 r       hdmi_i2c_inst/i2c_ctrl_inst/i2c_clk/opit_0_inv/Q
                                   net (fanout=670)      0.687       0.687         hdmi_i2c_inst/cfg_clk
 CLMA_243_714/CLK                                                          r       u_CORES/u_debug_core_0/resetn/opit_0/CLK

 CLMA_243_714/Q3                   tco                   0.125       0.812 f       u_CORES/u_debug_core_0/resetn/opit_0/Q
                                   net (fanout=171)      0.624       1.436         u_CORES/u_debug_core_0/resetn
 CLMS_207_769/RSCO                 td                    0.052       1.488 r       u_CORES/u_debug_core_0/u0_trig_unit/conf_reg[59]/opit_0_inv_L6QL5Q/RSCO
                                   net (fanout=1)        0.000       1.488         _N49             
 CLMS_207_775/RSCO                 td                    0.049       1.537 r       u_CORES/u_debug_core_0/u0_trig_unit/signal_ff_dly[41]/opit_0_inv/RSCO
                                   net (fanout=6)        0.000       1.537         _N48             
 CLMS_207_781/RSCI                                                         r       u_CORES/u_debug_core_0/TRIG0_ff[1][39]/opit_0_inv/RS

 Data arrival time                                                   1.537         Logic Levels: 2  
                                                                                   Logic: 0.226ns(26.588%), Route: 0.624ns(73.412%)
----------------------------------------------------------------------------------------------------

 Clock hdmi_i2c_inst/i2c_ctrl_inst/i2c_clk/Q[0]_Inferred (rising edge)
                                                      1000.000    1000.000 r                        
 CLMA_177_768/CR0                                        0.000    1000.000 r       hdmi_i2c_inst/i2c_ctrl_inst/i2c_clk/opit_0_inv/Q
                                   net (fanout=670)      0.255    1000.255         hdmi_i2c_inst/cfg_clk
 CLMS_207_781/CLK                                                          r       u_CORES/u_debug_core_0/TRIG0_ff[1][39]/opit_0_inv/CLK
 clock pessimism                                         0.000    1000.255                          
 clock uncertainty                                      -0.050    1000.205                          

 Recovery time                                          -0.116    1000.089                          

 Data required time                                               1000.089                          
----------------------------------------------------------------------------------------------------
 Data required time                                               1000.089                          
 Data arrival time                                                  -1.537                          
----------------------------------------------------------------------------------------------------
 Slack (MET)                                                       998.552                          
====================================================================================================

====================================================================================================

Startpoint  : u_CORES/u_debug_core_0/resetn/opit_0/CLK
Endpoint    : u_CORES/u_debug_core_0/data_pipe[4][23]/opit_0_inv_L6QL5Q_perm/RS
Path Group  : hdmi_i2c_inst/i2c_ctrl_inst/i2c_clk/Q[0]_Inferred
Path Type   : min
Path Class  : async timing path
Clock Skew :    0.304  (Capture Clock Delay - Launch Clock Delay + Clock Pessimism Removal)
  Capture Clock Delay     :  0.866
  Launch Clock Delay      :  0.546
  Clock Pessimism Removal :  -0.016

 Location                          Delay Type             Incr        Path         Logical Resource 
----------------------------------------------------------------------------------------------------

 Clock hdmi_i2c_inst/i2c_ctrl_inst/i2c_clk/Q[0]_Inferred (rising edge)
                                                         0.000       0.000 r                        
 CLMA_177_768/CR0                                        0.000       0.000 r       hdmi_i2c_inst/i2c_ctrl_inst/i2c_clk/opit_0_inv/Q
                                   net (fanout=670)      0.546       0.546         hdmi_i2c_inst/cfg_clk
 CLMA_243_714/CLK                                                          r       u_CORES/u_debug_core_0/resetn/opit_0/CLK

 CLMA_243_714/Q3                   tco                   0.109       0.655 f       u_CORES/u_debug_core_0/resetn/opit_0/Q
                                   net (fanout=171)      0.169       0.824         u_CORES/u_debug_core_0/resetn
 CLMA_249_708/RS                                                           f       u_CORES/u_debug_core_0/data_pipe[4][23]/opit_0_inv_L6QL5Q_perm/RS

 Data arrival time                                                   0.824         Logic Levels: 0  
                                                                                   Logic: 0.109ns(39.209%), Route: 0.169ns(60.791%)
----------------------------------------------------------------------------------------------------

 Clock hdmi_i2c_inst/i2c_ctrl_inst/i2c_clk/Q[0]_Inferred (rising edge)
                                                         0.000       0.000 r                        
 CLMA_177_768/CR0                                        0.000       0.000 r       hdmi_i2c_inst/i2c_ctrl_inst/i2c_clk/opit_0_inv/Q
                                   net (fanout=670)      0.866       0.866         hdmi_i2c_inst/cfg_clk
 CLMA_249_708/CLK                                                          r       u_CORES/u_debug_core_0/data_pipe[4][23]/opit_0_inv_L6QL5Q_perm/CLK
 clock pessimism                                        -0.016       0.850                          
 clock uncertainty                                       0.000       0.850                          

 Removal time                                           -0.043       0.807                          

 Data required time                                                  0.807                          
----------------------------------------------------------------------------------------------------
 Data required time                                                  0.807                          
 Data arrival time                                                  -0.824                          
----------------------------------------------------------------------------------------------------
 Slack (MET)                                                         0.017                          
====================================================================================================

====================================================================================================

Startpoint  : u_CORES/u_debug_core_0/resetn/opit_0/CLK
Endpoint    : u_CORES/u_debug_core_0/data_pipe[3][50]/opit_0_inv_L6QL5Q_perm/RS
Path Group  : hdmi_i2c_inst/i2c_ctrl_inst/i2c_clk/Q[0]_Inferred
Path Type   : min
Path Class  : async timing path
Clock Skew :    0.366  (Capture Clock Delay - Launch Clock Delay + Clock Pessimism Removal)
  Capture Clock Delay     :  0.928
  Launch Clock Delay      :  0.546
  Clock Pessimism Removal :  -0.016

 Location                          Delay Type             Incr        Path         Logical Resource 
----------------------------------------------------------------------------------------------------

 Clock hdmi_i2c_inst/i2c_ctrl_inst/i2c_clk/Q[0]_Inferred (rising edge)
                                                         0.000       0.000 r                        
 CLMA_177_768/CR0                                        0.000       0.000 r       hdmi_i2c_inst/i2c_ctrl_inst/i2c_clk/opit_0_inv/Q
                                   net (fanout=670)      0.546       0.546         hdmi_i2c_inst/cfg_clk
 CLMA_243_714/CLK                                                          r       u_CORES/u_debug_core_0/resetn/opit_0/CLK

 CLMA_243_714/Q3                   tco                   0.103       0.649 r       u_CORES/u_debug_core_0/resetn/opit_0/Q
                                   net (fanout=171)      0.234       0.883         u_CORES/u_debug_core_0/resetn
 CLMA_249_726/RSCO                 td                    0.056       0.939 f       u_CORES/u_debug_core_0/data_pipe[4][17]/opit_0_inv_L6QL5Q_perm/RSCO
                                   net (fanout=4)        0.000       0.939         _N76             
 CLMA_249_732/RSCI                                                         f       u_CORES/u_debug_core_0/data_pipe[3][50]/opit_0_inv_L6QL5Q_perm/RS

 Data arrival time                                                   0.939         Logic Levels: 1  
                                                                                   Logic: 0.159ns(40.458%), Route: 0.234ns(59.542%)
----------------------------------------------------------------------------------------------------

 Clock hdmi_i2c_inst/i2c_ctrl_inst/i2c_clk/Q[0]_Inferred (rising edge)
                                                         0.000       0.000 r                        
 CLMA_177_768/CR0                                        0.000       0.000 r       hdmi_i2c_inst/i2c_ctrl_inst/i2c_clk/opit_0_inv/Q
                                   net (fanout=670)      0.928       0.928         hdmi_i2c_inst/cfg_clk
 CLMA_249_732/CLK                                                          r       u_CORES/u_debug_core_0/data_pipe[3][50]/opit_0_inv_L6QL5Q_perm/CLK
 clock pessimism                                        -0.016       0.912                          
 clock uncertainty                                       0.000       0.912                          

 Removal time                                           -0.043       0.869                          

 Data required time                                                  0.869                          
----------------------------------------------------------------------------------------------------
 Data required time                                                  0.869                          
 Data arrival time                                                  -0.939                          
----------------------------------------------------------------------------------------------------
 Slack (MET)                                                         0.070                          
====================================================================================================

====================================================================================================

Startpoint  : u_CORES/u_debug_core_0/resetn/opit_0/CLK
Endpoint    : u_CORES/u_debug_core_0/data_pipe[4][49]/opit_0_inv_L6QL5Q_perm/RS
Path Group  : hdmi_i2c_inst/i2c_ctrl_inst/i2c_clk/Q[0]_Inferred
Path Type   : min
Path Class  : async timing path
Clock Skew :    0.366  (Capture Clock Delay - Launch Clock Delay + Clock Pessimism Removal)
  Capture Clock Delay     :  0.928
  Launch Clock Delay      :  0.546
  Clock Pessimism Removal :  -0.016

 Location                          Delay Type             Incr        Path         Logical Resource 
----------------------------------------------------------------------------------------------------

 Clock hdmi_i2c_inst/i2c_ctrl_inst/i2c_clk/Q[0]_Inferred (rising edge)
                                                         0.000       0.000 r                        
 CLMA_177_768/CR0                                        0.000       0.000 r       hdmi_i2c_inst/i2c_ctrl_inst/i2c_clk/opit_0_inv/Q
                                   net (fanout=670)      0.546       0.546         hdmi_i2c_inst/cfg_clk
 CLMA_243_714/CLK                                                          r       u_CORES/u_debug_core_0/resetn/opit_0/CLK

 CLMA_243_714/Q3                   tco                   0.103       0.649 r       u_CORES/u_debug_core_0/resetn/opit_0/Q
                                   net (fanout=171)      0.234       0.883         u_CORES/u_debug_core_0/resetn
 CLMA_249_726/RSCO                 td                    0.056       0.939 f       u_CORES/u_debug_core_0/data_pipe[4][17]/opit_0_inv_L6QL5Q_perm/RSCO
                                   net (fanout=4)        0.000       0.939         _N76             
 CLMA_249_732/RSCI                                                         f       u_CORES/u_debug_core_0/data_pipe[4][49]/opit_0_inv_L6QL5Q_perm/RS

 Data arrival time                                                   0.939         Logic Levels: 1  
                                                                                   Logic: 0.159ns(40.458%), Route: 0.234ns(59.542%)
----------------------------------------------------------------------------------------------------

 Clock hdmi_i2c_inst/i2c_ctrl_inst/i2c_clk/Q[0]_Inferred (rising edge)
                                                         0.000       0.000 r                        
 CLMA_177_768/CR0                                        0.000       0.000 r       hdmi_i2c_inst/i2c_ctrl_inst/i2c_clk/opit_0_inv/Q
                                   net (fanout=670)      0.928       0.928         hdmi_i2c_inst/cfg_clk
 CLMA_249_732/CLK                                                          r       u_CORES/u_debug_core_0/data_pipe[4][49]/opit_0_inv_L6QL5Q_perm/CLK
 clock pessimism                                        -0.016       0.912                          
 clock uncertainty                                       0.000       0.912                          

 Removal time                                           -0.043       0.869                          

 Data required time                                                  0.869                          
----------------------------------------------------------------------------------------------------
 Data required time                                                  0.869                          
 Data arrival time                                                  -0.939                          
----------------------------------------------------------------------------------------------------
 Slack (MET)                                                         0.070                          
====================================================================================================

====================================================================================================

Startpoint  : hdmi_i2c_inst/i2c_ctrl_inst/cnt_bit[2]/opit_0_inv_L6QL5Q_perm/CLK
Endpoint    : ddc_scl (port)
Path Group  : **default**
Path Type   : max
Path Class  : combinational timing path

 Location                          Delay Type             Incr        Path         Logical Resource 
----------------------------------------------------------------------------------------------------

 Clock hdmi_i2c_inst/i2c_ctrl_inst/i2c_clk/Q[0]_Inferred (rising edge)
                                                         0.000       0.000 r                        
 CLMA_177_768/CR0                                        0.000       0.000 r       hdmi_i2c_inst/i2c_ctrl_inst/i2c_clk/opit_0_inv/Q
                                   net (fanout=670)      0.336       0.336         hdmi_i2c_inst/cfg_clk
 CLMA_195_750/CLK                                                          r       hdmi_i2c_inst/i2c_ctrl_inst/cnt_bit[2]/opit_0_inv_L6QL5Q_perm/CLK

 CLMA_195_750/CR0                  tco                   0.141       0.477 f       hdmi_i2c_inst/i2c_ctrl_inst/cnt_bit[2]/opit_0_inv_L6QL5Q_perm/L5Q
                                   net (fanout=24)       0.309       0.786         hdmi_i2c_inst/i2c_ctrl_inst/cnt_bit [2]
 CLMA_195_757/Y0                   td                    0.066       0.852 f       hdmi_i2c_inst/i2c_ctrl_inst/N516/LUT6D_inst_perm/L6
                                   net (fanout=1)        0.242       1.094         hdmi_i2c_inst/i2c_ctrl_inst/N636
 CLMA_195_751/Y0                   td                    0.104       1.198 r       u_CORES/u_debug_core_0/TRIG0_ff[1][41]/opit_0_inv_L6QQ_perm/L6
                                   net (fanout=2)        1.371       2.569         _N283            
 IOLHR_16_480/DO_P                 td                    0.488       3.057 r       ddc_scl_obuf/opit_1/DO_P
                                   net (fanout=1)        0.000       3.057         ddc_scl_obuf/ntO 
 IOBD_0_480/PAD                    td                    1.954       5.011 r       ddc_scl_obuf/opit_0/O
                                   net (fanout=1)        0.131       5.142         ddc_scl          
 L22                                                                       r       ddc_scl (port)   

 Data arrival time                                                   5.142         Logic Levels: 4  
                                                                                   Logic: 2.753ns(57.283%), Route: 2.053ns(42.717%)
====================================================================================================

====================================================================================================

Startpoint  : hdmi_in_hsync (port)
Endpoint    : hdmi_out_hsync (port)
Path Group  : **default**
Path Type   : max
Path Class  : combinational timing path

 Location                          Delay Type             Incr        Path         Logical Resource 
----------------------------------------------------------------------------------------------------


 N21                                                     0.000       0.000 r       hdmi_in_hsync (port)
                                   net (fanout=1)        0.135       0.135         hdmi_in_hsync    
 IOBD_0_450/DIN                    td                    0.521       0.656 r       hdmi_in_hsync_ibuf/opit_0/O
                                   net (fanout=1)        0.000       0.656         hdmi_in_hsync_ibuf/ntD
 IOLHR_16_450/DI_TO_CLK            td                    0.087       0.743 r       hdmi_in_hsync_ibuf/opit_1/DI_TO_CLK
                                   net (fanout=1)        1.166       1.909         nt_hdmi_in_hsync 
 IOLHR_16_822/DO_P                 td                    0.488       2.397 r       hdmi_out_hsync_obuf/opit_1/DO_P
                                   net (fanout=1)        0.000       2.397         hdmi_out_hsync_obuf/ntO
 IOBD_0_822/PAD                    td                    1.954       4.351 r       hdmi_out_hsync_obuf/opit_0/O
                                   net (fanout=1)        0.084       4.435         hdmi_out_hsync   
 L17                                                                       r       hdmi_out_hsync (port)

 Data arrival time                                                   4.435         Logic Levels: 4  
                                                                                   Logic: 3.050ns(68.771%), Route: 1.385ns(31.229%)
====================================================================================================

====================================================================================================

Startpoint  : hdmi_in_rgb[22] (port)
Endpoint    : hdmi_out_rgb[22] (port)
Path Group  : **default**
Path Type   : max
Path Class  : combinational timing path

 Location                          Delay Type             Incr        Path         Logical Resource 
----------------------------------------------------------------------------------------------------


 F20                                                     0.000       0.000 r       hdmi_in_rgb[22] (port)
                                   net (fanout=1)        0.092       0.092         hdmi_in_rgb[22]  
 IOBS_0_1158/DIN                   td                    0.521       0.613 r       hdmi_in_rgb_ibuf[22]/opit_0/O
                                   net (fanout=1)        0.000       0.613         hdmi_in_rgb_ibuf[22]/ntD
 IOLHR_16_1158/DI_TO_CLK           td                    0.087       0.700 r       hdmi_in_rgb_ibuf[22]/opit_1/DI_TO_CLK
                                   net (fanout=1)        0.843       1.543         nt_hdmi_in_rgb[22]
 IOLHR_16_978/DO_P                 td                    0.488       2.031 r       hdmi_out_rgb_obuf[22]/opit_1/DO_P
                                   net (fanout=1)        0.000       2.031         hdmi_out_rgb_obuf[22]/ntO
 IOBD_0_978/PAD                    td                    1.954       3.985 r       hdmi_out_rgb_obuf[22]/opit_0/O
                                   net (fanout=1)        0.166       4.151         hdmi_out_rgb[22] 
 B25                                                                       r       hdmi_out_rgb[22] (port)

 Data arrival time                                                   4.151         Logic Levels: 4  
                                                                                   Logic: 3.050ns(73.476%), Route: 1.101ns(26.524%)
====================================================================================================

====================================================================================================

Startpoint  : hdmi_in_clk (port)
Endpoint    : u_CORES/u_debug_core_0/TRIG0_ff[0][32]/opit_0_inv/D
Path Group  : **default**
Path Type   : min
Path Class  : combinational timing path

 Location                          Delay Type             Incr        Path         Logical Resource 
----------------------------------------------------------------------------------------------------


 M16                                                     0.000       0.000 r       hdmi_in_clk (port)
                                   net (fanout=1)        0.085       0.085         hdmi_in_clk      
 IOBD_0_846/DIN                    td                    0.445       0.530 r       hdmi_in_clk_ibuf/opit_0/O
                                   net (fanout=1)        0.000       0.530         hdmi_in_clk_ibuf/ntD
 IOLHR_16_846/DI_TO_CLK            td                    0.073       0.603 r       hdmi_in_clk_ibuf/opit_1/DI_TO_CLK
                                   net (fanout=5)        0.778       1.381         nt_hdmi_in_clk   
 CLMS_207_781/M2                                                           r       u_CORES/u_debug_core_0/TRIG0_ff[0][32]/opit_0_inv/D

 Data arrival time                                                   1.381         Logic Levels: 2  
                                                                                   Logic: 0.518ns(37.509%), Route: 0.863ns(62.491%)
====================================================================================================

====================================================================================================

Startpoint  : hdmi_in_clk (port)
Endpoint    : u_CORES/u_debug_core_0/TRIG0_ff[0][39]/opit_0_inv/D
Path Group  : **default**
Path Type   : min
Path Class  : combinational timing path

 Location                          Delay Type             Incr        Path         Logical Resource 
----------------------------------------------------------------------------------------------------


 M16                                                     0.000       0.000 r       hdmi_in_clk (port)
                                   net (fanout=1)        0.085       0.085         hdmi_in_clk      
 IOBD_0_846/DIN                    td                    0.445       0.530 r       hdmi_in_clk_ibuf/opit_0/O
                                   net (fanout=1)        0.000       0.530         hdmi_in_clk_ibuf/ntD
 IOLHR_16_846/DI_TO_CLK            td                    0.073       0.603 r       hdmi_in_clk_ibuf/opit_1/DI_TO_CLK
                                   net (fanout=5)        0.778       1.381         nt_hdmi_in_clk   
 CLMS_207_781/M2                                                           r       u_CORES/u_debug_core_0/TRIG0_ff[0][39]/opit_0_inv/D

 Data arrival time                                                   1.381         Logic Levels: 2  
                                                                                   Logic: 0.518ns(37.509%), Route: 0.863ns(62.491%)
====================================================================================================

====================================================================================================

Startpoint  : sys_rst_n (port)
Endpoint    : hdmi_i2c_inst/hdmi_cfg_inst/reg_num[6]/opit_0_inv_L6Q_perm/RS
Path Group  : **default**
Path Type   : min
Path Class  : combinational timing path

 Location                          Delay Type             Incr        Path         Logical Resource 
----------------------------------------------------------------------------------------------------


 G25                                                     0.000       0.000 r       sys_rst_n (port) 
                                   net (fanout=1)        0.145       0.145         sys_rst_n        
 IOBD_0_636/DIN                    td                    0.445       0.590 r       sys_rst_n_ibuf/opit_0/O
                                   net (fanout=1)        0.000       0.590         sys_rst_n_ibuf/ntD
 IOLHR_16_636/DI_TO_CLK            td                    0.073       0.663 r       sys_rst_n_ibuf/opit_1/DI_TO_CLK
                                   net (fanout=35)       0.743       1.406         nt_sys_rst_n     
 CLMA_195_745/RS                                                           r       hdmi_i2c_inst/hdmi_cfg_inst/reg_num[6]/opit_0_inv_L6Q_perm/RS

 Data arrival time                                                   1.406         Logic Levels: 2  
                                                                                   Logic: 0.518ns(36.842%), Route: 0.888ns(63.158%)
====================================================================================================

====================================================================================================
End dump timing report

0. checking no_clock
--------------------

1. checking virtual_clock
--------------------

2. checking unexpandable_clocks
--------------------

3. checking no_input_delay
--------------------

4. checking no_output_delay
--------------------

5. checking partial_input_delay
--------------------

6. checking partial_output_delay
--------------------

7. checking io_min_max_delay_consistency
--------------------

8. checking input_delay_assigned_to_clock
--------------------

9. checking loops
--------------------

10. checking latches
--------------------
Action report_timing: Real time elapsed is 18.000 sec
Action report_timing: CPU time elapsed is 16.047 sec
Current time: Wed Nov  2 14:28:25 2022
Action report_timing: Peak memory pool usage is 610,570,240 bytes
Report timing is finished successfully.
