#Build: Fabric Compiler 2020.3, Build 62942, Sep 29 13:34 2020
#Install: E:\pango\PDS_2020.3\bin
#Application name: pds_shell.exe
#OS: Windows 10 10.0.18363
#Hostname: DESKTOP-6GABMIP
Generated by Fabric Compiler (version 2020.3 build 62942) at Wed Nov  2 14:44:23 2022
Compiling verification operator library.
Compiling common defs.
Compiling prim grid devices.
Compiling gate devices.
Compiling gate operators.
Building architecture model.
Loading device packaging model 'FBG676'.
Reading design from pnr DB.
Start Report Post-PnR timing.
Constructing timing graph ...
Timing graph has been constructed successfully
C: STA-3003: The timing arc 'I3->L6' of 'gopLUT6|devAL6|"LUT6"' are non_unate, The timing analyser will assume pos_unate for these arcs in clock propgation. Clock: 'hdmi_i2c_inst/i2c_ctrl_inst/i2c_clk/Q[0]_Inferred'  from 'hdmi_i2c_inst/i2c_ctrl_inst/i2c_clk_ce_mux[0]/LUT6_inst_perm/I3' to: 'hdmi_i2c_inst/i2c_ctrl_inst/i2c_clk_ce_mux[0]/LUT6_inst_perm/L6'
C: STA-3003: The timing arc 'I3->L6' of 'gopLUT6|devAL6|"LUT6"' are non_unate, The timing analyser will assume pos_unate for these arcs in clock propgation. Clock: 'hdmi_i2c_inst/i2c_ctrl_inst/i2c_clk/Q[0]_Inferred'  from 'hdmi_i2c_inst/i2c_ctrl_inst/i2c_clk_ce_mux[0]/LUT6_inst_perm/I3' to: 'hdmi_i2c_inst/i2c_ctrl_inst/i2c_clk_ce_mux[0]/LUT6_inst_perm/L6'
C: STA-3003: The timing arc 'I3->L6' of 'gopLUT6|devAL6|"LUT6"' are non_unate, The timing analyser will assume pos_unate for these arcs in clock propgation. Clock: 'hdmi_i2c_inst/i2c_ctrl_inst/i2c_clk/Q[0]_Inferred'  from 'hdmi_i2c_inst/i2c_ctrl_inst/i2c_clk_ce_mux[0]/LUT6_inst_perm/I3' to: 'hdmi_i2c_inst/i2c_ctrl_inst/i2c_clk_ce_mux[0]/LUT6_inst_perm/L6'
C: STA-3003: The timing arc 'I3->L6' of 'gopLUT6|devAL6|"LUT6"' are non_unate, The timing analyser will assume pos_unate for these arcs in clock propgation. Clock: 'hdmi_i2c_inst/i2c_ctrl_inst/i2c_clk/Q[0]_Inferred'  from 'hdmi_i2c_inst/i2c_ctrl_inst/i2c_clk_ce_mux[0]/LUT6_inst_perm/I3' to: 'hdmi_i2c_inst/i2c_ctrl_inst/i2c_clk_ce_mux[0]/LUT6_inst_perm/L6'
C: STA-3003: The timing arc 'I3->L6' of 'gopLUT6|devAL6|"LUT6"' are non_unate, The timing analyser will assume pos_unate for these arcs in clock propgation. Clock: 'hdmi_i2c_inst/i2c_ctrl_inst/i2c_clk/Q[0]_Inferred'  from 'hdmi_i2c_inst/i2c_ctrl_inst/i2c_clk_ce_mux[0]/LUT6_inst_perm/I3' to: 'hdmi_i2c_inst/i2c_ctrl_inst/i2c_clk_ce_mux[0]/LUT6_inst_perm/L6'
C: STA-3003: The timing arc 'I3->L6' of 'gopLUT6|devAL6|"LUT6"' are non_unate, The timing analyser will assume pos_unate for these arcs in clock propgation. Clock: 'hdmi_i2c_inst/i2c_ctrl_inst/i2c_clk/Q[0]_Inferred'  from 'hdmi_i2c_inst/i2c_ctrl_inst/i2c_clk_ce_mux[0]/LUT6_inst_perm/I3' to: 'hdmi_i2c_inst/i2c_ctrl_inst/i2c_clk_ce_mux[0]/LUT6_inst_perm/L6'
C: STA-3003: The timing arc 'I3->L6' of 'gopLUT6|devAL6|"LUT6"' are non_unate, The timing analyser will assume pos_unate for these arcs in clock propgation. Clock: 'hdmi_i2c_inst/i2c_ctrl_inst/i2c_clk/Q[0]_Inferred'  from 'hdmi_i2c_inst/i2c_ctrl_inst/i2c_clk_ce_mux[0]/LUT6_inst_perm/I3' to: 'hdmi_i2c_inst/i2c_ctrl_inst/i2c_clk_ce_mux[0]/LUT6_inst_perm/L6'
C: STA-3003: The timing arc 'I3->L6' of 'gopLUT6|devAL6|"LUT6"' are non_unate, The timing analyser will assume pos_unate for these arcs in clock propgation. Clock: 'hdmi_i2c_inst/i2c_ctrl_inst/i2c_clk/Q[0]_Inferred'  from 'hdmi_i2c_inst/i2c_ctrl_inst/i2c_clk_ce_mux[0]/LUT6_inst_perm/I3' to: 'hdmi_i2c_inst/i2c_ctrl_inst/i2c_clk_ce_mux[0]/LUT6_inst_perm/L6'
Check timing ...
C: STA-3011: Clock pin 'hdmi_i2c_inst/i2c_ctrl_inst/ack/opit_0/CLK' (gopLATCH.CLK) has no clock, timing propagation is disabled at the pin.
C: STA-3011: Clock pin 'hdmi_i2c_inst/i2c_ctrl_inst/i2c_sda_reg/opit_0/CLK' (gopLATCH.CLK) has no clock, timing propagation is disabled at the pin.
C: STA-3011: Clock pin 'hdmi_i2c_inst/i2c_ctrl_inst/rd_data_reg[0]/opit_0/CLK' (gopLATCH.CLK) has no clock, timing propagation is disabled at the pin.
C: STA-3011: Clock pin 'hdmi_i2c_inst/i2c_ctrl_inst/rd_data_reg[1]/opit_0/CLK' (gopLATCH.CLK) has no clock, timing propagation is disabled at the pin.
C: STA-3011: Clock pin 'hdmi_i2c_inst/i2c_ctrl_inst/rd_data_reg[2]/opit_0/CLK' (gopLATCH.CLK) has no clock, timing propagation is disabled at the pin.
C: STA-3011: Clock pin 'hdmi_i2c_inst/i2c_ctrl_inst/rd_data_reg[3]/opit_0/CLK' (gopLATCH.CLK) has no clock, timing propagation is disabled at the pin.
C: STA-3011: Clock pin 'hdmi_i2c_inst/i2c_ctrl_inst/rd_data_reg[4]/opit_0/CLK' (gopLATCH.CLK) has no clock, timing propagation is disabled at the pin.
C: STA-3011: Clock pin 'hdmi_i2c_inst/i2c_ctrl_inst/rd_data_reg[5]/opit_0/CLK' (gopLATCH.CLK) has no clock, timing propagation is disabled at the pin.
C: STA-3011: Clock pin 'hdmi_i2c_inst/i2c_ctrl_inst/rd_data_reg[6]/opit_0/CLK' (gopLATCH.CLK) has no clock, timing propagation is disabled at the pin.
C: STA-3011: Clock pin 'hdmi_i2c_inst/i2c_ctrl_inst/rd_data_reg[7]/opit_0/CLK' (gopLATCH.CLK) has no clock, timing propagation is disabled at the pin.
W: Timing-4086: Port 'ddc_sda' is not constrained, it is treated as combinational input.
W: Timing-4087: Port 'ddc_sda' is not constrained, it is treated as combinational output.
W: Timing-4087: Port 'ddc_scl' is not constrained, it is treated as combinational output.
W: Timing-4087: Port 'hdmi_in_rst_n' is not constrained, it is treated as combinational output.
W: Timing-4087: Port 'hdmi_out_clk' is not constrained, it is treated as combinational output.
W: Timing-4087: Port 'hdmi_out_de' is not constrained, it is treated as combinational output.
W: Timing-4087: Port 'hdmi_out_hsync' is not constrained, it is treated as combinational output.
W: Timing-4087: Port 'hdmi_out_rgb[0]' is not constrained, it is treated as combinational output.
W: Timing-4087: Port 'hdmi_out_rgb[1]' is not constrained, it is treated as combinational output.
W: Timing-4087: Port 'hdmi_out_rgb[2]' is not constrained, it is treated as combinational output.
W: Timing-4087: Port 'hdmi_out_rgb[3]' is not constrained, it is treated as combinational output.
W: Timing-4087: Port 'hdmi_out_rgb[4]' is not constrained, it is treated as combinational output.
W: Timing-4087: Port 'hdmi_out_rgb[5]' is not constrained, it is treated as combinational output.
W: Timing-4087: Port 'hdmi_out_rgb[6]' is not constrained, it is treated as combinational output.
W: Timing-4087: Port 'hdmi_out_rgb[7]' is not constrained, it is treated as combinational output.
W: Timing-4087: Port 'hdmi_out_rgb[8]' is not constrained, it is treated as combinational output.
W: Timing-4087: Port 'hdmi_out_rgb[9]' is not constrained, it is treated as combinational output.
W: Timing-4087: Port 'hdmi_out_rgb[10]' is not constrained, it is treated as combinational output.
W: Timing-4087: Port 'hdmi_out_rgb[11]' is not constrained, it is treated as combinational output.
W: Timing-4087: Port 'hdmi_out_rgb[12]' is not constrained, it is treated as combinational output.
W: Timing-4087: Port 'hdmi_out_rgb[13]' is not constrained, it is treated as combinational output.
W: Timing-4087: Port 'hdmi_out_rgb[14]' is not constrained, it is treated as combinational output.
W: Timing-4087: Port 'hdmi_out_rgb[15]' is not constrained, it is treated as combinational output.
W: Timing-4087: Port 'hdmi_out_rgb[16]' is not constrained, it is treated as combinational output.
W: Timing-4087: Port 'hdmi_out_rgb[17]' is not constrained, it is treated as combinational output.
W: Timing-4087: Port 'hdmi_out_rgb[18]' is not constrained, it is treated as combinational output.
W: Timing-4087: Port 'hdmi_out_rgb[19]' is not constrained, it is treated as combinational output.
W: Timing-4087: Port 'hdmi_out_rgb[20]' is not constrained, it is treated as combinational output.
W: Timing-4087: Port 'hdmi_out_rgb[21]' is not constrained, it is treated as combinational output.
W: Timing-4087: Port 'hdmi_out_rgb[22]' is not constrained, it is treated as combinational output.
W: Timing-4087: Port 'hdmi_out_rgb[23]' is not constrained, it is treated as combinational output.
W: Timing-4087: Port 'hdmi_out_rst_n' is not constrained, it is treated as combinational output.
W: Timing-4087: Port 'hdmi_out_vsync' is not constrained, it is treated as combinational output.
W: Timing-4086: Port 'hdmi_in_clk' is not constrained, it is treated as combinational input.
W: Timing-4086: Port 'hdmi_in_de' is not constrained, it is treated as combinational input.
W: Timing-4086: Port 'hdmi_in_hsync' is not constrained, it is treated as combinational input.
W: Timing-4086: Port 'hdmi_in_rgb[0]' is not constrained, it is treated as combinational input.
W: Timing-4086: Port 'hdmi_in_rgb[1]' is not constrained, it is treated as combinational input.
W: Timing-4086: Port 'hdmi_in_rgb[2]' is not constrained, it is treated as combinational input.
W: Timing-4086: Port 'hdmi_in_rgb[3]' is not constrained, it is treated as combinational input.
W: Timing-4086: Port 'hdmi_in_rgb[4]' is not constrained, it is treated as combinational input.
W: Timing-4086: Port 'hdmi_in_rgb[5]' is not constrained, it is treated as combinational input.
W: Timing-4086: Port 'hdmi_in_rgb[6]' is not constrained, it is treated as combinational input.
W: Timing-4086: Port 'hdmi_in_rgb[7]' is not constrained, it is treated as combinational input.
W: Timing-4086: Port 'hdmi_in_rgb[8]' is not constrained, it is treated as combinational input.
W: Timing-4086: Port 'hdmi_in_rgb[9]' is not constrained, it is treated as combinational input.
W: Timing-4086: Port 'hdmi_in_rgb[10]' is not constrained, it is treated as combinational input.
W: Timing-4086: Port 'hdmi_in_rgb[11]' is not constrained, it is treated as combinational input.
W: Timing-4086: Port 'hdmi_in_rgb[12]' is not constrained, it is treated as combinational input.
W: Timing-4086: Port 'hdmi_in_rgb[13]' is not constrained, it is treated as combinational input.
W: Timing-4086: Port 'hdmi_in_rgb[14]' is not constrained, it is treated as combinational input.
W: Timing-4086: Port 'hdmi_in_rgb[15]' is not constrained, it is treated as combinational input.
W: Timing-4086: Port 'hdmi_in_rgb[16]' is not constrained, it is treated as combinational input.
W: Timing-4086: Port 'hdmi_in_rgb[17]' is not constrained, it is treated as combinational input.
W: Timing-4086: Port 'hdmi_in_rgb[18]' is not constrained, it is treated as combinational input.
W: Timing-4086: Port 'hdmi_in_rgb[19]' is not constrained, it is treated as combinational input.
W: Timing-4086: Port 'hdmi_in_rgb[20]' is not constrained, it is treated as combinational input.
W: Timing-4086: Port 'hdmi_in_rgb[21]' is not constrained, it is treated as combinational input.
W: Timing-4086: Port 'hdmi_in_rgb[22]' is not constrained, it is treated as combinational input.
W: Timing-4086: Port 'hdmi_in_rgb[23]' is not constrained, it is treated as combinational input.
W: Timing-4086: Port 'hdmi_in_vsync' is not constrained, it is treated as combinational input.
W: Timing-4086: Port 'sys_rst_n' is not constrained, it is treated as combinational input.
Begin dump timing report
Detailed Timing Report:

----------------------------------------------------------------------------------------------------
| Tool Version : Fabric Compiler (version 2020.3 <build 62942>)
| Date         : Wed Nov  2 14:44:39 2022
| Design       : hdmi_loop
| Device       : PG2L100H
| Speed Grade  : -6
| Package      : FBG676
----------------------------------------------------------------------------------------------------
----------------------------------------------------------------------------------------------------
| Timing Models: Production
| Tcl Command  : report_timing 
----------------------------------------------------------------------------------------------------

Timing analysis mode : multi corner

 Clock Summary:                                                                                     
****************************************************************************************************
                                                                           Clock   Non-clock        
 Clock                    Period       Waveform       Type                 Loads       Loads  Sources
----------------------------------------------------------------------------------------------------
 sys_clk                  20.000       {0 10}         Declared                 8           0  {sys_clk}
 hdmi_i2c_inst/i2c_ctrl_inst/i2c_clk/Q[0]_Inferred
                          1000.000     {0 500}        Declared               652           0  {hdmi_i2c_inst/i2c_ctrl_inst/i2c_clk/opit_0_inv/Q}
 DebugCore_JCLK           50.000       {0 25}         Declared               178           0  {u_CORES/u_GTP_SCANCHAIN_PG/scanchain/TCK1}
 DebugCore_CAPTURE        100.000      {25 75}        Declared                11           0  {u_CORES/u_GTP_SCANCHAIN_PG/scanchain/CAPTUREDR}
====================================================================================================

 Clock Groups:                                                                                    
**************************************************************************************************
 Clock Group                   Group Type                 clocks                                  
--------------------------------------------------------------------------------------------------
 Inferred_clock_group          asynchronous               hdmi_i2c_inst/i2c_ctrl_inst/i2c_clk/Q[0]_Inferred
 DebugCoreClockGroup           asynchronous               DebugCore_JCLK  DebugCore_CAPTURE       
==================================================================================================

 Performance Summary:                                                                               
****************************************************************************************************
                              Requested       Estimated      Requested      Estimated               
 Clock                        Frequency       Frequency      Period         Period             Slack
----------------------------------------------------------------------------------------------------
 sys_clk                     50.000 MHz     498.008 MHz         20.000          2.008         17.992
 hdmi_i2c_inst/i2c_ctrl_inst/i2c_clk/Q[0]_Inferred
                              1.000 MHz     266.951 MHz       1000.000          3.746        996.254
 DebugCore_JCLK              20.000 MHz     142.674 MHz         50.000          7.009         42.991
====================================================================================================

Design Summary : Some Constraints Violated.

Setup Summary(Slow Corner):
****************************************************************************************************
                                                                          TNS Failing      TNS Total
 Launch Clock           Capture Clock              WNS(ns)     TNS(ns)      Endpoints      Endpoints
----------------------------------------------------------------------------------------------------
 sys_clk                sys_clk                     17.992       0.000              0             37
 hdmi_i2c_inst/i2c_ctrl_inst/i2c_clk/Q[0]_Inferred
                        hdmi_i2c_inst/i2c_ctrl_inst/i2c_clk/Q[0]_Inferred
                                                   996.254       0.000              0           1520
 DebugCore_JCLK         DebugCore_JCLK              23.394       0.000              0            732
 DebugCore_CAPTURE      DebugCore_JCLK              22.186       0.000              0            101
 DebugCore_JCLK         DebugCore_CAPTURE           47.099       0.000              0             16
====================================================================================================

Hold Summary(Slow Corner):
****************************************************************************************************
                                                                          THS Failing      THS Total
 Launch Clock           Capture Clock              WHS(ns)     THS(ns)      Endpoints      Endpoints
----------------------------------------------------------------------------------------------------
 sys_clk                sys_clk                      0.260       0.000              0             37
 hdmi_i2c_inst/i2c_ctrl_inst/i2c_clk/Q[0]_Inferred
                        hdmi_i2c_inst/i2c_ctrl_inst/i2c_clk/Q[0]_Inferred
                                                    -0.688     -39.994            204           1520
 DebugCore_JCLK         DebugCore_JCLK               0.260       0.000              0            732
 DebugCore_CAPTURE      DebugCore_JCLK              23.475       0.000              0            101
 DebugCore_JCLK         DebugCore_CAPTURE            0.592       0.000              0             16
====================================================================================================

Recovery Summary(Slow Corner):
****************************************************************************************************
                                                                          TNS Failing      TNS Total
 Launch Clock           Capture Clock              WNS(ns)     TNS(ns)      Endpoints      Endpoints
----------------------------------------------------------------------------------------------------
 hdmi_i2c_inst/i2c_ctrl_inst/i2c_clk/Q[0]_Inferred
                        hdmi_i2c_inst/i2c_ctrl_inst/i2c_clk/Q[0]_Inferred
                                                   997.705       0.000              0            418
====================================================================================================

Removal Summary(Slow Corner):
****************************************************************************************************
                                                                          THS Failing      THS Total
 Launch Clock           Capture Clock              WHS(ns)     THS(ns)      Endpoints      Endpoints
----------------------------------------------------------------------------------------------------
 hdmi_i2c_inst/i2c_ctrl_inst/i2c_clk/Q[0]_Inferred
                        hdmi_i2c_inst/i2c_ctrl_inst/i2c_clk/Q[0]_Inferred
                                                    -0.423      -3.006             21            418
====================================================================================================

Minimum Pulse Width Summary(Slow Corner):
****************************************************************************************************
                                                                         WPWS Failing     WPWS Total
 Clock                                            WPWS(ns)    TPWS(ns)      Endpoints      Endpoints
----------------------------------------------------------------------------------------------------
 sys_clk                                             9.680       0.000              0              8
 hdmi_i2c_inst/i2c_ctrl_inst/i2c_clk/Q[0]_Inferred
                                                   498.835       0.000              0            652
 DebugCore_JCLK                                     23.917       0.000              0            178
 DebugCore_CAPTURE                                  49.733       0.000              0             11
====================================================================================================

Setup Summary(Fast Corner):
****************************************************************************************************
                                                                          TNS Failing      TNS Total
 Launch Clock           Capture Clock              WNS(ns)     TNS(ns)      Endpoints      Endpoints
----------------------------------------------------------------------------------------------------
 sys_clk                sys_clk                     18.814       0.000              0             37
 hdmi_i2c_inst/i2c_ctrl_inst/i2c_clk/Q[0]_Inferred
                        hdmi_i2c_inst/i2c_ctrl_inst/i2c_clk/Q[0]_Inferred
                                                   997.864       0.000              0           1520
 DebugCore_JCLK         DebugCore_JCLK              23.993       0.000              0            732
 DebugCore_CAPTURE      DebugCore_JCLK              23.376       0.000              0            101
 DebugCore_JCLK         DebugCore_CAPTURE           48.070       0.000              0             16
====================================================================================================

Hold Summary(Fast Corner):
****************************************************************************************************
                                                                          THS Failing      THS Total
 Launch Clock           Capture Clock              WHS(ns)     THS(ns)      Endpoints      Endpoints
----------------------------------------------------------------------------------------------------
 sys_clk                sys_clk                      0.175       0.000              0             37
 hdmi_i2c_inst/i2c_ctrl_inst/i2c_clk/Q[0]_Inferred
                        hdmi_i2c_inst/i2c_ctrl_inst/i2c_clk/Q[0]_Inferred
                                                    -0.351     -10.836            101           1520
 DebugCore_JCLK         DebugCore_JCLK               0.181       0.000              0            732
 DebugCore_CAPTURE      DebugCore_JCLK              24.079       0.000              0            101
 DebugCore_JCLK         DebugCore_CAPTURE            0.569       0.000              0             16
====================================================================================================

Recovery Summary(Fast Corner):
****************************************************************************************************
                                                                          TNS Failing      TNS Total
 Launch Clock           Capture Clock              WNS(ns)     TNS(ns)      Endpoints      Endpoints
----------------------------------------------------------------------------------------------------
 hdmi_i2c_inst/i2c_ctrl_inst/i2c_clk/Q[0]_Inferred
                        hdmi_i2c_inst/i2c_ctrl_inst/i2c_clk/Q[0]_Inferred
                                                   998.582       0.000              0            418
====================================================================================================

Removal Summary(Fast Corner):
****************************************************************************************************
                                                                          THS Failing      THS Total
 Launch Clock           Capture Clock              WHS(ns)     THS(ns)      Endpoints      Endpoints
----------------------------------------------------------------------------------------------------
 hdmi_i2c_inst/i2c_ctrl_inst/i2c_clk/Q[0]_Inferred
                        hdmi_i2c_inst/i2c_ctrl_inst/i2c_clk/Q[0]_Inferred
                                                    -0.175      -0.762              7            418
====================================================================================================

Minimum Pulse Width Summary(Fast Corner):
****************************************************************************************************
                                                                         WPWS Failing     WPWS Total
 Clock                                            WPWS(ns)    TPWS(ns)      Endpoints      Endpoints
----------------------------------------------------------------------------------------------------
 sys_clk                                             9.771       0.000              0              8
 hdmi_i2c_inst/i2c_ctrl_inst/i2c_clk/Q[0]_Inferred
                                                   499.327       0.000              0            652
 DebugCore_JCLK                                     24.250       0.000              0            178
 DebugCore_CAPTURE                                  49.701       0.000              0             11
====================================================================================================

Slow Corner: 950mV 125C
****************************************************************************************************
====================================================================================================

Startpoint  : hdmi_i2c_inst/i2c_ctrl_inst/cnt_clk[2]/opit_0_inv_L6Q_LUT6DQL5Q_perm/CLK
Endpoint    : hdmi_i2c_inst/i2c_ctrl_inst/i2c_clk/opit_0_inv/D
Path Group  : sys_clk
Path Type   : max
Path Class  : sequential timing path
Clock Skew :    -0.001  (Capture Clock Delay - Launch Clock Delay + Clock Pessimism Removal)
  Capture Clock Delay     :  3.244
  Launch Clock Delay      :  3.779
  Clock Pessimism Removal :  0.534

 Location                          Delay Type             Incr        Path         Logical Resource 
----------------------------------------------------------------------------------------------------

 Clock sys_clk (rising edge)                             0.000       0.000 r                        
 R3                                                      0.000       0.000 r       sys_clk (port)   
                                   net (fanout=1)        0.096       0.096         sys_clk          
 IOBD_372_450/DIN                  td                    1.117       1.213 r       sys_clk_ibuf/opit_0/O
                                   net (fanout=1)        0.000       1.213         sys_clk_ibuf/ntD 
 IOLHR_364_450/DI_TO_CLK           td                    0.105       1.318 r       sys_clk_ibuf/opit_1/DI_TO_CLK
                                   net (fanout=1)        0.876       2.194         nt_sys_clk       
 USCM_215_576/CLKOUT               td                    0.168       2.362 r       clkbufg_3/gopclkbufg/CLKOUT
                                   net (fanout=1)        0.620       2.982         ntclkbufg_0      
 HCKB_213_506/CLKOUT               td                    0.287       3.269 r       HCKBROUTE_287/CLKOUT
                                   net (fanout=8)        0.510       3.779         _N400            
 CLMS_201_769/CLK                                                          r       hdmi_i2c_inst/i2c_ctrl_inst/cnt_clk[2]/opit_0_inv_L6Q_LUT6DQL5Q_perm/CLK

 CLMS_201_769/Q0                   tco                   0.203       3.982 r       hdmi_i2c_inst/i2c_ctrl_inst/cnt_clk[2]/opit_0_inv_L6Q_LUT6DQL5Q_perm/L6Q
                                   net (fanout=3)        0.523       4.505         hdmi_i2c_inst/i2c_ctrl_inst/cnt_clk [2]
 CLMS_201_775/Y3                   td                    0.212       4.717 r       hdmi_i2c_inst/i2c_ctrl_inst/N505_6/gateop_LUT6DL5_perm/L6
                                   net (fanout=4)        0.270       4.987         hdmi_i2c_inst/i2c_ctrl_inst/_N516
 CLMA_207_774/Y0                   td                    0.179       5.166 r       hdmi_i2c_inst/i2c_ctrl_inst/i2c_clk_ce_mux[0]/LUT6_inst_perm/L6
                                   net (fanout=1)        0.434       5.600         hdmi_i2c_inst/i2c_ctrl_inst/_N468
 CLMS_201_769/M1                                                           r       hdmi_i2c_inst/i2c_ctrl_inst/i2c_clk/opit_0_inv/D

 Data arrival time                                                   5.600         Logic Levels: 2  
                                                                                   Logic: 0.594ns(32.619%), Route: 1.227ns(67.381%)
----------------------------------------------------------------------------------------------------

 Clock sys_clk (rising edge)                            20.000      20.000 r                        
 R3                                                      0.000      20.000 r       sys_clk (port)   
                                   net (fanout=1)        0.096      20.096         sys_clk          
 IOBD_372_450/DIN                  td                    0.953      21.049 r       sys_clk_ibuf/opit_0/O
                                   net (fanout=1)        0.000      21.049         sys_clk_ibuf/ntD 
 IOLHR_364_450/DI_TO_CLK           td                    0.091      21.140 r       sys_clk_ibuf/opit_1/DI_TO_CLK
                                   net (fanout=1)        0.746      21.886         nt_sys_clk       
 USCM_215_576/CLKOUT               td                    0.143      22.029 r       clkbufg_3/gopclkbufg/CLKOUT
                                   net (fanout=1)        0.530      22.559         ntclkbufg_0      
 HCKB_213_506/CLKOUT               td                    0.245      22.804 r       HCKBROUTE_287/CLKOUT
                                   net (fanout=8)        0.440      23.244         _N400            
 CLMS_201_769/CLK                                                          r       hdmi_i2c_inst/i2c_ctrl_inst/i2c_clk/opit_0_inv/CLK
 clock pessimism                                         0.534      23.778                          
 clock uncertainty                                      -0.050      23.728                          

 Setup time                                             -0.136      23.592                          

 Data required time                                                 23.592                          
----------------------------------------------------------------------------------------------------
 Data required time                                                 23.592                          
 Data arrival time                                                  -5.600                          
----------------------------------------------------------------------------------------------------
 Slack (MET)                                                        17.992                          
====================================================================================================

====================================================================================================

Startpoint  : hdmi_i2c_inst/i2c_ctrl_inst/cnt_clk[2]/opit_0_inv_L6Q_LUT6DQL5Q_perm/CLK
Endpoint    : hdmi_i2c_inst/i2c_ctrl_inst/cnt_clk[7]/opit_0_inv_L6Q_perm/I2
Path Group  : sys_clk
Path Type   : max
Path Class  : sequential timing path
Clock Skew :    -0.001  (Capture Clock Delay - Launch Clock Delay + Clock Pessimism Removal)
  Capture Clock Delay     :  3.244
  Launch Clock Delay      :  3.779
  Clock Pessimism Removal :  0.534

 Location                          Delay Type             Incr        Path         Logical Resource 
----------------------------------------------------------------------------------------------------

 Clock sys_clk (rising edge)                             0.000       0.000 r                        
 R3                                                      0.000       0.000 r       sys_clk (port)   
                                   net (fanout=1)        0.096       0.096         sys_clk          
 IOBD_372_450/DIN                  td                    1.117       1.213 r       sys_clk_ibuf/opit_0/O
                                   net (fanout=1)        0.000       1.213         sys_clk_ibuf/ntD 
 IOLHR_364_450/DI_TO_CLK           td                    0.105       1.318 r       sys_clk_ibuf/opit_1/DI_TO_CLK
                                   net (fanout=1)        0.876       2.194         nt_sys_clk       
 USCM_215_576/CLKOUT               td                    0.168       2.362 r       clkbufg_3/gopclkbufg/CLKOUT
                                   net (fanout=1)        0.620       2.982         ntclkbufg_0      
 HCKB_213_506/CLKOUT               td                    0.287       3.269 r       HCKBROUTE_287/CLKOUT
                                   net (fanout=8)        0.510       3.779         _N400            
 CLMS_201_769/CLK                                                          r       hdmi_i2c_inst/i2c_ctrl_inst/cnt_clk[2]/opit_0_inv_L6Q_LUT6DQL5Q_perm/CLK

 CLMS_201_769/Q0                   tco                   0.203       3.982 r       hdmi_i2c_inst/i2c_ctrl_inst/cnt_clk[2]/opit_0_inv_L6Q_LUT6DQL5Q_perm/L6Q
                                   net (fanout=3)        0.523       4.505         hdmi_i2c_inst/i2c_ctrl_inst/cnt_clk [2]
 CLMS_201_775/CR3                  td                    0.317       4.822 r       hdmi_i2c_inst/i2c_ctrl_inst/N505_6/gateop_LUT6DL5_perm/L5
                                   net (fanout=4)        0.391       5.213         hdmi_i2c_inst/i2c_ctrl_inst/_N35
 CLMS_201_769/B2                                                           r       hdmi_i2c_inst/i2c_ctrl_inst/cnt_clk[7]/opit_0_inv_L6Q_perm/I2

 Data arrival time                                                   5.213         Logic Levels: 1  
                                                                                   Logic: 0.520ns(36.262%), Route: 0.914ns(63.738%)
----------------------------------------------------------------------------------------------------

 Clock sys_clk (rising edge)                            20.000      20.000 r                        
 R3                                                      0.000      20.000 r       sys_clk (port)   
                                   net (fanout=1)        0.096      20.096         sys_clk          
 IOBD_372_450/DIN                  td                    0.953      21.049 r       sys_clk_ibuf/opit_0/O
                                   net (fanout=1)        0.000      21.049         sys_clk_ibuf/ntD 
 IOLHR_364_450/DI_TO_CLK           td                    0.091      21.140 r       sys_clk_ibuf/opit_1/DI_TO_CLK
                                   net (fanout=1)        0.746      21.886         nt_sys_clk       
 USCM_215_576/CLKOUT               td                    0.143      22.029 r       clkbufg_3/gopclkbufg/CLKOUT
                                   net (fanout=1)        0.530      22.559         ntclkbufg_0      
 HCKB_213_506/CLKOUT               td                    0.245      22.804 r       HCKBROUTE_287/CLKOUT
                                   net (fanout=8)        0.440      23.244         _N400            
 CLMS_201_769/CLK                                                          r       hdmi_i2c_inst/i2c_ctrl_inst/cnt_clk[7]/opit_0_inv_L6Q_perm/CLK
 clock pessimism                                         0.534      23.778                          
 clock uncertainty                                      -0.050      23.728                          

 Setup time                                             -0.218      23.510                          

 Data required time                                                 23.510                          
----------------------------------------------------------------------------------------------------
 Data required time                                                 23.510                          
 Data arrival time                                                  -5.213                          
----------------------------------------------------------------------------------------------------
 Slack (MET)                                                        18.297                          
====================================================================================================

====================================================================================================

Startpoint  : hdmi_i2c_inst/i2c_ctrl_inst/cnt_clk[2]/opit_0_inv_L6Q_LUT6DQL5Q_perm/CLK
Endpoint    : hdmi_i2c_inst/i2c_ctrl_inst/cnt_clk[3]/opit_0_inv_L6Q_perm/I0
Path Group  : sys_clk
Path Type   : max
Path Class  : sequential timing path
Clock Skew :    -0.001  (Capture Clock Delay - Launch Clock Delay + Clock Pessimism Removal)
  Capture Clock Delay     :  3.244
  Launch Clock Delay      :  3.779
  Clock Pessimism Removal :  0.534

 Location                          Delay Type             Incr        Path         Logical Resource 
----------------------------------------------------------------------------------------------------

 Clock sys_clk (rising edge)                             0.000       0.000 r                        
 R3                                                      0.000       0.000 r       sys_clk (port)   
                                   net (fanout=1)        0.096       0.096         sys_clk          
 IOBD_372_450/DIN                  td                    1.117       1.213 r       sys_clk_ibuf/opit_0/O
                                   net (fanout=1)        0.000       1.213         sys_clk_ibuf/ntD 
 IOLHR_364_450/DI_TO_CLK           td                    0.105       1.318 r       sys_clk_ibuf/opit_1/DI_TO_CLK
                                   net (fanout=1)        0.876       2.194         nt_sys_clk       
 USCM_215_576/CLKOUT               td                    0.168       2.362 r       clkbufg_3/gopclkbufg/CLKOUT
                                   net (fanout=1)        0.620       2.982         ntclkbufg_0      
 HCKB_213_506/CLKOUT               td                    0.287       3.269 r       HCKBROUTE_287/CLKOUT
                                   net (fanout=8)        0.510       3.779         _N400            
 CLMS_201_769/CLK                                                          r       hdmi_i2c_inst/i2c_ctrl_inst/cnt_clk[2]/opit_0_inv_L6Q_LUT6DQL5Q_perm/CLK

 CLMS_201_769/Q0                   tco                   0.203       3.982 r       hdmi_i2c_inst/i2c_ctrl_inst/cnt_clk[2]/opit_0_inv_L6Q_LUT6DQL5Q_perm/L6Q
                                   net (fanout=3)        0.523       4.505         hdmi_i2c_inst/i2c_ctrl_inst/cnt_clk [2]
 CLMS_201_775/Y3                   td                    0.212       4.717 r       hdmi_i2c_inst/i2c_ctrl_inst/N505_6/gateop_LUT6DL5_perm/L6
                                   net (fanout=4)        0.390       5.107         hdmi_i2c_inst/i2c_ctrl_inst/_N516
 CLMS_201_769/C0                                                           r       hdmi_i2c_inst/i2c_ctrl_inst/cnt_clk[3]/opit_0_inv_L6Q_perm/I0

 Data arrival time                                                   5.107         Logic Levels: 1  
                                                                                   Logic: 0.415ns(31.250%), Route: 0.913ns(68.750%)
----------------------------------------------------------------------------------------------------

 Clock sys_clk (rising edge)                            20.000      20.000 r                        
 R3                                                      0.000      20.000 r       sys_clk (port)   
                                   net (fanout=1)        0.096      20.096         sys_clk          
 IOBD_372_450/DIN                  td                    0.953      21.049 r       sys_clk_ibuf/opit_0/O
                                   net (fanout=1)        0.000      21.049         sys_clk_ibuf/ntD 
 IOLHR_364_450/DI_TO_CLK           td                    0.091      21.140 r       sys_clk_ibuf/opit_1/DI_TO_CLK
                                   net (fanout=1)        0.746      21.886         nt_sys_clk       
 USCM_215_576/CLKOUT               td                    0.143      22.029 r       clkbufg_3/gopclkbufg/CLKOUT
                                   net (fanout=1)        0.530      22.559         ntclkbufg_0      
 HCKB_213_506/CLKOUT               td                    0.245      22.804 r       HCKBROUTE_287/CLKOUT
                                   net (fanout=8)        0.440      23.244         _N400            
 CLMS_201_769/CLK                                                          r       hdmi_i2c_inst/i2c_ctrl_inst/cnt_clk[3]/opit_0_inv_L6Q_perm/CLK
 clock pessimism                                         0.534      23.778                          
 clock uncertainty                                      -0.050      23.728                          

 Setup time                                             -0.272      23.456                          

 Data required time                                                 23.456                          
----------------------------------------------------------------------------------------------------
 Data required time                                                 23.456                          
 Data arrival time                                                  -5.107                          
----------------------------------------------------------------------------------------------------
 Slack (MET)                                                        18.349                          
====================================================================================================

====================================================================================================

Startpoint  : hdmi_i2c_inst/i2c_ctrl_inst/cnt_clk[0]/opit_0_inv_L6Q_perm/CLK
Endpoint    : hdmi_i2c_inst/i2c_ctrl_inst/cnt_clk[5]/opit_0_inv_L6Q_perm/I5
Path Group  : sys_clk
Path Type   : min
Path Class  : sequential timing path
Clock Skew :    0.001  (Capture Clock Delay - Launch Clock Delay + Clock Pessimism Removal)
  Capture Clock Delay     :  3.778
  Launch Clock Delay      :  3.243
  Clock Pessimism Removal :  -0.534

 Location                          Delay Type             Incr        Path         Logical Resource 
----------------------------------------------------------------------------------------------------

 Clock sys_clk (rising edge)                             0.000       0.000 r                        
 R3                                                      0.000       0.000 r       sys_clk (port)   
                                   net (fanout=1)        0.096       0.096         sys_clk          
 IOBD_372_450/DIN                  td                    0.953       1.049 r       sys_clk_ibuf/opit_0/O
                                   net (fanout=1)        0.000       1.049         sys_clk_ibuf/ntD 
 IOLHR_364_450/DI_TO_CLK           td                    0.091       1.140 r       sys_clk_ibuf/opit_1/DI_TO_CLK
                                   net (fanout=1)        0.746       1.886         nt_sys_clk       
 USCM_215_576/CLKOUT               td                    0.143       2.029 r       clkbufg_3/gopclkbufg/CLKOUT
                                   net (fanout=1)        0.530       2.559         ntclkbufg_0      
 HCKB_213_506/CLKOUT               td                    0.245       2.804 r       HCKBROUTE_287/CLKOUT
                                   net (fanout=8)        0.439       3.243         _N400            
 CLMS_201_775/CLK                                                          r       hdmi_i2c_inst/i2c_ctrl_inst/cnt_clk[0]/opit_0_inv_L6Q_perm/CLK

 CLMS_201_775/Q2                   tco                   0.158       3.401 f       hdmi_i2c_inst/i2c_ctrl_inst/cnt_clk[0]/opit_0_inv_L6Q_perm/L6Q
                                   net (fanout=7)        0.089       3.490         hdmi_i2c_inst/i2c_ctrl_inst/cnt_clk [0]
 CLMS_201_775/B5                                                           f       hdmi_i2c_inst/i2c_ctrl_inst/cnt_clk[5]/opit_0_inv_L6Q_perm/I5

 Data arrival time                                                   3.490         Logic Levels: 0  
                                                                                   Logic: 0.158ns(63.968%), Route: 0.089ns(36.032%)
----------------------------------------------------------------------------------------------------

 Clock sys_clk (rising edge)                             0.000       0.000 r                        
 R3                                                      0.000       0.000 r       sys_clk (port)   
                                   net (fanout=1)        0.096       0.096         sys_clk          
 IOBD_372_450/DIN                  td                    1.117       1.213 r       sys_clk_ibuf/opit_0/O
                                   net (fanout=1)        0.000       1.213         sys_clk_ibuf/ntD 
 IOLHR_364_450/DI_TO_CLK           td                    0.105       1.318 r       sys_clk_ibuf/opit_1/DI_TO_CLK
                                   net (fanout=1)        0.876       2.194         nt_sys_clk       
 USCM_215_576/CLKOUT               td                    0.168       2.362 r       clkbufg_3/gopclkbufg/CLKOUT
                                   net (fanout=1)        0.620       2.982         ntclkbufg_0      
 HCKB_213_506/CLKOUT               td                    0.287       3.269 r       HCKBROUTE_287/CLKOUT
                                   net (fanout=8)        0.509       3.778         _N400            
 CLMS_201_775/CLK                                                          r       hdmi_i2c_inst/i2c_ctrl_inst/cnt_clk[5]/opit_0_inv_L6Q_perm/CLK
 clock pessimism                                        -0.534       3.244                          
 clock uncertainty                                       0.000       3.244                          

 Hold time                                              -0.014       3.230                          

 Data required time                                                  3.230                          
----------------------------------------------------------------------------------------------------
 Data required time                                                  3.230                          
 Data arrival time                                                  -3.490                          
----------------------------------------------------------------------------------------------------
 Slack (MET)                                                         0.260                          
====================================================================================================

====================================================================================================

Startpoint  : hdmi_i2c_inst/i2c_ctrl_inst/cnt_clk[3]/opit_0_inv_L6Q_perm/CLK
Endpoint    : hdmi_i2c_inst/i2c_ctrl_inst/cnt_clk[7]/opit_0_inv_L6Q_perm/I5
Path Group  : sys_clk
Path Type   : min
Path Class  : sequential timing path
Clock Skew :    0.001  (Capture Clock Delay - Launch Clock Delay + Clock Pessimism Removal)
  Capture Clock Delay     :  3.779
  Launch Clock Delay      :  3.244
  Clock Pessimism Removal :  -0.534

 Location                          Delay Type             Incr        Path         Logical Resource 
----------------------------------------------------------------------------------------------------

 Clock sys_clk (rising edge)                             0.000       0.000 r                        
 R3                                                      0.000       0.000 r       sys_clk (port)   
                                   net (fanout=1)        0.096       0.096         sys_clk          
 IOBD_372_450/DIN                  td                    0.953       1.049 r       sys_clk_ibuf/opit_0/O
                                   net (fanout=1)        0.000       1.049         sys_clk_ibuf/ntD 
 IOLHR_364_450/DI_TO_CLK           td                    0.091       1.140 r       sys_clk_ibuf/opit_1/DI_TO_CLK
                                   net (fanout=1)        0.746       1.886         nt_sys_clk       
 USCM_215_576/CLKOUT               td                    0.143       2.029 r       clkbufg_3/gopclkbufg/CLKOUT
                                   net (fanout=1)        0.530       2.559         ntclkbufg_0      
 HCKB_213_506/CLKOUT               td                    0.245       2.804 r       HCKBROUTE_287/CLKOUT
                                   net (fanout=8)        0.440       3.244         _N400            
 CLMS_201_769/CLK                                                          r       hdmi_i2c_inst/i2c_ctrl_inst/cnt_clk[3]/opit_0_inv_L6Q_perm/CLK

 CLMS_201_769/Q2                   tco                   0.158       3.402 f       hdmi_i2c_inst/i2c_ctrl_inst/cnt_clk[3]/opit_0_inv_L6Q_perm/L6Q
                                   net (fanout=7)        0.089       3.491         hdmi_i2c_inst/i2c_ctrl_inst/cnt_clk [3]
 CLMS_201_769/B5                                                           f       hdmi_i2c_inst/i2c_ctrl_inst/cnt_clk[7]/opit_0_inv_L6Q_perm/I5

 Data arrival time                                                   3.491         Logic Levels: 0  
                                                                                   Logic: 0.158ns(63.968%), Route: 0.089ns(36.032%)
----------------------------------------------------------------------------------------------------

 Clock sys_clk (rising edge)                             0.000       0.000 r                        
 R3                                                      0.000       0.000 r       sys_clk (port)   
                                   net (fanout=1)        0.096       0.096         sys_clk          
 IOBD_372_450/DIN                  td                    1.117       1.213 r       sys_clk_ibuf/opit_0/O
                                   net (fanout=1)        0.000       1.213         sys_clk_ibuf/ntD 
 IOLHR_364_450/DI_TO_CLK           td                    0.105       1.318 r       sys_clk_ibuf/opit_1/DI_TO_CLK
                                   net (fanout=1)        0.876       2.194         nt_sys_clk       
 USCM_215_576/CLKOUT               td                    0.168       2.362 r       clkbufg_3/gopclkbufg/CLKOUT
                                   net (fanout=1)        0.620       2.982         ntclkbufg_0      
 HCKB_213_506/CLKOUT               td                    0.287       3.269 r       HCKBROUTE_287/CLKOUT
                                   net (fanout=8)        0.510       3.779         _N400            
 CLMS_201_769/CLK                                                          r       hdmi_i2c_inst/i2c_ctrl_inst/cnt_clk[7]/opit_0_inv_L6Q_perm/CLK
 clock pessimism                                        -0.534       3.245                          
 clock uncertainty                                       0.000       3.245                          

 Hold time                                              -0.014       3.231                          

 Data required time                                                  3.231                          
----------------------------------------------------------------------------------------------------
 Data required time                                                  3.231                          
 Data arrival time                                                  -3.491                          
----------------------------------------------------------------------------------------------------
 Slack (MET)                                                         0.260                          
====================================================================================================

====================================================================================================

Startpoint  : hdmi_i2c_inst/i2c_ctrl_inst/cnt_clk[5]/opit_0_inv_L6Q_perm/CLK
Endpoint    : hdmi_i2c_inst/i2c_ctrl_inst/cnt_clk[6]/opit_0_inv_L6Q_perm/I5
Path Group  : sys_clk
Path Type   : min
Path Class  : sequential timing path
Clock Skew :    0.001  (Capture Clock Delay - Launch Clock Delay + Clock Pessimism Removal)
  Capture Clock Delay     :  3.778
  Launch Clock Delay      :  3.243
  Clock Pessimism Removal :  -0.534

 Location                          Delay Type             Incr        Path         Logical Resource 
----------------------------------------------------------------------------------------------------

 Clock sys_clk (rising edge)                             0.000       0.000 r                        
 R3                                                      0.000       0.000 r       sys_clk (port)   
                                   net (fanout=1)        0.096       0.096         sys_clk          
 IOBD_372_450/DIN                  td                    0.953       1.049 r       sys_clk_ibuf/opit_0/O
                                   net (fanout=1)        0.000       1.049         sys_clk_ibuf/ntD 
 IOLHR_364_450/DI_TO_CLK           td                    0.091       1.140 r       sys_clk_ibuf/opit_1/DI_TO_CLK
                                   net (fanout=1)        0.746       1.886         nt_sys_clk       
 USCM_215_576/CLKOUT               td                    0.143       2.029 r       clkbufg_3/gopclkbufg/CLKOUT
                                   net (fanout=1)        0.530       2.559         ntclkbufg_0      
 HCKB_213_506/CLKOUT               td                    0.245       2.804 r       HCKBROUTE_287/CLKOUT
                                   net (fanout=8)        0.439       3.243         _N400            
 CLMS_201_775/CLK                                                          r       hdmi_i2c_inst/i2c_ctrl_inst/cnt_clk[5]/opit_0_inv_L6Q_perm/CLK

 CLMS_201_775/Q1                   tco                   0.158       3.401 f       hdmi_i2c_inst/i2c_ctrl_inst/cnt_clk[5]/opit_0_inv_L6Q_perm/L6Q
                                   net (fanout=4)        0.087       3.488         hdmi_i2c_inst/i2c_ctrl_inst/cnt_clk [5]
 CLMS_201_775/A5                                                           f       hdmi_i2c_inst/i2c_ctrl_inst/cnt_clk[6]/opit_0_inv_L6Q_perm/I5

 Data arrival time                                                   3.488         Logic Levels: 0  
                                                                                   Logic: 0.158ns(64.490%), Route: 0.087ns(35.510%)
----------------------------------------------------------------------------------------------------

 Clock sys_clk (rising edge)                             0.000       0.000 r                        
 R3                                                      0.000       0.000 r       sys_clk (port)   
                                   net (fanout=1)        0.096       0.096         sys_clk          
 IOBD_372_450/DIN                  td                    1.117       1.213 r       sys_clk_ibuf/opit_0/O
                                   net (fanout=1)        0.000       1.213         sys_clk_ibuf/ntD 
 IOLHR_364_450/DI_TO_CLK           td                    0.105       1.318 r       sys_clk_ibuf/opit_1/DI_TO_CLK
                                   net (fanout=1)        0.876       2.194         nt_sys_clk       
 USCM_215_576/CLKOUT               td                    0.168       2.362 r       clkbufg_3/gopclkbufg/CLKOUT
                                   net (fanout=1)        0.620       2.982         ntclkbufg_0      
 HCKB_213_506/CLKOUT               td                    0.287       3.269 r       HCKBROUTE_287/CLKOUT
                                   net (fanout=8)        0.509       3.778         _N400            
 CLMS_201_775/CLK                                                          r       hdmi_i2c_inst/i2c_ctrl_inst/cnt_clk[6]/opit_0_inv_L6Q_perm/CLK
 clock pessimism                                        -0.534       3.244                          
 clock uncertainty                                       0.000       3.244                          

 Hold time                                              -0.017       3.227                          

 Data required time                                                  3.227                          
----------------------------------------------------------------------------------------------------
 Data required time                                                  3.227                          
 Data arrival time                                                  -3.488                          
----------------------------------------------------------------------------------------------------
 Slack (MET)                                                         0.261                          
====================================================================================================

====================================================================================================

Startpoint  : hdmi_i2c_inst/i2c_ctrl_inst/cnt_bit[0]/opit_0_inv_L6QL5_perm/CLK
Endpoint    : hdmi_i2c_inst/i2c_ctrl_inst/state_15/opit_0_inv_L5Q_perm/CE
Path Group  : hdmi_i2c_inst/i2c_ctrl_inst/i2c_clk/Q[0]_Inferred
Path Type   : max
Path Class  : sequential timing path
Clock Skew :    -0.257  (Capture Clock Delay - Launch Clock Delay + Clock Pessimism Removal)
  Capture Clock Delay     :  0.564
  Launch Clock Delay      :  0.821
  Clock Pessimism Removal :  0.000

 Location                          Delay Type             Incr        Path         Logical Resource 
----------------------------------------------------------------------------------------------------

 Clock hdmi_i2c_inst/i2c_ctrl_inst/i2c_clk/Q[0]_Inferred (rising edge)
                                                         0.000       0.000 r                        
 CLMS_201_769/CR1                                        0.000       0.000 r       hdmi_i2c_inst/i2c_ctrl_inst/i2c_clk/opit_0_inv/Q
                                   net (fanout=670)      0.821       0.821         hdmi_i2c_inst/cfg_clk
 CLMA_231_738/CLK                                                          r       hdmi_i2c_inst/i2c_ctrl_inst/cnt_bit[0]/opit_0_inv_L6QL5_perm/CLK

 CLMA_231_738/Q0                   tco                   0.203       1.024 r       hdmi_i2c_inst/i2c_ctrl_inst/cnt_bit[0]/opit_0_inv_L6QL5_perm/L6Q
                                   net (fanout=21)       0.417       1.441         hdmi_i2c_inst/i2c_ctrl_inst/N357 [0]
 CLMA_231_757/CR0                  td                    0.220       1.661 r       CLKROUTE_283/CR  
                                   net (fanout=2)        0.119       1.780         _N396            
 CLMA_231_756/Y0                   td                    0.179       1.959 r       hdmi_i2c_inst/i2c_ctrl_inst/i2c_end/opit_0_inv_L6Q_perm/L6
                                   net (fanout=3)        0.391       2.350         hdmi_i2c_inst/i2c_ctrl_inst/N734
 CLMA_231_751/Y1                   td                    0.229       2.579 r       hdmi_i2c_inst/i2c_ctrl_inst/N736_2_9/LUT6_inst_perm/L6
                                   net (fanout=1)        0.442       3.021         hdmi_i2c_inst/i2c_ctrl_inst/_N483
 CLMA_231_739/Y2                   td                    0.179       3.200 r       hdmi_i2c_inst/i2c_ctrl_inst/N736_2_13/gateop_perm/L6
                                   net (fanout=9)        0.698       3.898         hdmi_i2c_inst/i2c_ctrl_inst/N736
 CLMA_231_744/CECO                 td                    0.136       4.034 r       hdmi_i2c_inst/i2c_ctrl_inst/state_13/opit_0_inv_L6QL5Q_perm/CECO
                                   net (fanout=3)        0.000       4.034         _N104            
 CLMA_231_750/CECI                                                         r       hdmi_i2c_inst/i2c_ctrl_inst/state_15/opit_0_inv_L5Q_perm/CE

 Data arrival time                                                   4.034         Logic Levels: 5  
                                                                                   Logic: 1.146ns(35.668%), Route: 2.067ns(64.332%)
----------------------------------------------------------------------------------------------------

 Clock hdmi_i2c_inst/i2c_ctrl_inst/i2c_clk/Q[0]_Inferred (rising edge)
                                                      1000.000    1000.000 r                        
 CLMS_201_769/CR1                                        0.000    1000.000 r       hdmi_i2c_inst/i2c_ctrl_inst/i2c_clk/opit_0_inv/Q
                                   net (fanout=670)      0.564    1000.564         hdmi_i2c_inst/cfg_clk
 CLMA_231_750/CLK                                                          r       hdmi_i2c_inst/i2c_ctrl_inst/state_15/opit_0_inv_L5Q_perm/CLK
 clock pessimism                                         0.000    1000.564                          
 clock uncertainty                                      -0.050    1000.514                          

 Setup time                                             -0.226    1000.288                          

 Data required time                                               1000.288                          
----------------------------------------------------------------------------------------------------
 Data required time                                               1000.288                          
 Data arrival time                                                  -4.034                          
----------------------------------------------------------------------------------------------------
 Slack (MET)                                                       996.254                          
====================================================================================================

====================================================================================================

Startpoint  : hdmi_i2c_inst/i2c_ctrl_inst/cnt_bit[0]/opit_0_inv_L6QL5_perm/CLK
Endpoint    : hdmi_i2c_inst/i2c_ctrl_inst/state_14/opit_0_inv_L6Q_perm/CE
Path Group  : hdmi_i2c_inst/i2c_ctrl_inst/i2c_clk/Q[0]_Inferred
Path Type   : max
Path Class  : sequential timing path
Clock Skew :    -0.257  (Capture Clock Delay - Launch Clock Delay + Clock Pessimism Removal)
  Capture Clock Delay     :  0.564
  Launch Clock Delay      :  0.821
  Clock Pessimism Removal :  0.000

 Location                          Delay Type             Incr        Path         Logical Resource 
----------------------------------------------------------------------------------------------------

 Clock hdmi_i2c_inst/i2c_ctrl_inst/i2c_clk/Q[0]_Inferred (rising edge)
                                                         0.000       0.000 r                        
 CLMS_201_769/CR1                                        0.000       0.000 r       hdmi_i2c_inst/i2c_ctrl_inst/i2c_clk/opit_0_inv/Q
                                   net (fanout=670)      0.821       0.821         hdmi_i2c_inst/cfg_clk
 CLMA_231_738/CLK                                                          r       hdmi_i2c_inst/i2c_ctrl_inst/cnt_bit[0]/opit_0_inv_L6QL5_perm/CLK

 CLMA_231_738/Q0                   tco                   0.203       1.024 r       hdmi_i2c_inst/i2c_ctrl_inst/cnt_bit[0]/opit_0_inv_L6QL5_perm/L6Q
                                   net (fanout=21)       0.417       1.441         hdmi_i2c_inst/i2c_ctrl_inst/N357 [0]
 CLMA_231_757/CR0                  td                    0.220       1.661 r       CLKROUTE_283/CR  
                                   net (fanout=2)        0.119       1.780         _N396            
 CLMA_231_756/Y0                   td                    0.179       1.959 r       hdmi_i2c_inst/i2c_ctrl_inst/i2c_end/opit_0_inv_L6Q_perm/L6
                                   net (fanout=3)        0.391       2.350         hdmi_i2c_inst/i2c_ctrl_inst/N734
 CLMA_231_751/Y1                   td                    0.229       2.579 r       hdmi_i2c_inst/i2c_ctrl_inst/N736_2_9/LUT6_inst_perm/L6
                                   net (fanout=1)        0.442       3.021         hdmi_i2c_inst/i2c_ctrl_inst/_N483
 CLMA_231_739/Y2                   td                    0.179       3.200 r       hdmi_i2c_inst/i2c_ctrl_inst/N736_2_13/gateop_perm/L6
                                   net (fanout=9)        0.698       3.898         hdmi_i2c_inst/i2c_ctrl_inst/N736
 CLMA_231_744/CECO                 td                    0.136       4.034 r       hdmi_i2c_inst/i2c_ctrl_inst/state_13/opit_0_inv_L6QL5Q_perm/CECO
                                   net (fanout=3)        0.000       4.034         _N104            
 CLMA_231_750/CECI                                                         r       hdmi_i2c_inst/i2c_ctrl_inst/state_14/opit_0_inv_L6Q_perm/CE

 Data arrival time                                                   4.034         Logic Levels: 5  
                                                                                   Logic: 1.146ns(35.668%), Route: 2.067ns(64.332%)
----------------------------------------------------------------------------------------------------

 Clock hdmi_i2c_inst/i2c_ctrl_inst/i2c_clk/Q[0]_Inferred (rising edge)
                                                      1000.000    1000.000 r                        
 CLMS_201_769/CR1                                        0.000    1000.000 r       hdmi_i2c_inst/i2c_ctrl_inst/i2c_clk/opit_0_inv/Q
                                   net (fanout=670)      0.564    1000.564         hdmi_i2c_inst/cfg_clk
 CLMA_231_750/CLK                                                          r       hdmi_i2c_inst/i2c_ctrl_inst/state_14/opit_0_inv_L6Q_perm/CLK
 clock pessimism                                         0.000    1000.564                          
 clock uncertainty                                      -0.050    1000.514                          

 Setup time                                             -0.226    1000.288                          

 Data required time                                               1000.288                          
----------------------------------------------------------------------------------------------------
 Data required time                                               1000.288                          
 Data arrival time                                                  -4.034                          
----------------------------------------------------------------------------------------------------
 Slack (MET)                                                       996.254                          
====================================================================================================

====================================================================================================

Startpoint  : hdmi_i2c_inst/i2c_ctrl_inst/cnt_bit[0]/opit_0_inv_L6QL5_perm/CLK
Endpoint    : hdmi_i2c_inst/i2c_ctrl_inst/state_2/opit_0_inv_L6QL5_perm/CE
Path Group  : hdmi_i2c_inst/i2c_ctrl_inst/i2c_clk/Q[0]_Inferred
Path Type   : max
Path Class  : sequential timing path
Clock Skew :    -0.257  (Capture Clock Delay - Launch Clock Delay + Clock Pessimism Removal)
  Capture Clock Delay     :  0.564
  Launch Clock Delay      :  0.821
  Clock Pessimism Removal :  0.000

 Location                          Delay Type             Incr        Path         Logical Resource 
----------------------------------------------------------------------------------------------------

 Clock hdmi_i2c_inst/i2c_ctrl_inst/i2c_clk/Q[0]_Inferred (rising edge)
                                                         0.000       0.000 r                        
 CLMS_201_769/CR1                                        0.000       0.000 r       hdmi_i2c_inst/i2c_ctrl_inst/i2c_clk/opit_0_inv/Q
                                   net (fanout=670)      0.821       0.821         hdmi_i2c_inst/cfg_clk
 CLMA_231_738/CLK                                                          r       hdmi_i2c_inst/i2c_ctrl_inst/cnt_bit[0]/opit_0_inv_L6QL5_perm/CLK

 CLMA_231_738/Q0                   tco                   0.203       1.024 r       hdmi_i2c_inst/i2c_ctrl_inst/cnt_bit[0]/opit_0_inv_L6QL5_perm/L6Q
                                   net (fanout=21)       0.417       1.441         hdmi_i2c_inst/i2c_ctrl_inst/N357 [0]
 CLMA_231_757/CR0                  td                    0.220       1.661 r       CLKROUTE_283/CR  
                                   net (fanout=2)        0.119       1.780         _N396            
 CLMA_231_756/Y0                   td                    0.179       1.959 r       hdmi_i2c_inst/i2c_ctrl_inst/i2c_end/opit_0_inv_L6Q_perm/L6
                                   net (fanout=3)        0.391       2.350         hdmi_i2c_inst/i2c_ctrl_inst/N734
 CLMA_231_751/Y1                   td                    0.229       2.579 r       hdmi_i2c_inst/i2c_ctrl_inst/N736_2_9/LUT6_inst_perm/L6
                                   net (fanout=1)        0.442       3.021         hdmi_i2c_inst/i2c_ctrl_inst/_N483
 CLMA_231_739/Y2                   td                    0.179       3.200 r       hdmi_i2c_inst/i2c_ctrl_inst/N736_2_13/gateop_perm/L6
                                   net (fanout=9)        0.698       3.898         hdmi_i2c_inst/i2c_ctrl_inst/N736
 CLMA_231_744/CECO                 td                    0.136       4.034 r       hdmi_i2c_inst/i2c_ctrl_inst/state_13/opit_0_inv_L6QL5Q_perm/CECO
                                   net (fanout=3)        0.000       4.034         _N104            
 CLMA_231_750/CECI                                                         r       hdmi_i2c_inst/i2c_ctrl_inst/state_2/opit_0_inv_L6QL5_perm/CE

 Data arrival time                                                   4.034         Logic Levels: 5  
                                                                                   Logic: 1.146ns(35.668%), Route: 2.067ns(64.332%)
----------------------------------------------------------------------------------------------------

 Clock hdmi_i2c_inst/i2c_ctrl_inst/i2c_clk/Q[0]_Inferred (rising edge)
                                                      1000.000    1000.000 r                        
 CLMS_201_769/CR1                                        0.000    1000.000 r       hdmi_i2c_inst/i2c_ctrl_inst/i2c_clk/opit_0_inv/Q
                                   net (fanout=670)      0.564    1000.564         hdmi_i2c_inst/cfg_clk
 CLMA_231_750/CLK                                                          r       hdmi_i2c_inst/i2c_ctrl_inst/state_2/opit_0_inv_L6QL5_perm/CLK
 clock pessimism                                         0.000    1000.564                          
 clock uncertainty                                      -0.050    1000.514                          

 Setup time                                             -0.226    1000.288                          

 Data required time                                               1000.288                          
----------------------------------------------------------------------------------------------------
 Data required time                                               1000.288                          
 Data arrival time                                                  -4.034                          
----------------------------------------------------------------------------------------------------
 Slack (MET)                                                       996.254                          
====================================================================================================

====================================================================================================

Startpoint  : u_CORES/u_debug_core_0/DATA_ff[0][37]/opit_0/CLK
Endpoint    : u_CORES/u_debug_core_0/u_Data_Capture_Memory/block_ram.ram_data_3_4/gopdrm_36k/DA0[2]
Path Group  : hdmi_i2c_inst/i2c_ctrl_inst/i2c_clk/Q[0]_Inferred
Path Type   : min
Path Class  : sequential timing path
Clock Skew :    1.205  (Capture Clock Delay - Launch Clock Delay + Clock Pessimism Removal)
  Capture Clock Delay     :  2.074
  Launch Clock Delay      :  0.742
  Clock Pessimism Removal :  -0.127

 Location                          Delay Type             Incr        Path         Logical Resource 
----------------------------------------------------------------------------------------------------

 Clock hdmi_i2c_inst/i2c_ctrl_inst/i2c_clk/Q[0]_Inferred (rising edge)
                                                         0.000       0.000 r                        
 CLMS_201_769/CR1                                        0.000       0.000 r       hdmi_i2c_inst/i2c_ctrl_inst/i2c_clk/opit_0_inv/Q
                                   net (fanout=670)      0.742       0.742         hdmi_i2c_inst/cfg_clk
 CLMA_261_774/CLK                                                          r       u_CORES/u_debug_core_0/DATA_ff[0][37]/opit_0/CLK

 CLMA_261_774/Q0                   tco                   0.158       0.900 f       u_CORES/u_debug_core_0/DATA_ff[0][37]/opit_0/Q
                                   net (fanout=4)        0.375       1.275         u_CORES/u_debug_core_0/DATA_ff[0] [37]
 DRM_298_768/DA0[2]                                                        f       u_CORES/u_debug_core_0/u_Data_Capture_Memory/block_ram.ram_data_3_4/gopdrm_36k/DA0[2]

 Data arrival time                                                   1.275         Logic Levels: 0  
                                                                                   Logic: 0.158ns(29.644%), Route: 0.375ns(70.356%)
----------------------------------------------------------------------------------------------------

 Clock hdmi_i2c_inst/i2c_ctrl_inst/i2c_clk/Q[0]_Inferred (rising edge)
                                                         0.000       0.000 r                        
 CLMS_201_769/CR1                                        0.000       0.000 r       hdmi_i2c_inst/i2c_ctrl_inst/i2c_clk/opit_0_inv/Q
                                   net (fanout=670)      2.074       2.074         hdmi_i2c_inst/cfg_clk
 DRM_298_768/CLKA[0]                                                       r       u_CORES/u_debug_core_0/u_Data_Capture_Memory/block_ram.ram_data_3_4/gopdrm_36k/CLKA[0]
 clock pessimism                                        -0.127       1.947                          
 clock uncertainty                                       0.000       1.947                          

 Hold time                                               0.016       1.963                          

 Data required time                                                  1.963                          
----------------------------------------------------------------------------------------------------
 Data required time                                                  1.963                          
 Data arrival time                                                  -1.275                          
----------------------------------------------------------------------------------------------------
 Slack (VIOLATED)                                                   -0.688                          
====================================================================================================

====================================================================================================

Startpoint  : u_CORES/u_debug_core_0/DATA_ff[0][35]/opit_0/CLK
Endpoint    : u_CORES/u_debug_core_0/u_Data_Capture_Memory/block_ram.ram_data_3_4/gopdrm_36k/DA0[0]
Path Group  : hdmi_i2c_inst/i2c_ctrl_inst/i2c_clk/Q[0]_Inferred
Path Type   : min
Path Class  : sequential timing path
Clock Skew :    1.095  (Capture Clock Delay - Launch Clock Delay + Clock Pessimism Removal)
  Capture Clock Delay     :  2.074
  Launch Clock Delay      :  0.852
  Clock Pessimism Removal :  -0.127

 Location                          Delay Type             Incr        Path         Logical Resource 
----------------------------------------------------------------------------------------------------

 Clock hdmi_i2c_inst/i2c_ctrl_inst/i2c_clk/Q[0]_Inferred (rising edge)
                                                         0.000       0.000 r                        
 CLMS_201_769/CR1                                        0.000       0.000 r       hdmi_i2c_inst/i2c_ctrl_inst/i2c_clk/opit_0_inv/Q
                                   net (fanout=670)      0.852       0.852         hdmi_i2c_inst/cfg_clk
 CLMA_267_774/CLK                                                          r       u_CORES/u_debug_core_0/DATA_ff[0][35]/opit_0/CLK

 CLMA_267_774/Q1                   tco                   0.158       1.010 f       u_CORES/u_debug_core_0/DATA_ff[0][35]/opit_0/Q
                                   net (fanout=4)        0.289       1.299         u_CORES/u_debug_core_0/DATA_ff[0] [35]
 DRM_298_768/DA0[0]                                                        f       u_CORES/u_debug_core_0/u_Data_Capture_Memory/block_ram.ram_data_3_4/gopdrm_36k/DA0[0]

 Data arrival time                                                   1.299         Logic Levels: 0  
                                                                                   Logic: 0.158ns(35.347%), Route: 0.289ns(64.653%)
----------------------------------------------------------------------------------------------------

 Clock hdmi_i2c_inst/i2c_ctrl_inst/i2c_clk/Q[0]_Inferred (rising edge)
                                                         0.000       0.000 r                        
 CLMS_201_769/CR1                                        0.000       0.000 r       hdmi_i2c_inst/i2c_ctrl_inst/i2c_clk/opit_0_inv/Q
                                   net (fanout=670)      2.074       2.074         hdmi_i2c_inst/cfg_clk
 DRM_298_768/CLKA[0]                                                       r       u_CORES/u_debug_core_0/u_Data_Capture_Memory/block_ram.ram_data_3_4/gopdrm_36k/CLKA[0]
 clock pessimism                                        -0.127       1.947                          
 clock uncertainty                                       0.000       1.947                          

 Hold time                                               0.016       1.963                          

 Data required time                                                  1.963                          
----------------------------------------------------------------------------------------------------
 Data required time                                                  1.963                          
 Data arrival time                                                  -1.299                          
----------------------------------------------------------------------------------------------------
 Slack (VIOLATED)                                                   -0.664                          
====================================================================================================

====================================================================================================

Startpoint  : u_CORES/u_debug_core_0/DATA_ff[0][38]/opit_0/CLK
Endpoint    : u_CORES/u_debug_core_0/u_Data_Capture_Memory/block_ram.ram_data_3_4/gopdrm_36k/DA0[3]
Path Group  : hdmi_i2c_inst/i2c_ctrl_inst/i2c_clk/Q[0]_Inferred
Path Type   : min
Path Class  : sequential timing path
Clock Skew :    1.205  (Capture Clock Delay - Launch Clock Delay + Clock Pessimism Removal)
  Capture Clock Delay     :  2.074
  Launch Clock Delay      :  0.742
  Clock Pessimism Removal :  -0.127

 Location                          Delay Type             Incr        Path         Logical Resource 
----------------------------------------------------------------------------------------------------

 Clock hdmi_i2c_inst/i2c_ctrl_inst/i2c_clk/Q[0]_Inferred (rising edge)
                                                         0.000       0.000 r                        
 CLMS_201_769/CR1                                        0.000       0.000 r       hdmi_i2c_inst/i2c_ctrl_inst/i2c_clk/opit_0_inv/Q
                                   net (fanout=670)      0.742       0.742         hdmi_i2c_inst/cfg_clk
 CLMA_261_774/CLK                                                          r       u_CORES/u_debug_core_0/DATA_ff[0][38]/opit_0/CLK

 CLMA_261_774/Q2                   tco                   0.158       0.900 f       u_CORES/u_debug_core_0/DATA_ff[0][38]/opit_0/Q
                                   net (fanout=4)        0.433       1.333         u_CORES/u_debug_core_0/DATA_ff[0] [38]
 DRM_298_768/DA0[3]                                                        f       u_CORES/u_debug_core_0/u_Data_Capture_Memory/block_ram.ram_data_3_4/gopdrm_36k/DA0[3]

 Data arrival time                                                   1.333         Logic Levels: 0  
                                                                                   Logic: 0.158ns(26.734%), Route: 0.433ns(73.266%)
----------------------------------------------------------------------------------------------------

 Clock hdmi_i2c_inst/i2c_ctrl_inst/i2c_clk/Q[0]_Inferred (rising edge)
                                                         0.000       0.000 r                        
 CLMS_201_769/CR1                                        0.000       0.000 r       hdmi_i2c_inst/i2c_ctrl_inst/i2c_clk/opit_0_inv/Q
                                   net (fanout=670)      2.074       2.074         hdmi_i2c_inst/cfg_clk
 DRM_298_768/CLKA[0]                                                       r       u_CORES/u_debug_core_0/u_Data_Capture_Memory/block_ram.ram_data_3_4/gopdrm_36k/CLKA[0]
 clock pessimism                                        -0.127       1.947                          
 clock uncertainty                                       0.000       1.947                          

 Hold time                                               0.016       1.963                          

 Data required time                                                  1.963                          
----------------------------------------------------------------------------------------------------
 Data required time                                                  1.963                          
 Data arrival time                                                  -1.333                          
----------------------------------------------------------------------------------------------------
 Slack (VIOLATED)                                                   -0.630                          
====================================================================================================

====================================================================================================

Startpoint  : u_CORES/u_jtag_hub/data_ctrl/opit_0_inv_L6Q_perm/CLK
Endpoint    : u_CORES/u_jtag_hub/id_o[1]/opit_0_inv_L6Q_LUT6DQL5Q_perm/I0
Path Group  : DebugCore_JCLK
Path Type   : max
Path Class  : sequential timing path
Clock Skew :    -0.093  (Capture Clock Delay - Launch Clock Delay + Clock Pessimism Removal)
  Capture Clock Delay     :  3.102
  Launch Clock Delay      :  4.089
  Clock Pessimism Removal :  0.894

 Location                          Delay Type             Incr        Path         Logical Resource 
----------------------------------------------------------------------------------------------------

 Clock DebugCore_JCLK (rising edge)
                                                         0.000       0.000 r                        
 SCANCHAIN_88_312/TCK1                                   0.000       0.000 r       u_CORES/u_GTP_SCANCHAIN_PG/scanchain/TCK1
                                   net (fanout=1)        2.544       2.544         u_CORES/drck_o   
 USCM_215_669/CLKOUT               td                    0.168       2.712 r       clkbufg_5/gopclkbufg/CLKOUT
                                   net (fanout=4)        0.620       3.332         ntclkbufg_2      
 HCKB_213_534/CLKOUT               td                    0.287       3.619 r       HCKBROUTE_289/CLKOUT
                                   net (fanout=178)      0.470       4.089         _N402            
 CLMA_231_643/CLK                                                          r       u_CORES/u_jtag_hub/data_ctrl/opit_0_inv_L6Q_perm/CLK

 CLMA_231_643/Q0                   tco                   0.203       4.292 r       u_CORES/u_jtag_hub/data_ctrl/opit_0_inv_L6Q_perm/L6Q
                                   net (fanout=7)        0.973       5.265         u_CORES/u_jtag_hub/data_ctrl
 CLMA_261_709/A0                                                           r       u_CORES/u_jtag_hub/id_o[1]/opit_0_inv_L6Q_LUT6DQL5Q_perm/I0

 Data arrival time                                                   5.265         Logic Levels: 0  
                                                                                   Logic: 0.203ns(17.262%), Route: 0.973ns(82.738%)
----------------------------------------------------------------------------------------------------

 Clock DebugCore_JCLK (falling edge)
                                                        25.000      25.000 f                        
 SCANCHAIN_88_312/TCK1                                   0.000      25.000 f       u_CORES/u_GTP_SCANCHAIN_PG/scanchain/TCK1
                                   net (fanout=1)        1.807      26.807         u_CORES/drck_o   
 USCM_215_669/CLKOUT               td                    0.143      26.950 f       clkbufg_5/gopclkbufg/CLKOUT
                                   net (fanout=4)        0.530      27.480         ntclkbufg_2      
 HCKB_213_534/CLKOUT               td                    0.245      27.725 f       HCKBROUTE_289/CLKOUT
                                   net (fanout=178)      0.377      28.102         _N402            
 CLMA_261_709/CLK                                                          f       u_CORES/u_jtag_hub/id_o[1]/opit_0_inv_L6Q_LUT6DQL5Q_perm/CLK
 clock pessimism                                         0.894      28.996                          
 clock uncertainty                                      -0.050      28.946                          

 Setup time                                             -0.287      28.659                          

 Data required time                                                 28.659                          
----------------------------------------------------------------------------------------------------
 Data required time                                                 28.659                          
 Data arrival time                                                  -5.265                          
----------------------------------------------------------------------------------------------------
 Slack (MET)                                                        23.394                          
====================================================================================================

====================================================================================================

Startpoint  : u_CORES/u_jtag_hub/data_ctrl/opit_0_inv_L6Q_perm/CLK
Endpoint    : u_CORES/u_jtag_hub/id_o[3]/opit_0_inv_L6Q_LUT6DQL5Q_perm/I4
Path Group  : DebugCore_JCLK
Path Type   : max
Path Class  : sequential timing path
Clock Skew :    -0.093  (Capture Clock Delay - Launch Clock Delay + Clock Pessimism Removal)
  Capture Clock Delay     :  3.102
  Launch Clock Delay      :  4.089
  Clock Pessimism Removal :  0.894

 Location                          Delay Type             Incr        Path         Logical Resource 
----------------------------------------------------------------------------------------------------

 Clock DebugCore_JCLK (rising edge)
                                                         0.000       0.000 r                        
 SCANCHAIN_88_312/TCK1                                   0.000       0.000 r       u_CORES/u_GTP_SCANCHAIN_PG/scanchain/TCK1
                                   net (fanout=1)        2.544       2.544         u_CORES/drck_o   
 USCM_215_669/CLKOUT               td                    0.168       2.712 r       clkbufg_5/gopclkbufg/CLKOUT
                                   net (fanout=4)        0.620       3.332         ntclkbufg_2      
 HCKB_213_534/CLKOUT               td                    0.287       3.619 r       HCKBROUTE_289/CLKOUT
                                   net (fanout=178)      0.470       4.089         _N402            
 CLMA_231_643/CLK                                                          r       u_CORES/u_jtag_hub/data_ctrl/opit_0_inv_L6Q_perm/CLK

 CLMA_231_643/Q0                   tco                   0.203       4.292 r       u_CORES/u_jtag_hub/data_ctrl/opit_0_inv_L6Q_perm/L6Q
                                   net (fanout=7)        0.973       5.265         u_CORES/u_jtag_hub/data_ctrl
 CLMA_261_709/D4                                                           r       u_CORES/u_jtag_hub/id_o[3]/opit_0_inv_L6Q_LUT6DQL5Q_perm/I4

 Data arrival time                                                   5.265         Logic Levels: 0  
                                                                                   Logic: 0.203ns(17.262%), Route: 0.973ns(82.738%)
----------------------------------------------------------------------------------------------------

 Clock DebugCore_JCLK (falling edge)
                                                        25.000      25.000 f                        
 SCANCHAIN_88_312/TCK1                                   0.000      25.000 f       u_CORES/u_GTP_SCANCHAIN_PG/scanchain/TCK1
                                   net (fanout=1)        1.807      26.807         u_CORES/drck_o   
 USCM_215_669/CLKOUT               td                    0.143      26.950 f       clkbufg_5/gopclkbufg/CLKOUT
                                   net (fanout=4)        0.530      27.480         ntclkbufg_2      
 HCKB_213_534/CLKOUT               td                    0.245      27.725 f       HCKBROUTE_289/CLKOUT
                                   net (fanout=178)      0.377      28.102         _N402            
 CLMA_261_709/CLK                                                          f       u_CORES/u_jtag_hub/id_o[3]/opit_0_inv_L6Q_LUT6DQL5Q_perm/CLK
 clock pessimism                                         0.894      28.996                          
 clock uncertainty                                      -0.050      28.946                          

 Setup time                                             -0.149      28.797                          

 Data required time                                                 28.797                          
----------------------------------------------------------------------------------------------------
 Data required time                                                 28.797                          
 Data arrival time                                                  -5.265                          
----------------------------------------------------------------------------------------------------
 Slack (MET)                                                        23.532                          
====================================================================================================

====================================================================================================

Startpoint  : u_CORES/u_jtag_hub/data_ctrl/opit_0_inv_L6Q_perm/CLK
Endpoint    : u_CORES/u_jtag_hub/id_o[4]/opit_0_inv_L6QL5_perm/I1
Path Group  : DebugCore_JCLK
Path Type   : max
Path Class  : sequential timing path
Clock Skew :    -0.091  (Capture Clock Delay - Launch Clock Delay + Clock Pessimism Removal)
  Capture Clock Delay     :  3.104
  Launch Clock Delay      :  4.089
  Clock Pessimism Removal :  0.894

 Location                          Delay Type             Incr        Path         Logical Resource 
----------------------------------------------------------------------------------------------------

 Clock DebugCore_JCLK (rising edge)
                                                         0.000       0.000 r                        
 SCANCHAIN_88_312/TCK1                                   0.000       0.000 r       u_CORES/u_GTP_SCANCHAIN_PG/scanchain/TCK1
                                   net (fanout=1)        2.544       2.544         u_CORES/drck_o   
 USCM_215_669/CLKOUT               td                    0.168       2.712 r       clkbufg_5/gopclkbufg/CLKOUT
                                   net (fanout=4)        0.620       3.332         ntclkbufg_2      
 HCKB_213_534/CLKOUT               td                    0.287       3.619 r       HCKBROUTE_289/CLKOUT
                                   net (fanout=178)      0.470       4.089         _N402            
 CLMA_231_643/CLK                                                          r       u_CORES/u_jtag_hub/data_ctrl/opit_0_inv_L6Q_perm/CLK

 CLMA_231_643/Q0                   tco                   0.203       4.292 r       u_CORES/u_jtag_hub/data_ctrl/opit_0_inv_L6Q_perm/L6Q
                                   net (fanout=7)        0.800       5.092         u_CORES/u_jtag_hub/data_ctrl
 CLMA_249_708/A1                                                           r       u_CORES/u_jtag_hub/id_o[4]/opit_0_inv_L6QL5_perm/I1

 Data arrival time                                                   5.092         Logic Levels: 0  
                                                                                   Logic: 0.203ns(20.239%), Route: 0.800ns(79.761%)
----------------------------------------------------------------------------------------------------

 Clock DebugCore_JCLK (falling edge)
                                                        25.000      25.000 f                        
 SCANCHAIN_88_312/TCK1                                   0.000      25.000 f       u_CORES/u_GTP_SCANCHAIN_PG/scanchain/TCK1
                                   net (fanout=1)        1.807      26.807         u_CORES/drck_o   
 USCM_215_669/CLKOUT               td                    0.143      26.950 f       clkbufg_5/gopclkbufg/CLKOUT
                                   net (fanout=4)        0.530      27.480         ntclkbufg_2      
 HCKB_213_534/CLKOUT               td                    0.245      27.725 f       HCKBROUTE_289/CLKOUT
                                   net (fanout=178)      0.379      28.104         _N402            
 CLMA_249_708/CLK                                                          f       u_CORES/u_jtag_hub/id_o[4]/opit_0_inv_L6QL5_perm/CLK
 clock pessimism                                         0.894      28.998                          
 clock uncertainty                                      -0.050      28.948                          

 Setup time                                             -0.283      28.665                          

 Data required time                                                 28.665                          
----------------------------------------------------------------------------------------------------
 Data required time                                                 28.665                          
 Data arrival time                                                  -5.092                          
----------------------------------------------------------------------------------------------------
 Slack (MET)                                                        23.573                          
====================================================================================================

====================================================================================================

Startpoint  : u_CORES/u_debug_core_0/u_hub_data_decode/conf_rst/opit_0_inv_L6Q_perm/CLK
Endpoint    : u_CORES/u_debug_core_0/u_hub_data_decode/conf_reg_rb[3]/opit_0_inv_L5Q_perm/I3
Path Group  : DebugCore_JCLK
Path Type   : min
Path Class  : sequential timing path
Clock Skew :    0.029  (Capture Clock Delay - Launch Clock Delay + Clock Pessimism Removal)
  Capture Clock Delay     :  4.072
  Launch Clock Delay      :  3.224
  Clock Pessimism Removal :  -0.819

 Location                          Delay Type             Incr        Path         Logical Resource 
----------------------------------------------------------------------------------------------------

 Clock DebugCore_JCLK (rising edge)
                                                         0.000       0.000 r                        
 SCANCHAIN_88_312/TCK1                                   0.000       0.000 r       u_CORES/u_GTP_SCANCHAIN_PG/scanchain/TCK1
                                   net (fanout=1)        1.923       1.923         u_CORES/drck_o   
 USCM_215_669/CLKOUT               td                    0.143       2.066 r       clkbufg_5/gopclkbufg/CLKOUT
                                   net (fanout=4)        0.530       2.596         ntclkbufg_2      
 HCKB_213_534/CLKOUT               td                    0.245       2.841 r       HCKBROUTE_289/CLKOUT
                                   net (fanout=178)      0.383       3.224         _N402            
 CLMA_261_715/CLK                                                          r       u_CORES/u_debug_core_0/u_hub_data_decode/conf_rst/opit_0_inv_L6Q_perm/CLK

 CLMA_261_715/Q1                   tco                   0.158       3.382 f       u_CORES/u_debug_core_0/u_hub_data_decode/conf_rst/opit_0_inv_L6Q_perm/L6Q
                                   net (fanout=113)      0.095       3.477         u_CORES/u_debug_core_0/conf_rst
 CLMA_261_714/C3                                                           f       u_CORES/u_debug_core_0/u_hub_data_decode/conf_reg_rb[3]/opit_0_inv_L5Q_perm/I3

 Data arrival time                                                   3.477         Logic Levels: 0  
                                                                                   Logic: 0.158ns(62.451%), Route: 0.095ns(37.549%)
----------------------------------------------------------------------------------------------------

 Clock DebugCore_JCLK (rising edge)
                                                         0.000       0.000 r                        
 SCANCHAIN_88_312/TCK1                                   0.000       0.000 r       u_CORES/u_GTP_SCANCHAIN_PG/scanchain/TCK1
                                   net (fanout=1)        2.544       2.544         u_CORES/drck_o   
 USCM_215_669/CLKOUT               td                    0.168       2.712 r       clkbufg_5/gopclkbufg/CLKOUT
                                   net (fanout=4)        0.620       3.332         ntclkbufg_2      
 HCKB_213_534/CLKOUT               td                    0.287       3.619 r       HCKBROUTE_289/CLKOUT
                                   net (fanout=178)      0.453       4.072         _N402            
 CLMA_261_714/CLK                                                          r       u_CORES/u_debug_core_0/u_hub_data_decode/conf_reg_rb[3]/opit_0_inv_L5Q_perm/CLK
 clock pessimism                                        -0.819       3.253                          
 clock uncertainty                                       0.000       3.253                          

 Hold time                                              -0.036       3.217                          

 Data required time                                                  3.217                          
----------------------------------------------------------------------------------------------------
 Data required time                                                  3.217                          
 Data arrival time                                                  -3.477                          
----------------------------------------------------------------------------------------------------
 Slack (MET)                                                         0.260                          
====================================================================================================

====================================================================================================

Startpoint  : u_CORES/u_debug_core_0/u0_trig_unit/u_cfg_reg_file/bit_cnt[3]/opit_0_inv_L6QL5_perm/CLK
Endpoint    : u_CORES/u_debug_core_0/u0_trig_unit/u_cfg_reg_file/bit_cnt[5]/opit_0_inv_L6Q_perm/I5
Path Group  : DebugCore_JCLK
Path Type   : min
Path Class  : sequential timing path
Clock Skew :    0.001  (Capture Clock Delay - Launch Clock Delay + Clock Pessimism Removal)
  Capture Clock Delay     :  4.070
  Launch Clock Delay      :  3.222
  Clock Pessimism Removal :  -0.847

 Location                          Delay Type             Incr        Path         Logical Resource 
----------------------------------------------------------------------------------------------------

 Clock DebugCore_JCLK (rising edge)
                                                         0.000       0.000 r                        
 SCANCHAIN_88_312/TCK1                                   0.000       0.000 r       u_CORES/u_GTP_SCANCHAIN_PG/scanchain/TCK1
                                   net (fanout=1)        1.923       1.923         u_CORES/drck_o   
 USCM_215_669/CLKOUT               td                    0.143       2.066 r       clkbufg_5/gopclkbufg/CLKOUT
                                   net (fanout=4)        0.530       2.596         ntclkbufg_2      
 HCKB_213_534/CLKOUT               td                    0.245       2.841 r       HCKBROUTE_289/CLKOUT
                                   net (fanout=178)      0.381       3.222         _N402            
 CLMA_249_739/CLK                                                          r       u_CORES/u_debug_core_0/u0_trig_unit/u_cfg_reg_file/bit_cnt[3]/opit_0_inv_L6QL5_perm/CLK

 CLMA_249_739/Q3                   tco                   0.158       3.380 f       u_CORES/u_debug_core_0/u0_trig_unit/u_cfg_reg_file/bit_cnt[3]/opit_0_inv_L6QL5_perm/L6Q
                                   net (fanout=45)       0.092       3.472         u_CORES/u_debug_core_0/u0_trig_unit/u_cfg_reg_file/bit_cnt [3]
 CLMA_249_739/C5                                                           f       u_CORES/u_debug_core_0/u0_trig_unit/u_cfg_reg_file/bit_cnt[5]/opit_0_inv_L6Q_perm/I5

 Data arrival time                                                   3.472         Logic Levels: 0  
                                                                                   Logic: 0.158ns(63.200%), Route: 0.092ns(36.800%)
----------------------------------------------------------------------------------------------------

 Clock DebugCore_JCLK (rising edge)
                                                         0.000       0.000 r                        
 SCANCHAIN_88_312/TCK1                                   0.000       0.000 r       u_CORES/u_GTP_SCANCHAIN_PG/scanchain/TCK1
                                   net (fanout=1)        2.544       2.544         u_CORES/drck_o   
 USCM_215_669/CLKOUT               td                    0.168       2.712 r       clkbufg_5/gopclkbufg/CLKOUT
                                   net (fanout=4)        0.620       3.332         ntclkbufg_2      
 HCKB_213_534/CLKOUT               td                    0.287       3.619 r       HCKBROUTE_289/CLKOUT
                                   net (fanout=178)      0.451       4.070         _N402            
 CLMA_249_739/CLK                                                          r       u_CORES/u_debug_core_0/u0_trig_unit/u_cfg_reg_file/bit_cnt[5]/opit_0_inv_L6Q_perm/CLK
 clock pessimism                                        -0.847       3.223                          
 clock uncertainty                                       0.000       3.223                          

 Hold time                                              -0.017       3.206                          

 Data required time                                                  3.206                          
----------------------------------------------------------------------------------------------------
 Data required time                                                  3.206                          
 Data arrival time                                                  -3.472                          
----------------------------------------------------------------------------------------------------
 Slack (MET)                                                         0.266                          
====================================================================================================

====================================================================================================

Startpoint  : u_CORES/u_debug_core_0/u_rd_addr_gen/ram_radr[11]/opit_0_inv_AQ_perm/CLK
Endpoint    : u_CORES/u_debug_core_0/u_Data_Capture_Memory/block_ram.ram_data_1_5/gopdrm_36k/ADB0[11]
Path Group  : DebugCore_JCLK
Path Type   : min
Path Class  : sequential timing path
Clock Skew :    0.070  (Capture Clock Delay - Launch Clock Delay + Clock Pessimism Removal)
  Capture Clock Delay     :  4.047
  Launch Clock Delay      :  3.199
  Clock Pessimism Removal :  -0.778

 Location                          Delay Type             Incr        Path         Logical Resource 
----------------------------------------------------------------------------------------------------

 Clock DebugCore_JCLK (rising edge)
                                                         0.000       0.000 r                        
 SCANCHAIN_88_312/TCK1                                   0.000       0.000 r       u_CORES/u_GTP_SCANCHAIN_PG/scanchain/TCK1
                                   net (fanout=1)        1.923       1.923         u_CORES/drck_o   
 USCM_215_669/CLKOUT               td                    0.143       2.066 r       clkbufg_5/gopclkbufg/CLKOUT
                                   net (fanout=4)        0.530       2.596         ntclkbufg_2      
 HCKB_213_534/CLKOUT               td                    0.245       2.841 r       HCKBROUTE_289/CLKOUT
                                   net (fanout=178)      0.358       3.199         _N402            
 CLMA_261_769/CLK                                                          r       u_CORES/u_debug_core_0/u_rd_addr_gen/ram_radr[11]/opit_0_inv_AQ_perm/CLK

 CLMA_261_769/Q0                   tco                   0.158       3.357 f       u_CORES/u_debug_core_0/u_rd_addr_gen/ram_radr[8]/opit_0_inv_AQ_perm/Q
                                   net (fanout=25)       0.260       3.617         u_CORES/u_debug_core_0/ram_radr [8]
 DRM_256_768/ADB0[11]                                                      f       u_CORES/u_debug_core_0/u_Data_Capture_Memory/block_ram.ram_data_1_5/gopdrm_36k/ADB0[11]

 Data arrival time                                                   3.617         Logic Levels: 0  
                                                                                   Logic: 0.158ns(37.799%), Route: 0.260ns(62.201%)
----------------------------------------------------------------------------------------------------

 Clock DebugCore_JCLK (rising edge)
                                                         0.000       0.000 r                        
 SCANCHAIN_88_312/TCK1                                   0.000       0.000 r       u_CORES/u_GTP_SCANCHAIN_PG/scanchain/TCK1
                                   net (fanout=1)        2.544       2.544         u_CORES/drck_o   
 USCM_215_669/CLKOUT               td                    0.168       2.712 r       clkbufg_5/gopclkbufg/CLKOUT
                                   net (fanout=4)        0.620       3.332         ntclkbufg_2      
 HCKB_213_534/CLKOUT               td                    0.287       3.619 r       HCKBROUTE_289/CLKOUT
                                   net (fanout=178)      0.428       4.047         _N402            
 DRM_256_768/CLKB[0]                                                       r       u_CORES/u_debug_core_0/u_Data_Capture_Memory/block_ram.ram_data_1_5/gopdrm_36k/CLKB[0]
 clock pessimism                                        -0.778       3.269                          
 clock uncertainty                                       0.000       3.269                          

 Hold time                                               0.071       3.340                          

 Data required time                                                  3.340                          
----------------------------------------------------------------------------------------------------
 Data required time                                                  3.340                          
 Data arrival time                                                  -3.617                          
----------------------------------------------------------------------------------------------------
 Slack (MET)                                                         0.277                          
====================================================================================================

====================================================================================================

Startpoint  : u_CORES/u_debug_core_0/u_hub_data_decode/conf_id[3]/opit_0_inv/CLK
Endpoint    : u_CORES/u_debug_core_0/u0_trig_unit/u_cfg_reg_file/bit_cnt[5]/opit_0_inv_L6Q_perm/CE
Path Group  : DebugCore_JCLK
Path Type   : max
Path Class  : sequential timing path
Clock Skew :    0.387  (Capture Clock Delay - Launch Clock Delay + Clock Pessimism Removal)
  Capture Clock Delay     :  3.222
  Launch Clock Delay      :  2.835
  Clock Pessimism Removal :  0.000

 Location                          Delay Type             Incr        Path         Logical Resource 
----------------------------------------------------------------------------------------------------

 Clock DebugCore_CAPTURE (rising edge)
                                                        25.000      25.000 r                        
 SCANCHAIN_88_312/CAPTUREDR                              0.000      25.000 r       u_CORES/u_GTP_SCANCHAIN_PG/scanchain/CAPTUREDR
                                   net (fanout=1)        1.306      26.306         u_CORES/capt_o   
 USCM_215_666/CLKOUT               td                    0.168      26.474 r       clkbufg_4/gopclkbufg/CLKOUT
                                   net (fanout=1)        0.620      27.094         ntclkbufg_1      
 HCKB_213_526/CLKOUT               td                    0.287      27.381 r       HCKBROUTE_286/CLKOUT
                                   net (fanout=11)       0.454      27.835         _N399            
 CLMA_261_708/CLK                                                          r       u_CORES/u_debug_core_0/u_hub_data_decode/conf_id[3]/opit_0_inv/CLK

 CLMA_261_708/Q0                   tco                   0.203      28.038 r       u_CORES/u_debug_core_0/u_hub_data_decode/conf_id[3]/opit_0_inv/Q
                                   net (fanout=11)       0.688      28.726         u_CORES/u_debug_core_0/conf_id_o [3]
 CLMA_261_738/Y1                   td                    0.229      28.955 r       u_CORES/u_debug_core_0/u_hub_data_decode/N11_3/LUT6_inst_perm/L6
                                   net (fanout=10)       0.449      29.404         u_CORES/u_debug_core_0/_N2245
 CLMA_249_733/Y2                   td                    0.179      29.583 r       u_CORES/u_debug_core_0/u0_trig_unit/u_cfg_reg_file/N564_2/LUT6_inst_perm/L6
                                   net (fanout=7)        0.460      30.043         u_CORES/u_debug_core_0/u0_trig_unit/u_cfg_reg_file/N564
 CLMA_261_732/Y1                   td                    0.179      30.222 r       u_CORES/u_debug_core_0/u0_trig_unit/u_cfg_reg_file/N566/gateop_LUT6DL5Q_perm/L6
                                   net (fanout=2)        0.402      30.624         u_CORES/u_debug_core_0/u0_trig_unit/u_cfg_reg_file/N566
 CLMA_249_733/CECO                 td                    0.136      30.760 r       u_CORES/u_debug_core_0/u0_trig_unit/u_cfg_reg_file/bit_cnt[4]/opit_0_inv_L6Q_perm/CECO
                                   net (fanout=4)        0.000      30.760         _N107            
 CLMA_249_739/CECI                                                         r       u_CORES/u_debug_core_0/u0_trig_unit/u_cfg_reg_file/bit_cnt[5]/opit_0_inv_L6Q_perm/CE

 Data arrival time                                                  30.760         Logic Levels: 4  
                                                                                   Logic: 0.926ns(31.658%), Route: 1.999ns(68.342%)
----------------------------------------------------------------------------------------------------

 Clock DebugCore_JCLK (rising edge)
                                                        50.000      50.000 r                        
 SCANCHAIN_88_312/TCK1                                   0.000      50.000 r       u_CORES/u_GTP_SCANCHAIN_PG/scanchain/TCK1
                                   net (fanout=1)        1.923      51.923         u_CORES/drck_o   
 USCM_215_669/CLKOUT               td                    0.143      52.066 r       clkbufg_5/gopclkbufg/CLKOUT
                                   net (fanout=4)        0.530      52.596         ntclkbufg_2      
 HCKB_213_534/CLKOUT               td                    0.245      52.841 r       HCKBROUTE_289/CLKOUT
                                   net (fanout=178)      0.381      53.222         _N402            
 CLMA_249_739/CLK                                                          r       u_CORES/u_debug_core_0/u0_trig_unit/u_cfg_reg_file/bit_cnt[5]/opit_0_inv_L6Q_perm/CLK
 clock pessimism                                         0.000      53.222                          
 clock uncertainty                                      -0.050      53.172                          

 Setup time                                             -0.226      52.946                          

 Data required time                                                 52.946                          
----------------------------------------------------------------------------------------------------
 Data required time                                                 52.946                          
 Data arrival time                                                 -30.760                          
----------------------------------------------------------------------------------------------------
 Slack (MET)                                                        22.186                          
====================================================================================================

====================================================================================================

Startpoint  : u_CORES/u_debug_core_0/u_hub_data_decode/conf_id[3]/opit_0_inv/CLK
Endpoint    : u_CORES/u_debug_core_0/u0_trig_unit/u_cfg_reg_file/bit_cnt[1]/opit_0_inv_L6Q_LUT6DQL5Q_perm/CE
Path Group  : DebugCore_JCLK
Path Type   : max
Path Class  : sequential timing path
Clock Skew :    0.387  (Capture Clock Delay - Launch Clock Delay + Clock Pessimism Removal)
  Capture Clock Delay     :  3.222
  Launch Clock Delay      :  2.835
  Clock Pessimism Removal :  0.000

 Location                          Delay Type             Incr        Path         Logical Resource 
----------------------------------------------------------------------------------------------------

 Clock DebugCore_CAPTURE (rising edge)
                                                        25.000      25.000 r                        
 SCANCHAIN_88_312/CAPTUREDR                              0.000      25.000 r       u_CORES/u_GTP_SCANCHAIN_PG/scanchain/CAPTUREDR
                                   net (fanout=1)        1.306      26.306         u_CORES/capt_o   
 USCM_215_666/CLKOUT               td                    0.168      26.474 r       clkbufg_4/gopclkbufg/CLKOUT
                                   net (fanout=1)        0.620      27.094         ntclkbufg_1      
 HCKB_213_526/CLKOUT               td                    0.287      27.381 r       HCKBROUTE_286/CLKOUT
                                   net (fanout=11)       0.454      27.835         _N399            
 CLMA_261_708/CLK                                                          r       u_CORES/u_debug_core_0/u_hub_data_decode/conf_id[3]/opit_0_inv/CLK

 CLMA_261_708/Q0                   tco                   0.203      28.038 r       u_CORES/u_debug_core_0/u_hub_data_decode/conf_id[3]/opit_0_inv/Q
                                   net (fanout=11)       0.688      28.726         u_CORES/u_debug_core_0/conf_id_o [3]
 CLMA_261_738/Y1                   td                    0.229      28.955 r       u_CORES/u_debug_core_0/u_hub_data_decode/N11_3/LUT6_inst_perm/L6
                                   net (fanout=10)       0.449      29.404         u_CORES/u_debug_core_0/_N2245
 CLMA_249_733/Y2                   td                    0.179      29.583 r       u_CORES/u_debug_core_0/u0_trig_unit/u_cfg_reg_file/N564_2/LUT6_inst_perm/L6
                                   net (fanout=7)        0.460      30.043         u_CORES/u_debug_core_0/u0_trig_unit/u_cfg_reg_file/N564
 CLMA_261_732/Y1                   td                    0.179      30.222 r       u_CORES/u_debug_core_0/u0_trig_unit/u_cfg_reg_file/N566/gateop_LUT6DL5Q_perm/L6
                                   net (fanout=2)        0.402      30.624         u_CORES/u_debug_core_0/u0_trig_unit/u_cfg_reg_file/N566
 CLMA_249_733/CECO                 td                    0.136      30.760 r       u_CORES/u_debug_core_0/u0_trig_unit/u_cfg_reg_file/bit_cnt[4]/opit_0_inv_L6Q_perm/CECO
                                   net (fanout=4)        0.000      30.760         _N107            
 CLMA_249_739/CECI                                                         r       u_CORES/u_debug_core_0/u0_trig_unit/u_cfg_reg_file/bit_cnt[1]/opit_0_inv_L6Q_LUT6DQL5Q_perm/CE

 Data arrival time                                                  30.760         Logic Levels: 4  
                                                                                   Logic: 0.926ns(31.658%), Route: 1.999ns(68.342%)
----------------------------------------------------------------------------------------------------

 Clock DebugCore_JCLK (rising edge)
                                                        50.000      50.000 r                        
 SCANCHAIN_88_312/TCK1                                   0.000      50.000 r       u_CORES/u_GTP_SCANCHAIN_PG/scanchain/TCK1
                                   net (fanout=1)        1.923      51.923         u_CORES/drck_o   
 USCM_215_669/CLKOUT               td                    0.143      52.066 r       clkbufg_5/gopclkbufg/CLKOUT
                                   net (fanout=4)        0.530      52.596         ntclkbufg_2      
 HCKB_213_534/CLKOUT               td                    0.245      52.841 r       HCKBROUTE_289/CLKOUT
                                   net (fanout=178)      0.381      53.222         _N402            
 CLMA_249_739/CLK                                                          r       u_CORES/u_debug_core_0/u0_trig_unit/u_cfg_reg_file/bit_cnt[1]/opit_0_inv_L6Q_LUT6DQL5Q_perm/CLK
 clock pessimism                                         0.000      53.222                          
 clock uncertainty                                      -0.050      53.172                          

 Setup time                                             -0.226      52.946                          

 Data required time                                                 52.946                          
----------------------------------------------------------------------------------------------------
 Data required time                                                 52.946                          
 Data arrival time                                                 -30.760                          
----------------------------------------------------------------------------------------------------
 Slack (MET)                                                        22.186                          
====================================================================================================

====================================================================================================

Startpoint  : u_CORES/u_debug_core_0/u_hub_data_decode/conf_id[3]/opit_0_inv/CLK
Endpoint    : u_CORES/u_debug_core_0/u0_trig_unit/u_cfg_reg_file/bit_cnt[3]/opit_0_inv_L6QL5_perm/CE
Path Group  : DebugCore_JCLK
Path Type   : max
Path Class  : sequential timing path
Clock Skew :    0.387  (Capture Clock Delay - Launch Clock Delay + Clock Pessimism Removal)
  Capture Clock Delay     :  3.222
  Launch Clock Delay      :  2.835
  Clock Pessimism Removal :  0.000

 Location                          Delay Type             Incr        Path         Logical Resource 
----------------------------------------------------------------------------------------------------

 Clock DebugCore_CAPTURE (rising edge)
                                                        25.000      25.000 r                        
 SCANCHAIN_88_312/CAPTUREDR                              0.000      25.000 r       u_CORES/u_GTP_SCANCHAIN_PG/scanchain/CAPTUREDR
                                   net (fanout=1)        1.306      26.306         u_CORES/capt_o   
 USCM_215_666/CLKOUT               td                    0.168      26.474 r       clkbufg_4/gopclkbufg/CLKOUT
                                   net (fanout=1)        0.620      27.094         ntclkbufg_1      
 HCKB_213_526/CLKOUT               td                    0.287      27.381 r       HCKBROUTE_286/CLKOUT
                                   net (fanout=11)       0.454      27.835         _N399            
 CLMA_261_708/CLK                                                          r       u_CORES/u_debug_core_0/u_hub_data_decode/conf_id[3]/opit_0_inv/CLK

 CLMA_261_708/Q0                   tco                   0.203      28.038 r       u_CORES/u_debug_core_0/u_hub_data_decode/conf_id[3]/opit_0_inv/Q
                                   net (fanout=11)       0.688      28.726         u_CORES/u_debug_core_0/conf_id_o [3]
 CLMA_261_738/Y1                   td                    0.229      28.955 r       u_CORES/u_debug_core_0/u_hub_data_decode/N11_3/LUT6_inst_perm/L6
                                   net (fanout=10)       0.449      29.404         u_CORES/u_debug_core_0/_N2245
 CLMA_249_733/Y2                   td                    0.179      29.583 r       u_CORES/u_debug_core_0/u0_trig_unit/u_cfg_reg_file/N564_2/LUT6_inst_perm/L6
                                   net (fanout=7)        0.460      30.043         u_CORES/u_debug_core_0/u0_trig_unit/u_cfg_reg_file/N564
 CLMA_261_732/Y1                   td                    0.179      30.222 r       u_CORES/u_debug_core_0/u0_trig_unit/u_cfg_reg_file/N566/gateop_LUT6DL5Q_perm/L6
                                   net (fanout=2)        0.402      30.624         u_CORES/u_debug_core_0/u0_trig_unit/u_cfg_reg_file/N566
 CLMA_249_733/CECO                 td                    0.136      30.760 r       u_CORES/u_debug_core_0/u0_trig_unit/u_cfg_reg_file/bit_cnt[4]/opit_0_inv_L6Q_perm/CECO
                                   net (fanout=4)        0.000      30.760         _N107            
 CLMA_249_739/CECI                                                         r       u_CORES/u_debug_core_0/u0_trig_unit/u_cfg_reg_file/bit_cnt[3]/opit_0_inv_L6QL5_perm/CE

 Data arrival time                                                  30.760         Logic Levels: 4  
                                                                                   Logic: 0.926ns(31.658%), Route: 1.999ns(68.342%)
----------------------------------------------------------------------------------------------------

 Clock DebugCore_JCLK (rising edge)
                                                        50.000      50.000 r                        
 SCANCHAIN_88_312/TCK1                                   0.000      50.000 r       u_CORES/u_GTP_SCANCHAIN_PG/scanchain/TCK1
                                   net (fanout=1)        1.923      51.923         u_CORES/drck_o   
 USCM_215_669/CLKOUT               td                    0.143      52.066 r       clkbufg_5/gopclkbufg/CLKOUT
                                   net (fanout=4)        0.530      52.596         ntclkbufg_2      
 HCKB_213_534/CLKOUT               td                    0.245      52.841 r       HCKBROUTE_289/CLKOUT
                                   net (fanout=178)      0.381      53.222         _N402            
 CLMA_249_739/CLK                                                          r       u_CORES/u_debug_core_0/u0_trig_unit/u_cfg_reg_file/bit_cnt[3]/opit_0_inv_L6QL5_perm/CLK
 clock pessimism                                         0.000      53.222                          
 clock uncertainty                                      -0.050      53.172                          

 Setup time                                             -0.226      52.946                          

 Data required time                                                 52.946                          
----------------------------------------------------------------------------------------------------
 Data required time                                                 52.946                          
 Data arrival time                                                 -30.760                          
----------------------------------------------------------------------------------------------------
 Slack (MET)                                                        22.186                          
====================================================================================================

====================================================================================================

Startpoint  : u_CORES/u_debug_core_0/u_hub_data_decode/conf_id_ini[1]/opit_0_inv/CLK
Endpoint    : u_CORES/u_debug_core_0/u_hub_data_decode/conf_rst/opit_0_inv_L6Q_perm/I5
Path Group  : DebugCore_JCLK
Path Type   : min
Path Class  : sequential timing path
Clock Skew :    1.805  (Capture Clock Delay - Launch Clock Delay + Clock Pessimism Removal)
  Capture Clock Delay     :  4.072
  Launch Clock Delay      :  2.267
  Clock Pessimism Removal :  0.000

 Location                          Delay Type             Incr        Path         Logical Resource 
----------------------------------------------------------------------------------------------------

 Clock DebugCore_CAPTURE (rising edge)
                                                        25.000      25.000 r                        
 SCANCHAIN_88_312/CAPTUREDR                              0.000      25.000 r       u_CORES/u_GTP_SCANCHAIN_PG/scanchain/CAPTUREDR
                                   net (fanout=1)        0.967      25.967         u_CORES/capt_o   
 USCM_215_666/CLKOUT               td                    0.143      26.110 r       clkbufg_4/gopclkbufg/CLKOUT
                                   net (fanout=1)        0.530      26.640         ntclkbufg_1      
 HCKB_213_526/CLKOUT               td                    0.245      26.885 r       HCKBROUTE_286/CLKOUT
                                   net (fanout=11)       0.382      27.267         _N399            
 CLMA_261_721/CLK                                                          r       u_CORES/u_debug_core_0/u_hub_data_decode/conf_id_ini[1]/opit_0_inv/CLK

 CLMA_261_721/Q2                   tco                   0.158      27.425 f       u_CORES/u_debug_core_0/u_hub_data_decode/conf_id_ini[1]/opit_0_inv/Q
                                   net (fanout=3)        0.158      27.583         u_CORES/u_debug_core_0/u_hub_data_decode/conf_id_ini [1]
 CLMA_261_715/B5                                                           f       u_CORES/u_debug_core_0/u_hub_data_decode/conf_rst/opit_0_inv_L6Q_perm/I5

 Data arrival time                                                  27.583         Logic Levels: 0  
                                                                                   Logic: 0.158ns(50.000%), Route: 0.158ns(50.000%)
----------------------------------------------------------------------------------------------------

 Clock DebugCore_JCLK (rising edge)
                                                         0.000       0.000 r                        
 SCANCHAIN_88_312/TCK1                                   0.000       0.000 r       u_CORES/u_GTP_SCANCHAIN_PG/scanchain/TCK1
                                   net (fanout=1)        2.544       2.544         u_CORES/drck_o   
 USCM_215_669/CLKOUT               td                    0.168       2.712 r       clkbufg_5/gopclkbufg/CLKOUT
                                   net (fanout=4)        0.620       3.332         ntclkbufg_2      
 HCKB_213_534/CLKOUT               td                    0.287       3.619 r       HCKBROUTE_289/CLKOUT
                                   net (fanout=178)      0.453       4.072         _N402            
 CLMA_261_715/CLK                                                          r       u_CORES/u_debug_core_0/u_hub_data_decode/conf_rst/opit_0_inv_L6Q_perm/CLK
 clock pessimism                                         0.000       4.072                          
 clock uncertainty                                       0.050       4.122                          

 Hold time                                              -0.014       4.108                          

 Data required time                                                  4.108                          
----------------------------------------------------------------------------------------------------
 Data required time                                                  4.108                          
 Data arrival time                                                 -27.583                          
----------------------------------------------------------------------------------------------------
 Slack (MET)                                                        23.475                          
====================================================================================================

====================================================================================================

Startpoint  : u_CORES/u_debug_core_0/u_hub_data_decode/conf_id_ini[4]/opit_0_inv/CLK
Endpoint    : u_CORES/u_debug_core_0/u_hub_data_decode/conf_sel_rb/opit_0_inv_L6Q_perm/I5
Path Group  : DebugCore_JCLK
Path Type   : min
Path Class  : sequential timing path
Clock Skew :    1.805  (Capture Clock Delay - Launch Clock Delay + Clock Pessimism Removal)
  Capture Clock Delay     :  4.072
  Launch Clock Delay      :  2.267
  Clock Pessimism Removal :  0.000

 Location                          Delay Type             Incr        Path         Logical Resource 
----------------------------------------------------------------------------------------------------

 Clock DebugCore_CAPTURE (rising edge)
                                                        25.000      25.000 r                        
 SCANCHAIN_88_312/CAPTUREDR                              0.000      25.000 r       u_CORES/u_GTP_SCANCHAIN_PG/scanchain/CAPTUREDR
                                   net (fanout=1)        0.967      25.967         u_CORES/capt_o   
 USCM_215_666/CLKOUT               td                    0.143      26.110 r       clkbufg_4/gopclkbufg/CLKOUT
                                   net (fanout=1)        0.530      26.640         ntclkbufg_1      
 HCKB_213_526/CLKOUT               td                    0.245      26.885 r       HCKBROUTE_286/CLKOUT
                                   net (fanout=11)       0.382      27.267         _N399            
 CLMA_261_721/CLK                                                          r       u_CORES/u_debug_core_0/u_hub_data_decode/conf_id_ini[4]/opit_0_inv/CLK

 CLMA_261_721/Q1                   tco                   0.158      27.425 f       u_CORES/u_debug_core_0/u_hub_data_decode/conf_id_ini[4]/opit_0_inv/Q
                                   net (fanout=3)        0.157      27.582         u_CORES/u_debug_core_0/u_hub_data_decode/conf_id_ini [4]
 CLMA_261_715/C5                                                           f       u_CORES/u_debug_core_0/u_hub_data_decode/conf_sel_rb/opit_0_inv_L6Q_perm/I5

 Data arrival time                                                  27.582         Logic Levels: 0  
                                                                                   Logic: 0.158ns(50.159%), Route: 0.157ns(49.841%)
----------------------------------------------------------------------------------------------------

 Clock DebugCore_JCLK (rising edge)
                                                         0.000       0.000 r                        
 SCANCHAIN_88_312/TCK1                                   0.000       0.000 r       u_CORES/u_GTP_SCANCHAIN_PG/scanchain/TCK1
                                   net (fanout=1)        2.544       2.544         u_CORES/drck_o   
 USCM_215_669/CLKOUT               td                    0.168       2.712 r       clkbufg_5/gopclkbufg/CLKOUT
                                   net (fanout=4)        0.620       3.332         ntclkbufg_2      
 HCKB_213_534/CLKOUT               td                    0.287       3.619 r       HCKBROUTE_289/CLKOUT
                                   net (fanout=178)      0.453       4.072         _N402            
 CLMA_261_715/CLK                                                          r       u_CORES/u_debug_core_0/u_hub_data_decode/conf_sel_rb/opit_0_inv_L6Q_perm/CLK
 clock pessimism                                         0.000       4.072                          
 clock uncertainty                                       0.050       4.122                          

 Hold time                                              -0.017       4.105                          

 Data required time                                                  4.105                          
----------------------------------------------------------------------------------------------------
 Data required time                                                  4.105                          
 Data arrival time                                                 -27.582                          
----------------------------------------------------------------------------------------------------
 Slack (MET)                                                        23.477                          
====================================================================================================

====================================================================================================

Startpoint  : u_CORES/u_debug_core_0/u_hub_data_decode/conf_id[4]/opit_0_inv/CLK
Endpoint    : u_CORES/u_debug_core_0/u_hub_data_decode/start/opit_0_inv_L6Q_perm/I5
Path Group  : DebugCore_JCLK
Path Type   : min
Path Class  : sequential timing path
Clock Skew :    1.803  (Capture Clock Delay - Launch Clock Delay + Clock Pessimism Removal)
  Capture Clock Delay     :  4.072
  Launch Clock Delay      :  2.269
  Clock Pessimism Removal :  0.000

 Location                          Delay Type             Incr        Path         Logical Resource 
----------------------------------------------------------------------------------------------------

 Clock DebugCore_CAPTURE (rising edge)
                                                        25.000      25.000 r                        
 SCANCHAIN_88_312/CAPTUREDR                              0.000      25.000 r       u_CORES/u_GTP_SCANCHAIN_PG/scanchain/CAPTUREDR
                                   net (fanout=1)        0.967      25.967         u_CORES/capt_o   
 USCM_215_666/CLKOUT               td                    0.143      26.110 r       clkbufg_4/gopclkbufg/CLKOUT
                                   net (fanout=1)        0.530      26.640         ntclkbufg_1      
 HCKB_213_526/CLKOUT               td                    0.245      26.885 r       HCKBROUTE_286/CLKOUT
                                   net (fanout=11)       0.384      27.269         _N399            
 CLMA_261_708/CLK                                                          r       u_CORES/u_debug_core_0/u_hub_data_decode/conf_id[4]/opit_0_inv/CLK

 CLMA_261_708/Q1                   tco                   0.158      27.427 f       u_CORES/u_debug_core_0/u_hub_data_decode/conf_id[4]/opit_0_inv/Q
                                   net (fanout=11)       0.159      27.586         u_CORES/u_debug_core_0/conf_id_o [4]
 CLMA_267_708/D5                                                           f       u_CORES/u_debug_core_0/u_hub_data_decode/start/opit_0_inv_L6Q_perm/I5

 Data arrival time                                                  27.586         Logic Levels: 0  
                                                                                   Logic: 0.158ns(49.842%), Route: 0.159ns(50.158%)
----------------------------------------------------------------------------------------------------

 Clock DebugCore_JCLK (rising edge)
                                                         0.000       0.000 r                        
 SCANCHAIN_88_312/TCK1                                   0.000       0.000 r       u_CORES/u_GTP_SCANCHAIN_PG/scanchain/TCK1
                                   net (fanout=1)        2.544       2.544         u_CORES/drck_o   
 USCM_215_669/CLKOUT               td                    0.168       2.712 r       clkbufg_5/gopclkbufg/CLKOUT
                                   net (fanout=4)        0.620       3.332         ntclkbufg_2      
 HCKB_213_534/CLKOUT               td                    0.287       3.619 r       HCKBROUTE_289/CLKOUT
                                   net (fanout=178)      0.453       4.072         _N402            
 CLMA_267_708/CLK                                                          r       u_CORES/u_debug_core_0/u_hub_data_decode/start/opit_0_inv_L6Q_perm/CLK
 clock pessimism                                         0.000       4.072                          
 clock uncertainty                                       0.050       4.122                          

 Hold time                                              -0.014       4.108                          

 Data required time                                                  4.108                          
----------------------------------------------------------------------------------------------------
 Data required time                                                  4.108                          
 Data arrival time                                                 -27.586                          
----------------------------------------------------------------------------------------------------
 Slack (MET)                                                        23.478                          
====================================================================================================

====================================================================================================

Startpoint  : u_CORES/u_jtag_hub/conf_sel[0]/opit_0_inv_L6Q_perm/CLK
Endpoint    : u_CORES/u_debug_core_0/u_hub_data_decode/conf_id[0]/opit_0_inv/CE
Path Group  : DebugCore_CAPTURE
Path Type   : max
Path Class  : sequential timing path
Clock Skew :    -1.811  (Capture Clock Delay - Launch Clock Delay + Clock Pessimism Removal)
  Capture Clock Delay     :  2.266
  Launch Clock Delay      :  4.077
  Clock Pessimism Removal :  0.000

 Location                          Delay Type             Incr        Path         Logical Resource 
----------------------------------------------------------------------------------------------------

 Clock DebugCore_JCLK (falling edge)
                                                        75.000      75.000 f                        
 SCANCHAIN_88_312/TCK1                                   0.000      75.000 f       u_CORES/u_GTP_SCANCHAIN_PG/scanchain/TCK1
                                   net (fanout=1)        2.554      77.554         u_CORES/drck_o   
 USCM_215_669/CLKOUT               td                    0.168      77.722 f       clkbufg_5/gopclkbufg/CLKOUT
                                   net (fanout=4)        0.620      78.342         ntclkbufg_2      
 HCKB_213_534/CLKOUT               td                    0.287      78.629 f       HCKBROUTE_289/CLKOUT
                                   net (fanout=178)      0.448      79.077         _N402            
 CLMA_249_708/CLK                                                          f       u_CORES/u_jtag_hub/conf_sel[0]/opit_0_inv_L6Q_perm/CLK

 CLMA_249_708/Q1                   tco                   0.204      79.281 r       u_CORES/u_jtag_hub/conf_sel[0]/opit_0_inv_L6Q_perm/L6Q
                                   net (fanout=6)        0.610      79.891         u_CORES/conf_sel [0]
 CLMA_261_727/CE                                                           r       u_CORES/u_debug_core_0/u_hub_data_decode/conf_id[0]/opit_0_inv/CE

 Data arrival time                                                  79.891         Logic Levels: 0  
                                                                                   Logic: 0.204ns(25.061%), Route: 0.610ns(74.939%)
----------------------------------------------------------------------------------------------------

 Clock DebugCore_CAPTURE (rising edge)
                                                       125.000     125.000 r                        
 SCANCHAIN_88_312/CAPTUREDR                              0.000     125.000 r       u_CORES/u_GTP_SCANCHAIN_PG/scanchain/CAPTUREDR
                                   net (fanout=1)        0.967     125.967         u_CORES/capt_o   
 USCM_215_666/CLKOUT               td                    0.143     126.110 r       clkbufg_4/gopclkbufg/CLKOUT
                                   net (fanout=1)        0.530     126.640         ntclkbufg_1      
 HCKB_213_526/CLKOUT               td                    0.245     126.885 r       HCKBROUTE_286/CLKOUT
                                   net (fanout=11)       0.381     127.266         _N399            
 CLMA_261_727/CLK                                                          r       u_CORES/u_debug_core_0/u_hub_data_decode/conf_id[0]/opit_0_inv/CLK
 clock pessimism                                         0.000     127.266                          
 clock uncertainty                                      -0.050     127.216                          

 Setup time                                             -0.226     126.990                          

 Data required time                                                126.990                          
----------------------------------------------------------------------------------------------------
 Data required time                                                126.990                          
 Data arrival time                                                 -79.891                          
----------------------------------------------------------------------------------------------------
 Slack (MET)                                                        47.099                          
====================================================================================================

====================================================================================================

Startpoint  : u_CORES/u_jtag_hub/conf_sel[0]/opit_0_inv_L6Q_perm/CLK
Endpoint    : u_CORES/u_debug_core_0/u_hub_data_decode/conf_id[2]/opit_0_inv/CE
Path Group  : DebugCore_CAPTURE
Path Type   : max
Path Class  : sequential timing path
Clock Skew :    -1.811  (Capture Clock Delay - Launch Clock Delay + Clock Pessimism Removal)
  Capture Clock Delay     :  2.266
  Launch Clock Delay      :  4.077
  Clock Pessimism Removal :  0.000

 Location                          Delay Type             Incr        Path         Logical Resource 
----------------------------------------------------------------------------------------------------

 Clock DebugCore_JCLK (falling edge)
                                                        75.000      75.000 f                        
 SCANCHAIN_88_312/TCK1                                   0.000      75.000 f       u_CORES/u_GTP_SCANCHAIN_PG/scanchain/TCK1
                                   net (fanout=1)        2.554      77.554         u_CORES/drck_o   
 USCM_215_669/CLKOUT               td                    0.168      77.722 f       clkbufg_5/gopclkbufg/CLKOUT
                                   net (fanout=4)        0.620      78.342         ntclkbufg_2      
 HCKB_213_534/CLKOUT               td                    0.287      78.629 f       HCKBROUTE_289/CLKOUT
                                   net (fanout=178)      0.448      79.077         _N402            
 CLMA_249_708/CLK                                                          f       u_CORES/u_jtag_hub/conf_sel[0]/opit_0_inv_L6Q_perm/CLK

 CLMA_249_708/Q1                   tco                   0.204      79.281 r       u_CORES/u_jtag_hub/conf_sel[0]/opit_0_inv_L6Q_perm/L6Q
                                   net (fanout=6)        0.610      79.891         u_CORES/conf_sel [0]
 CLMA_261_727/CE                                                           r       u_CORES/u_debug_core_0/u_hub_data_decode/conf_id[2]/opit_0_inv/CE

 Data arrival time                                                  79.891         Logic Levels: 0  
                                                                                   Logic: 0.204ns(25.061%), Route: 0.610ns(74.939%)
----------------------------------------------------------------------------------------------------

 Clock DebugCore_CAPTURE (rising edge)
                                                       125.000     125.000 r                        
 SCANCHAIN_88_312/CAPTUREDR                              0.000     125.000 r       u_CORES/u_GTP_SCANCHAIN_PG/scanchain/CAPTUREDR
                                   net (fanout=1)        0.967     125.967         u_CORES/capt_o   
 USCM_215_666/CLKOUT               td                    0.143     126.110 r       clkbufg_4/gopclkbufg/CLKOUT
                                   net (fanout=1)        0.530     126.640         ntclkbufg_1      
 HCKB_213_526/CLKOUT               td                    0.245     126.885 r       HCKBROUTE_286/CLKOUT
                                   net (fanout=11)       0.381     127.266         _N399            
 CLMA_261_727/CLK                                                          r       u_CORES/u_debug_core_0/u_hub_data_decode/conf_id[2]/opit_0_inv/CLK
 clock pessimism                                         0.000     127.266                          
 clock uncertainty                                      -0.050     127.216                          

 Setup time                                             -0.226     126.990                          

 Data required time                                                126.990                          
----------------------------------------------------------------------------------------------------
 Data required time                                                126.990                          
 Data arrival time                                                 -79.891                          
----------------------------------------------------------------------------------------------------
 Slack (MET)                                                        47.099                          
====================================================================================================

====================================================================================================

Startpoint  : u_CORES/u_jtag_hub/conf_sel[0]/opit_0_inv_L6Q_perm/CLK
Endpoint    : u_CORES/u_debug_core_0/u_hub_data_decode/conf_id[1]/opit_0_inv/CE
Path Group  : DebugCore_CAPTURE
Path Type   : max
Path Class  : sequential timing path
Clock Skew :    -1.811  (Capture Clock Delay - Launch Clock Delay + Clock Pessimism Removal)
  Capture Clock Delay     :  2.266
  Launch Clock Delay      :  4.077
  Clock Pessimism Removal :  0.000

 Location                          Delay Type             Incr        Path         Logical Resource 
----------------------------------------------------------------------------------------------------

 Clock DebugCore_JCLK (falling edge)
                                                        75.000      75.000 f                        
 SCANCHAIN_88_312/TCK1                                   0.000      75.000 f       u_CORES/u_GTP_SCANCHAIN_PG/scanchain/TCK1
                                   net (fanout=1)        2.554      77.554         u_CORES/drck_o   
 USCM_215_669/CLKOUT               td                    0.168      77.722 f       clkbufg_5/gopclkbufg/CLKOUT
                                   net (fanout=4)        0.620      78.342         ntclkbufg_2      
 HCKB_213_534/CLKOUT               td                    0.287      78.629 f       HCKBROUTE_289/CLKOUT
                                   net (fanout=178)      0.448      79.077         _N402            
 CLMA_249_708/CLK                                                          f       u_CORES/u_jtag_hub/conf_sel[0]/opit_0_inv_L6Q_perm/CLK

 CLMA_249_708/Q1                   tco                   0.204      79.281 r       u_CORES/u_jtag_hub/conf_sel[0]/opit_0_inv_L6Q_perm/L6Q
                                   net (fanout=6)        0.610      79.891         u_CORES/conf_sel [0]
 CLMA_261_727/CE                                                           r       u_CORES/u_debug_core_0/u_hub_data_decode/conf_id[1]/opit_0_inv/CE

 Data arrival time                                                  79.891         Logic Levels: 0  
                                                                                   Logic: 0.204ns(25.061%), Route: 0.610ns(74.939%)
----------------------------------------------------------------------------------------------------

 Clock DebugCore_CAPTURE (rising edge)
                                                       125.000     125.000 r                        
 SCANCHAIN_88_312/CAPTUREDR                              0.000     125.000 r       u_CORES/u_GTP_SCANCHAIN_PG/scanchain/CAPTUREDR
                                   net (fanout=1)        0.967     125.967         u_CORES/capt_o   
 USCM_215_666/CLKOUT               td                    0.143     126.110 r       clkbufg_4/gopclkbufg/CLKOUT
                                   net (fanout=1)        0.530     126.640         ntclkbufg_1      
 HCKB_213_526/CLKOUT               td                    0.245     126.885 r       HCKBROUTE_286/CLKOUT
                                   net (fanout=11)       0.381     127.266         _N399            
 CLMA_261_727/CLK                                                          r       u_CORES/u_debug_core_0/u_hub_data_decode/conf_id[1]/opit_0_inv/CLK
 clock pessimism                                         0.000     127.266                          
 clock uncertainty                                      -0.050     127.216                          

 Setup time                                             -0.226     126.990                          

 Data required time                                                126.990                          
----------------------------------------------------------------------------------------------------
 Data required time                                                126.990                          
 Data arrival time                                                 -79.891                          
----------------------------------------------------------------------------------------------------
 Slack (MET)                                                        47.099                          
====================================================================================================

====================================================================================================

Startpoint  : u_CORES/u_jtag_hub/id_o[1]/opit_0_inv_L6Q_LUT6DQL5Q_perm/CLK
Endpoint    : u_CORES/u_debug_core_0/u_hub_data_decode/conf_id_ini[1]/opit_0_inv/D
Path Group  : DebugCore_CAPTURE
Path Type   : min
Path Class  : sequential timing path
Clock Skew :    -0.269  (Capture Clock Delay - Launch Clock Delay + Clock Pessimism Removal)
  Capture Clock Delay     :  2.833
  Launch Clock Delay      :  3.102
  Clock Pessimism Removal :  0.000

 Location                          Delay Type             Incr        Path         Logical Resource 
----------------------------------------------------------------------------------------------------

 Clock DebugCore_JCLK (falling edge)
                                                       125.000     125.000 f                        
 SCANCHAIN_88_312/TCK1                                   0.000     125.000 f       u_CORES/u_GTP_SCANCHAIN_PG/scanchain/TCK1
                                   net (fanout=1)        1.807     126.807         u_CORES/drck_o   
 USCM_215_669/CLKOUT               td                    0.143     126.950 f       clkbufg_5/gopclkbufg/CLKOUT
                                   net (fanout=4)        0.530     127.480         ntclkbufg_2      
 HCKB_213_534/CLKOUT               td                    0.245     127.725 f       HCKBROUTE_289/CLKOUT
                                   net (fanout=178)      0.377     128.102         _N402            
 CLMA_261_709/CLK                                                          f       u_CORES/u_jtag_hub/id_o[1]/opit_0_inv_L6Q_LUT6DQL5Q_perm/CLK

 CLMA_261_709/Q0                   tco                   0.159     128.261 f       u_CORES/u_jtag_hub/id_o[1]/opit_0_inv_L6Q_LUT6DQL5Q_perm/L6Q
                                   net (fanout=2)        0.170     128.431         u_CORES/id_o [1] 
 CLMA_261_721/M2                                                           f       u_CORES/u_debug_core_0/u_hub_data_decode/conf_id_ini[1]/opit_0_inv/D

 Data arrival time                                                 128.431         Logic Levels: 0  
                                                                                   Logic: 0.159ns(48.328%), Route: 0.170ns(51.672%)
----------------------------------------------------------------------------------------------------

 Clock DebugCore_CAPTURE (rising edge)
                                                       125.000     125.000 r                        
 SCANCHAIN_88_312/CAPTUREDR                              0.000     125.000 r       u_CORES/u_GTP_SCANCHAIN_PG/scanchain/CAPTUREDR
                                   net (fanout=1)        1.306     126.306         u_CORES/capt_o   
 USCM_215_666/CLKOUT               td                    0.168     126.474 r       clkbufg_4/gopclkbufg/CLKOUT
                                   net (fanout=1)        0.620     127.094         ntclkbufg_1      
 HCKB_213_526/CLKOUT               td                    0.287     127.381 r       HCKBROUTE_286/CLKOUT
                                   net (fanout=11)       0.452     127.833         _N399            
 CLMA_261_721/CLK                                                          r       u_CORES/u_debug_core_0/u_hub_data_decode/conf_id_ini[1]/opit_0_inv/CLK
 clock pessimism                                         0.000     127.833                          
 clock uncertainty                                       0.050     127.883                          

 Hold time                                              -0.044     127.839                          

 Data required time                                                127.839                          
----------------------------------------------------------------------------------------------------
 Data required time                                                127.839                          
 Data arrival time                                                -128.431                          
----------------------------------------------------------------------------------------------------
 Slack (MET)                                                         0.592                          
====================================================================================================

====================================================================================================

Startpoint  : u_CORES/u_jtag_hub/id_o[1]/opit_0_inv_L6Q_LUT6DQL5Q_perm/CLK
Endpoint    : u_CORES/u_debug_core_0/u_hub_data_decode/conf_id_ini[0]/opit_0_inv/D
Path Group  : DebugCore_CAPTURE
Path Type   : min
Path Class  : sequential timing path
Clock Skew :    -0.265  (Capture Clock Delay - Launch Clock Delay + Clock Pessimism Removal)
  Capture Clock Delay     :  2.837
  Launch Clock Delay      :  3.102
  Clock Pessimism Removal :  0.000

 Location                          Delay Type             Incr        Path         Logical Resource 
----------------------------------------------------------------------------------------------------

 Clock DebugCore_JCLK (falling edge)
                                                       125.000     125.000 f                        
 SCANCHAIN_88_312/TCK1                                   0.000     125.000 f       u_CORES/u_GTP_SCANCHAIN_PG/scanchain/TCK1
                                   net (fanout=1)        1.807     126.807         u_CORES/drck_o   
 USCM_215_669/CLKOUT               td                    0.143     126.950 f       clkbufg_5/gopclkbufg/CLKOUT
                                   net (fanout=4)        0.530     127.480         ntclkbufg_2      
 HCKB_213_534/CLKOUT               td                    0.245     127.725 f       HCKBROUTE_289/CLKOUT
                                   net (fanout=178)      0.377     128.102         _N402            
 CLMA_261_709/CLK                                                          f       u_CORES/u_jtag_hub/id_o[1]/opit_0_inv_L6Q_LUT6DQL5Q_perm/CLK

 CLMA_261_709/CR0                  tco                   0.173     128.275 f       u_CORES/u_jtag_hub/id_o[1]/opit_0_inv_L6Q_LUT6DQL5Q_perm/L5Q
                                   net (fanout=2)        0.169     128.444         u_CORES/id_o [0] 
 CLMA_261_697/M1                                                           f       u_CORES/u_debug_core_0/u_hub_data_decode/conf_id_ini[0]/opit_0_inv/D

 Data arrival time                                                 128.444         Logic Levels: 0  
                                                                                   Logic: 0.173ns(50.585%), Route: 0.169ns(49.415%)
----------------------------------------------------------------------------------------------------

 Clock DebugCore_CAPTURE (rising edge)
                                                       125.000     125.000 r                        
 SCANCHAIN_88_312/CAPTUREDR                              0.000     125.000 r       u_CORES/u_GTP_SCANCHAIN_PG/scanchain/CAPTUREDR
                                   net (fanout=1)        1.306     126.306         u_CORES/capt_o   
 USCM_215_666/CLKOUT               td                    0.168     126.474 r       clkbufg_4/gopclkbufg/CLKOUT
                                   net (fanout=1)        0.620     127.094         ntclkbufg_1      
 HCKB_213_526/CLKOUT               td                    0.287     127.381 r       HCKBROUTE_286/CLKOUT
                                   net (fanout=11)       0.456     127.837         _N399            
 CLMA_261_697/CLK                                                          r       u_CORES/u_debug_core_0/u_hub_data_decode/conf_id_ini[0]/opit_0_inv/CLK
 clock pessimism                                         0.000     127.837                          
 clock uncertainty                                       0.050     127.887                          

 Hold time                                              -0.044     127.843                          

 Data required time                                                127.843                          
----------------------------------------------------------------------------------------------------
 Data required time                                                127.843                          
 Data arrival time                                                -128.444                          
----------------------------------------------------------------------------------------------------
 Slack (MET)                                                         0.601                          
====================================================================================================

====================================================================================================

Startpoint  : u_CORES/u_jtag_hub/id_o[3]/opit_0_inv_L6Q_LUT6DQL5Q_perm/CLK
Endpoint    : u_CORES/u_debug_core_0/u_hub_data_decode/conf_id_ini[2]/opit_0_inv/D
Path Group  : DebugCore_CAPTURE
Path Type   : min
Path Class  : sequential timing path
Clock Skew :    -0.269  (Capture Clock Delay - Launch Clock Delay + Clock Pessimism Removal)
  Capture Clock Delay     :  2.833
  Launch Clock Delay      :  3.102
  Clock Pessimism Removal :  0.000

 Location                          Delay Type             Incr        Path         Logical Resource 
----------------------------------------------------------------------------------------------------

 Clock DebugCore_JCLK (falling edge)
                                                       125.000     125.000 f                        
 SCANCHAIN_88_312/TCK1                                   0.000     125.000 f       u_CORES/u_GTP_SCANCHAIN_PG/scanchain/TCK1
                                   net (fanout=1)        1.807     126.807         u_CORES/drck_o   
 USCM_215_669/CLKOUT               td                    0.143     126.950 f       clkbufg_5/gopclkbufg/CLKOUT
                                   net (fanout=4)        0.530     127.480         ntclkbufg_2      
 HCKB_213_534/CLKOUT               td                    0.245     127.725 f       HCKBROUTE_289/CLKOUT
                                   net (fanout=178)      0.377     128.102         _N402            
 CLMA_261_709/CLK                                                          f       u_CORES/u_jtag_hub/id_o[3]/opit_0_inv_L6Q_LUT6DQL5Q_perm/CLK

 CLMA_261_709/CR3                  tco                   0.173     128.275 f       u_CORES/u_jtag_hub/id_o[3]/opit_0_inv_L6Q_LUT6DQL5Q_perm/L5Q
                                   net (fanout=2)        0.170     128.445         u_CORES/id_o [2] 
 CLMA_261_721/M0                                                           f       u_CORES/u_debug_core_0/u_hub_data_decode/conf_id_ini[2]/opit_0_inv/D

 Data arrival time                                                 128.445         Logic Levels: 0  
                                                                                   Logic: 0.173ns(50.437%), Route: 0.170ns(49.563%)
----------------------------------------------------------------------------------------------------

 Clock DebugCore_CAPTURE (rising edge)
                                                       125.000     125.000 r                        
 SCANCHAIN_88_312/CAPTUREDR                              0.000     125.000 r       u_CORES/u_GTP_SCANCHAIN_PG/scanchain/CAPTUREDR
                                   net (fanout=1)        1.306     126.306         u_CORES/capt_o   
 USCM_215_666/CLKOUT               td                    0.168     126.474 r       clkbufg_4/gopclkbufg/CLKOUT
                                   net (fanout=1)        0.620     127.094         ntclkbufg_1      
 HCKB_213_526/CLKOUT               td                    0.287     127.381 r       HCKBROUTE_286/CLKOUT
                                   net (fanout=11)       0.452     127.833         _N399            
 CLMA_261_721/CLK                                                          r       u_CORES/u_debug_core_0/u_hub_data_decode/conf_id_ini[2]/opit_0_inv/CLK
 clock pessimism                                         0.000     127.833                          
 clock uncertainty                                       0.050     127.883                          

 Hold time                                              -0.044     127.839                          

 Data required time                                                127.839                          
----------------------------------------------------------------------------------------------------
 Data required time                                                127.839                          
 Data arrival time                                                -128.445                          
----------------------------------------------------------------------------------------------------
 Slack (MET)                                                         0.606                          
====================================================================================================

====================================================================================================

Startpoint  : u_CORES/u_debug_core_0/resetn/opit_0/CLK
Endpoint    : u_CORES/u_debug_core_0/u0_trig_unit/signal_ff_dly[51]/opit_0_inv/RS
Path Group  : hdmi_i2c_inst/i2c_ctrl_inst/i2c_clk/Q[0]_Inferred
Path Type   : max
Path Class  : async timing path
Clock Skew :    -0.669  (Capture Clock Delay - Launch Clock Delay + Clock Pessimism Removal)
  Capture Clock Delay     :  0.426
  Launch Clock Delay      :  1.095
  Clock Pessimism Removal :  0.000

 Location                          Delay Type             Incr        Path         Logical Resource 
----------------------------------------------------------------------------------------------------

 Clock hdmi_i2c_inst/i2c_ctrl_inst/i2c_clk/Q[0]_Inferred (rising edge)
                                                         0.000       0.000 r                        
 CLMS_201_769/CR1                                        0.000       0.000 r       hdmi_i2c_inst/i2c_ctrl_inst/i2c_clk/opit_0_inv/Q
                                   net (fanout=670)      1.095       1.095         hdmi_i2c_inst/cfg_clk
 CLMA_249_727/CLK                                                          r       u_CORES/u_debug_core_0/resetn/opit_0/CLK

 CLMA_249_727/Q1                   tco                   0.185       1.280 f       u_CORES/u_debug_core_0/resetn/opit_0/Q
                                   net (fanout=192)      0.546       1.826         u_CORES/u_debug_core_0/resetn
 CLMA_219_720/RSCO                 td                    0.094       1.920 r       u_CORES/u_debug_core_0/u0_trig_unit/match_single[41]/opit_0_inv_L6Q_perm/RSCO
                                   net (fanout=4)        0.000       1.920         _N52             
 CLMA_219_726/RSCO                 td                    0.075       1.995 r       u_CORES/u_debug_core_0/u0_trig_unit/conf_reg[59]/opit_0_inv_L6QL5Q_perm/RSCO
                                   net (fanout=1)        0.000       1.995         _N51             
 CLMA_219_732/RSCO                 td                    0.075       2.070 r       u_CORES/u_debug_core_0/u0_trig_unit/signal_ff_dly[32]/opit_0_inv/RSCO
                                   net (fanout=6)        0.000       2.070         _N50             
 CLMA_219_738/RSCO                 td                    0.075       2.145 r       u_CORES/u_debug_core_0/u0_trig_unit/signal_ff_dly[33]/opit_0_inv/RSCO
                                   net (fanout=4)        0.000       2.145         _N49             
 CLMA_219_744/RSCO                 td                    0.075       2.220 r       u_CORES/u_debug_core_0/u0_trig_unit/conf_reg[61]/opit_0_inv_L6QL5Q_perm/RSCO
                                   net (fanout=6)        0.000       2.220         _N48             
 CLMA_219_750/RSCO                 td                    0.075       2.295 r       u_CORES/u_debug_core_0/u0_trig_unit/signal_ff_dly[42]/opit_0_inv/RSCO
                                   net (fanout=1)        0.000       2.295         _N47             
 CLMA_219_756/RSCO                 td                    0.075       2.370 r       u_CORES/u_debug_core_0/u0_trig_unit/signal_ff_dly[43]/opit_0_inv/RSCO
                                   net (fanout=7)        0.000       2.370         _N46             
 CLMA_219_768/RSCO                 td                    0.075       2.445 r       u_CORES/u_debug_core_0/u0_trig_unit/signal_ff_dly[52]/opit_0_inv/RSCO
                                   net (fanout=2)        0.000       2.445         _N45             
 CLMA_219_774/RSCI                                                         r       u_CORES/u_debug_core_0/u0_trig_unit/signal_ff_dly[51]/opit_0_inv/RS

 Data arrival time                                                   2.445         Logic Levels: 8  
                                                                                   Logic: 0.804ns(59.556%), Route: 0.546ns(40.444%)
----------------------------------------------------------------------------------------------------

 Clock hdmi_i2c_inst/i2c_ctrl_inst/i2c_clk/Q[0]_Inferred (rising edge)
                                                      1000.000    1000.000 r                        
 CLMS_201_769/CR1                                        0.000    1000.000 r       hdmi_i2c_inst/i2c_ctrl_inst/i2c_clk/opit_0_inv/Q
                                   net (fanout=670)      0.426    1000.426         hdmi_i2c_inst/cfg_clk
 CLMA_219_774/CLK                                                          r       u_CORES/u_debug_core_0/u0_trig_unit/signal_ff_dly[51]/opit_0_inv/CLK
 clock pessimism                                         0.000    1000.426                          
 clock uncertainty                                      -0.050    1000.376                          

 Recovery time                                          -0.226    1000.150                          

 Data required time                                               1000.150                          
----------------------------------------------------------------------------------------------------
 Data required time                                               1000.150                          
 Data arrival time                                                  -2.445                          
----------------------------------------------------------------------------------------------------
 Slack (MET)                                                       997.705                          
====================================================================================================

====================================================================================================

Startpoint  : u_CORES/u_debug_core_0/resetn/opit_0/CLK
Endpoint    : u_CORES/u_debug_core_0/TRIG0_ff[1][46]/opit_0_inv/RS
Path Group  : hdmi_i2c_inst/i2c_ctrl_inst/i2c_clk/Q[0]_Inferred
Path Type   : max
Path Class  : async timing path
Clock Skew :    -0.669  (Capture Clock Delay - Launch Clock Delay + Clock Pessimism Removal)
  Capture Clock Delay     :  0.426
  Launch Clock Delay      :  1.095
  Clock Pessimism Removal :  0.000

 Location                          Delay Type             Incr        Path         Logical Resource 
----------------------------------------------------------------------------------------------------

 Clock hdmi_i2c_inst/i2c_ctrl_inst/i2c_clk/Q[0]_Inferred (rising edge)
                                                         0.000       0.000 r                        
 CLMS_201_769/CR1                                        0.000       0.000 r       hdmi_i2c_inst/i2c_ctrl_inst/i2c_clk/opit_0_inv/Q
                                   net (fanout=670)      1.095       1.095         hdmi_i2c_inst/cfg_clk
 CLMA_249_727/CLK                                                          r       u_CORES/u_debug_core_0/resetn/opit_0/CLK

 CLMA_249_727/Q1                   tco                   0.185       1.280 f       u_CORES/u_debug_core_0/resetn/opit_0/Q
                                   net (fanout=192)      0.546       1.826         u_CORES/u_debug_core_0/resetn
 CLMA_219_720/RSCO                 td                    0.094       1.920 r       u_CORES/u_debug_core_0/u0_trig_unit/match_single[41]/opit_0_inv_L6Q_perm/RSCO
                                   net (fanout=4)        0.000       1.920         _N52             
 CLMA_219_726/RSCO                 td                    0.075       1.995 r       u_CORES/u_debug_core_0/u0_trig_unit/conf_reg[59]/opit_0_inv_L6QL5Q_perm/RSCO
                                   net (fanout=1)        0.000       1.995         _N51             
 CLMA_219_732/RSCO                 td                    0.075       2.070 r       u_CORES/u_debug_core_0/u0_trig_unit/signal_ff_dly[32]/opit_0_inv/RSCO
                                   net (fanout=6)        0.000       2.070         _N50             
 CLMA_219_738/RSCO                 td                    0.075       2.145 r       u_CORES/u_debug_core_0/u0_trig_unit/signal_ff_dly[33]/opit_0_inv/RSCO
                                   net (fanout=4)        0.000       2.145         _N49             
 CLMA_219_744/RSCO                 td                    0.075       2.220 r       u_CORES/u_debug_core_0/u0_trig_unit/conf_reg[61]/opit_0_inv_L6QL5Q_perm/RSCO
                                   net (fanout=6)        0.000       2.220         _N48             
 CLMA_219_750/RSCO                 td                    0.075       2.295 r       u_CORES/u_debug_core_0/u0_trig_unit/signal_ff_dly[42]/opit_0_inv/RSCO
                                   net (fanout=1)        0.000       2.295         _N47             
 CLMA_219_756/RSCO                 td                    0.075       2.370 r       u_CORES/u_debug_core_0/u0_trig_unit/signal_ff_dly[43]/opit_0_inv/RSCO
                                   net (fanout=7)        0.000       2.370         _N46             
 CLMA_219_768/RSCO                 td                    0.075       2.445 r       u_CORES/u_debug_core_0/u0_trig_unit/signal_ff_dly[52]/opit_0_inv/RSCO
                                   net (fanout=2)        0.000       2.445         _N45             
 CLMA_219_774/RSCI                                                         r       u_CORES/u_debug_core_0/TRIG0_ff[1][46]/opit_0_inv/RS

 Data arrival time                                                   2.445         Logic Levels: 8  
                                                                                   Logic: 0.804ns(59.556%), Route: 0.546ns(40.444%)
----------------------------------------------------------------------------------------------------

 Clock hdmi_i2c_inst/i2c_ctrl_inst/i2c_clk/Q[0]_Inferred (rising edge)
                                                      1000.000    1000.000 r                        
 CLMS_201_769/CR1                                        0.000    1000.000 r       hdmi_i2c_inst/i2c_ctrl_inst/i2c_clk/opit_0_inv/Q
                                   net (fanout=670)      0.426    1000.426         hdmi_i2c_inst/cfg_clk
 CLMA_219_774/CLK                                                          r       u_CORES/u_debug_core_0/TRIG0_ff[1][46]/opit_0_inv/CLK
 clock pessimism                                         0.000    1000.426                          
 clock uncertainty                                      -0.050    1000.376                          

 Recovery time                                          -0.226    1000.150                          

 Data required time                                               1000.150                          
----------------------------------------------------------------------------------------------------
 Data required time                                               1000.150                          
 Data arrival time                                                  -2.445                          
----------------------------------------------------------------------------------------------------
 Slack (MET)                                                       997.705                          
====================================================================================================

====================================================================================================

Startpoint  : u_CORES/u_debug_core_0/resetn/opit_0/CLK
Endpoint    : u_CORES/u_debug_core_0/TRIG0_ff[0][47]/opit_0_inv/RS
Path Group  : hdmi_i2c_inst/i2c_ctrl_inst/i2c_clk/Q[0]_Inferred
Path Type   : max
Path Class  : async timing path
Clock Skew :    -0.669  (Capture Clock Delay - Launch Clock Delay + Clock Pessimism Removal)
  Capture Clock Delay     :  0.426
  Launch Clock Delay      :  1.095
  Clock Pessimism Removal :  0.000

 Location                          Delay Type             Incr        Path         Logical Resource 
----------------------------------------------------------------------------------------------------

 Clock hdmi_i2c_inst/i2c_ctrl_inst/i2c_clk/Q[0]_Inferred (rising edge)
                                                         0.000       0.000 r                        
 CLMS_201_769/CR1                                        0.000       0.000 r       hdmi_i2c_inst/i2c_ctrl_inst/i2c_clk/opit_0_inv/Q
                                   net (fanout=670)      1.095       1.095         hdmi_i2c_inst/cfg_clk
 CLMA_249_727/CLK                                                          r       u_CORES/u_debug_core_0/resetn/opit_0/CLK

 CLMA_249_727/Q1                   tco                   0.185       1.280 f       u_CORES/u_debug_core_0/resetn/opit_0/Q
                                   net (fanout=192)      0.809       2.089         u_CORES/u_debug_core_0/resetn
 CLMA_219_751/RSCO                 td                    0.094       2.183 r       u_CORES/u_debug_core_0/u0_trig_unit/conf_reg[21]/opit_0_inv_L6QL5Q_perm/RSCO
                                   net (fanout=1)        0.000       2.183         _N41             
 CLMA_219_757/RSCO                 td                    0.075       2.258 r       u_CORES/u_debug_core_0/TRIG0_ff[0][43]/opit_0_inv/RSCO
                                   net (fanout=4)        0.000       2.258         _N40             
 CLMA_219_769/RSCO                 td                    0.075       2.333 r       u_CORES/u_debug_core_0/u0_trig_unit/conf_reg[25]/opit_0_inv_L6QL5Q_perm/RSCO
                                   net (fanout=5)        0.000       2.333         _N39             
 CLMA_219_775/RSCI                                                         r       u_CORES/u_debug_core_0/TRIG0_ff[0][47]/opit_0_inv/RS

 Data arrival time                                                   2.333         Logic Levels: 3  
                                                                                   Logic: 0.429ns(34.653%), Route: 0.809ns(65.347%)
----------------------------------------------------------------------------------------------------

 Clock hdmi_i2c_inst/i2c_ctrl_inst/i2c_clk/Q[0]_Inferred (rising edge)
                                                      1000.000    1000.000 r                        
 CLMS_201_769/CR1                                        0.000    1000.000 r       hdmi_i2c_inst/i2c_ctrl_inst/i2c_clk/opit_0_inv/Q
                                   net (fanout=670)      0.426    1000.426         hdmi_i2c_inst/cfg_clk
 CLMA_219_775/CLK                                                          r       u_CORES/u_debug_core_0/TRIG0_ff[0][47]/opit_0_inv/CLK
 clock pessimism                                         0.000    1000.426                          
 clock uncertainty                                      -0.050    1000.376                          

 Recovery time                                          -0.226    1000.150                          

 Data required time                                               1000.150                          
----------------------------------------------------------------------------------------------------
 Data required time                                               1000.150                          
 Data arrival time                                                  -2.333                          
----------------------------------------------------------------------------------------------------
 Slack (MET)                                                       997.817                          
====================================================================================================

====================================================================================================

Startpoint  : u_CORES/u_debug_core_0/resetn/opit_0/CLK
Endpoint    : u_CORES/u_debug_core_0/data_pipe[2][9]/opit_0_inv_L6QL5Q_perm/RS
Path Group  : hdmi_i2c_inst/i2c_ctrl_inst/i2c_clk/Q[0]_Inferred
Path Type   : min
Path Class  : async timing path
Clock Skew :    0.854  (Capture Clock Delay - Launch Clock Delay + Clock Pessimism Removal)
  Capture Clock Delay     :  1.762
  Launch Clock Delay      :  0.815
  Clock Pessimism Removal :  -0.093

 Location                          Delay Type             Incr        Path         Logical Resource 
----------------------------------------------------------------------------------------------------

 Clock hdmi_i2c_inst/i2c_ctrl_inst/i2c_clk/Q[0]_Inferred (rising edge)
                                                         0.000       0.000 r                        
 CLMS_201_769/CR1                                        0.000       0.000 r       hdmi_i2c_inst/i2c_ctrl_inst/i2c_clk/opit_0_inv/Q
                                   net (fanout=670)      0.815       0.815         hdmi_i2c_inst/cfg_clk
 CLMA_249_727/CLK                                                          r       u_CORES/u_debug_core_0/resetn/opit_0/CLK

 CLMA_249_727/Q1                   tco                   0.158       0.973 f       u_CORES/u_debug_core_0/resetn/opit_0/Q
                                   net (fanout=192)      0.216       1.189         u_CORES/u_debug_core_0/resetn
 CLMA_249_690/RS                                                           f       u_CORES/u_debug_core_0/data_pipe[2][9]/opit_0_inv_L6QL5Q_perm/RS

 Data arrival time                                                   1.189         Logic Levels: 0  
                                                                                   Logic: 0.158ns(42.246%), Route: 0.216ns(57.754%)
----------------------------------------------------------------------------------------------------

 Clock hdmi_i2c_inst/i2c_ctrl_inst/i2c_clk/Q[0]_Inferred (rising edge)
                                                         0.000       0.000 r                        
 CLMS_201_769/CR1                                        0.000       0.000 r       hdmi_i2c_inst/i2c_ctrl_inst/i2c_clk/opit_0_inv/Q
                                   net (fanout=670)      1.762       1.762         hdmi_i2c_inst/cfg_clk
 CLMA_249_690/CLK                                                          r       u_CORES/u_debug_core_0/data_pipe[2][9]/opit_0_inv_L6QL5Q_perm/CLK
 clock pessimism                                        -0.093       1.669                          
 clock uncertainty                                       0.000       1.669                          

 Removal time                                           -0.057       1.612                          

 Data required time                                                  1.612                          
----------------------------------------------------------------------------------------------------
 Data required time                                                  1.612                          
 Data arrival time                                                  -1.189                          
----------------------------------------------------------------------------------------------------
 Slack (VIOLATED)                                                   -0.423                          
====================================================================================================

====================================================================================================

Startpoint  : u_CORES/u_debug_core_0/resetn/opit_0/CLK
Endpoint    : u_CORES/u_debug_core_0/data_pipe[3][10]/opit_0_inv_L6QL5Q_perm/RS
Path Group  : hdmi_i2c_inst/i2c_ctrl_inst/i2c_clk/Q[0]_Inferred
Path Type   : min
Path Class  : async timing path
Clock Skew :    0.854  (Capture Clock Delay - Launch Clock Delay + Clock Pessimism Removal)
  Capture Clock Delay     :  1.762
  Launch Clock Delay      :  0.815
  Clock Pessimism Removal :  -0.093

 Location                          Delay Type             Incr        Path         Logical Resource 
----------------------------------------------------------------------------------------------------

 Clock hdmi_i2c_inst/i2c_ctrl_inst/i2c_clk/Q[0]_Inferred (rising edge)
                                                         0.000       0.000 r                        
 CLMS_201_769/CR1                                        0.000       0.000 r       hdmi_i2c_inst/i2c_ctrl_inst/i2c_clk/opit_0_inv/Q
                                   net (fanout=670)      0.815       0.815         hdmi_i2c_inst/cfg_clk
 CLMA_249_727/CLK                                                          r       u_CORES/u_debug_core_0/resetn/opit_0/CLK

 CLMA_249_727/Q1                   tco                   0.158       0.973 f       u_CORES/u_debug_core_0/resetn/opit_0/Q
                                   net (fanout=192)      0.216       1.189         u_CORES/u_debug_core_0/resetn
 CLMA_249_690/RS                                                           f       u_CORES/u_debug_core_0/data_pipe[3][10]/opit_0_inv_L6QL5Q_perm/RS

 Data arrival time                                                   1.189         Logic Levels: 0  
                                                                                   Logic: 0.158ns(42.246%), Route: 0.216ns(57.754%)
----------------------------------------------------------------------------------------------------

 Clock hdmi_i2c_inst/i2c_ctrl_inst/i2c_clk/Q[0]_Inferred (rising edge)
                                                         0.000       0.000 r                        
 CLMS_201_769/CR1                                        0.000       0.000 r       hdmi_i2c_inst/i2c_ctrl_inst/i2c_clk/opit_0_inv/Q
                                   net (fanout=670)      1.762       1.762         hdmi_i2c_inst/cfg_clk
 CLMA_249_690/CLK                                                          r       u_CORES/u_debug_core_0/data_pipe[3][10]/opit_0_inv_L6QL5Q_perm/CLK
 clock pessimism                                        -0.093       1.669                          
 clock uncertainty                                       0.000       1.669                          

 Removal time                                           -0.057       1.612                          

 Data required time                                                  1.612                          
----------------------------------------------------------------------------------------------------
 Data required time                                                  1.612                          
 Data arrival time                                                  -1.189                          
----------------------------------------------------------------------------------------------------
 Slack (VIOLATED)                                                   -0.423                          
====================================================================================================

====================================================================================================

Startpoint  : u_CORES/u_debug_core_0/resetn/opit_0/CLK
Endpoint    : u_CORES/u_debug_core_0/data_pipe[2][11]/opit_0_inv_L6QL5Q_perm/RS
Path Group  : hdmi_i2c_inst/i2c_ctrl_inst/i2c_clk/Q[0]_Inferred
Path Type   : min
Path Class  : async timing path
Clock Skew :    0.854  (Capture Clock Delay - Launch Clock Delay + Clock Pessimism Removal)
  Capture Clock Delay     :  1.762
  Launch Clock Delay      :  0.815
  Clock Pessimism Removal :  -0.093

 Location                          Delay Type             Incr        Path         Logical Resource 
----------------------------------------------------------------------------------------------------

 Clock hdmi_i2c_inst/i2c_ctrl_inst/i2c_clk/Q[0]_Inferred (rising edge)
                                                         0.000       0.000 r                        
 CLMS_201_769/CR1                                        0.000       0.000 r       hdmi_i2c_inst/i2c_ctrl_inst/i2c_clk/opit_0_inv/Q
                                   net (fanout=670)      0.815       0.815         hdmi_i2c_inst/cfg_clk
 CLMA_249_727/CLK                                                          r       u_CORES/u_debug_core_0/resetn/opit_0/CLK

 CLMA_249_727/Q1                   tco                   0.158       0.973 f       u_CORES/u_debug_core_0/resetn/opit_0/Q
                                   net (fanout=192)      0.216       1.189         u_CORES/u_debug_core_0/resetn
 CLMA_249_690/RS                                                           f       u_CORES/u_debug_core_0/data_pipe[2][11]/opit_0_inv_L6QL5Q_perm/RS

 Data arrival time                                                   1.189         Logic Levels: 0  
                                                                                   Logic: 0.158ns(42.246%), Route: 0.216ns(57.754%)
----------------------------------------------------------------------------------------------------

 Clock hdmi_i2c_inst/i2c_ctrl_inst/i2c_clk/Q[0]_Inferred (rising edge)
                                                         0.000       0.000 r                        
 CLMS_201_769/CR1                                        0.000       0.000 r       hdmi_i2c_inst/i2c_ctrl_inst/i2c_clk/opit_0_inv/Q
                                   net (fanout=670)      1.762       1.762         hdmi_i2c_inst/cfg_clk
 CLMA_249_690/CLK                                                          r       u_CORES/u_debug_core_0/data_pipe[2][11]/opit_0_inv_L6QL5Q_perm/CLK
 clock pessimism                                        -0.093       1.669                          
 clock uncertainty                                       0.000       1.669                          

 Removal time                                           -0.057       1.612                          

 Data required time                                                  1.612                          
----------------------------------------------------------------------------------------------------
 Data required time                                                  1.612                          
 Data arrival time                                                  -1.189                          
----------------------------------------------------------------------------------------------------
 Slack (VIOLATED)                                                   -0.423                          
====================================================================================================

====================================================================================================

Startpoint  : hdmi_i2c_inst/i2c_ctrl_inst/cnt_bit[2]/opit_0_inv_L6QL5Q_perm/CLK
Endpoint    : ddc_scl (port)
Path Group  : **default**
Path Type   : max
Path Class  : combinational timing path

 Location                          Delay Type             Incr        Path         Logical Resource 
----------------------------------------------------------------------------------------------------

 Clock hdmi_i2c_inst/i2c_ctrl_inst/i2c_clk/Q[0]_Inferred (rising edge)
                                                         0.000       0.000 r                        
 CLMS_201_769/CR1                                        0.000       0.000 r       hdmi_i2c_inst/i2c_ctrl_inst/i2c_clk/opit_0_inv/Q
                                   net (fanout=670)      0.821       0.821         hdmi_i2c_inst/cfg_clk
 CLMA_231_738/CLK                                                          r       hdmi_i2c_inst/i2c_ctrl_inst/cnt_bit[2]/opit_0_inv_L6QL5Q_perm/CLK

 CLMA_231_738/CR1                  tco                   0.251       1.072 r       hdmi_i2c_inst/i2c_ctrl_inst/cnt_bit[2]/opit_0_inv_L6QL5Q_perm/L5Q
                                   net (fanout=23)       0.287       1.359         hdmi_i2c_inst/i2c_ctrl_inst/cnt_bit [2]
 CLMA_231_745/CR0                  td                    0.220       1.579 r       CLKROUTE_284/CR  
                                   net (fanout=2)        0.123       1.702         _N397            
 CLMA_231_744/Y2                   td                    0.096       1.798 r       hdmi_i2c_inst/i2c_ctrl_inst/N516/LUT6D_inst_perm/L6
                                   net (fanout=1)        0.692       2.490         hdmi_i2c_inst/i2c_ctrl_inst/N636
 CLMS_225_745/Y0                   td                    0.074       2.564 r       u_CORES/u_debug_core_0/TRIG0_ff[1][41]/opit_0_inv_L6QQ_perm/L6
                                   net (fanout=2)        2.132       4.696         _N263            
 IOLHR_16_480/DO_P                 td                    1.172       5.868 r       ddc_scl_obuf/opit_1/DO_P
                                   net (fanout=1)        0.000       5.868         ddc_scl_obuf/ntO 
 IOBD_0_480/PAD                    td                    2.410       8.278 r       ddc_scl_obuf/opit_0/O
                                   net (fanout=1)        0.131       8.409         ddc_scl          
 L22                                                                       r       ddc_scl (port)   

 Data arrival time                                                   8.409         Logic Levels: 5  
                                                                                   Logic: 4.223ns(55.654%), Route: 3.365ns(44.346%)
====================================================================================================

====================================================================================================

Startpoint  : hdmi_i2c_inst/i2c_ctrl_inst/state_7/opit_0_inv_L6Q_perm/CLK
Endpoint    : ddc_sda (port)
Path Group  : **default**
Path Type   : max
Path Class  : combinational timing path

 Location                          Delay Type             Incr        Path         Logical Resource 
----------------------------------------------------------------------------------------------------

 Clock hdmi_i2c_inst/i2c_ctrl_inst/i2c_clk/Q[0]_Inferred (rising edge)
                                                         0.000       0.000 r                        
 CLMS_201_769/CR1                                        0.000       0.000 r       hdmi_i2c_inst/i2c_ctrl_inst/i2c_clk/opit_0_inv/Q
                                   net (fanout=670)      0.771       0.771         hdmi_i2c_inst/cfg_clk
 CLMA_231_757/CLK                                                          r       hdmi_i2c_inst/i2c_ctrl_inst/state_7/opit_0_inv_L6Q_perm/CLK

 CLMA_231_757/Q0                   tco                   0.203       0.974 r       hdmi_i2c_inst/i2c_ctrl_inst/state_7/opit_0_inv_L6Q_perm/L6Q
                                   net (fanout=7)        0.583       1.557         hdmi_i2c_inst/i2c_ctrl_inst/state_7
 CLMA_225_744/CR1                  td                    0.192       1.749 f       hdmi_i2c_inst/i2c_ctrl_inst/N744_1_or[0]_6/LUT6D_inst_perm/L5
                                   net (fanout=1)        2.149       3.898         _N389            
 IOLHR_16_474/DO_N                 td                    1.067       4.965 f       hdmi_i2c_inst.i2c_ctrl_inst.i2c_sda_tri/opit_1/DO_N
                                   net (fanout=1)        0.000       4.965         hdmi_i2c_inst.i2c_ctrl_inst.i2c_sda_tri/ntT
 IOBS_0_474/PAD                    tse                   2.618       7.583 f       hdmi_i2c_inst.i2c_ctrl_inst.i2c_sda_tri/opit_0/IO
                                   net (fanout=1)        0.129       7.712         nt_ddc_sda       
 L23                                                                       f       ddc_sda (port)   

 Data arrival time                                                   7.712         Logic Levels: 3  
                                                                                   Logic: 4.080ns(58.781%), Route: 2.861ns(41.219%)
====================================================================================================

====================================================================================================

Startpoint  : hdmi_in_vsync (port)
Endpoint    : hdmi_out_vsync (port)
Path Group  : **default**
Path Type   : max
Path Class  : combinational timing path

 Location                          Delay Type             Incr        Path         Logical Resource 
----------------------------------------------------------------------------------------------------


 N22                                                     0.000       0.000 f       hdmi_in_vsync (port)
                                   net (fanout=1)        0.130       0.130         hdmi_in_vsync    
 IOBS_0_444/DIN                    td                    0.756       0.886 f       hdmi_in_vsync_ibuf/opit_0/O
                                   net (fanout=1)        0.000       0.886         hdmi_in_vsync_ibuf/ntD
 IOLHR_16_444/DI_TO_CLK            td                    0.105       0.991 f       hdmi_in_vsync_ibuf/opit_1/DI_TO_CLK
                                   net (fanout=1)        2.010       3.001         nt_hdmi_in_vsync 
 IOLHR_16_816/DO_P                 td                    1.172       4.173 f       hdmi_out_vsync_obuf/opit_1/DO_P
                                   net (fanout=1)        0.000       4.173         hdmi_out_vsync_obuf/ntO
 IOBS_0_816/PAD                    td                    2.618       6.791 f       hdmi_out_vsync_obuf/opit_0/O
                                   net (fanout=1)        0.086       6.877         hdmi_out_vsync   
 L18                                                                       f       hdmi_out_vsync (port)

 Data arrival time                                                   6.877         Logic Levels: 4  
                                                                                   Logic: 4.651ns(67.631%), Route: 2.226ns(32.369%)
====================================================================================================

====================================================================================================

Startpoint  : hdmi_in_clk (port)
Endpoint    : u_CORES/u_debug_core_0/TRIG0_ff[0][39]/opit_0_inv/D
Path Group  : **default**
Path Type   : min
Path Class  : combinational timing path

 Location                          Delay Type             Incr        Path         Logical Resource 
----------------------------------------------------------------------------------------------------


 M16                                                     0.000       0.000 f       hdmi_in_clk (port)
                                   net (fanout=1)        0.085       0.085         hdmi_in_clk      
 IOBD_0_846/DIN                    td                    0.646       0.731 f       hdmi_in_clk_ibuf/opit_0/O
                                   net (fanout=1)        0.000       0.731         hdmi_in_clk_ibuf/ntD
 IOLHR_16_846/DI_TO_CLK            td                    0.091       0.822 f       hdmi_in_clk_ibuf/opit_1/DI_TO_CLK
                                   net (fanout=5)        1.112       1.934         nt_hdmi_in_clk   
 CLMA_207_738/M0                                                           f       u_CORES/u_debug_core_0/TRIG0_ff[0][39]/opit_0_inv/D

 Data arrival time                                                   1.934         Logic Levels: 2  
                                                                                   Logic: 0.737ns(38.108%), Route: 1.197ns(61.892%)
====================================================================================================

====================================================================================================

Startpoint  : sys_rst_n (port)
Endpoint    : hdmi_i2c_inst/hdmi_cfg_inst/cnt_wait[3]/opit_0_inv_AQ/RS
Path Group  : **default**
Path Type   : min
Path Class  : combinational timing path

 Location                          Delay Type             Incr        Path         Logical Resource 
----------------------------------------------------------------------------------------------------


 G25                                                     0.000       0.000 f       sys_rst_n (port) 
                                   net (fanout=1)        0.145       0.145         sys_rst_n        
 IOBD_0_636/DIN                    td                    0.646       0.791 f       sys_rst_n_ibuf/opit_0/O
                                   net (fanout=1)        0.000       0.791         sys_rst_n_ibuf/ntD
 IOLHR_16_636/DI_TO_CLK            td                    0.091       0.882 f       sys_rst_n_ibuf/opit_1/DI_TO_CLK
                                   net (fanout=34)       1.091       1.973         nt_sys_rst_n     
 CLMA_201_750/RS                                                           f       hdmi_i2c_inst/hdmi_cfg_inst/cnt_wait[3]/opit_0_inv_AQ/RS

 Data arrival time                                                   1.973         Logic Levels: 2  
                                                                                   Logic: 0.737ns(37.354%), Route: 1.236ns(62.646%)
====================================================================================================

====================================================================================================

Startpoint  : sys_rst_n (port)
Endpoint    : hdmi_i2c_inst/hdmi_cfg_inst/reg_num[6]/opit_0_inv_L6Q_perm/RS
Path Group  : **default**
Path Type   : min
Path Class  : combinational timing path

 Location                          Delay Type             Incr        Path         Logical Resource 
----------------------------------------------------------------------------------------------------


 G25                                                     0.000       0.000 f       sys_rst_n (port) 
                                   net (fanout=1)        0.145       0.145         sys_rst_n        
 IOBD_0_636/DIN                    td                    0.646       0.791 f       sys_rst_n_ibuf/opit_0/O
                                   net (fanout=1)        0.000       0.791         sys_rst_n_ibuf/ntD
 IOLHR_16_636/DI_TO_CLK            td                    0.091       0.882 f       sys_rst_n_ibuf/opit_1/DI_TO_CLK
                                   net (fanout=34)       1.155       2.037         nt_sys_rst_n     
 CLMS_207_745/RS                                                           f       hdmi_i2c_inst/hdmi_cfg_inst/reg_num[6]/opit_0_inv_L6Q_perm/RS

 Data arrival time                                                   2.037         Logic Levels: 2  
                                                                                   Logic: 0.737ns(36.181%), Route: 1.300ns(63.819%)
====================================================================================================

====================================================================================================
Fast Corner: 1050mV -40C
****************************************************************************************************
====================================================================================================

Startpoint  : hdmi_i2c_inst/i2c_ctrl_inst/cnt_clk[2]/opit_0_inv_L6Q_LUT6DQL5Q_perm/CLK
Endpoint    : hdmi_i2c_inst/i2c_ctrl_inst/i2c_clk/opit_0_inv/D
Path Group  : sys_clk
Path Type   : max
Path Class  : sequential timing path
Clock Skew :    0.000  (Capture Clock Delay - Launch Clock Delay + Clock Pessimism Removal)
  Capture Clock Delay     :  2.173
  Launch Clock Delay      :  2.545
  Clock Pessimism Removal :  0.372

 Location                          Delay Type             Incr        Path         Logical Resource 
----------------------------------------------------------------------------------------------------

 Clock sys_clk (rising edge)                             0.000       0.000 r                        
 R3                                                      0.000       0.000 r       sys_clk (port)   
                                   net (fanout=1)        0.096       0.096         sys_clk          
 IOBD_372_450/DIN                  td                    0.659       0.755 r       sys_clk_ibuf/opit_0/O
                                   net (fanout=1)        0.000       0.755         sys_clk_ibuf/ntD 
 IOLHR_364_450/DI_TO_CLK           td                    0.087       0.842 r       sys_clk_ibuf/opit_1/DI_TO_CLK
                                   net (fanout=1)        0.588       1.430         nt_sys_clk       
 USCM_215_576/CLKOUT               td                    0.115       1.545 r       clkbufg_3/gopclkbufg/CLKOUT
                                   net (fanout=1)        0.397       1.942         ntclkbufg_0      
 HCKB_213_506/CLKOUT               td                    0.233       2.175 r       HCKBROUTE_287/CLKOUT
                                   net (fanout=8)        0.370       2.545         _N400            
 CLMS_201_769/CLK                                                          r       hdmi_i2c_inst/i2c_ctrl_inst/cnt_clk[2]/opit_0_inv_L6Q_LUT6DQL5Q_perm/CLK

 CLMS_201_769/Q0                   tco                   0.125       2.670 f       hdmi_i2c_inst/i2c_ctrl_inst/cnt_clk[2]/opit_0_inv_L6Q_LUT6DQL5Q_perm/L6Q
                                   net (fanout=3)        0.310       2.980         hdmi_i2c_inst/i2c_ctrl_inst/cnt_clk [2]
 CLMS_201_775/Y3                   td                    0.125       3.105 f       hdmi_i2c_inst/i2c_ctrl_inst/N505_6/gateop_LUT6DL5_perm/L6
                                   net (fanout=4)        0.160       3.265         hdmi_i2c_inst/i2c_ctrl_inst/_N516
 CLMA_207_774/Y0                   td                    0.100       3.365 f       hdmi_i2c_inst/i2c_ctrl_inst/i2c_clk_ce_mux[0]/LUT6_inst_perm/L6
                                   net (fanout=1)        0.243       3.608         hdmi_i2c_inst/i2c_ctrl_inst/_N468
 CLMS_201_769/M1                                                           f       hdmi_i2c_inst/i2c_ctrl_inst/i2c_clk/opit_0_inv/D

 Data arrival time                                                   3.608         Logic Levels: 2  
                                                                                   Logic: 0.350ns(32.926%), Route: 0.713ns(67.074%)
----------------------------------------------------------------------------------------------------

 Clock sys_clk (rising edge)                            20.000      20.000 r                        
 R3                                                      0.000      20.000 r       sys_clk (port)   
                                   net (fanout=1)        0.096      20.096         sys_clk          
 IOBD_372_450/DIN                  td                    0.563      20.659 r       sys_clk_ibuf/opit_0/O
                                   net (fanout=1)        0.000      20.659         sys_clk_ibuf/ntD 
 IOLHR_364_450/DI_TO_CLK           td                    0.073      20.732 r       sys_clk_ibuf/opit_1/DI_TO_CLK
                                   net (fanout=1)        0.493      21.225         nt_sys_clk       
 USCM_215_576/CLKOUT               td                    0.097      21.322 r       clkbufg_3/gopclkbufg/CLKOUT
                                   net (fanout=1)        0.334      21.656         ntclkbufg_0      
 HCKB_213_506/CLKOUT               td                    0.195      21.851 r       HCKBROUTE_287/CLKOUT
                                   net (fanout=8)        0.322      22.173         _N400            
 CLMS_201_769/CLK                                                          r       hdmi_i2c_inst/i2c_ctrl_inst/i2c_clk/opit_0_inv/CLK
 clock pessimism                                         0.372      22.545                          
 clock uncertainty                                      -0.050      22.495                          

 Setup time                                             -0.073      22.422                          

 Data required time                                                 22.422                          
----------------------------------------------------------------------------------------------------
 Data required time                                                 22.422                          
 Data arrival time                                                  -3.608                          
----------------------------------------------------------------------------------------------------
 Slack (MET)                                                        18.814                          
====================================================================================================

====================================================================================================

Startpoint  : hdmi_i2c_inst/i2c_ctrl_inst/cnt_clk[2]/opit_0_inv_L6Q_LUT6DQL5Q_perm/CLK
Endpoint    : hdmi_i2c_inst/i2c_ctrl_inst/cnt_clk[7]/opit_0_inv_L6Q_perm/I2
Path Group  : sys_clk
Path Type   : max
Path Class  : sequential timing path
Clock Skew :    0.000  (Capture Clock Delay - Launch Clock Delay + Clock Pessimism Removal)
  Capture Clock Delay     :  2.173
  Launch Clock Delay      :  2.545
  Clock Pessimism Removal :  0.372

 Location                          Delay Type             Incr        Path         Logical Resource 
----------------------------------------------------------------------------------------------------

 Clock sys_clk (rising edge)                             0.000       0.000 r                        
 R3                                                      0.000       0.000 r       sys_clk (port)   
                                   net (fanout=1)        0.096       0.096         sys_clk          
 IOBD_372_450/DIN                  td                    0.659       0.755 r       sys_clk_ibuf/opit_0/O
                                   net (fanout=1)        0.000       0.755         sys_clk_ibuf/ntD 
 IOLHR_364_450/DI_TO_CLK           td                    0.087       0.842 r       sys_clk_ibuf/opit_1/DI_TO_CLK
                                   net (fanout=1)        0.588       1.430         nt_sys_clk       
 USCM_215_576/CLKOUT               td                    0.115       1.545 r       clkbufg_3/gopclkbufg/CLKOUT
                                   net (fanout=1)        0.397       1.942         ntclkbufg_0      
 HCKB_213_506/CLKOUT               td                    0.233       2.175 r       HCKBROUTE_287/CLKOUT
                                   net (fanout=8)        0.370       2.545         _N400            
 CLMS_201_769/CLK                                                          r       hdmi_i2c_inst/i2c_ctrl_inst/cnt_clk[2]/opit_0_inv_L6Q_LUT6DQL5Q_perm/CLK

 CLMS_201_769/Q0                   tco                   0.125       2.670 f       hdmi_i2c_inst/i2c_ctrl_inst/cnt_clk[2]/opit_0_inv_L6Q_LUT6DQL5Q_perm/L6Q
                                   net (fanout=3)        0.310       2.980         hdmi_i2c_inst/i2c_ctrl_inst/cnt_clk [2]
 CLMS_201_775/CR3                  td                    0.187       3.167 r       hdmi_i2c_inst/i2c_ctrl_inst/N505_6/gateop_LUT6DL5_perm/L5
                                   net (fanout=4)        0.222       3.389         hdmi_i2c_inst/i2c_ctrl_inst/_N35
 CLMS_201_769/B2                                                           r       hdmi_i2c_inst/i2c_ctrl_inst/cnt_clk[7]/opit_0_inv_L6Q_perm/I2

 Data arrival time                                                   3.389         Logic Levels: 1  
                                                                                   Logic: 0.312ns(36.967%), Route: 0.532ns(63.033%)
----------------------------------------------------------------------------------------------------

 Clock sys_clk (rising edge)                            20.000      20.000 r                        
 R3                                                      0.000      20.000 r       sys_clk (port)   
                                   net (fanout=1)        0.096      20.096         sys_clk          
 IOBD_372_450/DIN                  td                    0.563      20.659 r       sys_clk_ibuf/opit_0/O
                                   net (fanout=1)        0.000      20.659         sys_clk_ibuf/ntD 
 IOLHR_364_450/DI_TO_CLK           td                    0.073      20.732 r       sys_clk_ibuf/opit_1/DI_TO_CLK
                                   net (fanout=1)        0.493      21.225         nt_sys_clk       
 USCM_215_576/CLKOUT               td                    0.097      21.322 r       clkbufg_3/gopclkbufg/CLKOUT
                                   net (fanout=1)        0.334      21.656         ntclkbufg_0      
 HCKB_213_506/CLKOUT               td                    0.195      21.851 r       HCKBROUTE_287/CLKOUT
                                   net (fanout=8)        0.322      22.173         _N400            
 CLMS_201_769/CLK                                                          r       hdmi_i2c_inst/i2c_ctrl_inst/cnt_clk[7]/opit_0_inv_L6Q_perm/CLK
 clock pessimism                                         0.372      22.545                          
 clock uncertainty                                      -0.050      22.495                          

 Setup time                                             -0.118      22.377                          

 Data required time                                                 22.377                          
----------------------------------------------------------------------------------------------------
 Data required time                                                 22.377                          
 Data arrival time                                                  -3.389                          
----------------------------------------------------------------------------------------------------
 Slack (MET)                                                        18.988                          
====================================================================================================

====================================================================================================

Startpoint  : hdmi_i2c_inst/i2c_ctrl_inst/cnt_clk[2]/opit_0_inv_L6Q_LUT6DQL5Q_perm/CLK
Endpoint    : hdmi_i2c_inst/i2c_ctrl_inst/cnt_clk[3]/opit_0_inv_L6Q_perm/I0
Path Group  : sys_clk
Path Type   : max
Path Class  : sequential timing path
Clock Skew :    0.000  (Capture Clock Delay - Launch Clock Delay + Clock Pessimism Removal)
  Capture Clock Delay     :  2.173
  Launch Clock Delay      :  2.545
  Clock Pessimism Removal :  0.372

 Location                          Delay Type             Incr        Path         Logical Resource 
----------------------------------------------------------------------------------------------------

 Clock sys_clk (rising edge)                             0.000       0.000 r                        
 R3                                                      0.000       0.000 r       sys_clk (port)   
                                   net (fanout=1)        0.096       0.096         sys_clk          
 IOBD_372_450/DIN                  td                    0.659       0.755 r       sys_clk_ibuf/opit_0/O
                                   net (fanout=1)        0.000       0.755         sys_clk_ibuf/ntD 
 IOLHR_364_450/DI_TO_CLK           td                    0.087       0.842 r       sys_clk_ibuf/opit_1/DI_TO_CLK
                                   net (fanout=1)        0.588       1.430         nt_sys_clk       
 USCM_215_576/CLKOUT               td                    0.115       1.545 r       clkbufg_3/gopclkbufg/CLKOUT
                                   net (fanout=1)        0.397       1.942         ntclkbufg_0      
 HCKB_213_506/CLKOUT               td                    0.233       2.175 r       HCKBROUTE_287/CLKOUT
                                   net (fanout=8)        0.370       2.545         _N400            
 CLMS_201_769/CLK                                                          r       hdmi_i2c_inst/i2c_ctrl_inst/cnt_clk[2]/opit_0_inv_L6Q_LUT6DQL5Q_perm/CLK

 CLMS_201_769/Q0                   tco                   0.125       2.670 f       hdmi_i2c_inst/i2c_ctrl_inst/cnt_clk[2]/opit_0_inv_L6Q_LUT6DQL5Q_perm/L6Q
                                   net (fanout=3)        0.310       2.980         hdmi_i2c_inst/i2c_ctrl_inst/cnt_clk [2]
 CLMS_201_775/Y3                   td                    0.125       3.105 r       hdmi_i2c_inst/i2c_ctrl_inst/N505_6/gateop_LUT6DL5_perm/L6
                                   net (fanout=4)        0.234       3.339         hdmi_i2c_inst/i2c_ctrl_inst/_N516
 CLMS_201_769/C0                                                           r       hdmi_i2c_inst/i2c_ctrl_inst/cnt_clk[3]/opit_0_inv_L6Q_perm/I0

 Data arrival time                                                   3.339         Logic Levels: 1  
                                                                                   Logic: 0.250ns(31.486%), Route: 0.544ns(68.514%)
----------------------------------------------------------------------------------------------------

 Clock sys_clk (rising edge)                            20.000      20.000 r                        
 R3                                                      0.000      20.000 r       sys_clk (port)   
                                   net (fanout=1)        0.096      20.096         sys_clk          
 IOBD_372_450/DIN                  td                    0.563      20.659 r       sys_clk_ibuf/opit_0/O
                                   net (fanout=1)        0.000      20.659         sys_clk_ibuf/ntD 
 IOLHR_364_450/DI_TO_CLK           td                    0.073      20.732 r       sys_clk_ibuf/opit_1/DI_TO_CLK
                                   net (fanout=1)        0.493      21.225         nt_sys_clk       
 USCM_215_576/CLKOUT               td                    0.097      21.322 r       clkbufg_3/gopclkbufg/CLKOUT
                                   net (fanout=1)        0.334      21.656         ntclkbufg_0      
 HCKB_213_506/CLKOUT               td                    0.195      21.851 r       HCKBROUTE_287/CLKOUT
                                   net (fanout=8)        0.322      22.173         _N400            
 CLMS_201_769/CLK                                                          r       hdmi_i2c_inst/i2c_ctrl_inst/cnt_clk[3]/opit_0_inv_L6Q_perm/CLK
 clock pessimism                                         0.372      22.545                          
 clock uncertainty                                      -0.050      22.495                          

 Setup time                                             -0.141      22.354                          

 Data required time                                                 22.354                          
----------------------------------------------------------------------------------------------------
 Data required time                                                 22.354                          
 Data arrival time                                                  -3.339                          
----------------------------------------------------------------------------------------------------
 Slack (MET)                                                        19.015                          
====================================================================================================

====================================================================================================

Startpoint  : hdmi_i2c_inst/i2c_ctrl_inst/cnt_clk[3]/opit_0_inv_L6Q_perm/CLK
Endpoint    : hdmi_i2c_inst/i2c_ctrl_inst/cnt_clk[7]/opit_0_inv_L6Q_perm/I5
Path Group  : sys_clk
Path Type   : min
Path Class  : sequential timing path
Clock Skew :    0.000  (Capture Clock Delay - Launch Clock Delay + Clock Pessimism Removal)
  Capture Clock Delay     :  2.545
  Launch Clock Delay      :  2.173
  Clock Pessimism Removal :  -0.372

 Location                          Delay Type             Incr        Path         Logical Resource 
----------------------------------------------------------------------------------------------------

 Clock sys_clk (rising edge)                             0.000       0.000 r                        
 R3                                                      0.000       0.000 r       sys_clk (port)   
                                   net (fanout=1)        0.096       0.096         sys_clk          
 IOBD_372_450/DIN                  td                    0.563       0.659 r       sys_clk_ibuf/opit_0/O
                                   net (fanout=1)        0.000       0.659         sys_clk_ibuf/ntD 
 IOLHR_364_450/DI_TO_CLK           td                    0.073       0.732 r       sys_clk_ibuf/opit_1/DI_TO_CLK
                                   net (fanout=1)        0.493       1.225         nt_sys_clk       
 USCM_215_576/CLKOUT               td                    0.097       1.322 r       clkbufg_3/gopclkbufg/CLKOUT
                                   net (fanout=1)        0.334       1.656         ntclkbufg_0      
 HCKB_213_506/CLKOUT               td                    0.195       1.851 r       HCKBROUTE_287/CLKOUT
                                   net (fanout=8)        0.322       2.173         _N400            
 CLMS_201_769/CLK                                                          r       hdmi_i2c_inst/i2c_ctrl_inst/cnt_clk[3]/opit_0_inv_L6Q_perm/CLK

 CLMS_201_769/Q2                   tco                   0.103       2.276 r       hdmi_i2c_inst/i2c_ctrl_inst/cnt_clk[3]/opit_0_inv_L6Q_perm/L6Q
                                   net (fanout=7)        0.059       2.335         hdmi_i2c_inst/i2c_ctrl_inst/cnt_clk [3]
 CLMS_201_769/B5                                                           r       hdmi_i2c_inst/i2c_ctrl_inst/cnt_clk[7]/opit_0_inv_L6Q_perm/I5

 Data arrival time                                                   2.335         Logic Levels: 0  
                                                                                   Logic: 0.103ns(63.580%), Route: 0.059ns(36.420%)
----------------------------------------------------------------------------------------------------

 Clock sys_clk (rising edge)                             0.000       0.000 r                        
 R3                                                      0.000       0.000 r       sys_clk (port)   
                                   net (fanout=1)        0.096       0.096         sys_clk          
 IOBD_372_450/DIN                  td                    0.659       0.755 r       sys_clk_ibuf/opit_0/O
                                   net (fanout=1)        0.000       0.755         sys_clk_ibuf/ntD 
 IOLHR_364_450/DI_TO_CLK           td                    0.087       0.842 r       sys_clk_ibuf/opit_1/DI_TO_CLK
                                   net (fanout=1)        0.588       1.430         nt_sys_clk       
 USCM_215_576/CLKOUT               td                    0.115       1.545 r       clkbufg_3/gopclkbufg/CLKOUT
                                   net (fanout=1)        0.397       1.942         ntclkbufg_0      
 HCKB_213_506/CLKOUT               td                    0.233       2.175 r       HCKBROUTE_287/CLKOUT
                                   net (fanout=8)        0.370       2.545         _N400            
 CLMS_201_769/CLK                                                          r       hdmi_i2c_inst/i2c_ctrl_inst/cnt_clk[7]/opit_0_inv_L6Q_perm/CLK
 clock pessimism                                        -0.372       2.173                          
 clock uncertainty                                       0.000       2.173                          

 Hold time                                              -0.013       2.160                          

 Data required time                                                  2.160                          
----------------------------------------------------------------------------------------------------
 Data required time                                                  2.160                          
 Data arrival time                                                  -2.335                          
----------------------------------------------------------------------------------------------------
 Slack (MET)                                                         0.175                          
====================================================================================================

====================================================================================================

Startpoint  : hdmi_i2c_inst/i2c_ctrl_inst/cnt_clk[0]/opit_0_inv_L6Q_perm/CLK
Endpoint    : hdmi_i2c_inst/i2c_ctrl_inst/cnt_clk[5]/opit_0_inv_L6Q_perm/I5
Path Group  : sys_clk
Path Type   : min
Path Class  : sequential timing path
Clock Skew :    0.000  (Capture Clock Delay - Launch Clock Delay + Clock Pessimism Removal)
  Capture Clock Delay     :  2.544
  Launch Clock Delay      :  2.172
  Clock Pessimism Removal :  -0.372

 Location                          Delay Type             Incr        Path         Logical Resource 
----------------------------------------------------------------------------------------------------

 Clock sys_clk (rising edge)                             0.000       0.000 r                        
 R3                                                      0.000       0.000 r       sys_clk (port)   
                                   net (fanout=1)        0.096       0.096         sys_clk          
 IOBD_372_450/DIN                  td                    0.563       0.659 r       sys_clk_ibuf/opit_0/O
                                   net (fanout=1)        0.000       0.659         sys_clk_ibuf/ntD 
 IOLHR_364_450/DI_TO_CLK           td                    0.073       0.732 r       sys_clk_ibuf/opit_1/DI_TO_CLK
                                   net (fanout=1)        0.493       1.225         nt_sys_clk       
 USCM_215_576/CLKOUT               td                    0.097       1.322 r       clkbufg_3/gopclkbufg/CLKOUT
                                   net (fanout=1)        0.334       1.656         ntclkbufg_0      
 HCKB_213_506/CLKOUT               td                    0.195       1.851 r       HCKBROUTE_287/CLKOUT
                                   net (fanout=8)        0.321       2.172         _N400            
 CLMS_201_775/CLK                                                          r       hdmi_i2c_inst/i2c_ctrl_inst/cnt_clk[0]/opit_0_inv_L6Q_perm/CLK

 CLMS_201_775/Q2                   tco                   0.103       2.275 r       hdmi_i2c_inst/i2c_ctrl_inst/cnt_clk[0]/opit_0_inv_L6Q_perm/L6Q
                                   net (fanout=7)        0.059       2.334         hdmi_i2c_inst/i2c_ctrl_inst/cnt_clk [0]
 CLMS_201_775/B5                                                           r       hdmi_i2c_inst/i2c_ctrl_inst/cnt_clk[5]/opit_0_inv_L6Q_perm/I5

 Data arrival time                                                   2.334         Logic Levels: 0  
                                                                                   Logic: 0.103ns(63.580%), Route: 0.059ns(36.420%)
----------------------------------------------------------------------------------------------------

 Clock sys_clk (rising edge)                             0.000       0.000 r                        
 R3                                                      0.000       0.000 r       sys_clk (port)   
                                   net (fanout=1)        0.096       0.096         sys_clk          
 IOBD_372_450/DIN                  td                    0.659       0.755 r       sys_clk_ibuf/opit_0/O
                                   net (fanout=1)        0.000       0.755         sys_clk_ibuf/ntD 
 IOLHR_364_450/DI_TO_CLK           td                    0.087       0.842 r       sys_clk_ibuf/opit_1/DI_TO_CLK
                                   net (fanout=1)        0.588       1.430         nt_sys_clk       
 USCM_215_576/CLKOUT               td                    0.115       1.545 r       clkbufg_3/gopclkbufg/CLKOUT
                                   net (fanout=1)        0.397       1.942         ntclkbufg_0      
 HCKB_213_506/CLKOUT               td                    0.233       2.175 r       HCKBROUTE_287/CLKOUT
                                   net (fanout=8)        0.369       2.544         _N400            
 CLMS_201_775/CLK                                                          r       hdmi_i2c_inst/i2c_ctrl_inst/cnt_clk[5]/opit_0_inv_L6Q_perm/CLK
 clock pessimism                                        -0.372       2.172                          
 clock uncertainty                                       0.000       2.172                          

 Hold time                                              -0.013       2.159                          

 Data required time                                                  2.159                          
----------------------------------------------------------------------------------------------------
 Data required time                                                  2.159                          
 Data arrival time                                                  -2.334                          
----------------------------------------------------------------------------------------------------
 Slack (MET)                                                         0.175                          
====================================================================================================

====================================================================================================

Startpoint  : hdmi_i2c_inst/i2c_ctrl_inst/cnt_clk[4]/opit_0_inv_L6Q_perm/CLK
Endpoint    : hdmi_i2c_inst/i2c_ctrl_inst/cnt_clk[3]/opit_0_inv_L6Q_perm/I5
Path Group  : sys_clk
Path Type   : min
Path Class  : sequential timing path
Clock Skew :    0.000  (Capture Clock Delay - Launch Clock Delay + Clock Pessimism Removal)
  Capture Clock Delay     :  2.545
  Launch Clock Delay      :  2.173
  Clock Pessimism Removal :  -0.372

 Location                          Delay Type             Incr        Path         Logical Resource 
----------------------------------------------------------------------------------------------------

 Clock sys_clk (rising edge)                             0.000       0.000 r                        
 R3                                                      0.000       0.000 r       sys_clk (port)   
                                   net (fanout=1)        0.096       0.096         sys_clk          
 IOBD_372_450/DIN                  td                    0.563       0.659 r       sys_clk_ibuf/opit_0/O
                                   net (fanout=1)        0.000       0.659         sys_clk_ibuf/ntD 
 IOLHR_364_450/DI_TO_CLK           td                    0.073       0.732 r       sys_clk_ibuf/opit_1/DI_TO_CLK
                                   net (fanout=1)        0.493       1.225         nt_sys_clk       
 USCM_215_576/CLKOUT               td                    0.097       1.322 r       clkbufg_3/gopclkbufg/CLKOUT
                                   net (fanout=1)        0.334       1.656         ntclkbufg_0      
 HCKB_213_506/CLKOUT               td                    0.195       1.851 r       HCKBROUTE_287/CLKOUT
                                   net (fanout=8)        0.322       2.173         _N400            
 CLMS_201_769/CLK                                                          r       hdmi_i2c_inst/i2c_ctrl_inst/cnt_clk[4]/opit_0_inv_L6Q_perm/CLK

 CLMS_201_769/Q3                   tco                   0.103       2.276 r       hdmi_i2c_inst/i2c_ctrl_inst/cnt_clk[4]/opit_0_inv_L6Q_perm/L6Q
                                   net (fanout=7)        0.058       2.334         hdmi_i2c_inst/i2c_ctrl_inst/cnt_clk [4]
 CLMS_201_769/C5                                                           r       hdmi_i2c_inst/i2c_ctrl_inst/cnt_clk[3]/opit_0_inv_L6Q_perm/I5

 Data arrival time                                                   2.334         Logic Levels: 0  
                                                                                   Logic: 0.103ns(63.975%), Route: 0.058ns(36.025%)
----------------------------------------------------------------------------------------------------

 Clock sys_clk (rising edge)                             0.000       0.000 r                        
 R3                                                      0.000       0.000 r       sys_clk (port)   
                                   net (fanout=1)        0.096       0.096         sys_clk          
 IOBD_372_450/DIN                  td                    0.659       0.755 r       sys_clk_ibuf/opit_0/O
                                   net (fanout=1)        0.000       0.755         sys_clk_ibuf/ntD 
 IOLHR_364_450/DI_TO_CLK           td                    0.087       0.842 r       sys_clk_ibuf/opit_1/DI_TO_CLK
                                   net (fanout=1)        0.588       1.430         nt_sys_clk       
 USCM_215_576/CLKOUT               td                    0.115       1.545 r       clkbufg_3/gopclkbufg/CLKOUT
                                   net (fanout=1)        0.397       1.942         ntclkbufg_0      
 HCKB_213_506/CLKOUT               td                    0.233       2.175 r       HCKBROUTE_287/CLKOUT
                                   net (fanout=8)        0.370       2.545         _N400            
 CLMS_201_769/CLK                                                          r       hdmi_i2c_inst/i2c_ctrl_inst/cnt_clk[3]/opit_0_inv_L6Q_perm/CLK
 clock pessimism                                        -0.372       2.173                          
 clock uncertainty                                       0.000       2.173                          

 Hold time                                              -0.016       2.157                          

 Data required time                                                  2.157                          
----------------------------------------------------------------------------------------------------
 Data required time                                                  2.157                          
 Data arrival time                                                  -2.334                          
----------------------------------------------------------------------------------------------------
 Slack (MET)                                                         0.177                          
====================================================================================================

====================================================================================================

Startpoint  : hdmi_i2c_inst/i2c_ctrl_inst/cnt_bit[0]/opit_0_inv_L6QL5_perm/CLK
Endpoint    : hdmi_i2c_inst/i2c_ctrl_inst/state_15/opit_0_inv_L5Q_perm/CE
Path Group  : hdmi_i2c_inst/i2c_ctrl_inst/i2c_clk/Q[0]_Inferred
Path Type   : max
Path Class  : sequential timing path
Clock Skew :    -0.105  (Capture Clock Delay - Launch Clock Delay + Clock Pessimism Removal)
  Capture Clock Delay     :  0.359
  Launch Clock Delay      :  0.464
  Clock Pessimism Removal :  0.000

 Location                          Delay Type             Incr        Path         Logical Resource 
----------------------------------------------------------------------------------------------------

 Clock hdmi_i2c_inst/i2c_ctrl_inst/i2c_clk/Q[0]_Inferred (rising edge)
                                                         0.000       0.000 r                        
 CLMS_201_769/CR1                                        0.000       0.000 r       hdmi_i2c_inst/i2c_ctrl_inst/i2c_clk/opit_0_inv/Q
                                   net (fanout=670)      0.464       0.464         hdmi_i2c_inst/cfg_clk
 CLMA_231_738/CLK                                                          r       hdmi_i2c_inst/i2c_ctrl_inst/cnt_bit[0]/opit_0_inv_L6QL5_perm/CLK

 CLMA_231_738/Q0                   tco                   0.125       0.589 f       hdmi_i2c_inst/i2c_ctrl_inst/cnt_bit[0]/opit_0_inv_L6QL5_perm/L6Q
                                   net (fanout=21)       0.245       0.834         hdmi_i2c_inst/i2c_ctrl_inst/N357 [0]
 CLMA_231_757/CR0                  td                    0.139       0.973 f       CLKROUTE_283/CR  
                                   net (fanout=2)        0.075       1.048         _N396            
 CLMA_231_756/Y0                   td                    0.100       1.148 f       hdmi_i2c_inst/i2c_ctrl_inst/i2c_end/opit_0_inv_L6Q_perm/L6
                                   net (fanout=3)        0.227       1.375         hdmi_i2c_inst/i2c_ctrl_inst/N734
 CLMA_231_751/Y1                   td                    0.125       1.500 f       hdmi_i2c_inst/i2c_ctrl_inst/N736_2_9/LUT6_inst_perm/L6
                                   net (fanout=1)        0.252       1.752         hdmi_i2c_inst/i2c_ctrl_inst/_N483
 CLMA_231_739/Y2                   td                    0.104       1.856 r       hdmi_i2c_inst/i2c_ctrl_inst/N736_2_13/gateop_perm/L6
                                   net (fanout=9)        0.385       2.241         hdmi_i2c_inst/i2c_ctrl_inst/N736
 CLMA_231_744/CECO                 td                    0.088       2.329 r       hdmi_i2c_inst/i2c_ctrl_inst/state_13/opit_0_inv_L6QL5Q_perm/CECO
                                   net (fanout=3)        0.000       2.329         _N104            
 CLMA_231_750/CECI                                                         r       hdmi_i2c_inst/i2c_ctrl_inst/state_15/opit_0_inv_L5Q_perm/CE

 Data arrival time                                                   2.329         Logic Levels: 5  
                                                                                   Logic: 0.681ns(36.515%), Route: 1.184ns(63.485%)
----------------------------------------------------------------------------------------------------

 Clock hdmi_i2c_inst/i2c_ctrl_inst/i2c_clk/Q[0]_Inferred (rising edge)
                                                      1000.000    1000.000 r                        
 CLMS_201_769/CR1                                        0.000    1000.000 r       hdmi_i2c_inst/i2c_ctrl_inst/i2c_clk/opit_0_inv/Q
                                   net (fanout=670)      0.359    1000.359         hdmi_i2c_inst/cfg_clk
 CLMA_231_750/CLK                                                          r       hdmi_i2c_inst/i2c_ctrl_inst/state_15/opit_0_inv_L5Q_perm/CLK
 clock pessimism                                         0.000    1000.359                          
 clock uncertainty                                      -0.050    1000.309                          

 Setup time                                             -0.116    1000.193                          

 Data required time                                               1000.193                          
----------------------------------------------------------------------------------------------------
 Data required time                                               1000.193                          
 Data arrival time                                                  -2.329                          
----------------------------------------------------------------------------------------------------
 Slack (MET)                                                       997.864                          
====================================================================================================

====================================================================================================

Startpoint  : hdmi_i2c_inst/i2c_ctrl_inst/cnt_bit[0]/opit_0_inv_L6QL5_perm/CLK
Endpoint    : hdmi_i2c_inst/i2c_ctrl_inst/state_14/opit_0_inv_L6Q_perm/CE
Path Group  : hdmi_i2c_inst/i2c_ctrl_inst/i2c_clk/Q[0]_Inferred
Path Type   : max
Path Class  : sequential timing path
Clock Skew :    -0.105  (Capture Clock Delay - Launch Clock Delay + Clock Pessimism Removal)
  Capture Clock Delay     :  0.359
  Launch Clock Delay      :  0.464
  Clock Pessimism Removal :  0.000

 Location                          Delay Type             Incr        Path         Logical Resource 
----------------------------------------------------------------------------------------------------

 Clock hdmi_i2c_inst/i2c_ctrl_inst/i2c_clk/Q[0]_Inferred (rising edge)
                                                         0.000       0.000 r                        
 CLMS_201_769/CR1                                        0.000       0.000 r       hdmi_i2c_inst/i2c_ctrl_inst/i2c_clk/opit_0_inv/Q
                                   net (fanout=670)      0.464       0.464         hdmi_i2c_inst/cfg_clk
 CLMA_231_738/CLK                                                          r       hdmi_i2c_inst/i2c_ctrl_inst/cnt_bit[0]/opit_0_inv_L6QL5_perm/CLK

 CLMA_231_738/Q0                   tco                   0.125       0.589 f       hdmi_i2c_inst/i2c_ctrl_inst/cnt_bit[0]/opit_0_inv_L6QL5_perm/L6Q
                                   net (fanout=21)       0.245       0.834         hdmi_i2c_inst/i2c_ctrl_inst/N357 [0]
 CLMA_231_757/CR0                  td                    0.139       0.973 f       CLKROUTE_283/CR  
                                   net (fanout=2)        0.075       1.048         _N396            
 CLMA_231_756/Y0                   td                    0.100       1.148 f       hdmi_i2c_inst/i2c_ctrl_inst/i2c_end/opit_0_inv_L6Q_perm/L6
                                   net (fanout=3)        0.227       1.375         hdmi_i2c_inst/i2c_ctrl_inst/N734
 CLMA_231_751/Y1                   td                    0.125       1.500 f       hdmi_i2c_inst/i2c_ctrl_inst/N736_2_9/LUT6_inst_perm/L6
                                   net (fanout=1)        0.252       1.752         hdmi_i2c_inst/i2c_ctrl_inst/_N483
 CLMA_231_739/Y2                   td                    0.104       1.856 r       hdmi_i2c_inst/i2c_ctrl_inst/N736_2_13/gateop_perm/L6
                                   net (fanout=9)        0.385       2.241         hdmi_i2c_inst/i2c_ctrl_inst/N736
 CLMA_231_744/CECO                 td                    0.088       2.329 r       hdmi_i2c_inst/i2c_ctrl_inst/state_13/opit_0_inv_L6QL5Q_perm/CECO
                                   net (fanout=3)        0.000       2.329         _N104            
 CLMA_231_750/CECI                                                         r       hdmi_i2c_inst/i2c_ctrl_inst/state_14/opit_0_inv_L6Q_perm/CE

 Data arrival time                                                   2.329         Logic Levels: 5  
                                                                                   Logic: 0.681ns(36.515%), Route: 1.184ns(63.485%)
----------------------------------------------------------------------------------------------------

 Clock hdmi_i2c_inst/i2c_ctrl_inst/i2c_clk/Q[0]_Inferred (rising edge)
                                                      1000.000    1000.000 r                        
 CLMS_201_769/CR1                                        0.000    1000.000 r       hdmi_i2c_inst/i2c_ctrl_inst/i2c_clk/opit_0_inv/Q
                                   net (fanout=670)      0.359    1000.359         hdmi_i2c_inst/cfg_clk
 CLMA_231_750/CLK                                                          r       hdmi_i2c_inst/i2c_ctrl_inst/state_14/opit_0_inv_L6Q_perm/CLK
 clock pessimism                                         0.000    1000.359                          
 clock uncertainty                                      -0.050    1000.309                          

 Setup time                                             -0.116    1000.193                          

 Data required time                                               1000.193                          
----------------------------------------------------------------------------------------------------
 Data required time                                               1000.193                          
 Data arrival time                                                  -2.329                          
----------------------------------------------------------------------------------------------------
 Slack (MET)                                                       997.864                          
====================================================================================================

====================================================================================================

Startpoint  : hdmi_i2c_inst/i2c_ctrl_inst/cnt_bit[0]/opit_0_inv_L6QL5_perm/CLK
Endpoint    : hdmi_i2c_inst/i2c_ctrl_inst/state_2/opit_0_inv_L6QL5_perm/CE
Path Group  : hdmi_i2c_inst/i2c_ctrl_inst/i2c_clk/Q[0]_Inferred
Path Type   : max
Path Class  : sequential timing path
Clock Skew :    -0.105  (Capture Clock Delay - Launch Clock Delay + Clock Pessimism Removal)
  Capture Clock Delay     :  0.359
  Launch Clock Delay      :  0.464
  Clock Pessimism Removal :  0.000

 Location                          Delay Type             Incr        Path         Logical Resource 
----------------------------------------------------------------------------------------------------

 Clock hdmi_i2c_inst/i2c_ctrl_inst/i2c_clk/Q[0]_Inferred (rising edge)
                                                         0.000       0.000 r                        
 CLMS_201_769/CR1                                        0.000       0.000 r       hdmi_i2c_inst/i2c_ctrl_inst/i2c_clk/opit_0_inv/Q
                                   net (fanout=670)      0.464       0.464         hdmi_i2c_inst/cfg_clk
 CLMA_231_738/CLK                                                          r       hdmi_i2c_inst/i2c_ctrl_inst/cnt_bit[0]/opit_0_inv_L6QL5_perm/CLK

 CLMA_231_738/Q0                   tco                   0.125       0.589 f       hdmi_i2c_inst/i2c_ctrl_inst/cnt_bit[0]/opit_0_inv_L6QL5_perm/L6Q
                                   net (fanout=21)       0.245       0.834         hdmi_i2c_inst/i2c_ctrl_inst/N357 [0]
 CLMA_231_757/CR0                  td                    0.139       0.973 f       CLKROUTE_283/CR  
                                   net (fanout=2)        0.075       1.048         _N396            
 CLMA_231_756/Y0                   td                    0.100       1.148 f       hdmi_i2c_inst/i2c_ctrl_inst/i2c_end/opit_0_inv_L6Q_perm/L6
                                   net (fanout=3)        0.227       1.375         hdmi_i2c_inst/i2c_ctrl_inst/N734
 CLMA_231_751/Y1                   td                    0.125       1.500 f       hdmi_i2c_inst/i2c_ctrl_inst/N736_2_9/LUT6_inst_perm/L6
                                   net (fanout=1)        0.252       1.752         hdmi_i2c_inst/i2c_ctrl_inst/_N483
 CLMA_231_739/Y2                   td                    0.104       1.856 r       hdmi_i2c_inst/i2c_ctrl_inst/N736_2_13/gateop_perm/L6
                                   net (fanout=9)        0.385       2.241         hdmi_i2c_inst/i2c_ctrl_inst/N736
 CLMA_231_744/CECO                 td                    0.088       2.329 r       hdmi_i2c_inst/i2c_ctrl_inst/state_13/opit_0_inv_L6QL5Q_perm/CECO
                                   net (fanout=3)        0.000       2.329         _N104            
 CLMA_231_750/CECI                                                         r       hdmi_i2c_inst/i2c_ctrl_inst/state_2/opit_0_inv_L6QL5_perm/CE

 Data arrival time                                                   2.329         Logic Levels: 5  
                                                                                   Logic: 0.681ns(36.515%), Route: 1.184ns(63.485%)
----------------------------------------------------------------------------------------------------

 Clock hdmi_i2c_inst/i2c_ctrl_inst/i2c_clk/Q[0]_Inferred (rising edge)
                                                      1000.000    1000.000 r                        
 CLMS_201_769/CR1                                        0.000    1000.000 r       hdmi_i2c_inst/i2c_ctrl_inst/i2c_clk/opit_0_inv/Q
                                   net (fanout=670)      0.359    1000.359         hdmi_i2c_inst/cfg_clk
 CLMA_231_750/CLK                                                          r       hdmi_i2c_inst/i2c_ctrl_inst/state_2/opit_0_inv_L6QL5_perm/CLK
 clock pessimism                                         0.000    1000.359                          
 clock uncertainty                                      -0.050    1000.309                          

 Setup time                                             -0.116    1000.193                          

 Data required time                                               1000.193                          
----------------------------------------------------------------------------------------------------
 Data required time                                               1000.193                          
 Data arrival time                                                  -2.329                          
----------------------------------------------------------------------------------------------------
 Slack (MET)                                                       997.864                          
====================================================================================================

====================================================================================================

Startpoint  : u_CORES/u_debug_core_0/DATA_ff[0][37]/opit_0/CLK
Endpoint    : u_CORES/u_debug_core_0/u_Data_Capture_Memory/block_ram.ram_data_3_4/gopdrm_36k/DA0[2]
Path Group  : hdmi_i2c_inst/i2c_ctrl_inst/i2c_clk/Q[0]_Inferred
Path Type   : min
Path Class  : sequential timing path
Clock Skew :    0.709  (Capture Clock Delay - Launch Clock Delay + Clock Pessimism Removal)
  Capture Clock Delay     :  1.245
  Launch Clock Delay      :  0.473
  Clock Pessimism Removal :  -0.063

 Location                          Delay Type             Incr        Path         Logical Resource 
----------------------------------------------------------------------------------------------------

 Clock hdmi_i2c_inst/i2c_ctrl_inst/i2c_clk/Q[0]_Inferred (rising edge)
                                                         0.000       0.000 r                        
 CLMS_201_769/CR1                                        0.000       0.000 r       hdmi_i2c_inst/i2c_ctrl_inst/i2c_clk/opit_0_inv/Q
                                   net (fanout=670)      0.473       0.473         hdmi_i2c_inst/cfg_clk
 CLMA_261_774/CLK                                                          r       u_CORES/u_debug_core_0/DATA_ff[0][37]/opit_0/CLK

 CLMA_261_774/Q0                   tco                   0.103       0.576 r       u_CORES/u_debug_core_0/DATA_ff[0][37]/opit_0/Q
                                   net (fanout=4)        0.269       0.845         u_CORES/u_debug_core_0/DATA_ff[0] [37]
 DRM_298_768/DA0[2]                                                        r       u_CORES/u_debug_core_0/u_Data_Capture_Memory/block_ram.ram_data_3_4/gopdrm_36k/DA0[2]

 Data arrival time                                                   0.845         Logic Levels: 0  
                                                                                   Logic: 0.103ns(27.688%), Route: 0.269ns(72.312%)
----------------------------------------------------------------------------------------------------

 Clock hdmi_i2c_inst/i2c_ctrl_inst/i2c_clk/Q[0]_Inferred (rising edge)
                                                         0.000       0.000 r                        
 CLMS_201_769/CR1                                        0.000       0.000 r       hdmi_i2c_inst/i2c_ctrl_inst/i2c_clk/opit_0_inv/Q
                                   net (fanout=670)      1.245       1.245         hdmi_i2c_inst/cfg_clk
 DRM_298_768/CLKA[0]                                                       r       u_CORES/u_debug_core_0/u_Data_Capture_Memory/block_ram.ram_data_3_4/gopdrm_36k/CLKA[0]
 clock pessimism                                        -0.063       1.182                          
 clock uncertainty                                       0.000       1.182                          

 Hold time                                               0.014       1.196                          

 Data required time                                                  1.196                          
----------------------------------------------------------------------------------------------------
 Data required time                                                  1.196                          
 Data arrival time                                                  -0.845                          
----------------------------------------------------------------------------------------------------
 Slack (VIOLATED)                                                   -0.351                          
====================================================================================================

====================================================================================================

Startpoint  : u_CORES/u_debug_core_0/DATA_ff[0][35]/opit_0/CLK
Endpoint    : u_CORES/u_debug_core_0/u_Data_Capture_Memory/block_ram.ram_data_3_4/gopdrm_36k/DA0[0]
Path Group  : hdmi_i2c_inst/i2c_ctrl_inst/i2c_clk/Q[0]_Inferred
Path Type   : min
Path Class  : sequential timing path
Clock Skew :    0.645  (Capture Clock Delay - Launch Clock Delay + Clock Pessimism Removal)
  Capture Clock Delay     :  1.245
  Launch Clock Delay      :  0.537
  Clock Pessimism Removal :  -0.063

 Location                          Delay Type             Incr        Path         Logical Resource 
----------------------------------------------------------------------------------------------------

 Clock hdmi_i2c_inst/i2c_ctrl_inst/i2c_clk/Q[0]_Inferred (rising edge)
                                                         0.000       0.000 r                        
 CLMS_201_769/CR1                                        0.000       0.000 r       hdmi_i2c_inst/i2c_ctrl_inst/i2c_clk/opit_0_inv/Q
                                   net (fanout=670)      0.537       0.537         hdmi_i2c_inst/cfg_clk
 CLMA_267_774/CLK                                                          r       u_CORES/u_debug_core_0/DATA_ff[0][35]/opit_0/CLK

 CLMA_267_774/Q1                   tco                   0.103       0.640 r       u_CORES/u_debug_core_0/DATA_ff[0][35]/opit_0/Q
                                   net (fanout=4)        0.205       0.845         u_CORES/u_debug_core_0/DATA_ff[0] [35]
 DRM_298_768/DA0[0]                                                        r       u_CORES/u_debug_core_0/u_Data_Capture_Memory/block_ram.ram_data_3_4/gopdrm_36k/DA0[0]

 Data arrival time                                                   0.845         Logic Levels: 0  
                                                                                   Logic: 0.103ns(33.442%), Route: 0.205ns(66.558%)
----------------------------------------------------------------------------------------------------

 Clock hdmi_i2c_inst/i2c_ctrl_inst/i2c_clk/Q[0]_Inferred (rising edge)
                                                         0.000       0.000 r                        
 CLMS_201_769/CR1                                        0.000       0.000 r       hdmi_i2c_inst/i2c_ctrl_inst/i2c_clk/opit_0_inv/Q
                                   net (fanout=670)      1.245       1.245         hdmi_i2c_inst/cfg_clk
 DRM_298_768/CLKA[0]                                                       r       u_CORES/u_debug_core_0/u_Data_Capture_Memory/block_ram.ram_data_3_4/gopdrm_36k/CLKA[0]
 clock pessimism                                        -0.063       1.182                          
 clock uncertainty                                       0.000       1.182                          

 Hold time                                               0.014       1.196                          

 Data required time                                                  1.196                          
----------------------------------------------------------------------------------------------------
 Data required time                                                  1.196                          
 Data arrival time                                                  -0.845                          
----------------------------------------------------------------------------------------------------
 Slack (VIOLATED)                                                   -0.351                          
====================================================================================================

====================================================================================================

Startpoint  : u_CORES/u_debug_core_0/DATA_ff[0][38]/opit_0/CLK
Endpoint    : u_CORES/u_debug_core_0/u_Data_Capture_Memory/block_ram.ram_data_3_4/gopdrm_36k/DA0[3]
Path Group  : hdmi_i2c_inst/i2c_ctrl_inst/i2c_clk/Q[0]_Inferred
Path Type   : min
Path Class  : sequential timing path
Clock Skew :    0.709  (Capture Clock Delay - Launch Clock Delay + Clock Pessimism Removal)
  Capture Clock Delay     :  1.245
  Launch Clock Delay      :  0.473
  Clock Pessimism Removal :  -0.063

 Location                          Delay Type             Incr        Path         Logical Resource 
----------------------------------------------------------------------------------------------------

 Clock hdmi_i2c_inst/i2c_ctrl_inst/i2c_clk/Q[0]_Inferred (rising edge)
                                                         0.000       0.000 r                        
 CLMS_201_769/CR1                                        0.000       0.000 r       hdmi_i2c_inst/i2c_ctrl_inst/i2c_clk/opit_0_inv/Q
                                   net (fanout=670)      0.473       0.473         hdmi_i2c_inst/cfg_clk
 CLMA_261_774/CLK                                                          r       u_CORES/u_debug_core_0/DATA_ff[0][38]/opit_0/CLK

 CLMA_261_774/Q2                   tco                   0.103       0.576 r       u_CORES/u_debug_core_0/DATA_ff[0][38]/opit_0/Q
                                   net (fanout=4)        0.293       0.869         u_CORES/u_debug_core_0/DATA_ff[0] [38]
 DRM_298_768/DA0[3]                                                        r       u_CORES/u_debug_core_0/u_Data_Capture_Memory/block_ram.ram_data_3_4/gopdrm_36k/DA0[3]

 Data arrival time                                                   0.869         Logic Levels: 0  
                                                                                   Logic: 0.103ns(26.010%), Route: 0.293ns(73.990%)
----------------------------------------------------------------------------------------------------

 Clock hdmi_i2c_inst/i2c_ctrl_inst/i2c_clk/Q[0]_Inferred (rising edge)
                                                         0.000       0.000 r                        
 CLMS_201_769/CR1                                        0.000       0.000 r       hdmi_i2c_inst/i2c_ctrl_inst/i2c_clk/opit_0_inv/Q
                                   net (fanout=670)      1.245       1.245         hdmi_i2c_inst/cfg_clk
 DRM_298_768/CLKA[0]                                                       r       u_CORES/u_debug_core_0/u_Data_Capture_Memory/block_ram.ram_data_3_4/gopdrm_36k/CLKA[0]
 clock pessimism                                        -0.063       1.182                          
 clock uncertainty                                       0.000       1.182                          

 Hold time                                               0.014       1.196                          

 Data required time                                                  1.196                          
----------------------------------------------------------------------------------------------------
 Data required time                                                  1.196                          
 Data arrival time                                                  -0.869                          
----------------------------------------------------------------------------------------------------
 Slack (VIOLATED)                                                   -0.327                          
====================================================================================================

====================================================================================================

Startpoint  : u_CORES/u_jtag_hub/data_ctrl/opit_0_inv_L6Q_perm/CLK
Endpoint    : u_CORES/u_jtag_hub/id_o[1]/opit_0_inv_L6Q_LUT6DQL5Q_perm/I0
Path Group  : DebugCore_JCLK
Path Type   : max
Path Class  : sequential timing path
Clock Skew :    -0.063  (Capture Clock Delay - Launch Clock Delay + Clock Pessimism Removal)
  Capture Clock Delay     :  2.175
  Launch Clock Delay      :  2.593
  Clock Pessimism Removal :  0.355

 Location                          Delay Type             Incr        Path         Logical Resource 
----------------------------------------------------------------------------------------------------

 Clock DebugCore_JCLK (rising edge)
                                                         0.000       0.000 r                        
 SCANCHAIN_88_312/TCK1                                   0.000       0.000 r       u_CORES/u_GTP_SCANCHAIN_PG/scanchain/TCK1
                                   net (fanout=1)        1.520       1.520         u_CORES/drck_o   
 USCM_215_669/CLKOUT               td                    0.115       1.635 r       clkbufg_5/gopclkbufg/CLKOUT
                                   net (fanout=4)        0.397       2.032         ntclkbufg_2      
 HCKB_213_534/CLKOUT               td                    0.233       2.265 r       HCKBROUTE_289/CLKOUT
                                   net (fanout=178)      0.328       2.593         _N402            
 CLMA_231_643/CLK                                                          r       u_CORES/u_jtag_hub/data_ctrl/opit_0_inv_L6Q_perm/CLK

 CLMA_231_643/Q0                   tco                   0.125       2.718 f       u_CORES/u_jtag_hub/data_ctrl/opit_0_inv_L6Q_perm/L6Q
                                   net (fanout=7)        0.617       3.335         u_CORES/u_jtag_hub/data_ctrl
 CLMA_261_709/A0                                                           f       u_CORES/u_jtag_hub/id_o[1]/opit_0_inv_L6Q_LUT6DQL5Q_perm/I0

 Data arrival time                                                   3.335         Logic Levels: 0  
                                                                                   Logic: 0.125ns(16.846%), Route: 0.617ns(83.154%)
----------------------------------------------------------------------------------------------------

 Clock DebugCore_JCLK (falling edge)
                                                        25.000      25.000 f                        
 SCANCHAIN_88_312/TCK1                                   0.000      25.000 f       u_CORES/u_GTP_SCANCHAIN_PG/scanchain/TCK1
                                   net (fanout=1)        1.284      26.284         u_CORES/drck_o   
 USCM_215_669/CLKOUT               td                    0.097      26.381 f       clkbufg_5/gopclkbufg/CLKOUT
                                   net (fanout=4)        0.334      26.715         ntclkbufg_2      
 HCKB_213_534/CLKOUT               td                    0.195      26.910 f       HCKBROUTE_289/CLKOUT
                                   net (fanout=178)      0.265      27.175         _N402            
 CLMA_261_709/CLK                                                          f       u_CORES/u_jtag_hub/id_o[1]/opit_0_inv_L6Q_LUT6DQL5Q_perm/CLK
 clock pessimism                                         0.355      27.530                          
 clock uncertainty                                      -0.050      27.480                          

 Setup time                                             -0.152      27.328                          

 Data required time                                                 27.328                          
----------------------------------------------------------------------------------------------------
 Data required time                                                 27.328                          
 Data arrival time                                                  -3.335                          
----------------------------------------------------------------------------------------------------
 Slack (MET)                                                        23.993                          
====================================================================================================

====================================================================================================

Startpoint  : u_CORES/u_jtag_hub/data_ctrl/opit_0_inv_L6Q_perm/CLK
Endpoint    : u_CORES/u_jtag_hub/id_o[3]/opit_0_inv_L6Q_LUT6DQL5Q_perm/I4
Path Group  : DebugCore_JCLK
Path Type   : max
Path Class  : sequential timing path
Clock Skew :    -0.063  (Capture Clock Delay - Launch Clock Delay + Clock Pessimism Removal)
  Capture Clock Delay     :  2.175
  Launch Clock Delay      :  2.593
  Clock Pessimism Removal :  0.355

 Location                          Delay Type             Incr        Path         Logical Resource 
----------------------------------------------------------------------------------------------------

 Clock DebugCore_JCLK (rising edge)
                                                         0.000       0.000 r                        
 SCANCHAIN_88_312/TCK1                                   0.000       0.000 r       u_CORES/u_GTP_SCANCHAIN_PG/scanchain/TCK1
                                   net (fanout=1)        1.520       1.520         u_CORES/drck_o   
 USCM_215_669/CLKOUT               td                    0.115       1.635 r       clkbufg_5/gopclkbufg/CLKOUT
                                   net (fanout=4)        0.397       2.032         ntclkbufg_2      
 HCKB_213_534/CLKOUT               td                    0.233       2.265 r       HCKBROUTE_289/CLKOUT
                                   net (fanout=178)      0.328       2.593         _N402            
 CLMA_231_643/CLK                                                          r       u_CORES/u_jtag_hub/data_ctrl/opit_0_inv_L6Q_perm/CLK

 CLMA_231_643/Q0                   tco                   0.125       2.718 f       u_CORES/u_jtag_hub/data_ctrl/opit_0_inv_L6Q_perm/L6Q
                                   net (fanout=7)        0.617       3.335         u_CORES/u_jtag_hub/data_ctrl
 CLMA_261_709/D4                                                           f       u_CORES/u_jtag_hub/id_o[3]/opit_0_inv_L6Q_LUT6DQL5Q_perm/I4

 Data arrival time                                                   3.335         Logic Levels: 0  
                                                                                   Logic: 0.125ns(16.846%), Route: 0.617ns(83.154%)
----------------------------------------------------------------------------------------------------

 Clock DebugCore_JCLK (falling edge)
                                                        25.000      25.000 f                        
 SCANCHAIN_88_312/TCK1                                   0.000      25.000 f       u_CORES/u_GTP_SCANCHAIN_PG/scanchain/TCK1
                                   net (fanout=1)        1.284      26.284         u_CORES/drck_o   
 USCM_215_669/CLKOUT               td                    0.097      26.381 f       clkbufg_5/gopclkbufg/CLKOUT
                                   net (fanout=4)        0.334      26.715         ntclkbufg_2      
 HCKB_213_534/CLKOUT               td                    0.195      26.910 f       HCKBROUTE_289/CLKOUT
                                   net (fanout=178)      0.265      27.175         _N402            
 CLMA_261_709/CLK                                                          f       u_CORES/u_jtag_hub/id_o[3]/opit_0_inv_L6Q_LUT6DQL5Q_perm/CLK
 clock pessimism                                         0.355      27.530                          
 clock uncertainty                                      -0.050      27.480                          

 Setup time                                             -0.091      27.389                          

 Data required time                                                 27.389                          
----------------------------------------------------------------------------------------------------
 Data required time                                                 27.389                          
 Data arrival time                                                  -3.335                          
----------------------------------------------------------------------------------------------------
 Slack (MET)                                                        24.054                          
====================================================================================================

====================================================================================================

Startpoint  : u_CORES/u_jtag_hub/data_ctrl/opit_0_inv_L6Q_perm/CLK
Endpoint    : u_CORES/u_jtag_hub/id_o[4]/opit_0_inv_L6QL5_perm/I1
Path Group  : DebugCore_JCLK
Path Type   : max
Path Class  : sequential timing path
Clock Skew :    -0.061  (Capture Clock Delay - Launch Clock Delay + Clock Pessimism Removal)
  Capture Clock Delay     :  2.177
  Launch Clock Delay      :  2.593
  Clock Pessimism Removal :  0.355

 Location                          Delay Type             Incr        Path         Logical Resource 
----------------------------------------------------------------------------------------------------

 Clock DebugCore_JCLK (rising edge)
                                                         0.000       0.000 r                        
 SCANCHAIN_88_312/TCK1                                   0.000       0.000 r       u_CORES/u_GTP_SCANCHAIN_PG/scanchain/TCK1
                                   net (fanout=1)        1.520       1.520         u_CORES/drck_o   
 USCM_215_669/CLKOUT               td                    0.115       1.635 r       clkbufg_5/gopclkbufg/CLKOUT
                                   net (fanout=4)        0.397       2.032         ntclkbufg_2      
 HCKB_213_534/CLKOUT               td                    0.233       2.265 r       HCKBROUTE_289/CLKOUT
                                   net (fanout=178)      0.328       2.593         _N402            
 CLMA_231_643/CLK                                                          r       u_CORES/u_jtag_hub/data_ctrl/opit_0_inv_L6Q_perm/CLK

 CLMA_231_643/Q0                   tco                   0.125       2.718 f       u_CORES/u_jtag_hub/data_ctrl/opit_0_inv_L6Q_perm/L6Q
                                   net (fanout=7)        0.510       3.228         u_CORES/u_jtag_hub/data_ctrl
 CLMA_249_708/A1                                                           f       u_CORES/u_jtag_hub/id_o[4]/opit_0_inv_L6QL5_perm/I1

 Data arrival time                                                   3.228         Logic Levels: 0  
                                                                                   Logic: 0.125ns(19.685%), Route: 0.510ns(80.315%)
----------------------------------------------------------------------------------------------------

 Clock DebugCore_JCLK (falling edge)
                                                        25.000      25.000 f                        
 SCANCHAIN_88_312/TCK1                                   0.000      25.000 f       u_CORES/u_GTP_SCANCHAIN_PG/scanchain/TCK1
                                   net (fanout=1)        1.284      26.284         u_CORES/drck_o   
 USCM_215_669/CLKOUT               td                    0.097      26.381 f       clkbufg_5/gopclkbufg/CLKOUT
                                   net (fanout=4)        0.334      26.715         ntclkbufg_2      
 HCKB_213_534/CLKOUT               td                    0.195      26.910 f       HCKBROUTE_289/CLKOUT
                                   net (fanout=178)      0.267      27.177         _N402            
 CLMA_249_708/CLK                                                          f       u_CORES/u_jtag_hub/id_o[4]/opit_0_inv_L6QL5_perm/CLK
 clock pessimism                                         0.355      27.532                          
 clock uncertainty                                      -0.050      27.482                          

 Setup time                                             -0.148      27.334                          

 Data required time                                                 27.334                          
----------------------------------------------------------------------------------------------------
 Data required time                                                 27.334                          
 Data arrival time                                                  -3.228                          
----------------------------------------------------------------------------------------------------
 Slack (MET)                                                        24.106                          
====================================================================================================

====================================================================================================

Startpoint  : u_CORES/u_debug_core_0/u0_trig_unit/u_cfg_reg_file/bit_cnt[3]/opit_0_inv_L6QL5_perm/CLK
Endpoint    : u_CORES/u_debug_core_0/u0_trig_unit/u_cfg_reg_file/bit_cnt[5]/opit_0_inv_L6Q_perm/I5
Path Group  : DebugCore_JCLK
Path Type   : min
Path Class  : sequential timing path
Clock Skew :    0.000  (Capture Clock Delay - Launch Clock Delay + Clock Pessimism Removal)
  Capture Clock Delay     :  2.573
  Launch Clock Delay      :  2.099
  Clock Pessimism Removal :  -0.474

 Location                          Delay Type             Incr        Path         Logical Resource 
----------------------------------------------------------------------------------------------------

 Clock DebugCore_JCLK (rising edge)
                                                         0.000       0.000 r                        
 SCANCHAIN_88_312/TCK1                                   0.000       0.000 r       u_CORES/u_GTP_SCANCHAIN_PG/scanchain/TCK1
                                   net (fanout=1)        1.213       1.213         u_CORES/drck_o   
 USCM_215_669/CLKOUT               td                    0.097       1.310 r       clkbufg_5/gopclkbufg/CLKOUT
                                   net (fanout=4)        0.334       1.644         ntclkbufg_2      
 HCKB_213_534/CLKOUT               td                    0.195       1.839 r       HCKBROUTE_289/CLKOUT
                                   net (fanout=178)      0.260       2.099         _N402            
 CLMA_249_739/CLK                                                          r       u_CORES/u_debug_core_0/u0_trig_unit/u_cfg_reg_file/bit_cnt[3]/opit_0_inv_L6QL5_perm/CLK

 CLMA_249_739/Q3                   tco                   0.109       2.208 f       u_CORES/u_debug_core_0/u0_trig_unit/u_cfg_reg_file/bit_cnt[3]/opit_0_inv_L6QL5_perm/L6Q
                                   net (fanout=45)       0.061       2.269         u_CORES/u_debug_core_0/u0_trig_unit/u_cfg_reg_file/bit_cnt [3]
 CLMA_249_739/C5                                                           f       u_CORES/u_debug_core_0/u0_trig_unit/u_cfg_reg_file/bit_cnt[5]/opit_0_inv_L6Q_perm/I5

 Data arrival time                                                   2.269         Logic Levels: 0  
                                                                                   Logic: 0.109ns(64.118%), Route: 0.061ns(35.882%)
----------------------------------------------------------------------------------------------------

 Clock DebugCore_JCLK (rising edge)
                                                         0.000       0.000 r                        
 SCANCHAIN_88_312/TCK1                                   0.000       0.000 r       u_CORES/u_GTP_SCANCHAIN_PG/scanchain/TCK1
                                   net (fanout=1)        1.520       1.520         u_CORES/drck_o   
 USCM_215_669/CLKOUT               td                    0.115       1.635 r       clkbufg_5/gopclkbufg/CLKOUT
                                   net (fanout=4)        0.397       2.032         ntclkbufg_2      
 HCKB_213_534/CLKOUT               td                    0.233       2.265 r       HCKBROUTE_289/CLKOUT
                                   net (fanout=178)      0.308       2.573         _N402            
 CLMA_249_739/CLK                                                          r       u_CORES/u_debug_core_0/u0_trig_unit/u_cfg_reg_file/bit_cnt[5]/opit_0_inv_L6Q_perm/CLK
 clock pessimism                                        -0.474       2.099                          
 clock uncertainty                                       0.000       2.099                          

 Hold time                                              -0.011       2.088                          

 Data required time                                                  2.088                          
----------------------------------------------------------------------------------------------------
 Data required time                                                  2.088                          
 Data arrival time                                                  -2.269                          
----------------------------------------------------------------------------------------------------
 Slack (MET)                                                         0.181                          
====================================================================================================

====================================================================================================

Startpoint  : u_CORES/u_debug_core_0/u_hub_data_decode/conf_rst/opit_0_inv_L6Q_perm/CLK
Endpoint    : u_CORES/u_debug_core_0/u_hub_data_decode/conf_reg_rb[3]/opit_0_inv_L5Q_perm/I3
Path Group  : DebugCore_JCLK
Path Type   : min
Path Class  : sequential timing path
Clock Skew :    0.015  (Capture Clock Delay - Launch Clock Delay + Clock Pessimism Removal)
  Capture Clock Delay     :  2.575
  Launch Clock Delay      :  2.101
  Clock Pessimism Removal :  -0.459

 Location                          Delay Type             Incr        Path         Logical Resource 
----------------------------------------------------------------------------------------------------

 Clock DebugCore_JCLK (rising edge)
                                                         0.000       0.000 r                        
 SCANCHAIN_88_312/TCK1                                   0.000       0.000 r       u_CORES/u_GTP_SCANCHAIN_PG/scanchain/TCK1
                                   net (fanout=1)        1.213       1.213         u_CORES/drck_o   
 USCM_215_669/CLKOUT               td                    0.097       1.310 r       clkbufg_5/gopclkbufg/CLKOUT
                                   net (fanout=4)        0.334       1.644         ntclkbufg_2      
 HCKB_213_534/CLKOUT               td                    0.195       1.839 r       HCKBROUTE_289/CLKOUT
                                   net (fanout=178)      0.262       2.101         _N402            
 CLMA_261_715/CLK                                                          r       u_CORES/u_debug_core_0/u_hub_data_decode/conf_rst/opit_0_inv_L6Q_perm/CLK

 CLMA_261_715/Q1                   tco                   0.103       2.204 r       u_CORES/u_debug_core_0/u_hub_data_decode/conf_rst/opit_0_inv_L6Q_perm/L6Q
                                   net (fanout=113)      0.067       2.271         u_CORES/u_debug_core_0/conf_rst
 CLMA_261_714/C3                                                           r       u_CORES/u_debug_core_0/u_hub_data_decode/conf_reg_rb[3]/opit_0_inv_L5Q_perm/I3

 Data arrival time                                                   2.271         Logic Levels: 0  
                                                                                   Logic: 0.103ns(60.588%), Route: 0.067ns(39.412%)
----------------------------------------------------------------------------------------------------

 Clock DebugCore_JCLK (rising edge)
                                                         0.000       0.000 r                        
 SCANCHAIN_88_312/TCK1                                   0.000       0.000 r       u_CORES/u_GTP_SCANCHAIN_PG/scanchain/TCK1
                                   net (fanout=1)        1.520       1.520         u_CORES/drck_o   
 USCM_215_669/CLKOUT               td                    0.115       1.635 r       clkbufg_5/gopclkbufg/CLKOUT
                                   net (fanout=4)        0.397       2.032         ntclkbufg_2      
 HCKB_213_534/CLKOUT               td                    0.233       2.265 r       HCKBROUTE_289/CLKOUT
                                   net (fanout=178)      0.310       2.575         _N402            
 CLMA_261_714/CLK                                                          r       u_CORES/u_debug_core_0/u_hub_data_decode/conf_reg_rb[3]/opit_0_inv_L5Q_perm/CLK
 clock pessimism                                        -0.459       2.116                          
 clock uncertainty                                       0.000       2.116                          

 Hold time                                              -0.026       2.090                          

 Data required time                                                  2.090                          
----------------------------------------------------------------------------------------------------
 Data required time                                                  2.090                          
 Data arrival time                                                  -2.271                          
----------------------------------------------------------------------------------------------------
 Slack (MET)                                                         0.181                          
====================================================================================================

====================================================================================================

Startpoint  : u_CORES/u_debug_core_0/u_Storage_Condition/u_cfg_reg_file/bit_cnt[0]/opit_0_inv_L6QL5Q1_perm/CLK
Endpoint    : u_CORES/u_debug_core_0/u_Storage_Condition/u_cfg_reg_file/bit_cnt[4]/opit_0_inv_L6Q_perm/I4
Path Group  : DebugCore_JCLK
Path Type   : min
Path Class  : sequential timing path
Clock Skew :    0.000  (Capture Clock Delay - Launch Clock Delay + Clock Pessimism Removal)
  Capture Clock Delay     :  2.574
  Launch Clock Delay      :  2.100
  Clock Pessimism Removal :  -0.474

 Location                          Delay Type             Incr        Path         Logical Resource 
----------------------------------------------------------------------------------------------------

 Clock DebugCore_JCLK (rising edge)
                                                         0.000       0.000 r                        
 SCANCHAIN_88_312/TCK1                                   0.000       0.000 r       u_CORES/u_GTP_SCANCHAIN_PG/scanchain/TCK1
                                   net (fanout=1)        1.213       1.213         u_CORES/drck_o   
 USCM_215_669/CLKOUT               td                    0.097       1.310 r       clkbufg_5/gopclkbufg/CLKOUT
                                   net (fanout=4)        0.334       1.644         ntclkbufg_2      
 HCKB_213_534/CLKOUT               td                    0.195       1.839 r       HCKBROUTE_289/CLKOUT
                                   net (fanout=178)      0.261       2.100         _N402            
 CLMA_267_714/CLK                                                          r       u_CORES/u_debug_core_0/u_Storage_Condition/u_cfg_reg_file/bit_cnt[0]/opit_0_inv_L6QL5Q1_perm/CLK

 CLMA_267_714/Q0                   tco                   0.103       2.203 r       u_CORES/u_debug_core_0/u_Storage_Condition/u_cfg_reg_file/bit_cnt[0]/opit_0_inv_L6QL5Q1_perm/L6Q
                                   net (fanout=10)       0.059       2.262         u_CORES/u_debug_core_0/u_Storage_Condition/u_cfg_reg_file/bit_cnt [0]
 CLMA_267_714/D4                                                           r       u_CORES/u_debug_core_0/u_Storage_Condition/u_cfg_reg_file/bit_cnt[4]/opit_0_inv_L6Q_perm/I4

 Data arrival time                                                   2.262         Logic Levels: 0  
                                                                                   Logic: 0.103ns(63.580%), Route: 0.059ns(36.420%)
----------------------------------------------------------------------------------------------------

 Clock DebugCore_JCLK (rising edge)
                                                         0.000       0.000 r                        
 SCANCHAIN_88_312/TCK1                                   0.000       0.000 r       u_CORES/u_GTP_SCANCHAIN_PG/scanchain/TCK1
                                   net (fanout=1)        1.520       1.520         u_CORES/drck_o   
 USCM_215_669/CLKOUT               td                    0.115       1.635 r       clkbufg_5/gopclkbufg/CLKOUT
                                   net (fanout=4)        0.397       2.032         ntclkbufg_2      
 HCKB_213_534/CLKOUT               td                    0.233       2.265 r       HCKBROUTE_289/CLKOUT
                                   net (fanout=178)      0.309       2.574         _N402            
 CLMA_267_714/CLK                                                          r       u_CORES/u_debug_core_0/u_Storage_Condition/u_cfg_reg_file/bit_cnt[4]/opit_0_inv_L6Q_perm/CLK
 clock pessimism                                        -0.474       2.100                          
 clock uncertainty                                       0.000       2.100                          

 Hold time                                              -0.024       2.076                          

 Data required time                                                  2.076                          
----------------------------------------------------------------------------------------------------
 Data required time                                                  2.076                          
 Data arrival time                                                  -2.262                          
----------------------------------------------------------------------------------------------------
 Slack (MET)                                                         0.186                          
====================================================================================================

====================================================================================================

Startpoint  : u_CORES/u_debug_core_0/u_hub_data_decode/conf_id[3]/opit_0_inv/CLK
Endpoint    : u_CORES/u_debug_core_0/u0_trig_unit/u_cfg_reg_file/bit_cnt[7]/opit_0_inv_L6Q_LUT6DQL5Q_perm/CE
Path Group  : DebugCore_JCLK
Path Type   : max
Path Class  : sequential timing path
Clock Skew :    0.286  (Capture Clock Delay - Launch Clock Delay + Clock Pessimism Removal)
  Capture Clock Delay     :  2.099
  Launch Clock Delay      :  1.813
  Clock Pessimism Removal :  0.000

 Location                          Delay Type             Incr        Path         Logical Resource 
----------------------------------------------------------------------------------------------------

 Clock DebugCore_CAPTURE (rising edge)
                                                        25.000      25.000 r                        
 SCANCHAIN_88_312/CAPTUREDR                              0.000      25.000 r       u_CORES/u_GTP_SCANCHAIN_PG/scanchain/CAPTUREDR
                                   net (fanout=1)        0.757      25.757         u_CORES/capt_o   
 USCM_215_666/CLKOUT               td                    0.115      25.872 r       clkbufg_4/gopclkbufg/CLKOUT
                                   net (fanout=1)        0.397      26.269         ntclkbufg_1      
 HCKB_213_526/CLKOUT               td                    0.233      26.502 r       HCKBROUTE_286/CLKOUT
                                   net (fanout=11)       0.311      26.813         _N399            
 CLMA_261_708/CLK                                                          r       u_CORES/u_debug_core_0/u_hub_data_decode/conf_id[3]/opit_0_inv/CLK

 CLMA_261_708/Q0                   tco                   0.125      26.938 f       u_CORES/u_debug_core_0/u_hub_data_decode/conf_id[3]/opit_0_inv/Q
                                   net (fanout=11)       0.428      27.366         u_CORES/u_debug_core_0/conf_id_o [3]
 CLMA_261_738/Y1                   td                    0.125      27.491 f       u_CORES/u_debug_core_0/u_hub_data_decode/N11_3/LUT6_inst_perm/L6
                                   net (fanout=10)       0.268      27.759         u_CORES/u_debug_core_0/_N2245
 CLMA_249_733/Y2                   td                    0.104      27.863 r       u_CORES/u_debug_core_0/u0_trig_unit/u_cfg_reg_file/N564_2/LUT6_inst_perm/L6
                                   net (fanout=7)        0.262      28.125         u_CORES/u_debug_core_0/u0_trig_unit/u_cfg_reg_file/N564
 CLMA_261_732/Y1                   td                    0.104      28.229 r       u_CORES/u_debug_core_0/u0_trig_unit/u_cfg_reg_file/N566/gateop_LUT6DL5Q_perm/L6
                                   net (fanout=2)        0.240      28.469         u_CORES/u_debug_core_0/u0_trig_unit/u_cfg_reg_file/N566
 CLMA_249_733/CECO                 td                    0.088      28.557 r       u_CORES/u_debug_core_0/u0_trig_unit/u_cfg_reg_file/bit_cnt[4]/opit_0_inv_L6Q_perm/CECO
                                   net (fanout=4)        0.000      28.557         _N107            
 CLMA_249_739/CECI                                                         r       u_CORES/u_debug_core_0/u0_trig_unit/u_cfg_reg_file/bit_cnt[7]/opit_0_inv_L6Q_LUT6DQL5Q_perm/CE

 Data arrival time                                                  28.557         Logic Levels: 4  
                                                                                   Logic: 0.546ns(31.307%), Route: 1.198ns(68.693%)
----------------------------------------------------------------------------------------------------

 Clock DebugCore_JCLK (rising edge)
                                                        50.000      50.000 r                        
 SCANCHAIN_88_312/TCK1                                   0.000      50.000 r       u_CORES/u_GTP_SCANCHAIN_PG/scanchain/TCK1
                                   net (fanout=1)        1.213      51.213         u_CORES/drck_o   
 USCM_215_669/CLKOUT               td                    0.097      51.310 r       clkbufg_5/gopclkbufg/CLKOUT
                                   net (fanout=4)        0.334      51.644         ntclkbufg_2      
 HCKB_213_534/CLKOUT               td                    0.195      51.839 r       HCKBROUTE_289/CLKOUT
                                   net (fanout=178)      0.260      52.099         _N402            
 CLMA_249_739/CLK                                                          r       u_CORES/u_debug_core_0/u0_trig_unit/u_cfg_reg_file/bit_cnt[7]/opit_0_inv_L6Q_LUT6DQL5Q_perm/CLK
 clock pessimism                                         0.000      52.099                          
 clock uncertainty                                      -0.050      52.049                          

 Setup time                                             -0.116      51.933                          

 Data required time                                                 51.933                          
----------------------------------------------------------------------------------------------------
 Data required time                                                 51.933                          
 Data arrival time                                                 -28.557                          
----------------------------------------------------------------------------------------------------
 Slack (MET)                                                        23.376                          
====================================================================================================

====================================================================================================

Startpoint  : u_CORES/u_debug_core_0/u_hub_data_decode/conf_id[3]/opit_0_inv/CLK
Endpoint    : u_CORES/u_debug_core_0/u0_trig_unit/u_cfg_reg_file/bit_cnt[1]/opit_0_inv_L6Q_LUT6DQL5Q_perm/CE
Path Group  : DebugCore_JCLK
Path Type   : max
Path Class  : sequential timing path
Clock Skew :    0.286  (Capture Clock Delay - Launch Clock Delay + Clock Pessimism Removal)
  Capture Clock Delay     :  2.099
  Launch Clock Delay      :  1.813
  Clock Pessimism Removal :  0.000

 Location                          Delay Type             Incr        Path         Logical Resource 
----------------------------------------------------------------------------------------------------

 Clock DebugCore_CAPTURE (rising edge)
                                                        25.000      25.000 r                        
 SCANCHAIN_88_312/CAPTUREDR                              0.000      25.000 r       u_CORES/u_GTP_SCANCHAIN_PG/scanchain/CAPTUREDR
                                   net (fanout=1)        0.757      25.757         u_CORES/capt_o   
 USCM_215_666/CLKOUT               td                    0.115      25.872 r       clkbufg_4/gopclkbufg/CLKOUT
                                   net (fanout=1)        0.397      26.269         ntclkbufg_1      
 HCKB_213_526/CLKOUT               td                    0.233      26.502 r       HCKBROUTE_286/CLKOUT
                                   net (fanout=11)       0.311      26.813         _N399            
 CLMA_261_708/CLK                                                          r       u_CORES/u_debug_core_0/u_hub_data_decode/conf_id[3]/opit_0_inv/CLK

 CLMA_261_708/Q0                   tco                   0.125      26.938 f       u_CORES/u_debug_core_0/u_hub_data_decode/conf_id[3]/opit_0_inv/Q
                                   net (fanout=11)       0.428      27.366         u_CORES/u_debug_core_0/conf_id_o [3]
 CLMA_261_738/Y1                   td                    0.125      27.491 f       u_CORES/u_debug_core_0/u_hub_data_decode/N11_3/LUT6_inst_perm/L6
                                   net (fanout=10)       0.268      27.759         u_CORES/u_debug_core_0/_N2245
 CLMA_249_733/Y2                   td                    0.104      27.863 r       u_CORES/u_debug_core_0/u0_trig_unit/u_cfg_reg_file/N564_2/LUT6_inst_perm/L6
                                   net (fanout=7)        0.262      28.125         u_CORES/u_debug_core_0/u0_trig_unit/u_cfg_reg_file/N564
 CLMA_261_732/Y1                   td                    0.104      28.229 r       u_CORES/u_debug_core_0/u0_trig_unit/u_cfg_reg_file/N566/gateop_LUT6DL5Q_perm/L6
                                   net (fanout=2)        0.240      28.469         u_CORES/u_debug_core_0/u0_trig_unit/u_cfg_reg_file/N566
 CLMA_249_733/CECO                 td                    0.088      28.557 r       u_CORES/u_debug_core_0/u0_trig_unit/u_cfg_reg_file/bit_cnt[4]/opit_0_inv_L6Q_perm/CECO
                                   net (fanout=4)        0.000      28.557         _N107            
 CLMA_249_739/CECI                                                         r       u_CORES/u_debug_core_0/u0_trig_unit/u_cfg_reg_file/bit_cnt[1]/opit_0_inv_L6Q_LUT6DQL5Q_perm/CE

 Data arrival time                                                  28.557         Logic Levels: 4  
                                                                                   Logic: 0.546ns(31.307%), Route: 1.198ns(68.693%)
----------------------------------------------------------------------------------------------------

 Clock DebugCore_JCLK (rising edge)
                                                        50.000      50.000 r                        
 SCANCHAIN_88_312/TCK1                                   0.000      50.000 r       u_CORES/u_GTP_SCANCHAIN_PG/scanchain/TCK1
                                   net (fanout=1)        1.213      51.213         u_CORES/drck_o   
 USCM_215_669/CLKOUT               td                    0.097      51.310 r       clkbufg_5/gopclkbufg/CLKOUT
                                   net (fanout=4)        0.334      51.644         ntclkbufg_2      
 HCKB_213_534/CLKOUT               td                    0.195      51.839 r       HCKBROUTE_289/CLKOUT
                                   net (fanout=178)      0.260      52.099         _N402            
 CLMA_249_739/CLK                                                          r       u_CORES/u_debug_core_0/u0_trig_unit/u_cfg_reg_file/bit_cnt[1]/opit_0_inv_L6Q_LUT6DQL5Q_perm/CLK
 clock pessimism                                         0.000      52.099                          
 clock uncertainty                                      -0.050      52.049                          

 Setup time                                             -0.116      51.933                          

 Data required time                                                 51.933                          
----------------------------------------------------------------------------------------------------
 Data required time                                                 51.933                          
 Data arrival time                                                 -28.557                          
----------------------------------------------------------------------------------------------------
 Slack (MET)                                                        23.376                          
====================================================================================================

====================================================================================================

Startpoint  : u_CORES/u_debug_core_0/u_hub_data_decode/conf_id[3]/opit_0_inv/CLK
Endpoint    : u_CORES/u_debug_core_0/u0_trig_unit/u_cfg_reg_file/bit_cnt[5]/opit_0_inv_L6Q_perm/CE
Path Group  : DebugCore_JCLK
Path Type   : max
Path Class  : sequential timing path
Clock Skew :    0.286  (Capture Clock Delay - Launch Clock Delay + Clock Pessimism Removal)
  Capture Clock Delay     :  2.099
  Launch Clock Delay      :  1.813
  Clock Pessimism Removal :  0.000

 Location                          Delay Type             Incr        Path         Logical Resource 
----------------------------------------------------------------------------------------------------

 Clock DebugCore_CAPTURE (rising edge)
                                                        25.000      25.000 r                        
 SCANCHAIN_88_312/CAPTUREDR                              0.000      25.000 r       u_CORES/u_GTP_SCANCHAIN_PG/scanchain/CAPTUREDR
                                   net (fanout=1)        0.757      25.757         u_CORES/capt_o   
 USCM_215_666/CLKOUT               td                    0.115      25.872 r       clkbufg_4/gopclkbufg/CLKOUT
                                   net (fanout=1)        0.397      26.269         ntclkbufg_1      
 HCKB_213_526/CLKOUT               td                    0.233      26.502 r       HCKBROUTE_286/CLKOUT
                                   net (fanout=11)       0.311      26.813         _N399            
 CLMA_261_708/CLK                                                          r       u_CORES/u_debug_core_0/u_hub_data_decode/conf_id[3]/opit_0_inv/CLK

 CLMA_261_708/Q0                   tco                   0.125      26.938 f       u_CORES/u_debug_core_0/u_hub_data_decode/conf_id[3]/opit_0_inv/Q
                                   net (fanout=11)       0.428      27.366         u_CORES/u_debug_core_0/conf_id_o [3]
 CLMA_261_738/Y1                   td                    0.125      27.491 f       u_CORES/u_debug_core_0/u_hub_data_decode/N11_3/LUT6_inst_perm/L6
                                   net (fanout=10)       0.268      27.759         u_CORES/u_debug_core_0/_N2245
 CLMA_249_733/Y2                   td                    0.104      27.863 r       u_CORES/u_debug_core_0/u0_trig_unit/u_cfg_reg_file/N564_2/LUT6_inst_perm/L6
                                   net (fanout=7)        0.262      28.125         u_CORES/u_debug_core_0/u0_trig_unit/u_cfg_reg_file/N564
 CLMA_261_732/Y1                   td                    0.104      28.229 r       u_CORES/u_debug_core_0/u0_trig_unit/u_cfg_reg_file/N566/gateop_LUT6DL5Q_perm/L6
                                   net (fanout=2)        0.240      28.469         u_CORES/u_debug_core_0/u0_trig_unit/u_cfg_reg_file/N566
 CLMA_249_733/CECO                 td                    0.088      28.557 r       u_CORES/u_debug_core_0/u0_trig_unit/u_cfg_reg_file/bit_cnt[4]/opit_0_inv_L6Q_perm/CECO
                                   net (fanout=4)        0.000      28.557         _N107            
 CLMA_249_739/CECI                                                         r       u_CORES/u_debug_core_0/u0_trig_unit/u_cfg_reg_file/bit_cnt[5]/opit_0_inv_L6Q_perm/CE

 Data arrival time                                                  28.557         Logic Levels: 4  
                                                                                   Logic: 0.546ns(31.307%), Route: 1.198ns(68.693%)
----------------------------------------------------------------------------------------------------

 Clock DebugCore_JCLK (rising edge)
                                                        50.000      50.000 r                        
 SCANCHAIN_88_312/TCK1                                   0.000      50.000 r       u_CORES/u_GTP_SCANCHAIN_PG/scanchain/TCK1
                                   net (fanout=1)        1.213      51.213         u_CORES/drck_o   
 USCM_215_669/CLKOUT               td                    0.097      51.310 r       clkbufg_5/gopclkbufg/CLKOUT
                                   net (fanout=4)        0.334      51.644         ntclkbufg_2      
 HCKB_213_534/CLKOUT               td                    0.195      51.839 r       HCKBROUTE_289/CLKOUT
                                   net (fanout=178)      0.260      52.099         _N402            
 CLMA_249_739/CLK                                                          r       u_CORES/u_debug_core_0/u0_trig_unit/u_cfg_reg_file/bit_cnt[5]/opit_0_inv_L6Q_perm/CLK
 clock pessimism                                         0.000      52.099                          
 clock uncertainty                                      -0.050      52.049                          

 Setup time                                             -0.116      51.933                          

 Data required time                                                 51.933                          
----------------------------------------------------------------------------------------------------
 Data required time                                                 51.933                          
 Data arrival time                                                 -28.557                          
----------------------------------------------------------------------------------------------------
 Slack (MET)                                                        23.376                          
====================================================================================================

====================================================================================================

Startpoint  : u_CORES/u_debug_core_0/u_hub_data_decode/conf_id_ini[1]/opit_0_inv/CLK
Endpoint    : u_CORES/u_debug_core_0/u_hub_data_decode/conf_rst/opit_0_inv_L6Q_perm/I5
Path Group  : DebugCore_JCLK
Path Type   : min
Path Class  : sequential timing path
Clock Skew :    1.101  (Capture Clock Delay - Launch Clock Delay + Clock Pessimism Removal)
  Capture Clock Delay     :  2.575
  Launch Clock Delay      :  1.474
  Clock Pessimism Removal :  0.000

 Location                          Delay Type             Incr        Path         Logical Resource 
----------------------------------------------------------------------------------------------------

 Clock DebugCore_CAPTURE (rising edge)
                                                        25.000      25.000 r                        
 SCANCHAIN_88_312/CAPTUREDR                              0.000      25.000 r       u_CORES/u_GTP_SCANCHAIN_PG/scanchain/CAPTUREDR
                                   net (fanout=1)        0.587      25.587         u_CORES/capt_o   
 USCM_215_666/CLKOUT               td                    0.097      25.684 r       clkbufg_4/gopclkbufg/CLKOUT
                                   net (fanout=1)        0.334      26.018         ntclkbufg_1      
 HCKB_213_526/CLKOUT               td                    0.195      26.213 r       HCKBROUTE_286/CLKOUT
                                   net (fanout=11)       0.261      26.474         _N399            
 CLMA_261_721/CLK                                                          r       u_CORES/u_debug_core_0/u_hub_data_decode/conf_id_ini[1]/opit_0_inv/CLK

 CLMA_261_721/Q2                   tco                   0.109      26.583 f       u_CORES/u_debug_core_0/u_hub_data_decode/conf_id_ini[1]/opit_0_inv/Q
                                   net (fanout=3)        0.112      26.695         u_CORES/u_debug_core_0/u_hub_data_decode/conf_id_ini [1]
 CLMA_261_715/B5                                                           f       u_CORES/u_debug_core_0/u_hub_data_decode/conf_rst/opit_0_inv_L6Q_perm/I5

 Data arrival time                                                  26.695         Logic Levels: 0  
                                                                                   Logic: 0.109ns(49.321%), Route: 0.112ns(50.679%)
----------------------------------------------------------------------------------------------------

 Clock DebugCore_JCLK (rising edge)
                                                         0.000       0.000 r                        
 SCANCHAIN_88_312/TCK1                                   0.000       0.000 r       u_CORES/u_GTP_SCANCHAIN_PG/scanchain/TCK1
                                   net (fanout=1)        1.520       1.520         u_CORES/drck_o   
 USCM_215_669/CLKOUT               td                    0.115       1.635 r       clkbufg_5/gopclkbufg/CLKOUT
                                   net (fanout=4)        0.397       2.032         ntclkbufg_2      
 HCKB_213_534/CLKOUT               td                    0.233       2.265 r       HCKBROUTE_289/CLKOUT
                                   net (fanout=178)      0.310       2.575         _N402            
 CLMA_261_715/CLK                                                          r       u_CORES/u_debug_core_0/u_hub_data_decode/conf_rst/opit_0_inv_L6Q_perm/CLK
 clock pessimism                                         0.000       2.575                          
 clock uncertainty                                       0.050       2.625                          

 Hold time                                              -0.009       2.616                          

 Data required time                                                  2.616                          
----------------------------------------------------------------------------------------------------
 Data required time                                                  2.616                          
 Data arrival time                                                 -26.695                          
----------------------------------------------------------------------------------------------------
 Slack (MET)                                                        24.079                          
====================================================================================================

====================================================================================================

Startpoint  : u_CORES/u_debug_core_0/u_hub_data_decode/conf_id[4]/opit_0_inv/CLK
Endpoint    : u_CORES/u_debug_core_0/u_hub_data_decode/start/opit_0_inv_L6Q_perm/I5
Path Group  : DebugCore_JCLK
Path Type   : min
Path Class  : sequential timing path
Clock Skew :    1.099  (Capture Clock Delay - Launch Clock Delay + Clock Pessimism Removal)
  Capture Clock Delay     :  2.575
  Launch Clock Delay      :  1.476
  Clock Pessimism Removal :  0.000

 Location                          Delay Type             Incr        Path         Logical Resource 
----------------------------------------------------------------------------------------------------

 Clock DebugCore_CAPTURE (rising edge)
                                                        25.000      25.000 r                        
 SCANCHAIN_88_312/CAPTUREDR                              0.000      25.000 r       u_CORES/u_GTP_SCANCHAIN_PG/scanchain/CAPTUREDR
                                   net (fanout=1)        0.587      25.587         u_CORES/capt_o   
 USCM_215_666/CLKOUT               td                    0.097      25.684 r       clkbufg_4/gopclkbufg/CLKOUT
                                   net (fanout=1)        0.334      26.018         ntclkbufg_1      
 HCKB_213_526/CLKOUT               td                    0.195      26.213 r       HCKBROUTE_286/CLKOUT
                                   net (fanout=11)       0.263      26.476         _N399            
 CLMA_261_708/CLK                                                          r       u_CORES/u_debug_core_0/u_hub_data_decode/conf_id[4]/opit_0_inv/CLK

 CLMA_261_708/Q1                   tco                   0.109      26.585 f       u_CORES/u_debug_core_0/u_hub_data_decode/conf_id[4]/opit_0_inv/Q
                                   net (fanout=11)       0.112      26.697         u_CORES/u_debug_core_0/conf_id_o [4]
 CLMA_267_708/D5                                                           f       u_CORES/u_debug_core_0/u_hub_data_decode/start/opit_0_inv_L6Q_perm/I5

 Data arrival time                                                  26.697         Logic Levels: 0  
                                                                                   Logic: 0.109ns(49.321%), Route: 0.112ns(50.679%)
----------------------------------------------------------------------------------------------------

 Clock DebugCore_JCLK (rising edge)
                                                         0.000       0.000 r                        
 SCANCHAIN_88_312/TCK1                                   0.000       0.000 r       u_CORES/u_GTP_SCANCHAIN_PG/scanchain/TCK1
                                   net (fanout=1)        1.520       1.520         u_CORES/drck_o   
 USCM_215_669/CLKOUT               td                    0.115       1.635 r       clkbufg_5/gopclkbufg/CLKOUT
                                   net (fanout=4)        0.397       2.032         ntclkbufg_2      
 HCKB_213_534/CLKOUT               td                    0.233       2.265 r       HCKBROUTE_289/CLKOUT
                                   net (fanout=178)      0.310       2.575         _N402            
 CLMA_267_708/CLK                                                          r       u_CORES/u_debug_core_0/u_hub_data_decode/start/opit_0_inv_L6Q_perm/CLK
 clock pessimism                                         0.000       2.575                          
 clock uncertainty                                       0.050       2.625                          

 Hold time                                              -0.009       2.616                          

 Data required time                                                  2.616                          
----------------------------------------------------------------------------------------------------
 Data required time                                                  2.616                          
 Data arrival time                                                 -26.697                          
----------------------------------------------------------------------------------------------------
 Slack (MET)                                                        24.081                          
====================================================================================================

====================================================================================================

Startpoint  : u_CORES/u_debug_core_0/u_hub_data_decode/conf_id_ini[4]/opit_0_inv/CLK
Endpoint    : u_CORES/u_debug_core_0/u_hub_data_decode/conf_sel_rb/opit_0_inv_L6Q_perm/I5
Path Group  : DebugCore_JCLK
Path Type   : min
Path Class  : sequential timing path
Clock Skew :    1.101  (Capture Clock Delay - Launch Clock Delay + Clock Pessimism Removal)
  Capture Clock Delay     :  2.575
  Launch Clock Delay      :  1.474
  Clock Pessimism Removal :  0.000

 Location                          Delay Type             Incr        Path         Logical Resource 
----------------------------------------------------------------------------------------------------

 Clock DebugCore_CAPTURE (rising edge)
                                                        25.000      25.000 r                        
 SCANCHAIN_88_312/CAPTUREDR                              0.000      25.000 r       u_CORES/u_GTP_SCANCHAIN_PG/scanchain/CAPTUREDR
                                   net (fanout=1)        0.587      25.587         u_CORES/capt_o   
 USCM_215_666/CLKOUT               td                    0.097      25.684 r       clkbufg_4/gopclkbufg/CLKOUT
                                   net (fanout=1)        0.334      26.018         ntclkbufg_1      
 HCKB_213_526/CLKOUT               td                    0.195      26.213 r       HCKBROUTE_286/CLKOUT
                                   net (fanout=11)       0.261      26.474         _N399            
 CLMA_261_721/CLK                                                          r       u_CORES/u_debug_core_0/u_hub_data_decode/conf_id_ini[4]/opit_0_inv/CLK

 CLMA_261_721/Q1                   tco                   0.109      26.583 f       u_CORES/u_debug_core_0/u_hub_data_decode/conf_id_ini[4]/opit_0_inv/Q
                                   net (fanout=3)        0.112      26.695         u_CORES/u_debug_core_0/u_hub_data_decode/conf_id_ini [4]
 CLMA_261_715/C5                                                           f       u_CORES/u_debug_core_0/u_hub_data_decode/conf_sel_rb/opit_0_inv_L6Q_perm/I5

 Data arrival time                                                  26.695         Logic Levels: 0  
                                                                                   Logic: 0.109ns(49.321%), Route: 0.112ns(50.679%)
----------------------------------------------------------------------------------------------------

 Clock DebugCore_JCLK (rising edge)
                                                         0.000       0.000 r                        
 SCANCHAIN_88_312/TCK1                                   0.000       0.000 r       u_CORES/u_GTP_SCANCHAIN_PG/scanchain/TCK1
                                   net (fanout=1)        1.520       1.520         u_CORES/drck_o   
 USCM_215_669/CLKOUT               td                    0.115       1.635 r       clkbufg_5/gopclkbufg/CLKOUT
                                   net (fanout=4)        0.397       2.032         ntclkbufg_2      
 HCKB_213_534/CLKOUT               td                    0.233       2.265 r       HCKBROUTE_289/CLKOUT
                                   net (fanout=178)      0.310       2.575         _N402            
 CLMA_261_715/CLK                                                          r       u_CORES/u_debug_core_0/u_hub_data_decode/conf_sel_rb/opit_0_inv_L6Q_perm/CLK
 clock pessimism                                         0.000       2.575                          
 clock uncertainty                                       0.050       2.625                          

 Hold time                                              -0.011       2.614                          

 Data required time                                                  2.614                          
----------------------------------------------------------------------------------------------------
 Data required time                                                  2.614                          
 Data arrival time                                                 -26.695                          
----------------------------------------------------------------------------------------------------
 Slack (MET)                                                        24.081                          
====================================================================================================

====================================================================================================

Startpoint  : u_CORES/u_jtag_hub/id_o[3]/opit_0_inv_L6Q_LUT6DQL5Q_perm/CLK
Endpoint    : u_CORES/u_debug_core_0/u_hub_data_decode/conf_id[2]/opit_0_inv/D
Path Group  : DebugCore_CAPTURE
Path Type   : max
Path Class  : sequential timing path
Clock Skew :    -1.282  (Capture Clock Delay - Launch Clock Delay + Clock Pessimism Removal)
  Capture Clock Delay     :  1.473
  Launch Clock Delay      :  2.755
  Clock Pessimism Removal :  0.000

 Location                          Delay Type             Incr        Path         Logical Resource 
----------------------------------------------------------------------------------------------------

 Clock DebugCore_JCLK (falling edge)
                                                        75.000      75.000 f                        
 SCANCHAIN_88_312/TCK1                                   0.000      75.000 f       u_CORES/u_GTP_SCANCHAIN_PG/scanchain/TCK1
                                   net (fanout=1)        1.698      76.698         u_CORES/drck_o   
 USCM_215_669/CLKOUT               td                    0.115      76.813 f       clkbufg_5/gopclkbufg/CLKOUT
                                   net (fanout=4)        0.397      77.210         ntclkbufg_2      
 HCKB_213_534/CLKOUT               td                    0.233      77.443 f       HCKBROUTE_289/CLKOUT
                                   net (fanout=178)      0.312      77.755         _N402            
 CLMA_261_709/CLK                                                          f       u_CORES/u_jtag_hub/id_o[3]/opit_0_inv_L6Q_LUT6DQL5Q_perm/CLK

 CLMA_261_709/CR3                  tco                   0.139      77.894 f       u_CORES/u_jtag_hub/id_o[3]/opit_0_inv_L6Q_LUT6DQL5Q_perm/L5Q
                                   net (fanout=2)        0.385      78.279         u_CORES/id_o [2] 
 CLMA_261_727/M1                                                           f       u_CORES/u_debug_core_0/u_hub_data_decode/conf_id[2]/opit_0_inv/D

 Data arrival time                                                  78.279         Logic Levels: 0  
                                                                                   Logic: 0.139ns(26.527%), Route: 0.385ns(73.473%)
----------------------------------------------------------------------------------------------------

 Clock DebugCore_CAPTURE (rising edge)
                                                       125.000     125.000 r                        
 SCANCHAIN_88_312/CAPTUREDR                              0.000     125.000 r       u_CORES/u_GTP_SCANCHAIN_PG/scanchain/CAPTUREDR
                                   net (fanout=1)        0.587     125.587         u_CORES/capt_o   
 USCM_215_666/CLKOUT               td                    0.097     125.684 r       clkbufg_4/gopclkbufg/CLKOUT
                                   net (fanout=1)        0.334     126.018         ntclkbufg_1      
 HCKB_213_526/CLKOUT               td                    0.195     126.213 r       HCKBROUTE_286/CLKOUT
                                   net (fanout=11)       0.260     126.473         _N399            
 CLMA_261_727/CLK                                                          r       u_CORES/u_debug_core_0/u_hub_data_decode/conf_id[2]/opit_0_inv/CLK
 clock pessimism                                         0.000     126.473                          
 clock uncertainty                                      -0.050     126.423                          

 Setup time                                             -0.074     126.349                          

 Data required time                                                126.349                          
----------------------------------------------------------------------------------------------------
 Data required time                                                126.349                          
 Data arrival time                                                 -78.279                          
----------------------------------------------------------------------------------------------------
 Slack (MET)                                                        48.070                          
====================================================================================================

====================================================================================================

Startpoint  : u_CORES/u_jtag_hub/id_o[1]/opit_0_inv_L6Q_LUT6DQL5Q_perm/CLK
Endpoint    : u_CORES/u_debug_core_0/u_hub_data_decode/conf_id[1]/opit_0_inv/D
Path Group  : DebugCore_CAPTURE
Path Type   : max
Path Class  : sequential timing path
Clock Skew :    -1.282  (Capture Clock Delay - Launch Clock Delay + Clock Pessimism Removal)
  Capture Clock Delay     :  1.473
  Launch Clock Delay      :  2.755
  Clock Pessimism Removal :  0.000

 Location                          Delay Type             Incr        Path         Logical Resource 
----------------------------------------------------------------------------------------------------

 Clock DebugCore_JCLK (falling edge)
                                                        75.000      75.000 f                        
 SCANCHAIN_88_312/TCK1                                   0.000      75.000 f       u_CORES/u_GTP_SCANCHAIN_PG/scanchain/TCK1
                                   net (fanout=1)        1.698      76.698         u_CORES/drck_o   
 USCM_215_669/CLKOUT               td                    0.115      76.813 f       clkbufg_5/gopclkbufg/CLKOUT
                                   net (fanout=4)        0.397      77.210         ntclkbufg_2      
 HCKB_213_534/CLKOUT               td                    0.233      77.443 f       HCKBROUTE_289/CLKOUT
                                   net (fanout=178)      0.312      77.755         _N402            
 CLMA_261_709/CLK                                                          f       u_CORES/u_jtag_hub/id_o[1]/opit_0_inv_L6Q_LUT6DQL5Q_perm/CLK

 CLMA_261_709/Q0                   tco                   0.125      77.880 f       u_CORES/u_jtag_hub/id_o[1]/opit_0_inv_L6Q_LUT6DQL5Q_perm/L6Q
                                   net (fanout=2)        0.387      78.267         u_CORES/id_o [1] 
 CLMA_261_727/M0                                                           f       u_CORES/u_debug_core_0/u_hub_data_decode/conf_id[1]/opit_0_inv/D

 Data arrival time                                                  78.267         Logic Levels: 0  
                                                                                   Logic: 0.125ns(24.414%), Route: 0.387ns(75.586%)
----------------------------------------------------------------------------------------------------

 Clock DebugCore_CAPTURE (rising edge)
                                                       125.000     125.000 r                        
 SCANCHAIN_88_312/CAPTUREDR                              0.000     125.000 r       u_CORES/u_GTP_SCANCHAIN_PG/scanchain/CAPTUREDR
                                   net (fanout=1)        0.587     125.587         u_CORES/capt_o   
 USCM_215_666/CLKOUT               td                    0.097     125.684 r       clkbufg_4/gopclkbufg/CLKOUT
                                   net (fanout=1)        0.334     126.018         ntclkbufg_1      
 HCKB_213_526/CLKOUT               td                    0.195     126.213 r       HCKBROUTE_286/CLKOUT
                                   net (fanout=11)       0.260     126.473         _N399            
 CLMA_261_727/CLK                                                          r       u_CORES/u_debug_core_0/u_hub_data_decode/conf_id[1]/opit_0_inv/CLK
 clock pessimism                                         0.000     126.473                          
 clock uncertainty                                      -0.050     126.423                          

 Setup time                                             -0.074     126.349                          

 Data required time                                                126.349                          
----------------------------------------------------------------------------------------------------
 Data required time                                                126.349                          
 Data arrival time                                                 -78.267                          
----------------------------------------------------------------------------------------------------
 Slack (MET)                                                        48.082                          
====================================================================================================

====================================================================================================

Startpoint  : u_CORES/u_jtag_hub/conf_sel[0]/opit_0_inv_L6Q_perm/CLK
Endpoint    : u_CORES/u_debug_core_0/u_hub_data_decode/conf_id[0]/opit_0_inv/CE
Path Group  : DebugCore_CAPTURE
Path Type   : max
Path Class  : sequential timing path
Clock Skew :    -1.285  (Capture Clock Delay - Launch Clock Delay + Clock Pessimism Removal)
  Capture Clock Delay     :  1.473
  Launch Clock Delay      :  2.758
  Clock Pessimism Removal :  0.000

 Location                          Delay Type             Incr        Path         Logical Resource 
----------------------------------------------------------------------------------------------------

 Clock DebugCore_JCLK (falling edge)
                                                        75.000      75.000 f                        
 SCANCHAIN_88_312/TCK1                                   0.000      75.000 f       u_CORES/u_GTP_SCANCHAIN_PG/scanchain/TCK1
                                   net (fanout=1)        1.698      76.698         u_CORES/drck_o   
 USCM_215_669/CLKOUT               td                    0.115      76.813 f       clkbufg_5/gopclkbufg/CLKOUT
                                   net (fanout=4)        0.397      77.210         ntclkbufg_2      
 HCKB_213_534/CLKOUT               td                    0.233      77.443 f       HCKBROUTE_289/CLKOUT
                                   net (fanout=178)      0.315      77.758         _N402            
 CLMA_249_708/CLK                                                          f       u_CORES/u_jtag_hub/conf_sel[0]/opit_0_inv_L6Q_perm/CLK

 CLMA_249_708/Q1                   tco                   0.120      77.878 r       u_CORES/u_jtag_hub/conf_sel[0]/opit_0_inv_L6Q_perm/L6Q
                                   net (fanout=6)        0.342      78.220         u_CORES/conf_sel [0]
 CLMA_261_727/CE                                                           r       u_CORES/u_debug_core_0/u_hub_data_decode/conf_id[0]/opit_0_inv/CE

 Data arrival time                                                  78.220         Logic Levels: 0  
                                                                                   Logic: 0.120ns(25.974%), Route: 0.342ns(74.026%)
----------------------------------------------------------------------------------------------------

 Clock DebugCore_CAPTURE (rising edge)
                                                       125.000     125.000 r                        
 SCANCHAIN_88_312/CAPTUREDR                              0.000     125.000 r       u_CORES/u_GTP_SCANCHAIN_PG/scanchain/CAPTUREDR
                                   net (fanout=1)        0.587     125.587         u_CORES/capt_o   
 USCM_215_666/CLKOUT               td                    0.097     125.684 r       clkbufg_4/gopclkbufg/CLKOUT
                                   net (fanout=1)        0.334     126.018         ntclkbufg_1      
 HCKB_213_526/CLKOUT               td                    0.195     126.213 r       HCKBROUTE_286/CLKOUT
                                   net (fanout=11)       0.260     126.473         _N399            
 CLMA_261_727/CLK                                                          r       u_CORES/u_debug_core_0/u_hub_data_decode/conf_id[0]/opit_0_inv/CLK
 clock pessimism                                         0.000     126.473                          
 clock uncertainty                                      -0.050     126.423                          

 Setup time                                             -0.116     126.307                          

 Data required time                                                126.307                          
----------------------------------------------------------------------------------------------------
 Data required time                                                126.307                          
 Data arrival time                                                 -78.220                          
----------------------------------------------------------------------------------------------------
 Slack (MET)                                                        48.087                          
====================================================================================================

====================================================================================================

Startpoint  : u_CORES/u_jtag_hub/id_o[1]/opit_0_inv_L6Q_LUT6DQL5Q_perm/CLK
Endpoint    : u_CORES/u_debug_core_0/u_hub_data_decode/conf_id_ini[1]/opit_0_inv/D
Path Group  : DebugCore_CAPTURE
Path Type   : min
Path Class  : sequential timing path
Clock Skew :    -0.364  (Capture Clock Delay - Launch Clock Delay + Clock Pessimism Removal)
  Capture Clock Delay     :  1.811
  Launch Clock Delay      :  2.175
  Clock Pessimism Removal :  0.000

 Location                          Delay Type             Incr        Path         Logical Resource 
----------------------------------------------------------------------------------------------------

 Clock DebugCore_JCLK (falling edge)
                                                       125.000     125.000 f                        
 SCANCHAIN_88_312/TCK1                                   0.000     125.000 f       u_CORES/u_GTP_SCANCHAIN_PG/scanchain/TCK1
                                   net (fanout=1)        1.284     126.284         u_CORES/drck_o   
 USCM_215_669/CLKOUT               td                    0.097     126.381 f       clkbufg_5/gopclkbufg/CLKOUT
                                   net (fanout=4)        0.334     126.715         ntclkbufg_2      
 HCKB_213_534/CLKOUT               td                    0.195     126.910 f       HCKBROUTE_289/CLKOUT
                                   net (fanout=178)      0.265     127.175         _N402            
 CLMA_261_709/CLK                                                          f       u_CORES/u_jtag_hub/id_o[1]/opit_0_inv_L6Q_LUT6DQL5Q_perm/CLK

 CLMA_261_709/Q0                   tco                   0.104     127.279 r       u_CORES/u_jtag_hub/id_o[1]/opit_0_inv_L6Q_LUT6DQL5Q_perm/L6Q
                                   net (fanout=2)        0.123     127.402         u_CORES/id_o [1] 
 CLMA_261_721/M2                                                           r       u_CORES/u_debug_core_0/u_hub_data_decode/conf_id_ini[1]/opit_0_inv/D

 Data arrival time                                                 127.402         Logic Levels: 0  
                                                                                   Logic: 0.104ns(45.815%), Route: 0.123ns(54.185%)
----------------------------------------------------------------------------------------------------

 Clock DebugCore_CAPTURE (rising edge)
                                                       125.000     125.000 r                        
 SCANCHAIN_88_312/CAPTUREDR                              0.000     125.000 r       u_CORES/u_GTP_SCANCHAIN_PG/scanchain/CAPTUREDR
                                   net (fanout=1)        0.757     125.757         u_CORES/capt_o   
 USCM_215_666/CLKOUT               td                    0.115     125.872 r       clkbufg_4/gopclkbufg/CLKOUT
                                   net (fanout=1)        0.397     126.269         ntclkbufg_1      
 HCKB_213_526/CLKOUT               td                    0.233     126.502 r       HCKBROUTE_286/CLKOUT
                                   net (fanout=11)       0.309     126.811         _N399            
 CLMA_261_721/CLK                                                          r       u_CORES/u_debug_core_0/u_hub_data_decode/conf_id_ini[1]/opit_0_inv/CLK
 clock pessimism                                         0.000     126.811                          
 clock uncertainty                                       0.050     126.861                          

 Hold time                                              -0.028     126.833                          

 Data required time                                                126.833                          
----------------------------------------------------------------------------------------------------
 Data required time                                                126.833                          
 Data arrival time                                                -127.402                          
----------------------------------------------------------------------------------------------------
 Slack (MET)                                                         0.569                          
====================================================================================================

====================================================================================================

Startpoint  : u_CORES/u_jtag_hub/id_o[1]/opit_0_inv_L6Q_LUT6DQL5Q_perm/CLK
Endpoint    : u_CORES/u_debug_core_0/u_hub_data_decode/conf_id_ini[0]/opit_0_inv/D
Path Group  : DebugCore_CAPTURE
Path Type   : min
Path Class  : sequential timing path
Clock Skew :    -0.360  (Capture Clock Delay - Launch Clock Delay + Clock Pessimism Removal)
  Capture Clock Delay     :  1.815
  Launch Clock Delay      :  2.175
  Clock Pessimism Removal :  0.000

 Location                          Delay Type             Incr        Path         Logical Resource 
----------------------------------------------------------------------------------------------------

 Clock DebugCore_JCLK (falling edge)
                                                       125.000     125.000 f                        
 SCANCHAIN_88_312/TCK1                                   0.000     125.000 f       u_CORES/u_GTP_SCANCHAIN_PG/scanchain/TCK1
                                   net (fanout=1)        1.284     126.284         u_CORES/drck_o   
 USCM_215_669/CLKOUT               td                    0.097     126.381 f       clkbufg_5/gopclkbufg/CLKOUT
                                   net (fanout=4)        0.334     126.715         ntclkbufg_2      
 HCKB_213_534/CLKOUT               td                    0.195     126.910 f       HCKBROUTE_289/CLKOUT
                                   net (fanout=178)      0.265     127.175         _N402            
 CLMA_261_709/CLK                                                          f       u_CORES/u_jtag_hub/id_o[1]/opit_0_inv_L6Q_LUT6DQL5Q_perm/CLK

 CLMA_261_709/CR0                  tco                   0.120     127.295 r       u_CORES/u_jtag_hub/id_o[1]/opit_0_inv_L6Q_LUT6DQL5Q_perm/L5Q
                                   net (fanout=2)        0.123     127.418         u_CORES/id_o [0] 
 CLMA_261_697/M1                                                           r       u_CORES/u_debug_core_0/u_hub_data_decode/conf_id_ini[0]/opit_0_inv/D

 Data arrival time                                                 127.418         Logic Levels: 0  
                                                                                   Logic: 0.120ns(49.383%), Route: 0.123ns(50.617%)
----------------------------------------------------------------------------------------------------

 Clock DebugCore_CAPTURE (rising edge)
                                                       125.000     125.000 r                        
 SCANCHAIN_88_312/CAPTUREDR                              0.000     125.000 r       u_CORES/u_GTP_SCANCHAIN_PG/scanchain/CAPTUREDR
                                   net (fanout=1)        0.757     125.757         u_CORES/capt_o   
 USCM_215_666/CLKOUT               td                    0.115     125.872 r       clkbufg_4/gopclkbufg/CLKOUT
                                   net (fanout=1)        0.397     126.269         ntclkbufg_1      
 HCKB_213_526/CLKOUT               td                    0.233     126.502 r       HCKBROUTE_286/CLKOUT
                                   net (fanout=11)       0.313     126.815         _N399            
 CLMA_261_697/CLK                                                          r       u_CORES/u_debug_core_0/u_hub_data_decode/conf_id_ini[0]/opit_0_inv/CLK
 clock pessimism                                         0.000     126.815                          
 clock uncertainty                                       0.050     126.865                          

 Hold time                                              -0.028     126.837                          

 Data required time                                                126.837                          
----------------------------------------------------------------------------------------------------
 Data required time                                                126.837                          
 Data arrival time                                                -127.418                          
----------------------------------------------------------------------------------------------------
 Slack (MET)                                                         0.581                          
====================================================================================================

====================================================================================================

Startpoint  : u_CORES/u_jtag_hub/id_o[3]/opit_0_inv_L6Q_LUT6DQL5Q_perm/CLK
Endpoint    : u_CORES/u_debug_core_0/u_hub_data_decode/conf_id_ini[2]/opit_0_inv/D
Path Group  : DebugCore_CAPTURE
Path Type   : min
Path Class  : sequential timing path
Clock Skew :    -0.364  (Capture Clock Delay - Launch Clock Delay + Clock Pessimism Removal)
  Capture Clock Delay     :  1.811
  Launch Clock Delay      :  2.175
  Clock Pessimism Removal :  0.000

 Location                          Delay Type             Incr        Path         Logical Resource 
----------------------------------------------------------------------------------------------------

 Clock DebugCore_JCLK (falling edge)
                                                       125.000     125.000 f                        
 SCANCHAIN_88_312/TCK1                                   0.000     125.000 f       u_CORES/u_GTP_SCANCHAIN_PG/scanchain/TCK1
                                   net (fanout=1)        1.284     126.284         u_CORES/drck_o   
 USCM_215_669/CLKOUT               td                    0.097     126.381 f       clkbufg_5/gopclkbufg/CLKOUT
                                   net (fanout=4)        0.334     126.715         ntclkbufg_2      
 HCKB_213_534/CLKOUT               td                    0.195     126.910 f       HCKBROUTE_289/CLKOUT
                                   net (fanout=178)      0.265     127.175         _N402            
 CLMA_261_709/CLK                                                          f       u_CORES/u_jtag_hub/id_o[3]/opit_0_inv_L6Q_LUT6DQL5Q_perm/CLK

 CLMA_261_709/CR3                  tco                   0.119     127.294 r       u_CORES/u_jtag_hub/id_o[3]/opit_0_inv_L6Q_LUT6DQL5Q_perm/L5Q
                                   net (fanout=2)        0.124     127.418         u_CORES/id_o [2] 
 CLMA_261_721/M0                                                           r       u_CORES/u_debug_core_0/u_hub_data_decode/conf_id_ini[2]/opit_0_inv/D

 Data arrival time                                                 127.418         Logic Levels: 0  
                                                                                   Logic: 0.119ns(48.971%), Route: 0.124ns(51.029%)
----------------------------------------------------------------------------------------------------

 Clock DebugCore_CAPTURE (rising edge)
                                                       125.000     125.000 r                        
 SCANCHAIN_88_312/CAPTUREDR                              0.000     125.000 r       u_CORES/u_GTP_SCANCHAIN_PG/scanchain/CAPTUREDR
                                   net (fanout=1)        0.757     125.757         u_CORES/capt_o   
 USCM_215_666/CLKOUT               td                    0.115     125.872 r       clkbufg_4/gopclkbufg/CLKOUT
                                   net (fanout=1)        0.397     126.269         ntclkbufg_1      
 HCKB_213_526/CLKOUT               td                    0.233     126.502 r       HCKBROUTE_286/CLKOUT
                                   net (fanout=11)       0.309     126.811         _N399            
 CLMA_261_721/CLK                                                          r       u_CORES/u_debug_core_0/u_hub_data_decode/conf_id_ini[2]/opit_0_inv/CLK
 clock pessimism                                         0.000     126.811                          
 clock uncertainty                                       0.050     126.861                          

 Hold time                                              -0.028     126.833                          

 Data required time                                                126.833                          
----------------------------------------------------------------------------------------------------
 Data required time                                                126.833                          
 Data arrival time                                                -127.418                          
----------------------------------------------------------------------------------------------------
 Slack (MET)                                                         0.585                          
====================================================================================================

====================================================================================================

Startpoint  : u_CORES/u_debug_core_0/resetn/opit_0/CLK
Endpoint    : u_CORES/u_debug_core_0/TRIG0_ff[1][46]/opit_0_inv/RS
Path Group  : hdmi_i2c_inst/i2c_ctrl_inst/i2c_clk/Q[0]_Inferred
Path Type   : max
Path Class  : async timing path
Clock Skew :    -0.385  (Capture Clock Delay - Launch Clock Delay + Clock Pessimism Removal)
  Capture Clock Delay     :  0.263
  Launch Clock Delay      :  0.648
  Clock Pessimism Removal :  0.000

 Location                          Delay Type             Incr        Path         Logical Resource 
----------------------------------------------------------------------------------------------------

 Clock hdmi_i2c_inst/i2c_ctrl_inst/i2c_clk/Q[0]_Inferred (rising edge)
                                                         0.000       0.000 r                        
 CLMS_201_769/CR1                                        0.000       0.000 r       hdmi_i2c_inst/i2c_ctrl_inst/i2c_clk/opit_0_inv/Q
                                   net (fanout=670)      0.648       0.648         hdmi_i2c_inst/cfg_clk
 CLMA_249_727/CLK                                                          r       u_CORES/u_debug_core_0/resetn/opit_0/CLK

 CLMA_249_727/Q1                   tco                   0.125       0.773 f       u_CORES/u_debug_core_0/resetn/opit_0/Q
                                   net (fanout=192)      0.347       1.120         u_CORES/u_debug_core_0/resetn
 CLMA_219_720/RSCO                 td                    0.052       1.172 r       u_CORES/u_debug_core_0/u0_trig_unit/match_single[41]/opit_0_inv_L6Q_perm/RSCO
                                   net (fanout=4)        0.000       1.172         _N52             
 CLMA_219_726/RSCO                 td                    0.049       1.221 r       u_CORES/u_debug_core_0/u0_trig_unit/conf_reg[59]/opit_0_inv_L6QL5Q_perm/RSCO
                                   net (fanout=1)        0.000       1.221         _N51             
 CLMA_219_732/RSCO                 td                    0.049       1.270 r       u_CORES/u_debug_core_0/u0_trig_unit/signal_ff_dly[32]/opit_0_inv/RSCO
                                   net (fanout=6)        0.000       1.270         _N50             
 CLMA_219_738/RSCO                 td                    0.049       1.319 r       u_CORES/u_debug_core_0/u0_trig_unit/signal_ff_dly[33]/opit_0_inv/RSCO
                                   net (fanout=4)        0.000       1.319         _N49             
 CLMA_219_744/RSCO                 td                    0.049       1.368 r       u_CORES/u_debug_core_0/u0_trig_unit/conf_reg[61]/opit_0_inv_L6QL5Q_perm/RSCO
                                   net (fanout=6)        0.000       1.368         _N48             
 CLMA_219_750/RSCO                 td                    0.049       1.417 r       u_CORES/u_debug_core_0/u0_trig_unit/signal_ff_dly[42]/opit_0_inv/RSCO
                                   net (fanout=1)        0.000       1.417         _N47             
 CLMA_219_756/RSCO                 td                    0.049       1.466 r       u_CORES/u_debug_core_0/u0_trig_unit/signal_ff_dly[43]/opit_0_inv/RSCO
                                   net (fanout=7)        0.000       1.466         _N46             
 CLMA_219_768/RSCO                 td                    0.049       1.515 r       u_CORES/u_debug_core_0/u0_trig_unit/signal_ff_dly[52]/opit_0_inv/RSCO
                                   net (fanout=2)        0.000       1.515         _N45             
 CLMA_219_774/RSCI                                                         r       u_CORES/u_debug_core_0/TRIG0_ff[1][46]/opit_0_inv/RS

 Data arrival time                                                   1.515         Logic Levels: 8  
                                                                                   Logic: 0.520ns(59.977%), Route: 0.347ns(40.023%)
----------------------------------------------------------------------------------------------------

 Clock hdmi_i2c_inst/i2c_ctrl_inst/i2c_clk/Q[0]_Inferred (rising edge)
                                                      1000.000    1000.000 r                        
 CLMS_201_769/CR1                                        0.000    1000.000 r       hdmi_i2c_inst/i2c_ctrl_inst/i2c_clk/opit_0_inv/Q
                                   net (fanout=670)      0.263    1000.263         hdmi_i2c_inst/cfg_clk
 CLMA_219_774/CLK                                                          r       u_CORES/u_debug_core_0/TRIG0_ff[1][46]/opit_0_inv/CLK
 clock pessimism                                         0.000    1000.263                          
 clock uncertainty                                      -0.050    1000.213                          

 Recovery time                                          -0.116    1000.097                          

 Data required time                                               1000.097                          
----------------------------------------------------------------------------------------------------
 Data required time                                               1000.097                          
 Data arrival time                                                  -1.515                          
----------------------------------------------------------------------------------------------------
 Slack (MET)                                                       998.582                          
====================================================================================================

====================================================================================================

Startpoint  : u_CORES/u_debug_core_0/resetn/opit_0/CLK
Endpoint    : u_CORES/u_debug_core_0/u0_trig_unit/signal_ff_dly[51]/opit_0_inv/RS
Path Group  : hdmi_i2c_inst/i2c_ctrl_inst/i2c_clk/Q[0]_Inferred
Path Type   : max
Path Class  : async timing path
Clock Skew :    -0.385  (Capture Clock Delay - Launch Clock Delay + Clock Pessimism Removal)
  Capture Clock Delay     :  0.263
  Launch Clock Delay      :  0.648
  Clock Pessimism Removal :  0.000

 Location                          Delay Type             Incr        Path         Logical Resource 
----------------------------------------------------------------------------------------------------

 Clock hdmi_i2c_inst/i2c_ctrl_inst/i2c_clk/Q[0]_Inferred (rising edge)
                                                         0.000       0.000 r                        
 CLMS_201_769/CR1                                        0.000       0.000 r       hdmi_i2c_inst/i2c_ctrl_inst/i2c_clk/opit_0_inv/Q
                                   net (fanout=670)      0.648       0.648         hdmi_i2c_inst/cfg_clk
 CLMA_249_727/CLK                                                          r       u_CORES/u_debug_core_0/resetn/opit_0/CLK

 CLMA_249_727/Q1                   tco                   0.125       0.773 f       u_CORES/u_debug_core_0/resetn/opit_0/Q
                                   net (fanout=192)      0.347       1.120         u_CORES/u_debug_core_0/resetn
 CLMA_219_720/RSCO                 td                    0.052       1.172 r       u_CORES/u_debug_core_0/u0_trig_unit/match_single[41]/opit_0_inv_L6Q_perm/RSCO
                                   net (fanout=4)        0.000       1.172         _N52             
 CLMA_219_726/RSCO                 td                    0.049       1.221 r       u_CORES/u_debug_core_0/u0_trig_unit/conf_reg[59]/opit_0_inv_L6QL5Q_perm/RSCO
                                   net (fanout=1)        0.000       1.221         _N51             
 CLMA_219_732/RSCO                 td                    0.049       1.270 r       u_CORES/u_debug_core_0/u0_trig_unit/signal_ff_dly[32]/opit_0_inv/RSCO
                                   net (fanout=6)        0.000       1.270         _N50             
 CLMA_219_738/RSCO                 td                    0.049       1.319 r       u_CORES/u_debug_core_0/u0_trig_unit/signal_ff_dly[33]/opit_0_inv/RSCO
                                   net (fanout=4)        0.000       1.319         _N49             
 CLMA_219_744/RSCO                 td                    0.049       1.368 r       u_CORES/u_debug_core_0/u0_trig_unit/conf_reg[61]/opit_0_inv_L6QL5Q_perm/RSCO
                                   net (fanout=6)        0.000       1.368         _N48             
 CLMA_219_750/RSCO                 td                    0.049       1.417 r       u_CORES/u_debug_core_0/u0_trig_unit/signal_ff_dly[42]/opit_0_inv/RSCO
                                   net (fanout=1)        0.000       1.417         _N47             
 CLMA_219_756/RSCO                 td                    0.049       1.466 r       u_CORES/u_debug_core_0/u0_trig_unit/signal_ff_dly[43]/opit_0_inv/RSCO
                                   net (fanout=7)        0.000       1.466         _N46             
 CLMA_219_768/RSCO                 td                    0.049       1.515 r       u_CORES/u_debug_core_0/u0_trig_unit/signal_ff_dly[52]/opit_0_inv/RSCO
                                   net (fanout=2)        0.000       1.515         _N45             
 CLMA_219_774/RSCI                                                         r       u_CORES/u_debug_core_0/u0_trig_unit/signal_ff_dly[51]/opit_0_inv/RS

 Data arrival time                                                   1.515         Logic Levels: 8  
                                                                                   Logic: 0.520ns(59.977%), Route: 0.347ns(40.023%)
----------------------------------------------------------------------------------------------------

 Clock hdmi_i2c_inst/i2c_ctrl_inst/i2c_clk/Q[0]_Inferred (rising edge)
                                                      1000.000    1000.000 r                        
 CLMS_201_769/CR1                                        0.000    1000.000 r       hdmi_i2c_inst/i2c_ctrl_inst/i2c_clk/opit_0_inv/Q
                                   net (fanout=670)      0.263    1000.263         hdmi_i2c_inst/cfg_clk
 CLMA_219_774/CLK                                                          r       u_CORES/u_debug_core_0/u0_trig_unit/signal_ff_dly[51]/opit_0_inv/CLK
 clock pessimism                                         0.000    1000.263                          
 clock uncertainty                                      -0.050    1000.213                          

 Recovery time                                          -0.116    1000.097                          

 Data required time                                               1000.097                          
----------------------------------------------------------------------------------------------------
 Data required time                                               1000.097                          
 Data arrival time                                                  -1.515                          
----------------------------------------------------------------------------------------------------
 Slack (MET)                                                       998.582                          
====================================================================================================

====================================================================================================

Startpoint  : u_CORES/u_debug_core_0/resetn/opit_0/CLK
Endpoint    : u_CORES/u_debug_core_0/u0_trig_unit/match_single[47]/opit_0_inv_L6Q_perm/RS
Path Group  : hdmi_i2c_inst/i2c_ctrl_inst/i2c_clk/Q[0]_Inferred
Path Type   : max
Path Class  : async timing path
Clock Skew :    -0.385  (Capture Clock Delay - Launch Clock Delay + Clock Pessimism Removal)
  Capture Clock Delay     :  0.263
  Launch Clock Delay      :  0.648
  Clock Pessimism Removal :  0.000

 Location                          Delay Type             Incr        Path         Logical Resource 
----------------------------------------------------------------------------------------------------

 Clock hdmi_i2c_inst/i2c_ctrl_inst/i2c_clk/Q[0]_Inferred (rising edge)
                                                         0.000       0.000 r                        
 CLMS_201_769/CR1                                        0.000       0.000 r       hdmi_i2c_inst/i2c_ctrl_inst/i2c_clk/opit_0_inv/Q
                                   net (fanout=670)      0.648       0.648         hdmi_i2c_inst/cfg_clk
 CLMA_249_727/CLK                                                          r       u_CORES/u_debug_core_0/resetn/opit_0/CLK

 CLMA_249_727/Q1                   tco                   0.125       0.773 f       u_CORES/u_debug_core_0/resetn/opit_0/Q
                                   net (fanout=192)      0.526       1.299         u_CORES/u_debug_core_0/resetn
 CLMA_219_751/RSCO                 td                    0.052       1.351 r       u_CORES/u_debug_core_0/u0_trig_unit/conf_reg[21]/opit_0_inv_L6QL5Q_perm/RSCO
                                   net (fanout=1)        0.000       1.351         _N41             
 CLMA_219_757/RSCO                 td                    0.049       1.400 r       u_CORES/u_debug_core_0/TRIG0_ff[0][43]/opit_0_inv/RSCO
                                   net (fanout=4)        0.000       1.400         _N40             
 CLMA_219_769/RSCO                 td                    0.049       1.449 r       u_CORES/u_debug_core_0/u0_trig_unit/conf_reg[25]/opit_0_inv_L6QL5Q_perm/RSCO
                                   net (fanout=5)        0.000       1.449         _N39             
 CLMA_219_775/RSCI                                                         r       u_CORES/u_debug_core_0/u0_trig_unit/match_single[47]/opit_0_inv_L6Q_perm/RS

 Data arrival time                                                   1.449         Logic Levels: 3  
                                                                                   Logic: 0.275ns(34.332%), Route: 0.526ns(65.668%)
----------------------------------------------------------------------------------------------------

 Clock hdmi_i2c_inst/i2c_ctrl_inst/i2c_clk/Q[0]_Inferred (rising edge)
                                                      1000.000    1000.000 r                        
 CLMS_201_769/CR1                                        0.000    1000.000 r       hdmi_i2c_inst/i2c_ctrl_inst/i2c_clk/opit_0_inv/Q
                                   net (fanout=670)      0.263    1000.263         hdmi_i2c_inst/cfg_clk
 CLMA_219_775/CLK                                                          r       u_CORES/u_debug_core_0/u0_trig_unit/match_single[47]/opit_0_inv_L6Q_perm/CLK
 clock pessimism                                         0.000    1000.263                          
 clock uncertainty                                      -0.050    1000.213                          

 Recovery time                                          -0.116    1000.097                          

 Data required time                                               1000.097                          
----------------------------------------------------------------------------------------------------
 Data required time                                               1000.097                          
 Data arrival time                                                  -1.449                          
----------------------------------------------------------------------------------------------------
 Slack (MET)                                                       998.648                          
====================================================================================================

====================================================================================================

Startpoint  : u_CORES/u_debug_core_0/resetn/opit_0/CLK
Endpoint    : u_CORES/u_debug_core_0/data_pipe[2][11]/opit_0_inv_L6QL5Q_perm/RS
Path Group  : hdmi_i2c_inst/i2c_ctrl_inst/i2c_clk/Q[0]_Inferred
Path Type   : min
Path Class  : async timing path
Clock Skew :    0.478  (Capture Clock Delay - Launch Clock Delay + Clock Pessimism Removal)
  Capture Clock Delay     :  1.031
  Launch Clock Delay      :  0.508
  Clock Pessimism Removal :  -0.045

 Location                          Delay Type             Incr        Path         Logical Resource 
----------------------------------------------------------------------------------------------------

 Clock hdmi_i2c_inst/i2c_ctrl_inst/i2c_clk/Q[0]_Inferred (rising edge)
                                                         0.000       0.000 r                        
 CLMS_201_769/CR1                                        0.000       0.000 r       hdmi_i2c_inst/i2c_ctrl_inst/i2c_clk/opit_0_inv/Q
                                   net (fanout=670)      0.508       0.508         hdmi_i2c_inst/cfg_clk
 CLMA_249_727/CLK                                                          r       u_CORES/u_debug_core_0/resetn/opit_0/CLK

 CLMA_249_727/Q1                   tco                   0.109       0.617 f       u_CORES/u_debug_core_0/resetn/opit_0/Q
                                   net (fanout=192)      0.151       0.768         u_CORES/u_debug_core_0/resetn
 CLMA_249_690/RS                                                           f       u_CORES/u_debug_core_0/data_pipe[2][11]/opit_0_inv_L6QL5Q_perm/RS

 Data arrival time                                                   0.768         Logic Levels: 0  
                                                                                   Logic: 0.109ns(41.923%), Route: 0.151ns(58.077%)
----------------------------------------------------------------------------------------------------

 Clock hdmi_i2c_inst/i2c_ctrl_inst/i2c_clk/Q[0]_Inferred (rising edge)
                                                         0.000       0.000 r                        
 CLMS_201_769/CR1                                        0.000       0.000 r       hdmi_i2c_inst/i2c_ctrl_inst/i2c_clk/opit_0_inv/Q
                                   net (fanout=670)      1.031       1.031         hdmi_i2c_inst/cfg_clk
 CLMA_249_690/CLK                                                          r       u_CORES/u_debug_core_0/data_pipe[2][11]/opit_0_inv_L6QL5Q_perm/CLK
 clock pessimism                                        -0.045       0.986                          
 clock uncertainty                                       0.000       0.986                          

 Removal time                                           -0.043       0.943                          

 Data required time                                                  0.943                          
----------------------------------------------------------------------------------------------------
 Data required time                                                  0.943                          
 Data arrival time                                                  -0.768                          
----------------------------------------------------------------------------------------------------
 Slack (VIOLATED)                                                   -0.175                          
====================================================================================================

====================================================================================================

Startpoint  : u_CORES/u_debug_core_0/resetn/opit_0/CLK
Endpoint    : u_CORES/u_debug_core_0/data_pipe[3][10]/opit_0_inv_L6QL5Q_perm/RS
Path Group  : hdmi_i2c_inst/i2c_ctrl_inst/i2c_clk/Q[0]_Inferred
Path Type   : min
Path Class  : async timing path
Clock Skew :    0.478  (Capture Clock Delay - Launch Clock Delay + Clock Pessimism Removal)
  Capture Clock Delay     :  1.031
  Launch Clock Delay      :  0.508
  Clock Pessimism Removal :  -0.045

 Location                          Delay Type             Incr        Path         Logical Resource 
----------------------------------------------------------------------------------------------------

 Clock hdmi_i2c_inst/i2c_ctrl_inst/i2c_clk/Q[0]_Inferred (rising edge)
                                                         0.000       0.000 r                        
 CLMS_201_769/CR1                                        0.000       0.000 r       hdmi_i2c_inst/i2c_ctrl_inst/i2c_clk/opit_0_inv/Q
                                   net (fanout=670)      0.508       0.508         hdmi_i2c_inst/cfg_clk
 CLMA_249_727/CLK                                                          r       u_CORES/u_debug_core_0/resetn/opit_0/CLK

 CLMA_249_727/Q1                   tco                   0.109       0.617 f       u_CORES/u_debug_core_0/resetn/opit_0/Q
                                   net (fanout=192)      0.151       0.768         u_CORES/u_debug_core_0/resetn
 CLMA_249_690/RS                                                           f       u_CORES/u_debug_core_0/data_pipe[3][10]/opit_0_inv_L6QL5Q_perm/RS

 Data arrival time                                                   0.768         Logic Levels: 0  
                                                                                   Logic: 0.109ns(41.923%), Route: 0.151ns(58.077%)
----------------------------------------------------------------------------------------------------

 Clock hdmi_i2c_inst/i2c_ctrl_inst/i2c_clk/Q[0]_Inferred (rising edge)
                                                         0.000       0.000 r                        
 CLMS_201_769/CR1                                        0.000       0.000 r       hdmi_i2c_inst/i2c_ctrl_inst/i2c_clk/opit_0_inv/Q
                                   net (fanout=670)      1.031       1.031         hdmi_i2c_inst/cfg_clk
 CLMA_249_690/CLK                                                          r       u_CORES/u_debug_core_0/data_pipe[3][10]/opit_0_inv_L6QL5Q_perm/CLK
 clock pessimism                                        -0.045       0.986                          
 clock uncertainty                                       0.000       0.986                          

 Removal time                                           -0.043       0.943                          

 Data required time                                                  0.943                          
----------------------------------------------------------------------------------------------------
 Data required time                                                  0.943                          
 Data arrival time                                                  -0.768                          
----------------------------------------------------------------------------------------------------
 Slack (VIOLATED)                                                   -0.175                          
====================================================================================================

====================================================================================================

Startpoint  : u_CORES/u_debug_core_0/resetn/opit_0/CLK
Endpoint    : u_CORES/u_debug_core_0/data_pipe[2][9]/opit_0_inv_L6QL5Q_perm/RS
Path Group  : hdmi_i2c_inst/i2c_ctrl_inst/i2c_clk/Q[0]_Inferred
Path Type   : min
Path Class  : async timing path
Clock Skew :    0.478  (Capture Clock Delay - Launch Clock Delay + Clock Pessimism Removal)
  Capture Clock Delay     :  1.031
  Launch Clock Delay      :  0.508
  Clock Pessimism Removal :  -0.045

 Location                          Delay Type             Incr        Path         Logical Resource 
----------------------------------------------------------------------------------------------------

 Clock hdmi_i2c_inst/i2c_ctrl_inst/i2c_clk/Q[0]_Inferred (rising edge)
                                                         0.000       0.000 r                        
 CLMS_201_769/CR1                                        0.000       0.000 r       hdmi_i2c_inst/i2c_ctrl_inst/i2c_clk/opit_0_inv/Q
                                   net (fanout=670)      0.508       0.508         hdmi_i2c_inst/cfg_clk
 CLMA_249_727/CLK                                                          r       u_CORES/u_debug_core_0/resetn/opit_0/CLK

 CLMA_249_727/Q1                   tco                   0.109       0.617 f       u_CORES/u_debug_core_0/resetn/opit_0/Q
                                   net (fanout=192)      0.151       0.768         u_CORES/u_debug_core_0/resetn
 CLMA_249_690/RS                                                           f       u_CORES/u_debug_core_0/data_pipe[2][9]/opit_0_inv_L6QL5Q_perm/RS

 Data arrival time                                                   0.768         Logic Levels: 0  
                                                                                   Logic: 0.109ns(41.923%), Route: 0.151ns(58.077%)
----------------------------------------------------------------------------------------------------

 Clock hdmi_i2c_inst/i2c_ctrl_inst/i2c_clk/Q[0]_Inferred (rising edge)
                                                         0.000       0.000 r                        
 CLMS_201_769/CR1                                        0.000       0.000 r       hdmi_i2c_inst/i2c_ctrl_inst/i2c_clk/opit_0_inv/Q
                                   net (fanout=670)      1.031       1.031         hdmi_i2c_inst/cfg_clk
 CLMA_249_690/CLK                                                          r       u_CORES/u_debug_core_0/data_pipe[2][9]/opit_0_inv_L6QL5Q_perm/CLK
 clock pessimism                                        -0.045       0.986                          
 clock uncertainty                                       0.000       0.986                          

 Removal time                                           -0.043       0.943                          

 Data required time                                                  0.943                          
----------------------------------------------------------------------------------------------------
 Data required time                                                  0.943                          
 Data arrival time                                                  -0.768                          
----------------------------------------------------------------------------------------------------
 Slack (VIOLATED)                                                   -0.175                          
====================================================================================================

====================================================================================================

Startpoint  : hdmi_i2c_inst/i2c_ctrl_inst/cnt_bit[2]/opit_0_inv_L6QL5Q_perm/CLK
Endpoint    : ddc_scl (port)
Path Group  : **default**
Path Type   : max
Path Class  : combinational timing path

 Location                          Delay Type             Incr        Path         Logical Resource 
----------------------------------------------------------------------------------------------------

 Clock hdmi_i2c_inst/i2c_ctrl_inst/i2c_clk/Q[0]_Inferred (rising edge)
                                                         0.000       0.000 r                        
 CLMS_201_769/CR1                                        0.000       0.000 r       hdmi_i2c_inst/i2c_ctrl_inst/i2c_clk/opit_0_inv/Q
                                   net (fanout=670)      0.464       0.464         hdmi_i2c_inst/cfg_clk
 CLMA_231_738/CLK                                                          r       hdmi_i2c_inst/i2c_ctrl_inst/cnt_bit[2]/opit_0_inv_L6QL5Q_perm/CLK

 CLMA_231_738/CR1                  tco                   0.142       0.606 f       hdmi_i2c_inst/i2c_ctrl_inst/cnt_bit[2]/opit_0_inv_L6QL5Q_perm/L5Q
                                   net (fanout=23)       0.164       0.770         hdmi_i2c_inst/i2c_ctrl_inst/cnt_bit [2]
 CLMA_231_745/CR0                  td                    0.139       0.909 f       CLKROUTE_284/CR  
                                   net (fanout=2)        0.076       0.985         _N397            
 CLMA_231_744/Y2                   td                    0.066       1.051 f       hdmi_i2c_inst/i2c_ctrl_inst/N516/LUT6D_inst_perm/L6
                                   net (fanout=1)        0.422       1.473         hdmi_i2c_inst/i2c_ctrl_inst/N636
 CLMS_225_745/Y0                   td                    0.040       1.513 r       u_CORES/u_debug_core_0/TRIG0_ff[1][41]/opit_0_inv_L6QQ_perm/L6
                                   net (fanout=2)        1.226       2.739         _N263            
 IOLHR_16_480/DO_P                 td                    0.488       3.227 r       ddc_scl_obuf/opit_1/DO_P
                                   net (fanout=1)        0.000       3.227         ddc_scl_obuf/ntO 
 IOBD_0_480/PAD                    td                    1.954       5.181 r       ddc_scl_obuf/opit_0/O
                                   net (fanout=1)        0.131       5.312         ddc_scl          
 L22                                                                       r       ddc_scl (port)   

 Data arrival time                                                   5.312         Logic Levels: 5  
                                                                                   Logic: 2.829ns(58.354%), Route: 2.019ns(41.646%)
====================================================================================================

====================================================================================================

Startpoint  : hdmi_in_hsync (port)
Endpoint    : hdmi_out_hsync (port)
Path Group  : **default**
Path Type   : max
Path Class  : combinational timing path

 Location                          Delay Type             Incr        Path         Logical Resource 
----------------------------------------------------------------------------------------------------


 N21                                                     0.000       0.000 r       hdmi_in_hsync (port)
                                   net (fanout=1)        0.135       0.135         hdmi_in_hsync    
 IOBD_0_450/DIN                    td                    0.521       0.656 r       hdmi_in_hsync_ibuf/opit_0/O
                                   net (fanout=1)        0.000       0.656         hdmi_in_hsync_ibuf/ntD
 IOLHR_16_450/DI_TO_CLK            td                    0.087       0.743 r       hdmi_in_hsync_ibuf/opit_1/DI_TO_CLK
                                   net (fanout=1)        1.166       1.909         nt_hdmi_in_hsync 
 IOLHR_16_822/DO_P                 td                    0.488       2.397 r       hdmi_out_hsync_obuf/opit_1/DO_P
                                   net (fanout=1)        0.000       2.397         hdmi_out_hsync_obuf/ntO
 IOBD_0_822/PAD                    td                    1.954       4.351 r       hdmi_out_hsync_obuf/opit_0/O
                                   net (fanout=1)        0.084       4.435         hdmi_out_hsync   
 L17                                                                       r       hdmi_out_hsync (port)

 Data arrival time                                                   4.435         Logic Levels: 4  
                                                                                   Logic: 3.050ns(68.771%), Route: 1.385ns(31.229%)
====================================================================================================

====================================================================================================

Startpoint  : hdmi_in_rgb[22] (port)
Endpoint    : hdmi_out_rgb[22] (port)
Path Group  : **default**
Path Type   : max
Path Class  : combinational timing path

 Location                          Delay Type             Incr        Path         Logical Resource 
----------------------------------------------------------------------------------------------------


 F20                                                     0.000       0.000 r       hdmi_in_rgb[22] (port)
                                   net (fanout=1)        0.092       0.092         hdmi_in_rgb[22]  
 IOBS_0_1158/DIN                   td                    0.521       0.613 r       hdmi_in_rgb_ibuf[22]/opit_0/O
                                   net (fanout=1)        0.000       0.613         hdmi_in_rgb_ibuf[22]/ntD
 IOLHR_16_1158/DI_TO_CLK           td                    0.087       0.700 r       hdmi_in_rgb_ibuf[22]/opit_1/DI_TO_CLK
                                   net (fanout=1)        0.843       1.543         nt_hdmi_in_rgb[22]
 IOLHR_16_978/DO_P                 td                    0.488       2.031 r       hdmi_out_rgb_obuf[22]/opit_1/DO_P
                                   net (fanout=1)        0.000       2.031         hdmi_out_rgb_obuf[22]/ntO
 IOBD_0_978/PAD                    td                    1.954       3.985 r       hdmi_out_rgb_obuf[22]/opit_0/O
                                   net (fanout=1)        0.166       4.151         hdmi_out_rgb[22] 
 B25                                                                       r       hdmi_out_rgb[22] (port)

 Data arrival time                                                   4.151         Logic Levels: 4  
                                                                                   Logic: 3.050ns(73.476%), Route: 1.101ns(26.524%)
====================================================================================================

====================================================================================================

Startpoint  : sys_rst_n (port)
Endpoint    : hdmi_i2c_inst/hdmi_cfg_inst/cnt_wait[3]/opit_0_inv_AQ/RS
Path Group  : **default**
Path Type   : min
Path Class  : combinational timing path

 Location                          Delay Type             Incr        Path         Logical Resource 
----------------------------------------------------------------------------------------------------


 G25                                                     0.000       0.000 r       sys_rst_n (port) 
                                   net (fanout=1)        0.145       0.145         sys_rst_n        
 IOBD_0_636/DIN                    td                    0.445       0.590 r       sys_rst_n_ibuf/opit_0/O
                                   net (fanout=1)        0.000       0.590         sys_rst_n_ibuf/ntD
 IOLHR_16_636/DI_TO_CLK            td                    0.073       0.663 r       sys_rst_n_ibuf/opit_1/DI_TO_CLK
                                   net (fanout=34)       0.687       1.350         nt_sys_rst_n     
 CLMA_201_750/RS                                                           r       hdmi_i2c_inst/hdmi_cfg_inst/cnt_wait[3]/opit_0_inv_AQ/RS

 Data arrival time                                                   1.350         Logic Levels: 2  
                                                                                   Logic: 0.518ns(38.370%), Route: 0.832ns(61.630%)
====================================================================================================

====================================================================================================

Startpoint  : hdmi_in_clk (port)
Endpoint    : u_CORES/u_debug_core_0/TRIG0_ff[0][39]/opit_0_inv/D
Path Group  : **default**
Path Type   : min
Path Class  : combinational timing path

 Location                          Delay Type             Incr        Path         Logical Resource 
----------------------------------------------------------------------------------------------------


 M16                                                     0.000       0.000 r       hdmi_in_clk (port)
                                   net (fanout=1)        0.085       0.085         hdmi_in_clk      
 IOBD_0_846/DIN                    td                    0.445       0.530 r       hdmi_in_clk_ibuf/opit_0/O
                                   net (fanout=1)        0.000       0.530         hdmi_in_clk_ibuf/ntD
 IOLHR_16_846/DI_TO_CLK            td                    0.073       0.603 r       hdmi_in_clk_ibuf/opit_1/DI_TO_CLK
                                   net (fanout=5)        0.763       1.366         nt_hdmi_in_clk   
 CLMA_207_738/M0                                                           r       u_CORES/u_debug_core_0/TRIG0_ff[0][39]/opit_0_inv/D

 Data arrival time                                                   1.366         Logic Levels: 2  
                                                                                   Logic: 0.518ns(37.921%), Route: 0.848ns(62.079%)
====================================================================================================

====================================================================================================

Startpoint  : sys_rst_n (port)
Endpoint    : hdmi_i2c_inst/hdmi_cfg_inst/cnt_wait[7]/opit_0_inv_AQ/RS
Path Group  : **default**
Path Type   : min
Path Class  : combinational timing path

 Location                          Delay Type             Incr        Path         Logical Resource 
----------------------------------------------------------------------------------------------------


 G25                                                     0.000       0.000 r       sys_rst_n (port) 
                                   net (fanout=1)        0.145       0.145         sys_rst_n        
 IOBD_0_636/DIN                    td                    0.445       0.590 r       sys_rst_n_ibuf/opit_0/O
                                   net (fanout=1)        0.000       0.590         sys_rst_n_ibuf/ntD
 IOLHR_16_636/DI_TO_CLK            td                    0.073       0.663 r       sys_rst_n_ibuf/opit_1/DI_TO_CLK
                                   net (fanout=34)       0.687       1.350         nt_sys_rst_n     
 CLMA_201_750/RSCO                 td                    0.056       1.406 f       hdmi_i2c_inst/hdmi_cfg_inst/cnt_wait[3]/opit_0_inv_AQ/RSCO
                                   net (fanout=4)        0.000       1.406         _N5              
 CLMA_201_756/RSCI                                                         f       hdmi_i2c_inst/hdmi_cfg_inst/cnt_wait[7]/opit_0_inv_AQ/RS

 Data arrival time                                                   1.406         Logic Levels: 3  
                                                                                   Logic: 0.574ns(40.825%), Route: 0.832ns(59.175%)
====================================================================================================

====================================================================================================
End dump timing report

0. checking no_clock
--------------------

1. checking virtual_clock
--------------------

2. checking unexpandable_clocks
--------------------

3. checking no_input_delay
--------------------

4. checking no_output_delay
--------------------

5. checking partial_input_delay
--------------------

6. checking partial_output_delay
--------------------

7. checking io_min_max_delay_consistency
--------------------

8. checking input_delay_assigned_to_clock
--------------------

9. checking loops
--------------------

10. checking latches
--------------------
Action report_timing: Real time elapsed is 18.000 sec
Action report_timing: CPU time elapsed is 15.891 sec
Current time: Wed Nov  2 14:44:39 2022
Action report_timing: Peak memory pool usage is 610,709,504 bytes
Report timing is finished successfully.
