#Build: Fabric Compiler 2020.3, Build 62942, Sep 29 13:34 2020
#Install: E:\pango\PDS_2020.3\bin
#Application name: pds_shell.exe
#OS: Windows 10 10.0.18363
#Hostname: DESKTOP-6GABMIP
Generated by Fabric Compiler (version 2020.3 build 62942) at Fri Mar  3 14:27:26 2023
Compiling verification operator library.
Compiling common defs.
Compiling prim grid devices.
Compiling gate devices.
Compiling gate operators.
Building architecture model.
Loading device packaging model 'FBG676'.
Reading design from pnr DB.
Start Report Post-PnR timing.
Constructing timing graph ...
Timing graph has been constructed successfully
C: STA-3003: The timing arc 'I2->L6' of 'gopLUT6|devAL6|"LUT6"' are non_unate, The timing analyser will assume pos_unate for these arcs in clock propgation. Clock: 'hdmi_i2c_inst/i2c_ctrl_inst/i2c_clk/Q[0]_Inferred'  from 'hdmi_i2c_inst/i2c_ctrl_inst/i2c_clk_ce_mux[0]/LUT6_inst_perm/I2' to: 'hdmi_i2c_inst/i2c_ctrl_inst/i2c_clk_ce_mux[0]/LUT6_inst_perm/L6'
C: STA-3003: The timing arc 'I2->L6' of 'gopLUT6|devAL6|"LUT6"' are non_unate, The timing analyser will assume pos_unate for these arcs in clock propgation. Clock: 'hdmi_i2c_inst/i2c_ctrl_inst/i2c_clk/Q[0]_Inferred'  from 'hdmi_i2c_inst/i2c_ctrl_inst/i2c_clk_ce_mux[0]/LUT6_inst_perm/I2' to: 'hdmi_i2c_inst/i2c_ctrl_inst/i2c_clk_ce_mux[0]/LUT6_inst_perm/L6'
C: STA-3003: The timing arc 'I2->L6' of 'gopLUT6|devAL6|"LUT6"' are non_unate, The timing analyser will assume pos_unate for these arcs in clock propgation. Clock: 'hdmi_i2c_inst/i2c_ctrl_inst/i2c_clk/Q[0]_Inferred'  from 'hdmi_i2c_inst/i2c_ctrl_inst/i2c_clk_ce_mux[0]/LUT6_inst_perm/I2' to: 'hdmi_i2c_inst/i2c_ctrl_inst/i2c_clk_ce_mux[0]/LUT6_inst_perm/L6'
C: STA-3003: The timing arc 'I2->L6' of 'gopLUT6|devAL6|"LUT6"' are non_unate, The timing analyser will assume pos_unate for these arcs in clock propgation. Clock: 'hdmi_i2c_inst/i2c_ctrl_inst/i2c_clk/Q[0]_Inferred'  from 'hdmi_i2c_inst/i2c_ctrl_inst/i2c_clk_ce_mux[0]/LUT6_inst_perm/I2' to: 'hdmi_i2c_inst/i2c_ctrl_inst/i2c_clk_ce_mux[0]/LUT6_inst_perm/L6'
C: STA-3003: The timing arc 'I2->L6' of 'gopLUT6|devAL6|"LUT6"' are non_unate, The timing analyser will assume pos_unate for these arcs in clock propgation. Clock: 'hdmi_i2c_inst/i2c_ctrl_inst/i2c_clk/Q[0]_Inferred'  from 'hdmi_i2c_inst/i2c_ctrl_inst/i2c_clk_ce_mux[0]/LUT6_inst_perm/I2' to: 'hdmi_i2c_inst/i2c_ctrl_inst/i2c_clk_ce_mux[0]/LUT6_inst_perm/L6'
C: STA-3003: The timing arc 'I2->L6' of 'gopLUT6|devAL6|"LUT6"' are non_unate, The timing analyser will assume pos_unate for these arcs in clock propgation. Clock: 'hdmi_i2c_inst/i2c_ctrl_inst/i2c_clk/Q[0]_Inferred'  from 'hdmi_i2c_inst/i2c_ctrl_inst/i2c_clk_ce_mux[0]/LUT6_inst_perm/I2' to: 'hdmi_i2c_inst/i2c_ctrl_inst/i2c_clk_ce_mux[0]/LUT6_inst_perm/L6'
C: STA-3003: The timing arc 'I2->L6' of 'gopLUT6|devAL6|"LUT6"' are non_unate, The timing analyser will assume pos_unate for these arcs in clock propgation. Clock: 'hdmi_i2c_inst/i2c_ctrl_inst/i2c_clk/Q[0]_Inferred'  from 'hdmi_i2c_inst/i2c_ctrl_inst/i2c_clk_ce_mux[0]/LUT6_inst_perm/I2' to: 'hdmi_i2c_inst/i2c_ctrl_inst/i2c_clk_ce_mux[0]/LUT6_inst_perm/L6'
C: STA-3003: The timing arc 'I2->L6' of 'gopLUT6|devAL6|"LUT6"' are non_unate, The timing analyser will assume pos_unate for these arcs in clock propgation. Clock: 'hdmi_i2c_inst/i2c_ctrl_inst/i2c_clk/Q[0]_Inferred'  from 'hdmi_i2c_inst/i2c_ctrl_inst/i2c_clk_ce_mux[0]/LUT6_inst_perm/I2' to: 'hdmi_i2c_inst/i2c_ctrl_inst/i2c_clk_ce_mux[0]/LUT6_inst_perm/L6'
Check timing ...
C: STA-3011: Clock pin 'hdmi_i2c_inst/i2c_ctrl_inst/ack/opit_0/CLK' (gopLATCH.CLK) has no clock, timing propagation is disabled at the pin.
C: STA-3011: Clock pin 'hdmi_i2c_inst/i2c_ctrl_inst/i2c_sda_reg/opit_0/CLK' (gopLATCH.CLK) has no clock, timing propagation is disabled at the pin.
C: STA-3011: Clock pin 'hdmi_i2c_inst/i2c_ctrl_inst/rd_data_reg[0]/opit_0/CLK' (gopLATCH.CLK) has no clock, timing propagation is disabled at the pin.
C: STA-3011: Clock pin 'hdmi_i2c_inst/i2c_ctrl_inst/rd_data_reg[1]/opit_0/CLK' (gopLATCH.CLK) has no clock, timing propagation is disabled at the pin.
C: STA-3011: Clock pin 'hdmi_i2c_inst/i2c_ctrl_inst/rd_data_reg[2]/opit_0/CLK' (gopLATCH.CLK) has no clock, timing propagation is disabled at the pin.
C: STA-3011: Clock pin 'hdmi_i2c_inst/i2c_ctrl_inst/rd_data_reg[3]/opit_0/CLK' (gopLATCH.CLK) has no clock, timing propagation is disabled at the pin.
C: STA-3011: Clock pin 'hdmi_i2c_inst/i2c_ctrl_inst/rd_data_reg[4]/opit_0/CLK' (gopLATCH.CLK) has no clock, timing propagation is disabled at the pin.
C: STA-3011: Clock pin 'hdmi_i2c_inst/i2c_ctrl_inst/rd_data_reg[5]/opit_0/CLK' (gopLATCH.CLK) has no clock, timing propagation is disabled at the pin.
C: STA-3011: Clock pin 'hdmi_i2c_inst/i2c_ctrl_inst/rd_data_reg[6]/opit_0/CLK' (gopLATCH.CLK) has no clock, timing propagation is disabled at the pin.
C: STA-3011: Clock pin 'hdmi_i2c_inst/i2c_ctrl_inst/rd_data_reg[7]/opit_0/CLK' (gopLATCH.CLK) has no clock, timing propagation is disabled at the pin.
W: Timing-4086: Port 'ddc_sda' is not constrained, it is treated as combinational input.
W: Timing-4087: Port 'ddc_sda' is not constrained, it is treated as combinational output.
W: Timing-4087: Port 'ddc_scl' is not constrained, it is treated as combinational output.
W: Timing-4087: Port 'hdmi_in_rst_n' is not constrained, it is treated as combinational output.
W: Timing-4087: Port 'hdmi_out_clk' is not constrained, it is treated as combinational output.
W: Timing-4087: Port 'hdmi_out_de' is not constrained, it is treated as combinational output.
W: Timing-4087: Port 'hdmi_out_hsync' is not constrained, it is treated as combinational output.
W: Timing-4087: Port 'hdmi_out_rgb[0]' is not constrained, it is treated as combinational output.
W: Timing-4087: Port 'hdmi_out_rgb[1]' is not constrained, it is treated as combinational output.
W: Timing-4087: Port 'hdmi_out_rgb[2]' is not constrained, it is treated as combinational output.
W: Timing-4087: Port 'hdmi_out_rgb[3]' is not constrained, it is treated as combinational output.
W: Timing-4087: Port 'hdmi_out_rgb[4]' is not constrained, it is treated as combinational output.
W: Timing-4087: Port 'hdmi_out_rgb[5]' is not constrained, it is treated as combinational output.
W: Timing-4087: Port 'hdmi_out_rgb[6]' is not constrained, it is treated as combinational output.
W: Timing-4087: Port 'hdmi_out_rgb[7]' is not constrained, it is treated as combinational output.
W: Timing-4087: Port 'hdmi_out_rgb[8]' is not constrained, it is treated as combinational output.
W: Timing-4087: Port 'hdmi_out_rgb[9]' is not constrained, it is treated as combinational output.
W: Timing-4087: Port 'hdmi_out_rgb[10]' is not constrained, it is treated as combinational output.
W: Timing-4087: Port 'hdmi_out_rgb[11]' is not constrained, it is treated as combinational output.
W: Timing-4087: Port 'hdmi_out_rgb[12]' is not constrained, it is treated as combinational output.
W: Timing-4087: Port 'hdmi_out_rgb[13]' is not constrained, it is treated as combinational output.
W: Timing-4087: Port 'hdmi_out_rgb[14]' is not constrained, it is treated as combinational output.
W: Timing-4087: Port 'hdmi_out_rgb[15]' is not constrained, it is treated as combinational output.
W: Timing-4087: Port 'hdmi_out_rgb[16]' is not constrained, it is treated as combinational output.
W: Timing-4087: Port 'hdmi_out_rgb[17]' is not constrained, it is treated as combinational output.
W: Timing-4087: Port 'hdmi_out_rgb[18]' is not constrained, it is treated as combinational output.
W: Timing-4087: Port 'hdmi_out_rgb[19]' is not constrained, it is treated as combinational output.
W: Timing-4087: Port 'hdmi_out_rgb[20]' is not constrained, it is treated as combinational output.
W: Timing-4087: Port 'hdmi_out_rgb[21]' is not constrained, it is treated as combinational output.
W: Timing-4087: Port 'hdmi_out_rgb[22]' is not constrained, it is treated as combinational output.
W: Timing-4087: Port 'hdmi_out_rgb[23]' is not constrained, it is treated as combinational output.
W: Timing-4087: Port 'hdmi_out_rst_n' is not constrained, it is treated as combinational output.
W: Timing-4087: Port 'hdmi_out_vsync' is not constrained, it is treated as combinational output.
W: Timing-4086: Port 'hdmi_in_clk' is not constrained, it is treated as combinational input.
W: Timing-4086: Port 'hdmi_in_de' is not constrained, it is treated as combinational input.
W: Timing-4086: Port 'hdmi_in_hsync' is not constrained, it is treated as combinational input.
W: Timing-4086: Port 'hdmi_in_rgb[0]' is not constrained, it is treated as combinational input.
W: Timing-4086: Port 'hdmi_in_rgb[1]' is not constrained, it is treated as combinational input.
W: Timing-4086: Port 'hdmi_in_rgb[2]' is not constrained, it is treated as combinational input.
W: Timing-4086: Port 'hdmi_in_rgb[3]' is not constrained, it is treated as combinational input.
W: Timing-4086: Port 'hdmi_in_rgb[4]' is not constrained, it is treated as combinational input.
W: Timing-4086: Port 'hdmi_in_rgb[5]' is not constrained, it is treated as combinational input.
W: Timing-4086: Port 'hdmi_in_rgb[6]' is not constrained, it is treated as combinational input.
W: Timing-4086: Port 'hdmi_in_rgb[7]' is not constrained, it is treated as combinational input.
W: Timing-4086: Port 'hdmi_in_rgb[8]' is not constrained, it is treated as combinational input.
W: Timing-4086: Port 'hdmi_in_rgb[9]' is not constrained, it is treated as combinational input.
W: Timing-4086: Port 'hdmi_in_rgb[10]' is not constrained, it is treated as combinational input.
W: Timing-4086: Port 'hdmi_in_rgb[11]' is not constrained, it is treated as combinational input.
W: Timing-4086: Port 'hdmi_in_rgb[12]' is not constrained, it is treated as combinational input.
W: Timing-4086: Port 'hdmi_in_rgb[13]' is not constrained, it is treated as combinational input.
W: Timing-4086: Port 'hdmi_in_rgb[14]' is not constrained, it is treated as combinational input.
W: Timing-4086: Port 'hdmi_in_rgb[15]' is not constrained, it is treated as combinational input.
W: Timing-4086: Port 'hdmi_in_rgb[16]' is not constrained, it is treated as combinational input.
W: Timing-4086: Port 'hdmi_in_rgb[17]' is not constrained, it is treated as combinational input.
W: Timing-4086: Port 'hdmi_in_rgb[18]' is not constrained, it is treated as combinational input.
W: Timing-4086: Port 'hdmi_in_rgb[19]' is not constrained, it is treated as combinational input.
W: Timing-4086: Port 'hdmi_in_rgb[20]' is not constrained, it is treated as combinational input.
W: Timing-4086: Port 'hdmi_in_rgb[21]' is not constrained, it is treated as combinational input.
W: Timing-4086: Port 'hdmi_in_rgb[22]' is not constrained, it is treated as combinational input.
W: Timing-4086: Port 'hdmi_in_rgb[23]' is not constrained, it is treated as combinational input.
W: Timing-4086: Port 'hdmi_in_vsync' is not constrained, it is treated as combinational input.
W: Timing-4086: Port 'sys_rst_n' is not constrained, it is treated as combinational input.
Begin dump timing report
Detailed Timing Report:

----------------------------------------------------------------------------------------------------
| Tool Version : Fabric Compiler (version 2020.3 <build 62942>)
| Date         : Fri Mar  3 14:27:42 2023
| Design       : hdmi_loop
| Device       : PG2L100H
| Speed Grade  : -6
| Package      : FBG676
----------------------------------------------------------------------------------------------------
----------------------------------------------------------------------------------------------------
| Timing Models: Production
| Tcl Command  : report_timing 
----------------------------------------------------------------------------------------------------

Timing analysis mode : multi corner

 Clock Summary:                                                                                     
****************************************************************************************************
                                                                           Clock   Non-clock        
 Clock                    Period       Waveform       Type                 Loads       Loads  Sources
----------------------------------------------------------------------------------------------------
 sys_clk                  20.000       {0 10}         Declared                 9           0  {sys_clk}
 hdmi_i2c_inst/i2c_ctrl_inst/i2c_clk/Q[0]_Inferred
                          1000.000     {0 500}        Declared               650           0  {hdmi_i2c_inst/i2c_ctrl_inst/i2c_clk/opit_0_inv/Q}
 DebugCore_JCLK           50.000       {0 25}         Declared               180           0  {u_CORES/u_GTP_SCANCHAIN_PG/scanchain/TCK1}
 DebugCore_CAPTURE        100.000      {25 75}        Declared                11           0  {u_CORES/u_GTP_SCANCHAIN_PG/scanchain/CAPTUREDR}
====================================================================================================

 Clock Groups:                                                                                    
**************************************************************************************************
 Clock Group                   Group Type                 clocks                                  
--------------------------------------------------------------------------------------------------
 Inferred_clock_group          asynchronous               hdmi_i2c_inst/i2c_ctrl_inst/i2c_clk/Q[0]_Inferred
 DebugCoreClockGroup           asynchronous               DebugCore_JCLK  DebugCore_CAPTURE       
==================================================================================================

 Performance Summary:                                                                               
****************************************************************************************************
                              Requested       Estimated      Requested      Estimated               
 Clock                        Frequency       Frequency      Period         Period             Slack
----------------------------------------------------------------------------------------------------
 sys_clk                     50.000 MHz     384.615 MHz         20.000          2.600         17.400
 hdmi_i2c_inst/i2c_ctrl_inst/i2c_clk/Q[0]_Inferred
                              1.000 MHz     323.206 MHz       1000.000          3.094        996.906
 DebugCore_JCLK              20.000 MHz     142.410 MHz         50.000          7.022         42.978
====================================================================================================

Design Summary : Some Constraints Violated.

Setup Summary(Slow Corner):
****************************************************************************************************
                                                                          TNS Failing      TNS Total
 Launch Clock           Capture Clock              WNS(ns)     TNS(ns)      Endpoints      Endpoints
----------------------------------------------------------------------------------------------------
 sys_clk                sys_clk                     17.400       0.000              0             40
 hdmi_i2c_inst/i2c_ctrl_inst/i2c_clk/Q[0]_Inferred
                        hdmi_i2c_inst/i2c_ctrl_inst/i2c_clk/Q[0]_Inferred
                                                   996.906       0.000              0           1518
 DebugCore_JCLK         DebugCore_JCLK              23.529       0.000              0            739
 DebugCore_CAPTURE      DebugCore_JCLK              22.047       0.000              0            104
 DebugCore_JCLK         DebugCore_CAPTURE           46.984       0.000              0             16
====================================================================================================

Hold Summary(Slow Corner):
****************************************************************************************************
                                                                          THS Failing      THS Total
 Launch Clock           Capture Clock              WHS(ns)     THS(ns)      Endpoints      Endpoints
----------------------------------------------------------------------------------------------------
 sys_clk                sys_clk                      0.260       0.000              0             40
 hdmi_i2c_inst/i2c_ctrl_inst/i2c_clk/Q[0]_Inferred
                        hdmi_i2c_inst/i2c_ctrl_inst/i2c_clk/Q[0]_Inferred
                                                    -0.514     -20.444            152           1518
 DebugCore_JCLK         DebugCore_JCLK               0.260       0.000              0            739
 DebugCore_CAPTURE      DebugCore_JCLK              23.479       0.000              0            104
 DebugCore_JCLK         DebugCore_CAPTURE            0.494       0.000              0             16
====================================================================================================

Recovery Summary(Slow Corner):
****************************************************************************************************
                                                                          TNS Failing      TNS Total
 Launch Clock           Capture Clock              WNS(ns)     TNS(ns)      Endpoints      Endpoints
----------------------------------------------------------------------------------------------------
 hdmi_i2c_inst/i2c_ctrl_inst/i2c_clk/Q[0]_Inferred
                        hdmi_i2c_inst/i2c_ctrl_inst/i2c_clk/Q[0]_Inferred
                                                   997.624       0.000              0            416
====================================================================================================

Removal Summary(Slow Corner):
****************************************************************************************************
                                                                          THS Failing      THS Total
 Launch Clock           Capture Clock              WHS(ns)     THS(ns)      Endpoints      Endpoints
----------------------------------------------------------------------------------------------------
 hdmi_i2c_inst/i2c_ctrl_inst/i2c_clk/Q[0]_Inferred
                        hdmi_i2c_inst/i2c_ctrl_inst/i2c_clk/Q[0]_Inferred
                                                    -0.232      -1.948             16            416
====================================================================================================

Minimum Pulse Width Summary(Slow Corner):
****************************************************************************************************
                                                                         WPWS Failing     WPWS Total
 Clock                                            WPWS(ns)    TPWS(ns)      Endpoints      Endpoints
----------------------------------------------------------------------------------------------------
 sys_clk                                             9.680       0.000              0              9
 hdmi_i2c_inst/i2c_ctrl_inst/i2c_clk/Q[0]_Inferred
                                                   498.888       0.000              0            650
 DebugCore_JCLK                                     23.917       0.000              0            180
 DebugCore_CAPTURE                                  49.733       0.000              0             11
====================================================================================================

Setup Summary(Fast Corner):
****************************************************************************************************
                                                                          TNS Failing      TNS Total
 Launch Clock           Capture Clock              WNS(ns)     TNS(ns)      Endpoints      Endpoints
----------------------------------------------------------------------------------------------------
 sys_clk                sys_clk                     18.495       0.000              0             40
 hdmi_i2c_inst/i2c_ctrl_inst/i2c_clk/Q[0]_Inferred
                        hdmi_i2c_inst/i2c_ctrl_inst/i2c_clk/Q[0]_Inferred
                                                   998.213       0.000              0           1518
 DebugCore_JCLK         DebugCore_JCLK              24.050       0.000              0            739
 DebugCore_CAPTURE      DebugCore_JCLK              23.311       0.000              0            104
 DebugCore_JCLK         DebugCore_CAPTURE           48.017       0.000              0             16
====================================================================================================

Hold Summary(Fast Corner):
****************************************************************************************************
                                                                          THS Failing      THS Total
 Launch Clock           Capture Clock              WHS(ns)     THS(ns)      Endpoints      Endpoints
----------------------------------------------------------------------------------------------------
 sys_clk                sys_clk                      0.175       0.000              0             40
 hdmi_i2c_inst/i2c_ctrl_inst/i2c_clk/Q[0]_Inferred
                        hdmi_i2c_inst/i2c_ctrl_inst/i2c_clk/Q[0]_Inferred
                                                    -0.226      -2.540             44           1518
 DebugCore_JCLK         DebugCore_JCLK               0.175       0.000              0            739
 DebugCore_CAPTURE      DebugCore_JCLK              24.082       0.000              0            104
 DebugCore_JCLK         DebugCore_CAPTURE            0.508       0.000              0             16
====================================================================================================

Recovery Summary(Fast Corner):
****************************************************************************************************
                                                                          TNS Failing      TNS Total
 Launch Clock           Capture Clock              WNS(ns)     TNS(ns)      Endpoints      Endpoints
----------------------------------------------------------------------------------------------------
 hdmi_i2c_inst/i2c_ctrl_inst/i2c_clk/Q[0]_Inferred
                        hdmi_i2c_inst/i2c_ctrl_inst/i2c_clk/Q[0]_Inferred
                                                   998.550       0.000              0            416
====================================================================================================

Removal Summary(Fast Corner):
****************************************************************************************************
                                                                          THS Failing      THS Total
 Launch Clock           Capture Clock              WHS(ns)     THS(ns)      Endpoints      Endpoints
----------------------------------------------------------------------------------------------------
 hdmi_i2c_inst/i2c_ctrl_inst/i2c_clk/Q[0]_Inferred
                        hdmi_i2c_inst/i2c_ctrl_inst/i2c_clk/Q[0]_Inferred
                                                    -0.075      -0.300              4            416
====================================================================================================

Minimum Pulse Width Summary(Fast Corner):
****************************************************************************************************
                                                                         WPWS Failing     WPWS Total
 Clock                                            WPWS(ns)    TPWS(ns)      Endpoints      Endpoints
----------------------------------------------------------------------------------------------------
 sys_clk                                             9.771       0.000              0              9
 hdmi_i2c_inst/i2c_ctrl_inst/i2c_clk/Q[0]_Inferred
                                                   499.296       0.000              0            650
 DebugCore_JCLK                                     24.250       0.000              0            180
 DebugCore_CAPTURE                                  49.701       0.000              0             11
====================================================================================================

Slow Corner: 950mV 125C
****************************************************************************************************
====================================================================================================

Startpoint  : hdmi_i2c_inst/i2c_ctrl_inst/cnt_clk[7]/opit_0_inv_L6Q_perm/CLK
Endpoint    : hdmi_i2c_inst/i2c_ctrl_inst/i2c_clk/opit_0_inv/D
Path Group  : sys_clk
Path Type   : max
Path Class  : sequential timing path
Clock Skew :    -0.001  (Capture Clock Delay - Launch Clock Delay + Clock Pessimism Removal)
  Capture Clock Delay     :  3.247
  Launch Clock Delay      :  3.782
  Clock Pessimism Removal :  0.534

 Location                          Delay Type             Incr        Path         Logical Resource 
----------------------------------------------------------------------------------------------------

 Clock sys_clk (rising edge)                             0.000       0.000 r                        
 R3                                                      0.000       0.000 r       sys_clk (port)   
                                   net (fanout=1)        0.096       0.096         sys_clk          
 IOBD_372_450/DIN                  td                    1.117       1.213 r       sys_clk_ibuf/opit_0/O
                                   net (fanout=1)        0.000       1.213         sys_clk_ibuf/ntD 
 IOLHR_364_450/DI_TO_CLK           td                    0.105       1.318 r       sys_clk_ibuf/opit_1/DI_TO_CLK
                                   net (fanout=1)        0.876       2.194         nt_sys_clk       
 USCM_215_576/CLKOUT               td                    0.168       2.362 r       clkbufg_3/gopclkbufg/CLKOUT
                                   net (fanout=1)        0.620       2.982         ntclkbufg_0      
 HCKB_213_506/CLKOUT               td                    0.287       3.269 r       HCKBROUTE_282/CLKOUT
                                   net (fanout=9)        0.513       3.782         _N396            
 CLMA_195_745/CLK                                                          r       hdmi_i2c_inst/i2c_ctrl_inst/cnt_clk[7]/opit_0_inv_L6Q_perm/CLK

 CLMA_195_745/Q3                   tco                   0.203       3.985 r       hdmi_i2c_inst/i2c_ctrl_inst/cnt_clk[7]/opit_0_inv_L6Q_perm/L6Q
                                   net (fanout=2)        0.694       4.679         hdmi_i2c_inst/i2c_ctrl_inst/cnt_clk [7]
 CLMA_201_744/CR2                  td                    0.332       5.011 r       hdmi_i2c_inst/i2c_ctrl_inst/cnt_clk[1]/opit_0_inv_L6Q_LUT6DQL5_perm/L5
                                   net (fanout=4)        0.392       5.403         hdmi_i2c_inst/i2c_ctrl_inst/_N463
 CLMA_195_744/Y0                   td                    0.229       5.632 r       hdmi_i2c_inst/i2c_ctrl_inst/i2c_clk_ce_mux[0]/LUT6_inst_perm/L6
                                   net (fanout=1)        0.563       6.195         hdmi_i2c_inst/i2c_ctrl_inst/_N432
 CLMA_195_745/M0                                                           r       hdmi_i2c_inst/i2c_ctrl_inst/i2c_clk/opit_0_inv/D

 Data arrival time                                                   6.195         Logic Levels: 2  
                                                                                   Logic: 0.764ns(31.662%), Route: 1.649ns(68.338%)
----------------------------------------------------------------------------------------------------

 Clock sys_clk (rising edge)                            20.000      20.000 r                        
 R3                                                      0.000      20.000 r       sys_clk (port)   
                                   net (fanout=1)        0.096      20.096         sys_clk          
 IOBD_372_450/DIN                  td                    0.953      21.049 r       sys_clk_ibuf/opit_0/O
                                   net (fanout=1)        0.000      21.049         sys_clk_ibuf/ntD 
 IOLHR_364_450/DI_TO_CLK           td                    0.091      21.140 r       sys_clk_ibuf/opit_1/DI_TO_CLK
                                   net (fanout=1)        0.746      21.886         nt_sys_clk       
 USCM_215_576/CLKOUT               td                    0.143      22.029 r       clkbufg_3/gopclkbufg/CLKOUT
                                   net (fanout=1)        0.530      22.559         ntclkbufg_0      
 HCKB_213_506/CLKOUT               td                    0.245      22.804 r       HCKBROUTE_282/CLKOUT
                                   net (fanout=9)        0.443      23.247         _N396            
 CLMA_195_745/CLK                                                          r       hdmi_i2c_inst/i2c_ctrl_inst/i2c_clk/opit_0_inv/CLK
 clock pessimism                                         0.534      23.781                          
 clock uncertainty                                      -0.050      23.731                          

 Setup time                                             -0.136      23.595                          

 Data required time                                                 23.595                          
----------------------------------------------------------------------------------------------------
 Data required time                                                 23.595                          
 Data arrival time                                                  -6.195                          
----------------------------------------------------------------------------------------------------
 Slack (MET)                                                        17.400                          
====================================================================================================

====================================================================================================

Startpoint  : hdmi_i2c_inst/i2c_ctrl_inst/cnt_clk[7]/opit_0_inv_L6Q_perm/CLK
Endpoint    : hdmi_i2c_inst/i2c_ctrl_inst/cnt_clk[4]/opit_0_inv_L6Q_perm/I4
Path Group  : sys_clk
Path Type   : max
Path Class  : sequential timing path
Clock Skew :    -0.001  (Capture Clock Delay - Launch Clock Delay + Clock Pessimism Removal)
  Capture Clock Delay     :  3.247
  Launch Clock Delay      :  3.782
  Clock Pessimism Removal :  0.534

 Location                          Delay Type             Incr        Path         Logical Resource 
----------------------------------------------------------------------------------------------------

 Clock sys_clk (rising edge)                             0.000       0.000 r                        
 R3                                                      0.000       0.000 r       sys_clk (port)   
                                   net (fanout=1)        0.096       0.096         sys_clk          
 IOBD_372_450/DIN                  td                    1.117       1.213 r       sys_clk_ibuf/opit_0/O
                                   net (fanout=1)        0.000       1.213         sys_clk_ibuf/ntD 
 IOLHR_364_450/DI_TO_CLK           td                    0.105       1.318 r       sys_clk_ibuf/opit_1/DI_TO_CLK
                                   net (fanout=1)        0.876       2.194         nt_sys_clk       
 USCM_215_576/CLKOUT               td                    0.168       2.362 r       clkbufg_3/gopclkbufg/CLKOUT
                                   net (fanout=1)        0.620       2.982         ntclkbufg_0      
 HCKB_213_506/CLKOUT               td                    0.287       3.269 r       HCKBROUTE_282/CLKOUT
                                   net (fanout=9)        0.513       3.782         _N396            
 CLMA_195_745/CLK                                                          r       hdmi_i2c_inst/i2c_ctrl_inst/cnt_clk[7]/opit_0_inv_L6Q_perm/CLK

 CLMA_195_745/Q3                   tco                   0.203       3.985 r       hdmi_i2c_inst/i2c_ctrl_inst/cnt_clk[7]/opit_0_inv_L6Q_perm/L6Q
                                   net (fanout=2)        0.694       4.679         hdmi_i2c_inst/i2c_ctrl_inst/cnt_clk [7]
 CLMA_201_744/CR2                  td                    0.332       5.011 r       hdmi_i2c_inst/i2c_ctrl_inst/cnt_clk[1]/opit_0_inv_L6Q_LUT6DQL5_perm/L5
                                   net (fanout=4)        0.417       5.428         hdmi_i2c_inst/i2c_ctrl_inst/_N463
 CLMA_195_745/B4                                                           r       hdmi_i2c_inst/i2c_ctrl_inst/cnt_clk[4]/opit_0_inv_L6Q_perm/I4

 Data arrival time                                                   5.428         Logic Levels: 1  
                                                                                   Logic: 0.535ns(32.503%), Route: 1.111ns(67.497%)
----------------------------------------------------------------------------------------------------

 Clock sys_clk (rising edge)                            20.000      20.000 r                        
 R3                                                      0.000      20.000 r       sys_clk (port)   
                                   net (fanout=1)        0.096      20.096         sys_clk          
 IOBD_372_450/DIN                  td                    0.953      21.049 r       sys_clk_ibuf/opit_0/O
                                   net (fanout=1)        0.000      21.049         sys_clk_ibuf/ntD 
 IOLHR_364_450/DI_TO_CLK           td                    0.091      21.140 r       sys_clk_ibuf/opit_1/DI_TO_CLK
                                   net (fanout=1)        0.746      21.886         nt_sys_clk       
 USCM_215_576/CLKOUT               td                    0.143      22.029 r       clkbufg_3/gopclkbufg/CLKOUT
                                   net (fanout=1)        0.530      22.559         ntclkbufg_0      
 HCKB_213_506/CLKOUT               td                    0.245      22.804 r       HCKBROUTE_282/CLKOUT
                                   net (fanout=9)        0.443      23.247         _N396            
 CLMA_195_745/CLK                                                          r       hdmi_i2c_inst/i2c_ctrl_inst/cnt_clk[4]/opit_0_inv_L6Q_perm/CLK
 clock pessimism                                         0.534      23.781                          
 clock uncertainty                                      -0.050      23.731                          

 Setup time                                             -0.134      23.597                          

 Data required time                                                 23.597                          
----------------------------------------------------------------------------------------------------
 Data required time                                                 23.597                          
 Data arrival time                                                  -5.428                          
----------------------------------------------------------------------------------------------------
 Slack (MET)                                                        18.169                          
====================================================================================================

====================================================================================================

Startpoint  : hdmi_i2c_inst/i2c_ctrl_inst/cnt_clk[7]/opit_0_inv_L6Q_perm/CLK
Endpoint    : hdmi_i2c_inst/i2c_ctrl_inst/cnt_clk[3]/opit_0_inv_L6Q_perm/I2
Path Group  : sys_clk
Path Type   : max
Path Class  : sequential timing path
Clock Skew :    -0.001  (Capture Clock Delay - Launch Clock Delay + Clock Pessimism Removal)
  Capture Clock Delay     :  3.247
  Launch Clock Delay      :  3.782
  Clock Pessimism Removal :  0.534

 Location                          Delay Type             Incr        Path         Logical Resource 
----------------------------------------------------------------------------------------------------

 Clock sys_clk (rising edge)                             0.000       0.000 r                        
 R3                                                      0.000       0.000 r       sys_clk (port)   
                                   net (fanout=1)        0.096       0.096         sys_clk          
 IOBD_372_450/DIN                  td                    1.117       1.213 r       sys_clk_ibuf/opit_0/O
                                   net (fanout=1)        0.000       1.213         sys_clk_ibuf/ntD 
 IOLHR_364_450/DI_TO_CLK           td                    0.105       1.318 r       sys_clk_ibuf/opit_1/DI_TO_CLK
                                   net (fanout=1)        0.876       2.194         nt_sys_clk       
 USCM_215_576/CLKOUT               td                    0.168       2.362 r       clkbufg_3/gopclkbufg/CLKOUT
                                   net (fanout=1)        0.620       2.982         ntclkbufg_0      
 HCKB_213_506/CLKOUT               td                    0.287       3.269 r       HCKBROUTE_282/CLKOUT
                                   net (fanout=9)        0.513       3.782         _N396            
 CLMA_195_745/CLK                                                          r       hdmi_i2c_inst/i2c_ctrl_inst/cnt_clk[7]/opit_0_inv_L6Q_perm/CLK

 CLMA_195_745/Q3                   tco                   0.203       3.985 r       hdmi_i2c_inst/i2c_ctrl_inst/cnt_clk[7]/opit_0_inv_L6Q_perm/L6Q
                                   net (fanout=2)        0.694       4.679         hdmi_i2c_inst/i2c_ctrl_inst/cnt_clk [7]
 CLMA_201_744/CR2                  td                    0.332       5.011 r       hdmi_i2c_inst/i2c_ctrl_inst/cnt_clk[1]/opit_0_inv_L6Q_LUT6DQL5_perm/L5
                                   net (fanout=4)        0.270       5.281         hdmi_i2c_inst/i2c_ctrl_inst/_N463
 CLMA_195_745/C2                                                           r       hdmi_i2c_inst/i2c_ctrl_inst/cnt_clk[3]/opit_0_inv_L6Q_perm/I2

 Data arrival time                                                   5.281         Logic Levels: 1  
                                                                                   Logic: 0.535ns(35.690%), Route: 0.964ns(64.310%)
----------------------------------------------------------------------------------------------------

 Clock sys_clk (rising edge)                            20.000      20.000 r                        
 R3                                                      0.000      20.000 r       sys_clk (port)   
                                   net (fanout=1)        0.096      20.096         sys_clk          
 IOBD_372_450/DIN                  td                    0.953      21.049 r       sys_clk_ibuf/opit_0/O
                                   net (fanout=1)        0.000      21.049         sys_clk_ibuf/ntD 
 IOLHR_364_450/DI_TO_CLK           td                    0.091      21.140 r       sys_clk_ibuf/opit_1/DI_TO_CLK
                                   net (fanout=1)        0.746      21.886         nt_sys_clk       
 USCM_215_576/CLKOUT               td                    0.143      22.029 r       clkbufg_3/gopclkbufg/CLKOUT
                                   net (fanout=1)        0.530      22.559         ntclkbufg_0      
 HCKB_213_506/CLKOUT               td                    0.245      22.804 r       HCKBROUTE_282/CLKOUT
                                   net (fanout=9)        0.443      23.247         _N396            
 CLMA_195_745/CLK                                                          r       hdmi_i2c_inst/i2c_ctrl_inst/cnt_clk[3]/opit_0_inv_L6Q_perm/CLK
 clock pessimism                                         0.534      23.781                          
 clock uncertainty                                      -0.050      23.731                          

 Setup time                                             -0.223      23.508                          

 Data required time                                                 23.508                          
----------------------------------------------------------------------------------------------------
 Data required time                                                 23.508                          
 Data arrival time                                                  -5.281                          
----------------------------------------------------------------------------------------------------
 Slack (MET)                                                        18.227                          
====================================================================================================

====================================================================================================

Startpoint  : hdmi_i2c_inst/i2c_ctrl_inst/cnt_clk[5]/opit_0_inv_L6Q_perm/CLK
Endpoint    : hdmi_i2c_inst/i2c_ctrl_inst/cnt_clk[7]/opit_0_inv_L6Q_perm/I5
Path Group  : sys_clk
Path Type   : min
Path Class  : sequential timing path
Clock Skew :    0.069  (Capture Clock Delay - Launch Clock Delay + Clock Pessimism Removal)
  Capture Clock Delay     :  3.782
  Launch Clock Delay      :  3.248
  Clock Pessimism Removal :  -0.465

 Location                          Delay Type             Incr        Path         Logical Resource 
----------------------------------------------------------------------------------------------------

 Clock sys_clk (rising edge)                             0.000       0.000 r                        
 R3                                                      0.000       0.000 r       sys_clk (port)   
                                   net (fanout=1)        0.096       0.096         sys_clk          
 IOBD_372_450/DIN                  td                    0.953       1.049 r       sys_clk_ibuf/opit_0/O
                                   net (fanout=1)        0.000       1.049         sys_clk_ibuf/ntD 
 IOLHR_364_450/DI_TO_CLK           td                    0.091       1.140 r       sys_clk_ibuf/opit_1/DI_TO_CLK
                                   net (fanout=1)        0.746       1.886         nt_sys_clk       
 USCM_215_576/CLKOUT               td                    0.143       2.029 r       clkbufg_3/gopclkbufg/CLKOUT
                                   net (fanout=1)        0.530       2.559         ntclkbufg_0      
 HCKB_213_506/CLKOUT               td                    0.245       2.804 r       HCKBROUTE_282/CLKOUT
                                   net (fanout=9)        0.444       3.248         _N396            
 CLMA_201_744/CLK                                                          r       hdmi_i2c_inst/i2c_ctrl_inst/cnt_clk[5]/opit_0_inv_L6Q_perm/CLK

 CLMA_201_744/Q1                   tco                   0.158       3.406 f       hdmi_i2c_inst/i2c_ctrl_inst/cnt_clk[5]/opit_0_inv_L6Q_perm/L6Q
                                   net (fanout=4)        0.157       3.563         hdmi_i2c_inst/i2c_ctrl_inst/cnt_clk [5]
 CLMA_195_745/D5                                                           f       hdmi_i2c_inst/i2c_ctrl_inst/cnt_clk[7]/opit_0_inv_L6Q_perm/I5

 Data arrival time                                                   3.563         Logic Levels: 0  
                                                                                   Logic: 0.158ns(50.159%), Route: 0.157ns(49.841%)
----------------------------------------------------------------------------------------------------

 Clock sys_clk (rising edge)                             0.000       0.000 r                        
 R3                                                      0.000       0.000 r       sys_clk (port)   
                                   net (fanout=1)        0.096       0.096         sys_clk          
 IOBD_372_450/DIN                  td                    1.117       1.213 r       sys_clk_ibuf/opit_0/O
                                   net (fanout=1)        0.000       1.213         sys_clk_ibuf/ntD 
 IOLHR_364_450/DI_TO_CLK           td                    0.105       1.318 r       sys_clk_ibuf/opit_1/DI_TO_CLK
                                   net (fanout=1)        0.876       2.194         nt_sys_clk       
 USCM_215_576/CLKOUT               td                    0.168       2.362 r       clkbufg_3/gopclkbufg/CLKOUT
                                   net (fanout=1)        0.620       2.982         ntclkbufg_0      
 HCKB_213_506/CLKOUT               td                    0.287       3.269 r       HCKBROUTE_282/CLKOUT
                                   net (fanout=9)        0.513       3.782         _N396            
 CLMA_195_745/CLK                                                          r       hdmi_i2c_inst/i2c_ctrl_inst/cnt_clk[7]/opit_0_inv_L6Q_perm/CLK
 clock pessimism                                        -0.465       3.317                          
 clock uncertainty                                       0.000       3.317                          

 Hold time                                              -0.014       3.303                          

 Data required time                                                  3.303                          
----------------------------------------------------------------------------------------------------
 Data required time                                                  3.303                          
 Data arrival time                                                  -3.563                          
----------------------------------------------------------------------------------------------------
 Slack (MET)                                                         0.260                          
====================================================================================================

====================================================================================================

Startpoint  : hdmi_i2c_inst/i2c_ctrl_inst/cnt_clk[3]/opit_0_inv_L6Q_perm/CLK
Endpoint    : hdmi_i2c_inst/i2c_ctrl_inst/cnt_clk[4]/opit_0_inv_L6Q_perm/I5
Path Group  : sys_clk
Path Type   : min
Path Class  : sequential timing path
Clock Skew :    0.001  (Capture Clock Delay - Launch Clock Delay + Clock Pessimism Removal)
  Capture Clock Delay     :  3.782
  Launch Clock Delay      :  3.247
  Clock Pessimism Removal :  -0.534

 Location                          Delay Type             Incr        Path         Logical Resource 
----------------------------------------------------------------------------------------------------

 Clock sys_clk (rising edge)                             0.000       0.000 r                        
 R3                                                      0.000       0.000 r       sys_clk (port)   
                                   net (fanout=1)        0.096       0.096         sys_clk          
 IOBD_372_450/DIN                  td                    0.953       1.049 r       sys_clk_ibuf/opit_0/O
                                   net (fanout=1)        0.000       1.049         sys_clk_ibuf/ntD 
 IOLHR_364_450/DI_TO_CLK           td                    0.091       1.140 r       sys_clk_ibuf/opit_1/DI_TO_CLK
                                   net (fanout=1)        0.746       1.886         nt_sys_clk       
 USCM_215_576/CLKOUT               td                    0.143       2.029 r       clkbufg_3/gopclkbufg/CLKOUT
                                   net (fanout=1)        0.530       2.559         ntclkbufg_0      
 HCKB_213_506/CLKOUT               td                    0.245       2.804 r       HCKBROUTE_282/CLKOUT
                                   net (fanout=9)        0.443       3.247         _N396            
 CLMA_195_745/CLK                                                          r       hdmi_i2c_inst/i2c_ctrl_inst/cnt_clk[3]/opit_0_inv_L6Q_perm/CLK

 CLMA_195_745/Q2                   tco                   0.158       3.405 f       hdmi_i2c_inst/i2c_ctrl_inst/cnt_clk[3]/opit_0_inv_L6Q_perm/L6Q
                                   net (fanout=7)        0.089       3.494         hdmi_i2c_inst/i2c_ctrl_inst/cnt_clk [3]
 CLMA_195_745/B5                                                           f       hdmi_i2c_inst/i2c_ctrl_inst/cnt_clk[4]/opit_0_inv_L6Q_perm/I5

 Data arrival time                                                   3.494         Logic Levels: 0  
                                                                                   Logic: 0.158ns(63.968%), Route: 0.089ns(36.032%)
----------------------------------------------------------------------------------------------------

 Clock sys_clk (rising edge)                             0.000       0.000 r                        
 R3                                                      0.000       0.000 r       sys_clk (port)   
                                   net (fanout=1)        0.096       0.096         sys_clk          
 IOBD_372_450/DIN                  td                    1.117       1.213 r       sys_clk_ibuf/opit_0/O
                                   net (fanout=1)        0.000       1.213         sys_clk_ibuf/ntD 
 IOLHR_364_450/DI_TO_CLK           td                    0.105       1.318 r       sys_clk_ibuf/opit_1/DI_TO_CLK
                                   net (fanout=1)        0.876       2.194         nt_sys_clk       
 USCM_215_576/CLKOUT               td                    0.168       2.362 r       clkbufg_3/gopclkbufg/CLKOUT
                                   net (fanout=1)        0.620       2.982         ntclkbufg_0      
 HCKB_213_506/CLKOUT               td                    0.287       3.269 r       HCKBROUTE_282/CLKOUT
                                   net (fanout=9)        0.513       3.782         _N396            
 CLMA_195_745/CLK                                                          r       hdmi_i2c_inst/i2c_ctrl_inst/cnt_clk[4]/opit_0_inv_L6Q_perm/CLK
 clock pessimism                                        -0.534       3.248                          
 clock uncertainty                                       0.000       3.248                          

 Hold time                                              -0.014       3.234                          

 Data required time                                                  3.234                          
----------------------------------------------------------------------------------------------------
 Data required time                                                  3.234                          
 Data arrival time                                                  -3.494                          
----------------------------------------------------------------------------------------------------
 Slack (MET)                                                         0.260                          
====================================================================================================

====================================================================================================

Startpoint  : hdmi_i2c_inst/i2c_ctrl_inst/cnt_clk[6]/opit_0_inv_L6Q_perm/CLK
Endpoint    : hdmi_i2c_inst/i2c_ctrl_inst/cnt_clk[3]/opit_0_inv_L6Q_perm/I5
Path Group  : sys_clk
Path Type   : min
Path Class  : sequential timing path
Clock Skew :    0.069  (Capture Clock Delay - Launch Clock Delay + Clock Pessimism Removal)
  Capture Clock Delay     :  3.782
  Launch Clock Delay      :  3.248
  Clock Pessimism Removal :  -0.465

 Location                          Delay Type             Incr        Path         Logical Resource 
----------------------------------------------------------------------------------------------------

 Clock sys_clk (rising edge)                             0.000       0.000 r                        
 R3                                                      0.000       0.000 r       sys_clk (port)   
                                   net (fanout=1)        0.096       0.096         sys_clk          
 IOBD_372_450/DIN                  td                    0.953       1.049 r       sys_clk_ibuf/opit_0/O
                                   net (fanout=1)        0.000       1.049         sys_clk_ibuf/ntD 
 IOLHR_364_450/DI_TO_CLK           td                    0.091       1.140 r       sys_clk_ibuf/opit_1/DI_TO_CLK
                                   net (fanout=1)        0.746       1.886         nt_sys_clk       
 USCM_215_576/CLKOUT               td                    0.143       2.029 r       clkbufg_3/gopclkbufg/CLKOUT
                                   net (fanout=1)        0.530       2.559         ntclkbufg_0      
 HCKB_213_506/CLKOUT               td                    0.245       2.804 r       HCKBROUTE_282/CLKOUT
                                   net (fanout=9)        0.444       3.248         _N396            
 CLMA_201_744/CLK                                                          r       hdmi_i2c_inst/i2c_ctrl_inst/cnt_clk[6]/opit_0_inv_L6Q_perm/CLK

 CLMA_201_744/Q0                   tco                   0.158       3.406 f       hdmi_i2c_inst/i2c_ctrl_inst/cnt_clk[6]/opit_0_inv_L6Q_perm/L6Q
                                   net (fanout=6)        0.157       3.563         hdmi_i2c_inst/i2c_ctrl_inst/cnt_clk [6]
 CLMA_195_745/C5                                                           f       hdmi_i2c_inst/i2c_ctrl_inst/cnt_clk[3]/opit_0_inv_L6Q_perm/I5

 Data arrival time                                                   3.563         Logic Levels: 0  
                                                                                   Logic: 0.158ns(50.159%), Route: 0.157ns(49.841%)
----------------------------------------------------------------------------------------------------

 Clock sys_clk (rising edge)                             0.000       0.000 r                        
 R3                                                      0.000       0.000 r       sys_clk (port)   
                                   net (fanout=1)        0.096       0.096         sys_clk          
 IOBD_372_450/DIN                  td                    1.117       1.213 r       sys_clk_ibuf/opit_0/O
                                   net (fanout=1)        0.000       1.213         sys_clk_ibuf/ntD 
 IOLHR_364_450/DI_TO_CLK           td                    0.105       1.318 r       sys_clk_ibuf/opit_1/DI_TO_CLK
                                   net (fanout=1)        0.876       2.194         nt_sys_clk       
 USCM_215_576/CLKOUT               td                    0.168       2.362 r       clkbufg_3/gopclkbufg/CLKOUT
                                   net (fanout=1)        0.620       2.982         ntclkbufg_0      
 HCKB_213_506/CLKOUT               td                    0.287       3.269 r       HCKBROUTE_282/CLKOUT
                                   net (fanout=9)        0.513       3.782         _N396            
 CLMA_195_745/CLK                                                          r       hdmi_i2c_inst/i2c_ctrl_inst/cnt_clk[3]/opit_0_inv_L6Q_perm/CLK
 clock pessimism                                        -0.465       3.317                          
 clock uncertainty                                       0.000       3.317                          

 Hold time                                              -0.017       3.300                          

 Data required time                                                  3.300                          
----------------------------------------------------------------------------------------------------
 Data required time                                                  3.300                          
 Data arrival time                                                  -3.563                          
----------------------------------------------------------------------------------------------------
 Slack (MET)                                                         0.263                          
====================================================================================================

====================================================================================================

Startpoint  : hdmi_i2c_inst/i2c_ctrl_inst/state_15/opit_0_inv_L5Q_perm/CLK
Endpoint    : hdmi_i2c_inst/i2c_ctrl_inst/state_12/opit_0_inv_L6Q_perm/CE
Path Group  : hdmi_i2c_inst/i2c_ctrl_inst/i2c_clk/Q[0]_Inferred
Path Type   : max
Path Class  : sequential timing path
Clock Skew :    -0.283  (Capture Clock Delay - Launch Clock Delay + Clock Pessimism Removal)
  Capture Clock Delay     :  0.296
  Launch Clock Delay      :  0.579
  Clock Pessimism Removal :  0.000

 Location                          Delay Type             Incr        Path         Logical Resource 
----------------------------------------------------------------------------------------------------

 Clock hdmi_i2c_inst/i2c_ctrl_inst/i2c_clk/Q[0]_Inferred (rising edge)
                                                         0.000       0.000 r                        
 CLMA_195_745/CR0                                        0.000       0.000 r       hdmi_i2c_inst/i2c_ctrl_inst/i2c_clk/opit_0_inv/Q
                                   net (fanout=668)      0.579       0.579         hdmi_i2c_inst/cfg_clk
 CLMS_207_727/CLK                                                          r       hdmi_i2c_inst/i2c_ctrl_inst/state_15/opit_0_inv_L5Q_perm/CLK

 CLMS_207_727/CR0                  tco                   0.249       0.828 r       hdmi_i2c_inst/i2c_ctrl_inst/state_15/opit_0_inv_L5Q_perm/L5Q
                                   net (fanout=4)        0.553       1.381         hdmi_i2c_inst/i2c_ctrl_inst/state_15
 CLMS_207_751/Y2                   td                    0.229       1.610 r       hdmi_i2c_inst/i2c_ctrl_inst/i2c_end/opit_0_inv_L6Q_perm/L6
                                   net (fanout=3)        0.406       2.016         hdmi_i2c_inst/i2c_ctrl_inst/N734
 CLMA_207_732/Y1                   td                    0.108       2.124 r       hdmi_i2c_inst/i2c_ctrl_inst/N736_2_9/LUT6_inst_perm/L6
                                   net (fanout=1)        0.244       2.368         hdmi_i2c_inst/i2c_ctrl_inst/_N441
 CLMA_207_732/Y3                   td                    0.207       2.575 r       hdmi_i2c_inst/i2c_ctrl_inst/N736_2_13/gateop_perm/L6
                                   net (fanout=11)       0.539       3.114         hdmi_i2c_inst/i2c_ctrl_inst/N736
 CLMS_207_745/CE                                                           r       hdmi_i2c_inst/i2c_ctrl_inst/state_12/opit_0_inv_L6Q_perm/CE

 Data arrival time                                                   3.114         Logic Levels: 3  
                                                                                   Logic: 0.793ns(31.282%), Route: 1.742ns(68.718%)
----------------------------------------------------------------------------------------------------

 Clock hdmi_i2c_inst/i2c_ctrl_inst/i2c_clk/Q[0]_Inferred (rising edge)
                                                      1000.000    1000.000 r                        
 CLMA_195_745/CR0                                        0.000    1000.000 r       hdmi_i2c_inst/i2c_ctrl_inst/i2c_clk/opit_0_inv/Q
                                   net (fanout=668)      0.296    1000.296         hdmi_i2c_inst/cfg_clk
 CLMS_207_745/CLK                                                          r       hdmi_i2c_inst/i2c_ctrl_inst/state_12/opit_0_inv_L6Q_perm/CLK
 clock pessimism                                         0.000    1000.296                          
 clock uncertainty                                      -0.050    1000.246                          

 Setup time                                             -0.226    1000.020                          

 Data required time                                               1000.020                          
----------------------------------------------------------------------------------------------------
 Data required time                                               1000.020                          
 Data arrival time                                                  -3.114                          
----------------------------------------------------------------------------------------------------
 Slack (MET)                                                       996.906                          
====================================================================================================

====================================================================================================

Startpoint  : hdmi_i2c_inst/i2c_ctrl_inst/state_15/opit_0_inv_L5Q_perm/CLK
Endpoint    : hdmi_i2c_inst/i2c_ctrl_inst/state_2/opit_0_inv_L6QL5_perm/CE
Path Group  : hdmi_i2c_inst/i2c_ctrl_inst/i2c_clk/Q[0]_Inferred
Path Type   : max
Path Class  : sequential timing path
Clock Skew :    -0.386  (Capture Clock Delay - Launch Clock Delay + Clock Pessimism Removal)
  Capture Clock Delay     :  0.193
  Launch Clock Delay      :  0.579
  Clock Pessimism Removal :  0.000

 Location                          Delay Type             Incr        Path         Logical Resource 
----------------------------------------------------------------------------------------------------

 Clock hdmi_i2c_inst/i2c_ctrl_inst/i2c_clk/Q[0]_Inferred (rising edge)
                                                         0.000       0.000 r                        
 CLMA_195_745/CR0                                        0.000       0.000 r       hdmi_i2c_inst/i2c_ctrl_inst/i2c_clk/opit_0_inv/Q
                                   net (fanout=668)      0.579       0.579         hdmi_i2c_inst/cfg_clk
 CLMS_207_727/CLK                                                          r       hdmi_i2c_inst/i2c_ctrl_inst/state_15/opit_0_inv_L5Q_perm/CLK

 CLMS_207_727/CR0                  tco                   0.249       0.828 r       hdmi_i2c_inst/i2c_ctrl_inst/state_15/opit_0_inv_L5Q_perm/L5Q
                                   net (fanout=4)        0.553       1.381         hdmi_i2c_inst/i2c_ctrl_inst/state_15
 CLMS_207_751/Y2                   td                    0.229       1.610 r       hdmi_i2c_inst/i2c_ctrl_inst/i2c_end/opit_0_inv_L6Q_perm/L6
                                   net (fanout=3)        0.406       2.016         hdmi_i2c_inst/i2c_ctrl_inst/N734
 CLMA_207_732/Y1                   td                    0.108       2.124 r       hdmi_i2c_inst/i2c_ctrl_inst/N736_2_9/LUT6_inst_perm/L6
                                   net (fanout=1)        0.244       2.368         hdmi_i2c_inst/i2c_ctrl_inst/_N441
 CLMA_207_732/Y3                   td                    0.207       2.575 r       hdmi_i2c_inst/i2c_ctrl_inst/N736_2_13/gateop_perm/L6
                                   net (fanout=11)       0.265       2.840         hdmi_i2c_inst/i2c_ctrl_inst/N736
 CLMS_201_739/CECO                 td                    0.136       2.976 r       hdmi_i2c_inst/i2c_ctrl_inst/state_13/opit_0_inv_L6QL5Q_perm/CECO
                                   net (fanout=1)        0.000       2.976         _N103            
 CLMS_201_745/CECI                                                         r       hdmi_i2c_inst/i2c_ctrl_inst/state_2/opit_0_inv_L6QL5_perm/CE

 Data arrival time                                                   2.976         Logic Levels: 4  
                                                                                   Logic: 0.929ns(38.757%), Route: 1.468ns(61.243%)
----------------------------------------------------------------------------------------------------

 Clock hdmi_i2c_inst/i2c_ctrl_inst/i2c_clk/Q[0]_Inferred (rising edge)
                                                      1000.000    1000.000 r                        
 CLMA_195_745/CR0                                        0.000    1000.000 r       hdmi_i2c_inst/i2c_ctrl_inst/i2c_clk/opit_0_inv/Q
                                   net (fanout=668)      0.193    1000.193         hdmi_i2c_inst/cfg_clk
 CLMS_201_745/CLK                                                          r       hdmi_i2c_inst/i2c_ctrl_inst/state_2/opit_0_inv_L6QL5_perm/CLK
 clock pessimism                                         0.000    1000.193                          
 clock uncertainty                                      -0.050    1000.143                          

 Setup time                                             -0.226     999.917                          

 Data required time                                                999.917                          
----------------------------------------------------------------------------------------------------
 Data required time                                                999.917                          
 Data arrival time                                                  -2.976                          
----------------------------------------------------------------------------------------------------
 Slack (MET)                                                       996.941                          
====================================================================================================

====================================================================================================

Startpoint  : hdmi_i2c_inst/i2c_ctrl_inst/state_15/opit_0_inv_L5Q_perm/CLK
Endpoint    : hdmi_i2c_inst/i2c_ctrl_inst/state_14/opit_0_inv_L6Q_perm/CE
Path Group  : hdmi_i2c_inst/i2c_ctrl_inst/i2c_clk/Q[0]_Inferred
Path Type   : max
Path Class  : sequential timing path
Clock Skew :    -0.116  (Capture Clock Delay - Launch Clock Delay + Clock Pessimism Removal)
  Capture Clock Delay     :  0.463
  Launch Clock Delay      :  0.579
  Clock Pessimism Removal :  0.000

 Location                          Delay Type             Incr        Path         Logical Resource 
----------------------------------------------------------------------------------------------------

 Clock hdmi_i2c_inst/i2c_ctrl_inst/i2c_clk/Q[0]_Inferred (rising edge)
                                                         0.000       0.000 r                        
 CLMA_195_745/CR0                                        0.000       0.000 r       hdmi_i2c_inst/i2c_ctrl_inst/i2c_clk/opit_0_inv/Q
                                   net (fanout=668)      0.579       0.579         hdmi_i2c_inst/cfg_clk
 CLMS_207_727/CLK                                                          r       hdmi_i2c_inst/i2c_ctrl_inst/state_15/opit_0_inv_L5Q_perm/CLK

 CLMS_207_727/CR0                  tco                   0.249       0.828 r       hdmi_i2c_inst/i2c_ctrl_inst/state_15/opit_0_inv_L5Q_perm/L5Q
                                   net (fanout=4)        0.553       1.381         hdmi_i2c_inst/i2c_ctrl_inst/state_15
 CLMS_207_751/Y2                   td                    0.229       1.610 r       hdmi_i2c_inst/i2c_ctrl_inst/i2c_end/opit_0_inv_L6Q_perm/L6
                                   net (fanout=3)        0.406       2.016         hdmi_i2c_inst/i2c_ctrl_inst/N734
 CLMA_207_732/Y1                   td                    0.108       2.124 r       hdmi_i2c_inst/i2c_ctrl_inst/N736_2_9/LUT6_inst_perm/L6
                                   net (fanout=1)        0.244       2.368         hdmi_i2c_inst/i2c_ctrl_inst/_N441
 CLMA_207_732/Y3                   td                    0.207       2.575 r       hdmi_i2c_inst/i2c_ctrl_inst/N736_2_13/gateop_perm/L6
                                   net (fanout=11)       0.646       3.221         hdmi_i2c_inst/i2c_ctrl_inst/N736
 CLMA_219_751/CE                                                           r       hdmi_i2c_inst/i2c_ctrl_inst/state_14/opit_0_inv_L6Q_perm/CE

 Data arrival time                                                   3.221         Logic Levels: 3  
                                                                                   Logic: 0.793ns(30.015%), Route: 1.849ns(69.985%)
----------------------------------------------------------------------------------------------------

 Clock hdmi_i2c_inst/i2c_ctrl_inst/i2c_clk/Q[0]_Inferred (rising edge)
                                                      1000.000    1000.000 r                        
 CLMA_195_745/CR0                                        0.000    1000.000 r       hdmi_i2c_inst/i2c_ctrl_inst/i2c_clk/opit_0_inv/Q
                                   net (fanout=668)      0.463    1000.463         hdmi_i2c_inst/cfg_clk
 CLMA_219_751/CLK                                                          r       hdmi_i2c_inst/i2c_ctrl_inst/state_14/opit_0_inv_L6Q_perm/CLK
 clock pessimism                                         0.000    1000.463                          
 clock uncertainty                                      -0.050    1000.413                          

 Setup time                                             -0.226    1000.187                          

 Data required time                                               1000.187                          
----------------------------------------------------------------------------------------------------
 Data required time                                               1000.187                          
 Data arrival time                                                  -3.221                          
----------------------------------------------------------------------------------------------------
 Slack (MET)                                                       996.966                          
====================================================================================================

====================================================================================================

Startpoint  : u_CORES/u_debug_core_0/data_pipe[4][52]/opit_0_inv_L6QL5Q1_perm/CLK
Endpoint    : u_CORES/u_debug_core_0/DATA_ff[0][52]/opit_0/D
Path Group  : hdmi_i2c_inst/i2c_ctrl_inst/i2c_clk/Q[0]_Inferred
Path Type   : min
Path Class  : sequential timing path
Clock Skew :    0.954  (Capture Clock Delay - Launch Clock Delay + Clock Pessimism Removal)
  Capture Clock Delay     :  1.706
  Launch Clock Delay      :  0.752
  Clock Pessimism Removal :  0.000

 Location                          Delay Type             Incr        Path         Logical Resource 
----------------------------------------------------------------------------------------------------

 Clock hdmi_i2c_inst/i2c_ctrl_inst/i2c_clk/Q[0]_Inferred (rising edge)
                                                         0.000       0.000 r                        
 CLMA_195_745/CR0                                        0.000       0.000 r       hdmi_i2c_inst/i2c_ctrl_inst/i2c_clk/opit_0_inv/Q
                                   net (fanout=668)      0.752       0.752         hdmi_i2c_inst/cfg_clk
 CLMA_261_721/CLK                                                          r       u_CORES/u_debug_core_0/data_pipe[4][52]/opit_0_inv_L6QL5Q1_perm/CLK

 CLMA_261_721/Q2                   tco                   0.158       0.910 f       u_CORES/u_debug_core_0/data_pipe[4][52]/opit_0_inv_L6QL5Q1_perm/L6Q
                                   net (fanout=1)        0.238       1.148         u_CORES/u_debug_core_0/data_pipe[4] [52]
 CLMA_261_708/M0                                                           f       u_CORES/u_debug_core_0/DATA_ff[0][52]/opit_0/D

 Data arrival time                                                   1.148         Logic Levels: 0  
                                                                                   Logic: 0.158ns(39.899%), Route: 0.238ns(60.101%)
----------------------------------------------------------------------------------------------------

 Clock hdmi_i2c_inst/i2c_ctrl_inst/i2c_clk/Q[0]_Inferred (rising edge)
                                                         0.000       0.000 r                        
 CLMA_195_745/CR0                                        0.000       0.000 r       hdmi_i2c_inst/i2c_ctrl_inst/i2c_clk/opit_0_inv/Q
                                   net (fanout=668)      1.706       1.706         hdmi_i2c_inst/cfg_clk
 CLMA_261_708/CLK                                                          r       u_CORES/u_debug_core_0/DATA_ff[0][52]/opit_0/CLK
 clock pessimism                                         0.000       1.706                          
 clock uncertainty                                       0.000       1.706                          

 Hold time                                              -0.044       1.662                          

 Data required time                                                  1.662                          
----------------------------------------------------------------------------------------------------
 Data required time                                                  1.662                          
 Data arrival time                                                  -1.148                          
----------------------------------------------------------------------------------------------------
 Slack (VIOLATED)                                                   -0.514                          
====================================================================================================

====================================================================================================

Startpoint  : u_CORES/u_debug_core_0/status[5]/opit_0_inv_L6QL5Q_perm/CLK
Endpoint    : u_CORES/u_debug_core_0/u_Data_Capture_Memory/block_ram.ram_data_3_1/gopdrm_36k/ADA0[8]
Path Group  : hdmi_i2c_inst/i2c_ctrl_inst/i2c_clk/Q[0]_Inferred
Path Type   : min
Path Class  : sequential timing path
Clock Skew :    1.038  (Capture Clock Delay - Launch Clock Delay + Clock Pessimism Removal)
  Capture Clock Delay     :  1.957
  Launch Clock Delay      :  0.919
  Clock Pessimism Removal :  0.000

 Location                          Delay Type             Incr        Path         Logical Resource 
----------------------------------------------------------------------------------------------------

 Clock hdmi_i2c_inst/i2c_ctrl_inst/i2c_clk/Q[0]_Inferred (rising edge)
                                                         0.000       0.000 r                        
 CLMA_195_745/CR0                                        0.000       0.000 r       hdmi_i2c_inst/i2c_ctrl_inst/i2c_clk/opit_0_inv/Q
                                   net (fanout=668)      0.919       0.919         hdmi_i2c_inst/cfg_clk
 CLMA_273_805/CLK                                                          r       u_CORES/u_debug_core_0/status[5]/opit_0_inv_L6QL5Q_perm/CLK

 CLMA_273_805/Q2                   tco                   0.158       1.077 f       u_CORES/u_debug_core_0/status[5]/opit_0_inv_L6QL5Q_perm/L6Q
                                   net (fanout=24)       0.544       1.621         u_CORES/u_debug_core_0/ram_wadr [5]
 DRM_298_888/ADA0[8]                                                       f       u_CORES/u_debug_core_0/u_Data_Capture_Memory/block_ram.ram_data_3_1/gopdrm_36k/ADA0[8]

 Data arrival time                                                   1.621         Logic Levels: 0  
                                                                                   Logic: 0.158ns(22.507%), Route: 0.544ns(77.493%)
----------------------------------------------------------------------------------------------------

 Clock hdmi_i2c_inst/i2c_ctrl_inst/i2c_clk/Q[0]_Inferred (rising edge)
                                                         0.000       0.000 r                        
 CLMA_195_745/CR0                                        0.000       0.000 r       hdmi_i2c_inst/i2c_ctrl_inst/i2c_clk/opit_0_inv/Q
                                   net (fanout=668)      1.957       1.957         hdmi_i2c_inst/cfg_clk
 DRM_298_888/CLKA[0]                                                       r       u_CORES/u_debug_core_0/u_Data_Capture_Memory/block_ram.ram_data_3_1/gopdrm_36k/CLKA[0]
 clock pessimism                                         0.000       1.957                          
 clock uncertainty                                       0.000       1.957                          

 Hold time                                               0.087       2.044                          

 Data required time                                                  2.044                          
----------------------------------------------------------------------------------------------------
 Data required time                                                  2.044                          
 Data arrival time                                                  -1.621                          
----------------------------------------------------------------------------------------------------
 Slack (VIOLATED)                                                   -0.423                          
====================================================================================================

====================================================================================================

Startpoint  : u_CORES/u_debug_core_0/DATA_ff[0][49]/opit_0/CLK
Endpoint    : u_CORES/u_debug_core_0/u_Data_Capture_Memory/block_ram.ram_data_0_5/gopdrm_36k/DA0[5]
Path Group  : hdmi_i2c_inst/i2c_ctrl_inst/i2c_clk/Q[0]_Inferred
Path Type   : min
Path Class  : sequential timing path
Clock Skew :    0.961  (Capture Clock Delay - Launch Clock Delay + Clock Pessimism Removal)
  Capture Clock Delay     :  1.701
  Launch Clock Delay      :  0.740
  Clock Pessimism Removal :  0.000

 Location                          Delay Type             Incr        Path         Logical Resource 
----------------------------------------------------------------------------------------------------

 Clock hdmi_i2c_inst/i2c_ctrl_inst/i2c_clk/Q[0]_Inferred (rising edge)
                                                         0.000       0.000 r                        
 CLMA_195_745/CR0                                        0.000       0.000 r       hdmi_i2c_inst/i2c_ctrl_inst/i2c_clk/opit_0_inv/Q
                                   net (fanout=668)      0.740       0.740         hdmi_i2c_inst/cfg_clk
 CLMA_249_715/CLK                                                          r       u_CORES/u_debug_core_0/DATA_ff[0][49]/opit_0/CLK

 CLMA_249_715/Q3                   tco                   0.158       0.898 f       u_CORES/u_debug_core_0/DATA_ff[0][49]/opit_0/Q
                                   net (fanout=4)        0.396       1.294         u_CORES/u_debug_core_0/DATA_ff[0] [49]
 DRM_256_672/DA0[5]                                                        f       u_CORES/u_debug_core_0/u_Data_Capture_Memory/block_ram.ram_data_0_5/gopdrm_36k/DA0[5]

 Data arrival time                                                   1.294         Logic Levels: 0  
                                                                                   Logic: 0.158ns(28.520%), Route: 0.396ns(71.480%)
----------------------------------------------------------------------------------------------------

 Clock hdmi_i2c_inst/i2c_ctrl_inst/i2c_clk/Q[0]_Inferred (rising edge)
                                                         0.000       0.000 r                        
 CLMA_195_745/CR0                                        0.000       0.000 r       hdmi_i2c_inst/i2c_ctrl_inst/i2c_clk/opit_0_inv/Q
                                   net (fanout=668)      1.701       1.701         hdmi_i2c_inst/cfg_clk
 DRM_256_672/CLKA[0]                                                       r       u_CORES/u_debug_core_0/u_Data_Capture_Memory/block_ram.ram_data_0_5/gopdrm_36k/CLKA[0]
 clock pessimism                                         0.000       1.701                          
 clock uncertainty                                       0.000       1.701                          

 Hold time                                               0.016       1.717                          

 Data required time                                                  1.717                          
----------------------------------------------------------------------------------------------------
 Data required time                                                  1.717                          
 Data arrival time                                                  -1.294                          
----------------------------------------------------------------------------------------------------
 Slack (VIOLATED)                                                   -0.423                          
====================================================================================================

====================================================================================================

Startpoint  : u_CORES/u_jtag_hub/data_ctrl/opit_0_inv_L6Q/CLK
Endpoint    : u_CORES/u_jtag_hub/id_o[1]/opit_0_inv_L6Q_LUT6DQL5Q_perm/I0
Path Group  : DebugCore_JCLK
Path Type   : max
Path Class  : sequential timing path
Clock Skew :    -0.092  (Capture Clock Delay - Launch Clock Delay + Clock Pessimism Removal)
  Capture Clock Delay     :  3.093
  Launch Clock Delay      :  4.079
  Clock Pessimism Removal :  0.894

 Location                          Delay Type             Incr        Path         Logical Resource 
----------------------------------------------------------------------------------------------------

 Clock DebugCore_JCLK (rising edge)
                                                         0.000       0.000 r                        
 SCANCHAIN_88_312/TCK1                                   0.000       0.000 r       u_CORES/u_GTP_SCANCHAIN_PG/scanchain/TCK1
                                   net (fanout=1)        2.544       2.544         u_CORES/drck_o   
 USCM_215_669/CLKOUT               td                    0.168       2.712 r       clkbufg_5/gopclkbufg/CLKOUT
                                   net (fanout=3)        0.620       3.332         ntclkbufg_2      
 HCKB_213_535/CLKOUT               td                    0.287       3.619 r       HCKBROUTE_283/CLKOUT
                                   net (fanout=184)      0.460       4.079         _N397            
 CLMA_249_684/CLK                                                          r       u_CORES/u_jtag_hub/data_ctrl/opit_0_inv_L6Q/CLK

 CLMA_249_684/Q2                   tco                   0.203       4.282 r       u_CORES/u_jtag_hub/data_ctrl/opit_0_inv_L6Q/L6Q
                                   net (fanout=7)        0.839       5.121         u_CORES/u_jtag_hub/data_ctrl
 CLMA_267_756/A0                                                           r       u_CORES/u_jtag_hub/id_o[1]/opit_0_inv_L6Q_LUT6DQL5Q_perm/I0

 Data arrival time                                                   5.121         Logic Levels: 0  
                                                                                   Logic: 0.203ns(19.482%), Route: 0.839ns(80.518%)
----------------------------------------------------------------------------------------------------

 Clock DebugCore_JCLK (falling edge)
                                                        25.000      25.000 f                        
 SCANCHAIN_88_312/TCK1                                   0.000      25.000 f       u_CORES/u_GTP_SCANCHAIN_PG/scanchain/TCK1
                                   net (fanout=1)        1.807      26.807         u_CORES/drck_o   
 USCM_215_669/CLKOUT               td                    0.143      26.950 f       clkbufg_5/gopclkbufg/CLKOUT
                                   net (fanout=3)        0.530      27.480         ntclkbufg_2      
 HCKB_213_535/CLKOUT               td                    0.245      27.725 f       HCKBROUTE_283/CLKOUT
                                   net (fanout=184)      0.368      28.093         _N397            
 CLMA_267_756/CLK                                                          f       u_CORES/u_jtag_hub/id_o[1]/opit_0_inv_L6Q_LUT6DQL5Q_perm/CLK
 clock pessimism                                         0.894      28.987                          
 clock uncertainty                                      -0.050      28.937                          

 Setup time                                             -0.287      28.650                          

 Data required time                                                 28.650                          
----------------------------------------------------------------------------------------------------
 Data required time                                                 28.650                          
 Data arrival time                                                  -5.121                          
----------------------------------------------------------------------------------------------------
 Slack (MET)                                                        23.529                          
====================================================================================================

====================================================================================================

Startpoint  : u_CORES/u_jtag_hub/data_ctrl/opit_0_inv_L6Q/CLK
Endpoint    : u_CORES/u_jtag_hub/id_o[3]/opit_0_inv_L6Q_LUT6DQL5Q_perm/I2
Path Group  : DebugCore_JCLK
Path Type   : max
Path Class  : sequential timing path
Clock Skew :    -0.089  (Capture Clock Delay - Launch Clock Delay + Clock Pessimism Removal)
  Capture Clock Delay     :  3.096
  Launch Clock Delay      :  4.079
  Clock Pessimism Removal :  0.894

 Location                          Delay Type             Incr        Path         Logical Resource 
----------------------------------------------------------------------------------------------------

 Clock DebugCore_JCLK (rising edge)
                                                         0.000       0.000 r                        
 SCANCHAIN_88_312/TCK1                                   0.000       0.000 r       u_CORES/u_GTP_SCANCHAIN_PG/scanchain/TCK1
                                   net (fanout=1)        2.544       2.544         u_CORES/drck_o   
 USCM_215_669/CLKOUT               td                    0.168       2.712 r       clkbufg_5/gopclkbufg/CLKOUT
                                   net (fanout=3)        0.620       3.332         ntclkbufg_2      
 HCKB_213_535/CLKOUT               td                    0.287       3.619 r       HCKBROUTE_283/CLKOUT
                                   net (fanout=184)      0.460       4.079         _N397            
 CLMA_249_684/CLK                                                          r       u_CORES/u_jtag_hub/data_ctrl/opit_0_inv_L6Q/CLK

 CLMA_249_684/Q2                   tco                   0.203       4.282 r       u_CORES/u_jtag_hub/data_ctrl/opit_0_inv_L6Q/L6Q
                                   net (fanout=7)        0.665       4.947         u_CORES/u_jtag_hub/data_ctrl
 CLMA_261_745/C2                                                           r       u_CORES/u_jtag_hub/id_o[3]/opit_0_inv_L6Q_LUT6DQL5Q_perm/I2

 Data arrival time                                                   4.947         Logic Levels: 0  
                                                                                   Logic: 0.203ns(23.387%), Route: 0.665ns(76.613%)
----------------------------------------------------------------------------------------------------

 Clock DebugCore_JCLK (falling edge)
                                                        25.000      25.000 f                        
 SCANCHAIN_88_312/TCK1                                   0.000      25.000 f       u_CORES/u_GTP_SCANCHAIN_PG/scanchain/TCK1
                                   net (fanout=1)        1.807      26.807         u_CORES/drck_o   
 USCM_215_669/CLKOUT               td                    0.143      26.950 f       clkbufg_5/gopclkbufg/CLKOUT
                                   net (fanout=3)        0.530      27.480         ntclkbufg_2      
 HCKB_213_535/CLKOUT               td                    0.245      27.725 f       HCKBROUTE_283/CLKOUT
                                   net (fanout=184)      0.371      28.096         _N397            
 CLMA_261_745/CLK                                                          f       u_CORES/u_jtag_hub/id_o[3]/opit_0_inv_L6Q_LUT6DQL5Q_perm/CLK
 clock pessimism                                         0.894      28.990                          
 clock uncertainty                                      -0.050      28.940                          

 Setup time                                             -0.239      28.701                          

 Data required time                                                 28.701                          
----------------------------------------------------------------------------------------------------
 Data required time                                                 28.701                          
 Data arrival time                                                  -4.947                          
----------------------------------------------------------------------------------------------------
 Slack (MET)                                                        23.754                          
====================================================================================================

====================================================================================================

Startpoint  : u_CORES/u_jtag_hub/data_ctrl/opit_0_inv_L6Q/CLK
Endpoint    : u_CORES/u_jtag_hub/id_o[4]/opit_0_inv_L6QL5_perm/I3
Path Group  : DebugCore_JCLK
Path Type   : max
Path Class  : sequential timing path
Clock Skew :    -0.089  (Capture Clock Delay - Launch Clock Delay + Clock Pessimism Removal)
  Capture Clock Delay     :  3.096
  Launch Clock Delay      :  4.079
  Clock Pessimism Removal :  0.894

 Location                          Delay Type             Incr        Path         Logical Resource 
----------------------------------------------------------------------------------------------------

 Clock DebugCore_JCLK (rising edge)
                                                         0.000       0.000 r                        
 SCANCHAIN_88_312/TCK1                                   0.000       0.000 r       u_CORES/u_GTP_SCANCHAIN_PG/scanchain/TCK1
                                   net (fanout=1)        2.544       2.544         u_CORES/drck_o   
 USCM_215_669/CLKOUT               td                    0.168       2.712 r       clkbufg_5/gopclkbufg/CLKOUT
                                   net (fanout=3)        0.620       3.332         ntclkbufg_2      
 HCKB_213_535/CLKOUT               td                    0.287       3.619 r       HCKBROUTE_283/CLKOUT
                                   net (fanout=184)      0.460       4.079         _N397            
 CLMA_249_684/CLK                                                          r       u_CORES/u_jtag_hub/data_ctrl/opit_0_inv_L6Q/CLK

 CLMA_249_684/Q2                   tco                   0.203       4.282 r       u_CORES/u_jtag_hub/data_ctrl/opit_0_inv_L6Q/L6Q
                                   net (fanout=7)        0.665       4.947         u_CORES/u_jtag_hub/data_ctrl
 CLMA_261_745/B3                                                           r       u_CORES/u_jtag_hub/id_o[4]/opit_0_inv_L6QL5_perm/I3

 Data arrival time                                                   4.947         Logic Levels: 0  
                                                                                   Logic: 0.203ns(23.387%), Route: 0.665ns(76.613%)
----------------------------------------------------------------------------------------------------

 Clock DebugCore_JCLK (falling edge)
                                                        25.000      25.000 f                        
 SCANCHAIN_88_312/TCK1                                   0.000      25.000 f       u_CORES/u_GTP_SCANCHAIN_PG/scanchain/TCK1
                                   net (fanout=1)        1.807      26.807         u_CORES/drck_o   
 USCM_215_669/CLKOUT               td                    0.143      26.950 f       clkbufg_5/gopclkbufg/CLKOUT
                                   net (fanout=3)        0.530      27.480         ntclkbufg_2      
 HCKB_213_535/CLKOUT               td                    0.245      27.725 f       HCKBROUTE_283/CLKOUT
                                   net (fanout=184)      0.371      28.096         _N397            
 CLMA_261_745/CLK                                                          f       u_CORES/u_jtag_hub/id_o[4]/opit_0_inv_L6QL5_perm/CLK
 clock pessimism                                         0.894      28.990                          
 clock uncertainty                                      -0.050      28.940                          

 Setup time                                             -0.162      28.778                          

 Data required time                                                 28.778                          
----------------------------------------------------------------------------------------------------
 Data required time                                                 28.778                          
 Data arrival time                                                  -4.947                          
----------------------------------------------------------------------------------------------------
 Slack (MET)                                                        23.831                          
====================================================================================================

====================================================================================================

Startpoint  : u_CORES/u_debug_core_0/u_Storage_Condition/u_cfg_reg_file/bit_cnt[0]/opit_0_inv_L6QL5Q1_perm/CLK
Endpoint    : u_CORES/u_debug_core_0/u_Storage_Condition/u_cfg_reg_file/bit_cnt[4]/opit_0_inv_L6Q_perm/I5
Path Group  : DebugCore_JCLK
Path Type   : min
Path Class  : sequential timing path
Clock Skew :    0.001  (Capture Clock Delay - Launch Clock Delay + Clock Pessimism Removal)
  Capture Clock Delay     :  4.047
  Launch Clock Delay      :  3.199
  Clock Pessimism Removal :  -0.847

 Location                          Delay Type             Incr        Path         Logical Resource 
----------------------------------------------------------------------------------------------------

 Clock DebugCore_JCLK (rising edge)
                                                         0.000       0.000 r                        
 SCANCHAIN_88_312/TCK1                                   0.000       0.000 r       u_CORES/u_GTP_SCANCHAIN_PG/scanchain/TCK1
                                   net (fanout=1)        1.923       1.923         u_CORES/drck_o   
 USCM_215_669/CLKOUT               td                    0.143       2.066 r       clkbufg_5/gopclkbufg/CLKOUT
                                   net (fanout=3)        0.530       2.596         ntclkbufg_2      
 HCKB_213_535/CLKOUT               td                    0.245       2.841 r       HCKBROUTE_283/CLKOUT
                                   net (fanout=184)      0.358       3.199         _N397            
 CLMA_261_787/CLK                                                          r       u_CORES/u_debug_core_0/u_Storage_Condition/u_cfg_reg_file/bit_cnt[0]/opit_0_inv_L6QL5Q1_perm/CLK

 CLMA_261_787/Q2                   tco                   0.158       3.357 f       u_CORES/u_debug_core_0/u_Storage_Condition/u_cfg_reg_file/bit_cnt[0]/opit_0_inv_L6QL5Q1_perm/L6Q
                                   net (fanout=10)       0.089       3.446         u_CORES/u_debug_core_0/u_Storage_Condition/u_cfg_reg_file/bit_cnt [0]
 CLMA_261_787/B5                                                           f       u_CORES/u_debug_core_0/u_Storage_Condition/u_cfg_reg_file/bit_cnt[4]/opit_0_inv_L6Q_perm/I5

 Data arrival time                                                   3.446         Logic Levels: 0  
                                                                                   Logic: 0.158ns(63.968%), Route: 0.089ns(36.032%)
----------------------------------------------------------------------------------------------------

 Clock DebugCore_JCLK (rising edge)
                                                         0.000       0.000 r                        
 SCANCHAIN_88_312/TCK1                                   0.000       0.000 r       u_CORES/u_GTP_SCANCHAIN_PG/scanchain/TCK1
                                   net (fanout=1)        2.544       2.544         u_CORES/drck_o   
 USCM_215_669/CLKOUT               td                    0.168       2.712 r       clkbufg_5/gopclkbufg/CLKOUT
                                   net (fanout=3)        0.620       3.332         ntclkbufg_2      
 HCKB_213_535/CLKOUT               td                    0.287       3.619 r       HCKBROUTE_283/CLKOUT
                                   net (fanout=184)      0.428       4.047         _N397            
 CLMA_261_787/CLK                                                          r       u_CORES/u_debug_core_0/u_Storage_Condition/u_cfg_reg_file/bit_cnt[4]/opit_0_inv_L6Q_perm/CLK
 clock pessimism                                        -0.847       3.200                          
 clock uncertainty                                       0.000       3.200                          

 Hold time                                              -0.014       3.186                          

 Data required time                                                  3.186                          
----------------------------------------------------------------------------------------------------
 Data required time                                                  3.186                          
 Data arrival time                                                  -3.446                          
----------------------------------------------------------------------------------------------------
 Slack (MET)                                                         0.260                          
====================================================================================================

====================================================================================================

Startpoint  : u_CORES/u_debug_core_0/u_rd_addr_gen/ram_radr[11]/opit_0_inv_AQ_perm/CLK
Endpoint    : u_CORES/u_debug_core_0/u_Data_Capture_Memory/block_ram.ram_data_3_3/gopdrm_36k/ADB0[12]
Path Group  : DebugCore_JCLK
Path Type   : min
Path Class  : sequential timing path
Clock Skew :    0.058  (Capture Clock Delay - Launch Clock Delay + Clock Pessimism Removal)
  Capture Clock Delay     :  4.047
  Launch Clock Delay      :  3.199
  Clock Pessimism Removal :  -0.790

 Location                          Delay Type             Incr        Path         Logical Resource 
----------------------------------------------------------------------------------------------------

 Clock DebugCore_JCLK (rising edge)
                                                         0.000       0.000 r                        
 SCANCHAIN_88_312/TCK1                                   0.000       0.000 r       u_CORES/u_GTP_SCANCHAIN_PG/scanchain/TCK1
                                   net (fanout=1)        1.923       1.923         u_CORES/drck_o   
 USCM_215_669/CLKOUT               td                    0.143       2.066 r       clkbufg_5/gopclkbufg/CLKOUT
                                   net (fanout=3)        0.530       2.596         ntclkbufg_2      
 HCKB_213_535/CLKOUT               td                    0.245       2.841 r       HCKBROUTE_283/CLKOUT
                                   net (fanout=184)      0.358       3.199         _N397            
 CLMA_249_768/CLK                                                          r       u_CORES/u_debug_core_0/u_rd_addr_gen/ram_radr[11]/opit_0_inv_AQ_perm/CLK

 CLMA_249_768/Q1                   tco                   0.158       3.357 f       u_CORES/u_debug_core_0/u_rd_addr_gen/ram_radr[9]/opit_0_inv_AQ_perm/Q
                                   net (fanout=25)       0.233       3.590         u_CORES/u_debug_core_0/ram_radr [9]
 DRM_256_768/ADB0[12]                                                      f       u_CORES/u_debug_core_0/u_Data_Capture_Memory/block_ram.ram_data_3_3/gopdrm_36k/ADB0[12]

 Data arrival time                                                   3.590         Logic Levels: 0  
                                                                                   Logic: 0.158ns(40.409%), Route: 0.233ns(59.591%)
----------------------------------------------------------------------------------------------------

 Clock DebugCore_JCLK (rising edge)
                                                         0.000       0.000 r                        
 SCANCHAIN_88_312/TCK1                                   0.000       0.000 r       u_CORES/u_GTP_SCANCHAIN_PG/scanchain/TCK1
                                   net (fanout=1)        2.544       2.544         u_CORES/drck_o   
 USCM_215_669/CLKOUT               td                    0.168       2.712 r       clkbufg_5/gopclkbufg/CLKOUT
                                   net (fanout=3)        0.620       3.332         ntclkbufg_2      
 HCKB_213_535/CLKOUT               td                    0.287       3.619 r       HCKBROUTE_283/CLKOUT
                                   net (fanout=184)      0.428       4.047         _N397            
 DRM_256_768/CLKB[0]                                                       r       u_CORES/u_debug_core_0/u_Data_Capture_Memory/block_ram.ram_data_3_3/gopdrm_36k/CLKB[0]
 clock pessimism                                        -0.790       3.257                          
 clock uncertainty                                       0.000       3.257                          

 Hold time                                               0.071       3.328                          

 Data required time                                                  3.328                          
----------------------------------------------------------------------------------------------------
 Data required time                                                  3.328                          
 Data arrival time                                                  -3.590                          
----------------------------------------------------------------------------------------------------
 Slack (MET)                                                         0.262                          
====================================================================================================

====================================================================================================

Startpoint  : u_CORES/u_debug_core_0/u_rd_addr_gen/ram_radr[11]/opit_0_inv_AQ_perm/CLK
Endpoint    : u_CORES/u_debug_core_0/u_Data_Capture_Memory/block_ram.ram_data_3_3/gopdrm_36k/ADB0[14]
Path Group  : DebugCore_JCLK
Path Type   : min
Path Class  : sequential timing path
Clock Skew :    0.058  (Capture Clock Delay - Launch Clock Delay + Clock Pessimism Removal)
  Capture Clock Delay     :  4.047
  Launch Clock Delay      :  3.199
  Clock Pessimism Removal :  -0.790

 Location                          Delay Type             Incr        Path         Logical Resource 
----------------------------------------------------------------------------------------------------

 Clock DebugCore_JCLK (rising edge)
                                                         0.000       0.000 r                        
 SCANCHAIN_88_312/TCK1                                   0.000       0.000 r       u_CORES/u_GTP_SCANCHAIN_PG/scanchain/TCK1
                                   net (fanout=1)        1.923       1.923         u_CORES/drck_o   
 USCM_215_669/CLKOUT               td                    0.143       2.066 r       clkbufg_5/gopclkbufg/CLKOUT
                                   net (fanout=3)        0.530       2.596         ntclkbufg_2      
 HCKB_213_535/CLKOUT               td                    0.245       2.841 r       HCKBROUTE_283/CLKOUT
                                   net (fanout=184)      0.358       3.199         _N397            
 CLMA_249_768/CLK                                                          r       u_CORES/u_debug_core_0/u_rd_addr_gen/ram_radr[11]/opit_0_inv_AQ_perm/CLK

 CLMA_249_768/Q3                   tco                   0.158       3.357 f       u_CORES/u_debug_core_0/u_rd_addr_gen/ram_radr[11]/opit_0_inv_AQ_perm/Q
                                   net (fanout=25)       0.235       3.592         u_CORES/u_debug_core_0/ram_radr [11]
 DRM_256_768/ADB0[14]                                                      f       u_CORES/u_debug_core_0/u_Data_Capture_Memory/block_ram.ram_data_3_3/gopdrm_36k/ADB0[14]

 Data arrival time                                                   3.592         Logic Levels: 0  
                                                                                   Logic: 0.158ns(40.204%), Route: 0.235ns(59.796%)
----------------------------------------------------------------------------------------------------

 Clock DebugCore_JCLK (rising edge)
                                                         0.000       0.000 r                        
 SCANCHAIN_88_312/TCK1                                   0.000       0.000 r       u_CORES/u_GTP_SCANCHAIN_PG/scanchain/TCK1
                                   net (fanout=1)        2.544       2.544         u_CORES/drck_o   
 USCM_215_669/CLKOUT               td                    0.168       2.712 r       clkbufg_5/gopclkbufg/CLKOUT
                                   net (fanout=3)        0.620       3.332         ntclkbufg_2      
 HCKB_213_535/CLKOUT               td                    0.287       3.619 r       HCKBROUTE_283/CLKOUT
                                   net (fanout=184)      0.428       4.047         _N397            
 DRM_256_768/CLKB[0]                                                       r       u_CORES/u_debug_core_0/u_Data_Capture_Memory/block_ram.ram_data_3_3/gopdrm_36k/CLKB[0]
 clock pessimism                                        -0.790       3.257                          
 clock uncertainty                                       0.000       3.257                          

 Hold time                                               0.071       3.328                          

 Data required time                                                  3.328                          
----------------------------------------------------------------------------------------------------
 Data required time                                                  3.328                          
 Data arrival time                                                  -3.592                          
----------------------------------------------------------------------------------------------------
 Slack (MET)                                                         0.264                          
====================================================================================================

====================================================================================================

Startpoint  : u_CORES/u_debug_core_0/u_hub_data_decode/conf_id[4]/opit_0_inv/CLK
Endpoint    : u_CORES/u_debug_core_0/u0_trig_unit/u_cfg_reg_file/bit_cnt[4]/opit_0_inv_L6Q_perm/CE
Path Group  : DebugCore_JCLK
Path Type   : max
Path Class  : sequential timing path
Clock Skew :    0.373  (Capture Clock Delay - Launch Clock Delay + Clock Pessimism Removal)
  Capture Clock Delay     :  3.199
  Launch Clock Delay      :  2.826
  Clock Pessimism Removal :  0.000

 Location                          Delay Type             Incr        Path         Logical Resource 
----------------------------------------------------------------------------------------------------

 Clock DebugCore_CAPTURE (rising edge)
                                                        25.000      25.000 r                        
 SCANCHAIN_88_312/CAPTUREDR                              0.000      25.000 r       u_CORES/u_GTP_SCANCHAIN_PG/scanchain/CAPTUREDR
                                   net (fanout=1)        1.306      26.306         u_CORES/capt_o   
 USCM_215_666/CLKOUT               td                    0.168      26.474 r       clkbufg_4/gopclkbufg/CLKOUT
                                   net (fanout=1)        0.620      27.094         ntclkbufg_1      
 HCKB_213_526/CLKOUT               td                    0.287      27.381 r       HCKBROUTE_281/CLKOUT
                                   net (fanout=11)       0.445      27.826         _N395            
 CLMA_267_750/CLK                                                          r       u_CORES/u_debug_core_0/u_hub_data_decode/conf_id[4]/opit_0_inv/CLK

 CLMA_267_750/Q0                   tco                   0.203      28.029 r       u_CORES/u_debug_core_0/u_hub_data_decode/conf_id[4]/opit_0_inv/Q
                                   net (fanout=11)       0.546      28.575         u_CORES/u_debug_core_0/conf_id_o [4]
 CLMS_267_775/Y1                   td                    0.224      28.799 r       u_CORES/u_debug_core_0/u_hub_data_decode/N11_3/LUT6_inst_perm/L6
                                   net (fanout=10)       0.451      29.250         u_CORES/u_debug_core_0/_N2245
 CLMA_243_774/Y2                   td                    0.229      29.479 r       u_CORES/u_debug_core_0/u0_trig_unit/u_cfg_reg_file/N564_2/LUT6_inst_perm/L6
                                   net (fanout=7)        0.285      29.764         u_CORES/u_debug_core_0/u0_trig_unit/u_cfg_reg_file/N564
 CLMA_249_780/CR3                  td                    0.283      30.047 r       u_CORES/u_debug_core_0/u0_trig_unit/u_cfg_reg_file/bit_cnt[1]/opit_0_inv_L6Q_LUT6DQL5_perm/L5
                                   net (fanout=3)        0.693      30.740         u_CORES/u_debug_core_0/u0_trig_unit/u_cfg_reg_file/N566
 CLMS_243_769/CECO                 td                    0.136      30.876 r       u_CORES/u_debug_core_0/u0_trig_unit/u_cfg_reg_file/bit_cnt[0]/opit_0_inv_L6Q_LUT6DQL5_perm/CECO
                                   net (fanout=4)        0.000      30.876         _N107            
 CLMS_243_775/CECI                                                         r       u_CORES/u_debug_core_0/u0_trig_unit/u_cfg_reg_file/bit_cnt[4]/opit_0_inv_L6Q_perm/CE

 Data arrival time                                                  30.876         Logic Levels: 4  
                                                                                   Logic: 1.075ns(35.246%), Route: 1.975ns(64.754%)
----------------------------------------------------------------------------------------------------

 Clock DebugCore_JCLK (rising edge)
                                                        50.000      50.000 r                        
 SCANCHAIN_88_312/TCK1                                   0.000      50.000 r       u_CORES/u_GTP_SCANCHAIN_PG/scanchain/TCK1
                                   net (fanout=1)        1.923      51.923         u_CORES/drck_o   
 USCM_215_669/CLKOUT               td                    0.143      52.066 r       clkbufg_5/gopclkbufg/CLKOUT
                                   net (fanout=3)        0.530      52.596         ntclkbufg_2      
 HCKB_213_535/CLKOUT               td                    0.245      52.841 r       HCKBROUTE_283/CLKOUT
                                   net (fanout=184)      0.358      53.199         _N397            
 CLMS_243_775/CLK                                                          r       u_CORES/u_debug_core_0/u0_trig_unit/u_cfg_reg_file/bit_cnt[4]/opit_0_inv_L6Q_perm/CLK
 clock pessimism                                         0.000      53.199                          
 clock uncertainty                                      -0.050      53.149                          

 Setup time                                             -0.226      52.923                          

 Data required time                                                 52.923                          
----------------------------------------------------------------------------------------------------
 Data required time                                                 52.923                          
 Data arrival time                                                 -30.876                          
----------------------------------------------------------------------------------------------------
 Slack (MET)                                                        22.047                          
====================================================================================================

====================================================================================================

Startpoint  : u_CORES/u_debug_core_0/u_hub_data_decode/conf_id[4]/opit_0_inv/CLK
Endpoint    : u_CORES/u_debug_core_0/u0_trig_unit/u_cfg_reg_file/bit_cnt[5]/opit_0_inv_L6Q_perm/CE
Path Group  : DebugCore_JCLK
Path Type   : max
Path Class  : sequential timing path
Clock Skew :    0.373  (Capture Clock Delay - Launch Clock Delay + Clock Pessimism Removal)
  Capture Clock Delay     :  3.199
  Launch Clock Delay      :  2.826
  Clock Pessimism Removal :  0.000

 Location                          Delay Type             Incr        Path         Logical Resource 
----------------------------------------------------------------------------------------------------

 Clock DebugCore_CAPTURE (rising edge)
                                                        25.000      25.000 r                        
 SCANCHAIN_88_312/CAPTUREDR                              0.000      25.000 r       u_CORES/u_GTP_SCANCHAIN_PG/scanchain/CAPTUREDR
                                   net (fanout=1)        1.306      26.306         u_CORES/capt_o   
 USCM_215_666/CLKOUT               td                    0.168      26.474 r       clkbufg_4/gopclkbufg/CLKOUT
                                   net (fanout=1)        0.620      27.094         ntclkbufg_1      
 HCKB_213_526/CLKOUT               td                    0.287      27.381 r       HCKBROUTE_281/CLKOUT
                                   net (fanout=11)       0.445      27.826         _N395            
 CLMA_267_750/CLK                                                          r       u_CORES/u_debug_core_0/u_hub_data_decode/conf_id[4]/opit_0_inv/CLK

 CLMA_267_750/Q0                   tco                   0.203      28.029 r       u_CORES/u_debug_core_0/u_hub_data_decode/conf_id[4]/opit_0_inv/Q
                                   net (fanout=11)       0.546      28.575         u_CORES/u_debug_core_0/conf_id_o [4]
 CLMS_267_775/Y1                   td                    0.224      28.799 r       u_CORES/u_debug_core_0/u_hub_data_decode/N11_3/LUT6_inst_perm/L6
                                   net (fanout=10)       0.451      29.250         u_CORES/u_debug_core_0/_N2245
 CLMA_243_774/Y2                   td                    0.229      29.479 r       u_CORES/u_debug_core_0/u0_trig_unit/u_cfg_reg_file/N564_2/LUT6_inst_perm/L6
                                   net (fanout=7)        0.285      29.764         u_CORES/u_debug_core_0/u0_trig_unit/u_cfg_reg_file/N564
 CLMA_249_780/CR3                  td                    0.283      30.047 r       u_CORES/u_debug_core_0/u0_trig_unit/u_cfg_reg_file/bit_cnt[1]/opit_0_inv_L6Q_LUT6DQL5_perm/L5
                                   net (fanout=3)        0.693      30.740         u_CORES/u_debug_core_0/u0_trig_unit/u_cfg_reg_file/N566
 CLMS_243_769/CECO                 td                    0.136      30.876 r       u_CORES/u_debug_core_0/u0_trig_unit/u_cfg_reg_file/bit_cnt[0]/opit_0_inv_L6Q_LUT6DQL5_perm/CECO
                                   net (fanout=4)        0.000      30.876         _N107            
 CLMS_243_775/CECI                                                         r       u_CORES/u_debug_core_0/u0_trig_unit/u_cfg_reg_file/bit_cnt[5]/opit_0_inv_L6Q_perm/CE

 Data arrival time                                                  30.876         Logic Levels: 4  
                                                                                   Logic: 1.075ns(35.246%), Route: 1.975ns(64.754%)
----------------------------------------------------------------------------------------------------

 Clock DebugCore_JCLK (rising edge)
                                                        50.000      50.000 r                        
 SCANCHAIN_88_312/TCK1                                   0.000      50.000 r       u_CORES/u_GTP_SCANCHAIN_PG/scanchain/TCK1
                                   net (fanout=1)        1.923      51.923         u_CORES/drck_o   
 USCM_215_669/CLKOUT               td                    0.143      52.066 r       clkbufg_5/gopclkbufg/CLKOUT
                                   net (fanout=3)        0.530      52.596         ntclkbufg_2      
 HCKB_213_535/CLKOUT               td                    0.245      52.841 r       HCKBROUTE_283/CLKOUT
                                   net (fanout=184)      0.358      53.199         _N397            
 CLMS_243_775/CLK                                                          r       u_CORES/u_debug_core_0/u0_trig_unit/u_cfg_reg_file/bit_cnt[5]/opit_0_inv_L6Q_perm/CLK
 clock pessimism                                         0.000      53.199                          
 clock uncertainty                                      -0.050      53.149                          

 Setup time                                             -0.226      52.923                          

 Data required time                                                 52.923                          
----------------------------------------------------------------------------------------------------
 Data required time                                                 52.923                          
 Data arrival time                                                 -30.876                          
----------------------------------------------------------------------------------------------------
 Slack (MET)                                                        22.047                          
====================================================================================================

====================================================================================================

Startpoint  : u_CORES/u_debug_core_0/u_hub_data_decode/conf_id[4]/opit_0_inv/CLK
Endpoint    : u_CORES/u_debug_core_0/u0_trig_unit/u_cfg_reg_file/bit_cnt[7]/opit_0_inv_L6Q_LUT6DQL5Q_perm/CE
Path Group  : DebugCore_JCLK
Path Type   : max
Path Class  : sequential timing path
Clock Skew :    0.373  (Capture Clock Delay - Launch Clock Delay + Clock Pessimism Removal)
  Capture Clock Delay     :  3.199
  Launch Clock Delay      :  2.826
  Clock Pessimism Removal :  0.000

 Location                          Delay Type             Incr        Path         Logical Resource 
----------------------------------------------------------------------------------------------------

 Clock DebugCore_CAPTURE (rising edge)
                                                        25.000      25.000 r                        
 SCANCHAIN_88_312/CAPTUREDR                              0.000      25.000 r       u_CORES/u_GTP_SCANCHAIN_PG/scanchain/CAPTUREDR
                                   net (fanout=1)        1.306      26.306         u_CORES/capt_o   
 USCM_215_666/CLKOUT               td                    0.168      26.474 r       clkbufg_4/gopclkbufg/CLKOUT
                                   net (fanout=1)        0.620      27.094         ntclkbufg_1      
 HCKB_213_526/CLKOUT               td                    0.287      27.381 r       HCKBROUTE_281/CLKOUT
                                   net (fanout=11)       0.445      27.826         _N395            
 CLMA_267_750/CLK                                                          r       u_CORES/u_debug_core_0/u_hub_data_decode/conf_id[4]/opit_0_inv/CLK

 CLMA_267_750/Q0                   tco                   0.203      28.029 r       u_CORES/u_debug_core_0/u_hub_data_decode/conf_id[4]/opit_0_inv/Q
                                   net (fanout=11)       0.546      28.575         u_CORES/u_debug_core_0/conf_id_o [4]
 CLMS_267_775/Y1                   td                    0.224      28.799 r       u_CORES/u_debug_core_0/u_hub_data_decode/N11_3/LUT6_inst_perm/L6
                                   net (fanout=10)       0.451      29.250         u_CORES/u_debug_core_0/_N2245
 CLMA_243_774/Y2                   td                    0.229      29.479 r       u_CORES/u_debug_core_0/u0_trig_unit/u_cfg_reg_file/N564_2/LUT6_inst_perm/L6
                                   net (fanout=7)        0.285      29.764         u_CORES/u_debug_core_0/u0_trig_unit/u_cfg_reg_file/N564
 CLMA_249_780/CR3                  td                    0.283      30.047 r       u_CORES/u_debug_core_0/u0_trig_unit/u_cfg_reg_file/bit_cnt[1]/opit_0_inv_L6Q_LUT6DQL5_perm/L5
                                   net (fanout=3)        0.693      30.740         u_CORES/u_debug_core_0/u0_trig_unit/u_cfg_reg_file/N566
 CLMS_243_769/CECO                 td                    0.136      30.876 r       u_CORES/u_debug_core_0/u0_trig_unit/u_cfg_reg_file/bit_cnt[0]/opit_0_inv_L6Q_LUT6DQL5_perm/CECO
                                   net (fanout=4)        0.000      30.876         _N107            
 CLMS_243_775/CECI                                                         r       u_CORES/u_debug_core_0/u0_trig_unit/u_cfg_reg_file/bit_cnt[7]/opit_0_inv_L6Q_LUT6DQL5Q_perm/CE

 Data arrival time                                                  30.876         Logic Levels: 4  
                                                                                   Logic: 1.075ns(35.246%), Route: 1.975ns(64.754%)
----------------------------------------------------------------------------------------------------

 Clock DebugCore_JCLK (rising edge)
                                                        50.000      50.000 r                        
 SCANCHAIN_88_312/TCK1                                   0.000      50.000 r       u_CORES/u_GTP_SCANCHAIN_PG/scanchain/TCK1
                                   net (fanout=1)        1.923      51.923         u_CORES/drck_o   
 USCM_215_669/CLKOUT               td                    0.143      52.066 r       clkbufg_5/gopclkbufg/CLKOUT
                                   net (fanout=3)        0.530      52.596         ntclkbufg_2      
 HCKB_213_535/CLKOUT               td                    0.245      52.841 r       HCKBROUTE_283/CLKOUT
                                   net (fanout=184)      0.358      53.199         _N397            
 CLMS_243_775/CLK                                                          r       u_CORES/u_debug_core_0/u0_trig_unit/u_cfg_reg_file/bit_cnt[7]/opit_0_inv_L6Q_LUT6DQL5Q_perm/CLK
 clock pessimism                                         0.000      53.199                          
 clock uncertainty                                      -0.050      53.149                          

 Setup time                                             -0.226      52.923                          

 Data required time                                                 52.923                          
----------------------------------------------------------------------------------------------------
 Data required time                                                 52.923                          
 Data arrival time                                                 -30.876                          
----------------------------------------------------------------------------------------------------
 Slack (MET)                                                        22.047                          
====================================================================================================

====================================================================================================

Startpoint  : u_CORES/u_debug_core_0/u_hub_data_decode/conf_id_ini[1]/opit_0_inv/CLK
Endpoint    : u_CORES/u_debug_core_0/u_hub_data_decode/conf_rst/opit_0_inv_L6Q_perm/I5
Path Group  : DebugCore_JCLK
Path Type   : min
Path Class  : sequential timing path
Clock Skew :    1.804  (Capture Clock Delay - Launch Clock Delay + Clock Pessimism Removal)
  Capture Clock Delay     :  4.047
  Launch Clock Delay      :  2.243
  Clock Pessimism Removal :  0.000

 Location                          Delay Type             Incr        Path         Logical Resource 
----------------------------------------------------------------------------------------------------

 Clock DebugCore_CAPTURE (rising edge)
                                                        25.000      25.000 r                        
 SCANCHAIN_88_312/CAPTUREDR                              0.000      25.000 r       u_CORES/u_GTP_SCANCHAIN_PG/scanchain/CAPTUREDR
                                   net (fanout=1)        0.967      25.967         u_CORES/capt_o   
 USCM_215_666/CLKOUT               td                    0.143      26.110 r       clkbufg_4/gopclkbufg/CLKOUT
                                   net (fanout=1)        0.530      26.640         ntclkbufg_1      
 HCKB_213_526/CLKOUT               td                    0.245      26.885 r       HCKBROUTE_281/CLKOUT
                                   net (fanout=11)       0.358      27.243         _N395            
 CLMS_267_769/CLK                                                          r       u_CORES/u_debug_core_0/u_hub_data_decode/conf_id_ini[1]/opit_0_inv/CLK

 CLMS_267_769/Q0                   tco                   0.158      27.401 f       u_CORES/u_debug_core_0/u_hub_data_decode/conf_id_ini[1]/opit_0_inv/Q
                                   net (fanout=3)        0.158      27.559         u_CORES/u_debug_core_0/u_hub_data_decode/conf_id_ini [1]
 CLMA_261_769/A5                                                           f       u_CORES/u_debug_core_0/u_hub_data_decode/conf_rst/opit_0_inv_L6Q_perm/I5

 Data arrival time                                                  27.559         Logic Levels: 0  
                                                                                   Logic: 0.158ns(50.000%), Route: 0.158ns(50.000%)
----------------------------------------------------------------------------------------------------

 Clock DebugCore_JCLK (rising edge)
                                                         0.000       0.000 r                        
 SCANCHAIN_88_312/TCK1                                   0.000       0.000 r       u_CORES/u_GTP_SCANCHAIN_PG/scanchain/TCK1
                                   net (fanout=1)        2.544       2.544         u_CORES/drck_o   
 USCM_215_669/CLKOUT               td                    0.168       2.712 r       clkbufg_5/gopclkbufg/CLKOUT
                                   net (fanout=3)        0.620       3.332         ntclkbufg_2      
 HCKB_213_535/CLKOUT               td                    0.287       3.619 r       HCKBROUTE_283/CLKOUT
                                   net (fanout=184)      0.428       4.047         _N397            
 CLMA_261_769/CLK                                                          r       u_CORES/u_debug_core_0/u_hub_data_decode/conf_rst/opit_0_inv_L6Q_perm/CLK
 clock pessimism                                         0.000       4.047                          
 clock uncertainty                                       0.050       4.097                          

 Hold time                                              -0.017       4.080                          

 Data required time                                                  4.080                          
----------------------------------------------------------------------------------------------------
 Data required time                                                  4.080                          
 Data arrival time                                                 -27.559                          
----------------------------------------------------------------------------------------------------
 Slack (MET)                                                        23.479                          
====================================================================================================

====================================================================================================

Startpoint  : u_CORES/u_debug_core_0/u_hub_data_decode/conf_id_ini[0]/opit_0_inv/CLK
Endpoint    : u_CORES/u_debug_core_0/u_hub_data_decode/conf_rst/opit_0_inv_L6Q_perm/I4
Path Group  : DebugCore_JCLK
Path Type   : min
Path Class  : sequential timing path
Clock Skew :    1.804  (Capture Clock Delay - Launch Clock Delay + Clock Pessimism Removal)
  Capture Clock Delay     :  4.047
  Launch Clock Delay      :  2.243
  Clock Pessimism Removal :  0.000

 Location                          Delay Type             Incr        Path         Logical Resource 
----------------------------------------------------------------------------------------------------

 Clock DebugCore_CAPTURE (rising edge)
                                                        25.000      25.000 r                        
 SCANCHAIN_88_312/CAPTUREDR                              0.000      25.000 r       u_CORES/u_GTP_SCANCHAIN_PG/scanchain/CAPTUREDR
                                   net (fanout=1)        0.967      25.967         u_CORES/capt_o   
 USCM_215_666/CLKOUT               td                    0.143      26.110 r       clkbufg_4/gopclkbufg/CLKOUT
                                   net (fanout=1)        0.530      26.640         ntclkbufg_1      
 HCKB_213_526/CLKOUT               td                    0.245      26.885 r       HCKBROUTE_281/CLKOUT
                                   net (fanout=11)       0.358      27.243         _N395            
 CLMS_267_769/CLK                                                          r       u_CORES/u_debug_core_0/u_hub_data_decode/conf_id_ini[0]/opit_0_inv/CLK

 CLMS_267_769/Q1                   tco                   0.158      27.401 f       u_CORES/u_debug_core_0/u_hub_data_decode/conf_id_ini[0]/opit_0_inv/Q
                                   net (fanout=3)        0.157      27.558         u_CORES/u_debug_core_0/u_hub_data_decode/conf_id_ini [0]
 CLMA_261_769/A4                                                           f       u_CORES/u_debug_core_0/u_hub_data_decode/conf_rst/opit_0_inv_L6Q_perm/I4

 Data arrival time                                                  27.558         Logic Levels: 0  
                                                                                   Logic: 0.158ns(50.159%), Route: 0.157ns(49.841%)
----------------------------------------------------------------------------------------------------

 Clock DebugCore_JCLK (rising edge)
                                                         0.000       0.000 r                        
 SCANCHAIN_88_312/TCK1                                   0.000       0.000 r       u_CORES/u_GTP_SCANCHAIN_PG/scanchain/TCK1
                                   net (fanout=1)        2.544       2.544         u_CORES/drck_o   
 USCM_215_669/CLKOUT               td                    0.168       2.712 r       clkbufg_5/gopclkbufg/CLKOUT
                                   net (fanout=3)        0.620       3.332         ntclkbufg_2      
 HCKB_213_535/CLKOUT               td                    0.287       3.619 r       HCKBROUTE_283/CLKOUT
                                   net (fanout=184)      0.428       4.047         _N397            
 CLMA_261_769/CLK                                                          r       u_CORES/u_debug_core_0/u_hub_data_decode/conf_rst/opit_0_inv_L6Q_perm/CLK
 clock pessimism                                         0.000       4.047                          
 clock uncertainty                                       0.050       4.097                          

 Hold time                                              -0.035       4.062                          

 Data required time                                                  4.062                          
----------------------------------------------------------------------------------------------------
 Data required time                                                  4.062                          
 Data arrival time                                                 -27.558                          
----------------------------------------------------------------------------------------------------
 Slack (MET)                                                        23.496                          
====================================================================================================

====================================================================================================

Startpoint  : u_CORES/u_debug_core_0/u_hub_data_decode/conf_id_ini[4]/opit_0_inv/CLK
Endpoint    : u_CORES/u_debug_core_0/u_hub_data_decode/conf_rst/opit_0_inv_L6Q_perm/I3
Path Group  : DebugCore_JCLK
Path Type   : min
Path Class  : sequential timing path
Clock Skew :    1.786  (Capture Clock Delay - Launch Clock Delay + Clock Pessimism Removal)
  Capture Clock Delay     :  4.047
  Launch Clock Delay      :  2.261
  Clock Pessimism Removal :  0.000

 Location                          Delay Type             Incr        Path         Logical Resource 
----------------------------------------------------------------------------------------------------

 Clock DebugCore_CAPTURE (rising edge)
                                                        25.000      25.000 r                        
 SCANCHAIN_88_312/CAPTUREDR                              0.000      25.000 r       u_CORES/u_GTP_SCANCHAIN_PG/scanchain/CAPTUREDR
                                   net (fanout=1)        0.967      25.967         u_CORES/capt_o   
 USCM_215_666/CLKOUT               td                    0.143      26.110 r       clkbufg_4/gopclkbufg/CLKOUT
                                   net (fanout=1)        0.530      26.640         ntclkbufg_1      
 HCKB_213_526/CLKOUT               td                    0.245      26.885 r       HCKBROUTE_281/CLKOUT
                                   net (fanout=11)       0.376      27.261         _N395            
 CLMA_261_757/CLK                                                          r       u_CORES/u_debug_core_0/u_hub_data_decode/conf_id_ini[4]/opit_0_inv/CLK

 CLMA_261_757/Q3                   tco                   0.158      27.419 f       u_CORES/u_debug_core_0/u_hub_data_decode/conf_id_ini[4]/opit_0_inv/Q
                                   net (fanout=3)        0.167      27.586         u_CORES/u_debug_core_0/u_hub_data_decode/conf_id_ini [4]
 CLMA_261_769/A3                                                           f       u_CORES/u_debug_core_0/u_hub_data_decode/conf_rst/opit_0_inv_L6Q_perm/I3

 Data arrival time                                                  27.586         Logic Levels: 0  
                                                                                   Logic: 0.158ns(48.615%), Route: 0.167ns(51.385%)
----------------------------------------------------------------------------------------------------

 Clock DebugCore_JCLK (rising edge)
                                                         0.000       0.000 r                        
 SCANCHAIN_88_312/TCK1                                   0.000       0.000 r       u_CORES/u_GTP_SCANCHAIN_PG/scanchain/TCK1
                                   net (fanout=1)        2.544       2.544         u_CORES/drck_o   
 USCM_215_669/CLKOUT               td                    0.168       2.712 r       clkbufg_5/gopclkbufg/CLKOUT
                                   net (fanout=3)        0.620       3.332         ntclkbufg_2      
 HCKB_213_535/CLKOUT               td                    0.287       3.619 r       HCKBROUTE_283/CLKOUT
                                   net (fanout=184)      0.428       4.047         _N397            
 CLMA_261_769/CLK                                                          r       u_CORES/u_debug_core_0/u_hub_data_decode/conf_rst/opit_0_inv_L6Q_perm/CLK
 clock pessimism                                         0.000       4.047                          
 clock uncertainty                                       0.050       4.097                          

 Hold time                                              -0.042       4.055                          

 Data required time                                                  4.055                          
----------------------------------------------------------------------------------------------------
 Data required time                                                  4.055                          
 Data arrival time                                                 -27.586                          
----------------------------------------------------------------------------------------------------
 Slack (MET)                                                        23.531                          
====================================================================================================

====================================================================================================

Startpoint  : u_CORES/u_jtag_hub/conf_sel[0]/opit_0_inv_L6Q_perm/CLK
Endpoint    : u_CORES/u_debug_core_0/u_hub_data_decode/conf_id[0]/opit_0_inv/CE
Path Group  : DebugCore_CAPTURE
Path Type   : max
Path Class  : sequential timing path
Clock Skew :    -1.826  (Capture Clock Delay - Launch Clock Delay + Clock Pessimism Removal)
  Capture Clock Delay     :  2.243
  Launch Clock Delay      :  4.069
  Clock Pessimism Removal :  0.000

 Location                          Delay Type             Incr        Path         Logical Resource 
----------------------------------------------------------------------------------------------------

 Clock DebugCore_JCLK (falling edge)
                                                        75.000      75.000 f                        
 SCANCHAIN_88_312/TCK1                                   0.000      75.000 f       u_CORES/u_GTP_SCANCHAIN_PG/scanchain/TCK1
                                   net (fanout=1)        2.554      77.554         u_CORES/drck_o   
 USCM_215_669/CLKOUT               td                    0.168      77.722 f       clkbufg_5/gopclkbufg/CLKOUT
                                   net (fanout=3)        0.620      78.342         ntclkbufg_2      
 HCKB_213_535/CLKOUT               td                    0.287      78.629 f       HCKBROUTE_283/CLKOUT
                                   net (fanout=184)      0.440      79.069         _N397            
 CLMA_261_745/CLK                                                          f       u_CORES/u_jtag_hub/conf_sel[0]/opit_0_inv_L6Q_perm/CLK

 CLMA_261_745/Q0                   tco                   0.204      79.273 r       u_CORES/u_jtag_hub/conf_sel[0]/opit_0_inv_L6Q_perm/L6Q
                                   net (fanout=6)        0.710      79.983         u_CORES/conf_sel [0]
 CLMA_267_768/CE                                                           r       u_CORES/u_debug_core_0/u_hub_data_decode/conf_id[0]/opit_0_inv/CE

 Data arrival time                                                  79.983         Logic Levels: 0  
                                                                                   Logic: 0.204ns(22.319%), Route: 0.710ns(77.681%)
----------------------------------------------------------------------------------------------------

 Clock DebugCore_CAPTURE (rising edge)
                                                       125.000     125.000 r                        
 SCANCHAIN_88_312/CAPTUREDR                              0.000     125.000 r       u_CORES/u_GTP_SCANCHAIN_PG/scanchain/CAPTUREDR
                                   net (fanout=1)        0.967     125.967         u_CORES/capt_o   
 USCM_215_666/CLKOUT               td                    0.143     126.110 r       clkbufg_4/gopclkbufg/CLKOUT
                                   net (fanout=1)        0.530     126.640         ntclkbufg_1      
 HCKB_213_526/CLKOUT               td                    0.245     126.885 r       HCKBROUTE_281/CLKOUT
                                   net (fanout=11)       0.358     127.243         _N395            
 CLMA_267_768/CLK                                                          r       u_CORES/u_debug_core_0/u_hub_data_decode/conf_id[0]/opit_0_inv/CLK
 clock pessimism                                         0.000     127.243                          
 clock uncertainty                                      -0.050     127.193                          

 Setup time                                             -0.226     126.967                          

 Data required time                                                126.967                          
----------------------------------------------------------------------------------------------------
 Data required time                                                126.967                          
 Data arrival time                                                 -79.983                          
----------------------------------------------------------------------------------------------------
 Slack (MET)                                                        46.984                          
====================================================================================================

====================================================================================================

Startpoint  : u_CORES/u_jtag_hub/conf_sel[0]/opit_0_inv_L6Q_perm/CLK
Endpoint    : u_CORES/u_debug_core_0/u_hub_data_decode/conf_sel_ini/opit_0_inv/D
Path Group  : DebugCore_CAPTURE
Path Type   : max
Path Class  : sequential timing path
Clock Skew :    -1.808  (Capture Clock Delay - Launch Clock Delay + Clock Pessimism Removal)
  Capture Clock Delay     :  2.261
  Launch Clock Delay      :  4.069
  Clock Pessimism Removal :  0.000

 Location                          Delay Type             Incr        Path         Logical Resource 
----------------------------------------------------------------------------------------------------

 Clock DebugCore_JCLK (falling edge)
                                                        75.000      75.000 f                        
 SCANCHAIN_88_312/TCK1                                   0.000      75.000 f       u_CORES/u_GTP_SCANCHAIN_PG/scanchain/TCK1
                                   net (fanout=1)        2.554      77.554         u_CORES/drck_o   
 USCM_215_669/CLKOUT               td                    0.168      77.722 f       clkbufg_5/gopclkbufg/CLKOUT
                                   net (fanout=3)        0.620      78.342         ntclkbufg_2      
 HCKB_213_535/CLKOUT               td                    0.287      78.629 f       HCKBROUTE_283/CLKOUT
                                   net (fanout=184)      0.440      79.069         _N397            
 CLMA_261_745/CLK                                                          f       u_CORES/u_jtag_hub/conf_sel[0]/opit_0_inv_L6Q_perm/CLK

 CLMA_261_745/Q0                   tco                   0.204      79.273 r       u_CORES/u_jtag_hub/conf_sel[0]/opit_0_inv_L6Q_perm/L6Q
                                   net (fanout=6)        0.663      79.936         u_CORES/conf_sel [0]
 CLMA_261_757/M0                                                           r       u_CORES/u_debug_core_0/u_hub_data_decode/conf_sel_ini/opit_0_inv/D

 Data arrival time                                                  79.936         Logic Levels: 0  
                                                                                   Logic: 0.204ns(23.529%), Route: 0.663ns(76.471%)
----------------------------------------------------------------------------------------------------

 Clock DebugCore_CAPTURE (rising edge)
                                                       125.000     125.000 r                        
 SCANCHAIN_88_312/CAPTUREDR                              0.000     125.000 r       u_CORES/u_GTP_SCANCHAIN_PG/scanchain/CAPTUREDR
                                   net (fanout=1)        0.967     125.967         u_CORES/capt_o   
 USCM_215_666/CLKOUT               td                    0.143     126.110 r       clkbufg_4/gopclkbufg/CLKOUT
                                   net (fanout=1)        0.530     126.640         ntclkbufg_1      
 HCKB_213_526/CLKOUT               td                    0.245     126.885 r       HCKBROUTE_281/CLKOUT
                                   net (fanout=11)       0.376     127.261         _N395            
 CLMA_261_757/CLK                                                          r       u_CORES/u_debug_core_0/u_hub_data_decode/conf_sel_ini/opit_0_inv/CLK
 clock pessimism                                         0.000     127.261                          
 clock uncertainty                                      -0.050     127.211                          

 Setup time                                             -0.136     127.075                          

 Data required time                                                127.075                          
----------------------------------------------------------------------------------------------------
 Data required time                                                127.075                          
 Data arrival time                                                 -79.936                          
----------------------------------------------------------------------------------------------------
 Slack (MET)                                                        47.139                          
====================================================================================================

====================================================================================================

Startpoint  : u_CORES/u_jtag_hub/id_o[3]/opit_0_inv_L6Q_LUT6DQL5Q_perm/CLK
Endpoint    : u_CORES/u_debug_core_0/u_hub_data_decode/conf_id_ini[3]/opit_0_inv/D
Path Group  : DebugCore_CAPTURE
Path Type   : max
Path Class  : sequential timing path
Clock Skew :    -1.808  (Capture Clock Delay - Launch Clock Delay + Clock Pessimism Removal)
  Capture Clock Delay     :  2.261
  Launch Clock Delay      :  4.069
  Clock Pessimism Removal :  0.000

 Location                          Delay Type             Incr        Path         Logical Resource 
----------------------------------------------------------------------------------------------------

 Clock DebugCore_JCLK (falling edge)
                                                        75.000      75.000 f                        
 SCANCHAIN_88_312/TCK1                                   0.000      75.000 f       u_CORES/u_GTP_SCANCHAIN_PG/scanchain/TCK1
                                   net (fanout=1)        2.554      77.554         u_CORES/drck_o   
 USCM_215_669/CLKOUT               td                    0.168      77.722 f       clkbufg_5/gopclkbufg/CLKOUT
                                   net (fanout=3)        0.620      78.342         ntclkbufg_2      
 HCKB_213_535/CLKOUT               td                    0.287      78.629 f       HCKBROUTE_283/CLKOUT
                                   net (fanout=184)      0.440      79.069         _N397            
 CLMA_261_745/CLK                                                          f       u_CORES/u_jtag_hub/id_o[3]/opit_0_inv_L6Q_LUT6DQL5Q_perm/CLK

 CLMA_261_745/Q2                   tco                   0.204      79.273 r       u_CORES/u_jtag_hub/id_o[3]/opit_0_inv_L6Q_LUT6DQL5Q_perm/L6Q
                                   net (fanout=2)        0.662      79.935         u_CORES/id_o [3] 
 CLMA_261_757/M2                                                           r       u_CORES/u_debug_core_0/u_hub_data_decode/conf_id_ini[3]/opit_0_inv/D

 Data arrival time                                                  79.935         Logic Levels: 0  
                                                                                   Logic: 0.204ns(23.557%), Route: 0.662ns(76.443%)
----------------------------------------------------------------------------------------------------

 Clock DebugCore_CAPTURE (rising edge)
                                                       125.000     125.000 r                        
 SCANCHAIN_88_312/CAPTUREDR                              0.000     125.000 r       u_CORES/u_GTP_SCANCHAIN_PG/scanchain/CAPTUREDR
                                   net (fanout=1)        0.967     125.967         u_CORES/capt_o   
 USCM_215_666/CLKOUT               td                    0.143     126.110 r       clkbufg_4/gopclkbufg/CLKOUT
                                   net (fanout=1)        0.530     126.640         ntclkbufg_1      
 HCKB_213_526/CLKOUT               td                    0.245     126.885 r       HCKBROUTE_281/CLKOUT
                                   net (fanout=11)       0.376     127.261         _N395            
 CLMA_261_757/CLK                                                          r       u_CORES/u_debug_core_0/u_hub_data_decode/conf_id_ini[3]/opit_0_inv/CLK
 clock pessimism                                         0.000     127.261                          
 clock uncertainty                                      -0.050     127.211                          

 Setup time                                             -0.136     127.075                          

 Data required time                                                127.075                          
----------------------------------------------------------------------------------------------------
 Data required time                                                127.075                          
 Data arrival time                                                 -79.935                          
----------------------------------------------------------------------------------------------------
 Slack (MET)                                                        47.140                          
====================================================================================================

====================================================================================================

Startpoint  : u_CORES/u_jtag_hub/id_o[1]/opit_0_inv_L6Q_LUT6DQL5Q_perm/CLK
Endpoint    : u_CORES/u_debug_core_0/u_hub_data_decode/conf_id[1]/opit_0_inv/D
Path Group  : DebugCore_CAPTURE
Path Type   : min
Path Class  : sequential timing path
Clock Skew :    -0.267  (Capture Clock Delay - Launch Clock Delay + Clock Pessimism Removal)
  Capture Clock Delay     :  2.826
  Launch Clock Delay      :  3.093
  Clock Pessimism Removal :  0.000

 Location                          Delay Type             Incr        Path         Logical Resource 
----------------------------------------------------------------------------------------------------

 Clock DebugCore_JCLK (falling edge)
                                                       125.000     125.000 f                        
 SCANCHAIN_88_312/TCK1                                   0.000     125.000 f       u_CORES/u_GTP_SCANCHAIN_PG/scanchain/TCK1
                                   net (fanout=1)        1.807     126.807         u_CORES/drck_o   
 USCM_215_669/CLKOUT               td                    0.143     126.950 f       clkbufg_5/gopclkbufg/CLKOUT
                                   net (fanout=3)        0.530     127.480         ntclkbufg_2      
 HCKB_213_535/CLKOUT               td                    0.245     127.725 f       HCKBROUTE_283/CLKOUT
                                   net (fanout=184)      0.368     128.093         _N397            
 CLMA_267_756/CLK                                                          f       u_CORES/u_jtag_hub/id_o[1]/opit_0_inv_L6Q_LUT6DQL5Q_perm/CLK

 CLMA_267_756/Q0                   tco                   0.159     128.252 f       u_CORES/u_jtag_hub/id_o[1]/opit_0_inv_L6Q_LUT6DQL5Q_perm/L6Q
                                   net (fanout=2)        0.161     128.413         u_CORES/id_o [1] 
 CLMA_267_750/M3                                                           f       u_CORES/u_debug_core_0/u_hub_data_decode/conf_id[1]/opit_0_inv/D

 Data arrival time                                                 128.413         Logic Levels: 0  
                                                                                   Logic: 0.159ns(49.688%), Route: 0.161ns(50.313%)
----------------------------------------------------------------------------------------------------

 Clock DebugCore_CAPTURE (rising edge)
                                                       125.000     125.000 r                        
 SCANCHAIN_88_312/CAPTUREDR                              0.000     125.000 r       u_CORES/u_GTP_SCANCHAIN_PG/scanchain/CAPTUREDR
                                   net (fanout=1)        1.306     126.306         u_CORES/capt_o   
 USCM_215_666/CLKOUT               td                    0.168     126.474 r       clkbufg_4/gopclkbufg/CLKOUT
                                   net (fanout=1)        0.620     127.094         ntclkbufg_1      
 HCKB_213_526/CLKOUT               td                    0.287     127.381 r       HCKBROUTE_281/CLKOUT
                                   net (fanout=11)       0.445     127.826         _N395            
 CLMA_267_750/CLK                                                          r       u_CORES/u_debug_core_0/u_hub_data_decode/conf_id[1]/opit_0_inv/CLK
 clock pessimism                                         0.000     127.826                          
 clock uncertainty                                       0.050     127.876                          

 Hold time                                               0.043     127.919                          

 Data required time                                                127.919                          
----------------------------------------------------------------------------------------------------
 Data required time                                                127.919                          
 Data arrival time                                                -128.413                          
----------------------------------------------------------------------------------------------------
 Slack (MET)                                                         0.494                          
====================================================================================================

====================================================================================================

Startpoint  : u_CORES/u_jtag_hub/id_o[4]/opit_0_inv_L6QL5_perm/CLK
Endpoint    : u_CORES/u_debug_core_0/u_hub_data_decode/conf_id_ini[4]/opit_0_inv/D
Path Group  : DebugCore_CAPTURE
Path Type   : min
Path Class  : sequential timing path
Clock Skew :    -0.270  (Capture Clock Delay - Launch Clock Delay + Clock Pessimism Removal)
  Capture Clock Delay     :  2.826
  Launch Clock Delay      :  3.096
  Clock Pessimism Removal :  0.000

 Location                          Delay Type             Incr        Path         Logical Resource 
----------------------------------------------------------------------------------------------------

 Clock DebugCore_JCLK (falling edge)
                                                       125.000     125.000 f                        
 SCANCHAIN_88_312/TCK1                                   0.000     125.000 f       u_CORES/u_GTP_SCANCHAIN_PG/scanchain/TCK1
                                   net (fanout=1)        1.807     126.807         u_CORES/drck_o   
 USCM_215_669/CLKOUT               td                    0.143     126.950 f       clkbufg_5/gopclkbufg/CLKOUT
                                   net (fanout=3)        0.530     127.480         ntclkbufg_2      
 HCKB_213_535/CLKOUT               td                    0.245     127.725 f       HCKBROUTE_283/CLKOUT
                                   net (fanout=184)      0.371     128.096         _N397            
 CLMA_261_745/CLK                                                          f       u_CORES/u_jtag_hub/id_o[4]/opit_0_inv_L6QL5_perm/CLK

 CLMA_261_745/Q1                   tco                   0.159     128.255 f       u_CORES/u_jtag_hub/id_o[4]/opit_0_inv_L6QL5_perm/L6Q
                                   net (fanout=2)        0.170     128.425         u_CORES/id_o [4] 
 CLMA_261_757/M3                                                           f       u_CORES/u_debug_core_0/u_hub_data_decode/conf_id_ini[4]/opit_0_inv/D

 Data arrival time                                                 128.425         Logic Levels: 0  
                                                                                   Logic: 0.159ns(48.328%), Route: 0.170ns(51.672%)
----------------------------------------------------------------------------------------------------

 Clock DebugCore_CAPTURE (rising edge)
                                                       125.000     125.000 r                        
 SCANCHAIN_88_312/CAPTUREDR                              0.000     125.000 r       u_CORES/u_GTP_SCANCHAIN_PG/scanchain/CAPTUREDR
                                   net (fanout=1)        1.306     126.306         u_CORES/capt_o   
 USCM_215_666/CLKOUT               td                    0.168     126.474 r       clkbufg_4/gopclkbufg/CLKOUT
                                   net (fanout=1)        0.620     127.094         ntclkbufg_1      
 HCKB_213_526/CLKOUT               td                    0.287     127.381 r       HCKBROUTE_281/CLKOUT
                                   net (fanout=11)       0.445     127.826         _N395            
 CLMA_261_757/CLK                                                          r       u_CORES/u_debug_core_0/u_hub_data_decode/conf_id_ini[4]/opit_0_inv/CLK
 clock pessimism                                         0.000     127.826                          
 clock uncertainty                                       0.050     127.876                          

 Hold time                                               0.043     127.919                          

 Data required time                                                127.919                          
----------------------------------------------------------------------------------------------------
 Data required time                                                127.919                          
 Data arrival time                                                -128.425                          
----------------------------------------------------------------------------------------------------
 Slack (MET)                                                         0.506                          
====================================================================================================

====================================================================================================

Startpoint  : u_CORES/u_jtag_hub/id_o[1]/opit_0_inv_L6Q_LUT6DQL5Q_perm/CLK
Endpoint    : u_CORES/u_debug_core_0/u_hub_data_decode/conf_id_ini[1]/opit_0_inv/D
Path Group  : DebugCore_CAPTURE
Path Type   : min
Path Class  : sequential timing path
Clock Skew :    -0.284  (Capture Clock Delay - Launch Clock Delay + Clock Pessimism Removal)
  Capture Clock Delay     :  2.809
  Launch Clock Delay      :  3.093
  Clock Pessimism Removal :  0.000

 Location                          Delay Type             Incr        Path         Logical Resource 
----------------------------------------------------------------------------------------------------

 Clock DebugCore_JCLK (falling edge)
                                                       125.000     125.000 f                        
 SCANCHAIN_88_312/TCK1                                   0.000     125.000 f       u_CORES/u_GTP_SCANCHAIN_PG/scanchain/TCK1
                                   net (fanout=1)        1.807     126.807         u_CORES/drck_o   
 USCM_215_669/CLKOUT               td                    0.143     126.950 f       clkbufg_5/gopclkbufg/CLKOUT
                                   net (fanout=3)        0.530     127.480         ntclkbufg_2      
 HCKB_213_535/CLKOUT               td                    0.245     127.725 f       HCKBROUTE_283/CLKOUT
                                   net (fanout=184)      0.368     128.093         _N397            
 CLMA_267_756/CLK                                                          f       u_CORES/u_jtag_hub/id_o[1]/opit_0_inv_L6Q_LUT6DQL5Q_perm/CLK

 CLMA_267_756/Q0                   tco                   0.159     128.252 f       u_CORES/u_jtag_hub/id_o[1]/opit_0_inv_L6Q_LUT6DQL5Q_perm/L6Q
                                   net (fanout=2)        0.170     128.422         u_CORES/id_o [1] 
 CLMS_267_769/M0                                                           f       u_CORES/u_debug_core_0/u_hub_data_decode/conf_id_ini[1]/opit_0_inv/D

 Data arrival time                                                 128.422         Logic Levels: 0  
                                                                                   Logic: 0.159ns(48.328%), Route: 0.170ns(51.672%)
----------------------------------------------------------------------------------------------------

 Clock DebugCore_CAPTURE (rising edge)
                                                       125.000     125.000 r                        
 SCANCHAIN_88_312/CAPTUREDR                              0.000     125.000 r       u_CORES/u_GTP_SCANCHAIN_PG/scanchain/CAPTUREDR
                                   net (fanout=1)        1.306     126.306         u_CORES/capt_o   
 USCM_215_666/CLKOUT               td                    0.168     126.474 r       clkbufg_4/gopclkbufg/CLKOUT
                                   net (fanout=1)        0.620     127.094         ntclkbufg_1      
 HCKB_213_526/CLKOUT               td                    0.287     127.381 r       HCKBROUTE_281/CLKOUT
                                   net (fanout=11)       0.428     127.809         _N395            
 CLMS_267_769/CLK                                                          r       u_CORES/u_debug_core_0/u_hub_data_decode/conf_id_ini[1]/opit_0_inv/CLK
 clock pessimism                                         0.000     127.809                          
 clock uncertainty                                       0.050     127.859                          

 Hold time                                              -0.044     127.815                          

 Data required time                                                127.815                          
----------------------------------------------------------------------------------------------------
 Data required time                                                127.815                          
 Data arrival time                                                -128.422                          
----------------------------------------------------------------------------------------------------
 Slack (MET)                                                         0.607                          
====================================================================================================

====================================================================================================

Startpoint  : u_CORES/u_debug_core_0/resetn/opit_0/CLK
Endpoint    : u_CORES/u_debug_core_0/TRIG0_ff[0][51]/opit_0_inv/RS
Path Group  : hdmi_i2c_inst/i2c_ctrl_inst/i2c_clk/Q[0]_Inferred
Path Type   : max
Path Class  : async timing path
Clock Skew :    -0.681  (Capture Clock Delay - Launch Clock Delay + Clock Pessimism Removal)
  Capture Clock Delay     :  0.447
  Launch Clock Delay      :  1.128
  Clock Pessimism Removal :  0.000

 Location                          Delay Type             Incr        Path         Logical Resource 
----------------------------------------------------------------------------------------------------

 Clock hdmi_i2c_inst/i2c_ctrl_inst/i2c_clk/Q[0]_Inferred (rising edge)
                                                         0.000       0.000 r                        
 CLMA_195_745/CR0                                        0.000       0.000 r       hdmi_i2c_inst/i2c_ctrl_inst/i2c_clk/opit_0_inv/Q
                                   net (fanout=668)      1.128       1.128         hdmi_i2c_inst/cfg_clk
 CLMS_243_715/CLK                                                          r       u_CORES/u_debug_core_0/resetn/opit_0/CLK

 CLMS_243_715/Q2                   tco                   0.185       1.313 f       u_CORES/u_debug_core_0/resetn/opit_0/Q
                                   net (fanout=182)      1.140       2.453         u_CORES/u_debug_core_0/resetn
 CLMS_207_769/RSCO                 td                    0.094       2.547 r       u_CORES/u_debug_core_0/u0_trig_unit/match_single[44]/opit_0_inv_L6Q_perm/RSCO
                                   net (fanout=8)        0.000       2.547         _N65             
 CLMS_207_775/RSCI                                                         r       u_CORES/u_debug_core_0/TRIG0_ff[0][51]/opit_0_inv/RS

 Data arrival time                                                   2.547         Logic Levels: 1  
                                                                                   Logic: 0.279ns(19.662%), Route: 1.140ns(80.338%)
----------------------------------------------------------------------------------------------------

 Clock hdmi_i2c_inst/i2c_ctrl_inst/i2c_clk/Q[0]_Inferred (rising edge)
                                                      1000.000    1000.000 r                        
 CLMA_195_745/CR0                                        0.000    1000.000 r       hdmi_i2c_inst/i2c_ctrl_inst/i2c_clk/opit_0_inv/Q
                                   net (fanout=668)      0.447    1000.447         hdmi_i2c_inst/cfg_clk
 CLMS_207_775/CLK                                                          r       u_CORES/u_debug_core_0/TRIG0_ff[0][51]/opit_0_inv/CLK
 clock pessimism                                         0.000    1000.447                          
 clock uncertainty                                      -0.050    1000.397                          

 Recovery time                                          -0.226    1000.171                          

 Data required time                                               1000.171                          
----------------------------------------------------------------------------------------------------
 Data required time                                               1000.171                          
 Data arrival time                                                  -2.547                          
----------------------------------------------------------------------------------------------------
 Slack (MET)                                                       997.624                          
====================================================================================================

====================================================================================================

Startpoint  : u_CORES/u_debug_core_0/resetn/opit_0/CLK
Endpoint    : u_CORES/u_debug_core_0/u0_trig_unit/signal_ff_dly[51]/opit_0_inv/RS
Path Group  : hdmi_i2c_inst/i2c_ctrl_inst/i2c_clk/Q[0]_Inferred
Path Type   : max
Path Class  : async timing path
Clock Skew :    -0.681  (Capture Clock Delay - Launch Clock Delay + Clock Pessimism Removal)
  Capture Clock Delay     :  0.447
  Launch Clock Delay      :  1.128
  Clock Pessimism Removal :  0.000

 Location                          Delay Type             Incr        Path         Logical Resource 
----------------------------------------------------------------------------------------------------

 Clock hdmi_i2c_inst/i2c_ctrl_inst/i2c_clk/Q[0]_Inferred (rising edge)
                                                         0.000       0.000 r                        
 CLMA_195_745/CR0                                        0.000       0.000 r       hdmi_i2c_inst/i2c_ctrl_inst/i2c_clk/opit_0_inv/Q
                                   net (fanout=668)      1.128       1.128         hdmi_i2c_inst/cfg_clk
 CLMS_243_715/CLK                                                          r       u_CORES/u_debug_core_0/resetn/opit_0/CLK

 CLMS_243_715/Q2                   tco                   0.185       1.313 f       u_CORES/u_debug_core_0/resetn/opit_0/Q
                                   net (fanout=182)      1.140       2.453         u_CORES/u_debug_core_0/resetn
 CLMS_207_769/RSCO                 td                    0.094       2.547 r       u_CORES/u_debug_core_0/u0_trig_unit/match_single[44]/opit_0_inv_L6Q_perm/RSCO
                                   net (fanout=8)        0.000       2.547         _N65             
 CLMS_207_775/RSCI                                                         r       u_CORES/u_debug_core_0/u0_trig_unit/signal_ff_dly[51]/opit_0_inv/RS

 Data arrival time                                                   2.547         Logic Levels: 1  
                                                                                   Logic: 0.279ns(19.662%), Route: 1.140ns(80.338%)
----------------------------------------------------------------------------------------------------

 Clock hdmi_i2c_inst/i2c_ctrl_inst/i2c_clk/Q[0]_Inferred (rising edge)
                                                      1000.000    1000.000 r                        
 CLMA_195_745/CR0                                        0.000    1000.000 r       hdmi_i2c_inst/i2c_ctrl_inst/i2c_clk/opit_0_inv/Q
                                   net (fanout=668)      0.447    1000.447         hdmi_i2c_inst/cfg_clk
 CLMS_207_775/CLK                                                          r       u_CORES/u_debug_core_0/u0_trig_unit/signal_ff_dly[51]/opit_0_inv/CLK
 clock pessimism                                         0.000    1000.447                          
 clock uncertainty                                      -0.050    1000.397                          

 Recovery time                                          -0.226    1000.171                          

 Data required time                                               1000.171                          
----------------------------------------------------------------------------------------------------
 Data required time                                               1000.171                          
 Data arrival time                                                  -2.547                          
----------------------------------------------------------------------------------------------------
 Slack (MET)                                                       997.624                          
====================================================================================================

====================================================================================================

Startpoint  : u_CORES/u_debug_core_0/resetn/opit_0/CLK
Endpoint    : u_CORES/u_debug_core_0/TRIG0_ff[0][50]/opit_0_inv/RS
Path Group  : hdmi_i2c_inst/i2c_ctrl_inst/i2c_clk/Q[0]_Inferred
Path Type   : max
Path Class  : async timing path
Clock Skew :    -0.681  (Capture Clock Delay - Launch Clock Delay + Clock Pessimism Removal)
  Capture Clock Delay     :  0.447
  Launch Clock Delay      :  1.128
  Clock Pessimism Removal :  0.000

 Location                          Delay Type             Incr        Path         Logical Resource 
----------------------------------------------------------------------------------------------------

 Clock hdmi_i2c_inst/i2c_ctrl_inst/i2c_clk/Q[0]_Inferred (rising edge)
                                                         0.000       0.000 r                        
 CLMA_195_745/CR0                                        0.000       0.000 r       hdmi_i2c_inst/i2c_ctrl_inst/i2c_clk/opit_0_inv/Q
                                   net (fanout=668)      1.128       1.128         hdmi_i2c_inst/cfg_clk
 CLMS_243_715/CLK                                                          r       u_CORES/u_debug_core_0/resetn/opit_0/CLK

 CLMS_243_715/Q2                   tco                   0.185       1.313 f       u_CORES/u_debug_core_0/resetn/opit_0/Q
                                   net (fanout=182)      1.140       2.453         u_CORES/u_debug_core_0/resetn
 CLMS_207_769/RSCO                 td                    0.094       2.547 r       u_CORES/u_debug_core_0/u0_trig_unit/match_single[44]/opit_0_inv_L6Q_perm/RSCO
                                   net (fanout=8)        0.000       2.547         _N65             
 CLMS_207_775/RSCI                                                         r       u_CORES/u_debug_core_0/TRIG0_ff[0][50]/opit_0_inv/RS

 Data arrival time                                                   2.547         Logic Levels: 1  
                                                                                   Logic: 0.279ns(19.662%), Route: 1.140ns(80.338%)
----------------------------------------------------------------------------------------------------

 Clock hdmi_i2c_inst/i2c_ctrl_inst/i2c_clk/Q[0]_Inferred (rising edge)
                                                      1000.000    1000.000 r                        
 CLMA_195_745/CR0                                        0.000    1000.000 r       hdmi_i2c_inst/i2c_ctrl_inst/i2c_clk/opit_0_inv/Q
                                   net (fanout=668)      0.447    1000.447         hdmi_i2c_inst/cfg_clk
 CLMS_207_775/CLK                                                          r       u_CORES/u_debug_core_0/TRIG0_ff[0][50]/opit_0_inv/CLK
 clock pessimism                                         0.000    1000.447                          
 clock uncertainty                                      -0.050    1000.397                          

 Recovery time                                          -0.226    1000.171                          

 Data required time                                               1000.171                          
----------------------------------------------------------------------------------------------------
 Data required time                                               1000.171                          
 Data arrival time                                                  -2.547                          
----------------------------------------------------------------------------------------------------
 Slack (MET)                                                       997.624                          
====================================================================================================

====================================================================================================

Startpoint  : u_CORES/u_debug_core_0/resetn/opit_0/CLK
Endpoint    : u_CORES/u_debug_core_0/data_pipe[4][47]/opit_0_inv_L6QL5Q_perm/RS
Path Group  : hdmi_i2c_inst/i2c_ctrl_inst/i2c_clk/Q[0]_Inferred
Path Type   : min
Path Class  : async timing path
Clock Skew :    0.776  (Capture Clock Delay - Launch Clock Delay + Clock Pessimism Removal)
  Capture Clock Delay     :  1.634
  Launch Clock Delay      :  0.807
  Clock Pessimism Removal :  -0.051

 Location                          Delay Type             Incr        Path         Logical Resource 
----------------------------------------------------------------------------------------------------

 Clock hdmi_i2c_inst/i2c_ctrl_inst/i2c_clk/Q[0]_Inferred (rising edge)
                                                         0.000       0.000 r                        
 CLMA_195_745/CR0                                        0.000       0.000 r       hdmi_i2c_inst/i2c_ctrl_inst/i2c_clk/opit_0_inv/Q
                                   net (fanout=668)      0.807       0.807         hdmi_i2c_inst/cfg_clk
 CLMS_243_715/CLK                                                          r       u_CORES/u_debug_core_0/resetn/opit_0/CLK

 CLMS_243_715/Q2                   tco                   0.158       0.965 f       u_CORES/u_debug_core_0/resetn/opit_0/Q
                                   net (fanout=182)      0.329       1.294         u_CORES/u_debug_core_0/resetn
 CLMA_261_714/RS                                                           f       u_CORES/u_debug_core_0/data_pipe[4][47]/opit_0_inv_L6QL5Q_perm/RS

 Data arrival time                                                   1.294         Logic Levels: 0  
                                                                                   Logic: 0.158ns(32.444%), Route: 0.329ns(67.556%)
----------------------------------------------------------------------------------------------------

 Clock hdmi_i2c_inst/i2c_ctrl_inst/i2c_clk/Q[0]_Inferred (rising edge)
                                                         0.000       0.000 r                        
 CLMA_195_745/CR0                                        0.000       0.000 r       hdmi_i2c_inst/i2c_ctrl_inst/i2c_clk/opit_0_inv/Q
                                   net (fanout=668)      1.634       1.634         hdmi_i2c_inst/cfg_clk
 CLMA_261_714/CLK                                                          r       u_CORES/u_debug_core_0/data_pipe[4][47]/opit_0_inv_L6QL5Q_perm/CLK
 clock pessimism                                        -0.051       1.583                          
 clock uncertainty                                       0.000       1.583                          

 Removal time                                           -0.057       1.526                          

 Data required time                                                  1.526                          
----------------------------------------------------------------------------------------------------
 Data required time                                                  1.526                          
 Data arrival time                                                  -1.294                          
----------------------------------------------------------------------------------------------------
 Slack (VIOLATED)                                                   -0.232                          
====================================================================================================

====================================================================================================

Startpoint  : u_CORES/u_debug_core_0/resetn/opit_0/CLK
Endpoint    : u_CORES/u_debug_core_0/data_pipe[3][48]/opit_0_inv_L6QL5Q_perm/RS
Path Group  : hdmi_i2c_inst/i2c_ctrl_inst/i2c_clk/Q[0]_Inferred
Path Type   : min
Path Class  : async timing path
Clock Skew :    0.776  (Capture Clock Delay - Launch Clock Delay + Clock Pessimism Removal)
  Capture Clock Delay     :  1.634
  Launch Clock Delay      :  0.807
  Clock Pessimism Removal :  -0.051

 Location                          Delay Type             Incr        Path         Logical Resource 
----------------------------------------------------------------------------------------------------

 Clock hdmi_i2c_inst/i2c_ctrl_inst/i2c_clk/Q[0]_Inferred (rising edge)
                                                         0.000       0.000 r                        
 CLMA_195_745/CR0                                        0.000       0.000 r       hdmi_i2c_inst/i2c_ctrl_inst/i2c_clk/opit_0_inv/Q
                                   net (fanout=668)      0.807       0.807         hdmi_i2c_inst/cfg_clk
 CLMS_243_715/CLK                                                          r       u_CORES/u_debug_core_0/resetn/opit_0/CLK

 CLMS_243_715/Q2                   tco                   0.158       0.965 f       u_CORES/u_debug_core_0/resetn/opit_0/Q
                                   net (fanout=182)      0.329       1.294         u_CORES/u_debug_core_0/resetn
 CLMA_261_714/RS                                                           f       u_CORES/u_debug_core_0/data_pipe[3][48]/opit_0_inv_L6QL5Q_perm/RS

 Data arrival time                                                   1.294         Logic Levels: 0  
                                                                                   Logic: 0.158ns(32.444%), Route: 0.329ns(67.556%)
----------------------------------------------------------------------------------------------------

 Clock hdmi_i2c_inst/i2c_ctrl_inst/i2c_clk/Q[0]_Inferred (rising edge)
                                                         0.000       0.000 r                        
 CLMA_195_745/CR0                                        0.000       0.000 r       hdmi_i2c_inst/i2c_ctrl_inst/i2c_clk/opit_0_inv/Q
                                   net (fanout=668)      1.634       1.634         hdmi_i2c_inst/cfg_clk
 CLMA_261_714/CLK                                                          r       u_CORES/u_debug_core_0/data_pipe[3][48]/opit_0_inv_L6QL5Q_perm/CLK
 clock pessimism                                        -0.051       1.583                          
 clock uncertainty                                       0.000       1.583                          

 Removal time                                           -0.057       1.526                          

 Data required time                                                  1.526                          
----------------------------------------------------------------------------------------------------
 Data required time                                                  1.526                          
 Data arrival time                                                  -1.294                          
----------------------------------------------------------------------------------------------------
 Slack (VIOLATED)                                                   -0.232                          
====================================================================================================

====================================================================================================

Startpoint  : u_CORES/u_debug_core_0/resetn/opit_0/CLK
Endpoint    : u_CORES/u_debug_core_0/data_pipe[4][49]/opit_0_inv_L6QL5Q_perm/RS
Path Group  : hdmi_i2c_inst/i2c_ctrl_inst/i2c_clk/Q[0]_Inferred
Path Type   : min
Path Class  : async timing path
Clock Skew :    0.776  (Capture Clock Delay - Launch Clock Delay + Clock Pessimism Removal)
  Capture Clock Delay     :  1.634
  Launch Clock Delay      :  0.807
  Clock Pessimism Removal :  -0.051

 Location                          Delay Type             Incr        Path         Logical Resource 
----------------------------------------------------------------------------------------------------

 Clock hdmi_i2c_inst/i2c_ctrl_inst/i2c_clk/Q[0]_Inferred (rising edge)
                                                         0.000       0.000 r                        
 CLMA_195_745/CR0                                        0.000       0.000 r       hdmi_i2c_inst/i2c_ctrl_inst/i2c_clk/opit_0_inv/Q
                                   net (fanout=668)      0.807       0.807         hdmi_i2c_inst/cfg_clk
 CLMS_243_715/CLK                                                          r       u_CORES/u_debug_core_0/resetn/opit_0/CLK

 CLMS_243_715/Q2                   tco                   0.158       0.965 f       u_CORES/u_debug_core_0/resetn/opit_0/Q
                                   net (fanout=182)      0.329       1.294         u_CORES/u_debug_core_0/resetn
 CLMA_261_714/RS                                                           f       u_CORES/u_debug_core_0/data_pipe[4][49]/opit_0_inv_L6QL5Q_perm/RS

 Data arrival time                                                   1.294         Logic Levels: 0  
                                                                                   Logic: 0.158ns(32.444%), Route: 0.329ns(67.556%)
----------------------------------------------------------------------------------------------------

 Clock hdmi_i2c_inst/i2c_ctrl_inst/i2c_clk/Q[0]_Inferred (rising edge)
                                                         0.000       0.000 r                        
 CLMA_195_745/CR0                                        0.000       0.000 r       hdmi_i2c_inst/i2c_ctrl_inst/i2c_clk/opit_0_inv/Q
                                   net (fanout=668)      1.634       1.634         hdmi_i2c_inst/cfg_clk
 CLMA_261_714/CLK                                                          r       u_CORES/u_debug_core_0/data_pipe[4][49]/opit_0_inv_L6QL5Q_perm/CLK
 clock pessimism                                        -0.051       1.583                          
 clock uncertainty                                       0.000       1.583                          

 Removal time                                           -0.057       1.526                          

 Data required time                                                  1.526                          
----------------------------------------------------------------------------------------------------
 Data required time                                                  1.526                          
 Data arrival time                                                  -1.294                          
----------------------------------------------------------------------------------------------------
 Slack (VIOLATED)                                                   -0.232                          
====================================================================================================

====================================================================================================

Startpoint  : hdmi_i2c_inst/i2c_ctrl_inst/state_14/opit_0_inv_L6Q_perm/CLK
Endpoint    : ddc_scl (port)
Path Group  : **default**
Path Type   : max
Path Class  : combinational timing path

 Location                          Delay Type             Incr        Path         Logical Resource 
----------------------------------------------------------------------------------------------------

 Clock hdmi_i2c_inst/i2c_ctrl_inst/i2c_clk/Q[0]_Inferred (rising edge)
                                                         0.000       0.000 r                        
 CLMA_195_745/CR0                                        0.000       0.000 r       hdmi_i2c_inst/i2c_ctrl_inst/i2c_clk/opit_0_inv/Q
                                   net (fanout=668)      0.627       0.627         hdmi_i2c_inst/cfg_clk
 CLMA_219_751/CLK                                                          r       hdmi_i2c_inst/i2c_ctrl_inst/state_14/opit_0_inv_L6Q_perm/CLK

 CLMA_219_751/Q1                   tco                   0.203       0.830 r       hdmi_i2c_inst/i2c_ctrl_inst/state_14/opit_0_inv_L6Q_perm/L6Q
                                   net (fanout=6)        0.430       1.260         hdmi_i2c_inst/i2c_ctrl_inst/state_14
 CLMA_207_744/Y2                   td                    0.108       1.368 r       hdmi_i2c_inst/i2c_ctrl_inst/N744_1_or[0]_4/LUT6_inst_perm/L6
                                   net (fanout=2)        0.280       1.648         hdmi_i2c_inst/i2c_ctrl_inst/_N361
 CLMS_201_739/Y2                   td                    0.229       1.877 r       hdmi_i2c_inst/i2c_ctrl_inst/N796_2/LUT6_inst_perm/L6
                                   net (fanout=1)        0.399       2.276         hdmi_i2c_inst/i2c_ctrl_inst/N796
 CLMS_207_739/Y3                   td                    0.207       2.483 r       u_CORES/u_debug_core_0/TRIG0_ff[1][41]/opit_0_inv_L6QQ_perm/L6
                                   net (fanout=2)        2.401       4.884         _N243            
 IOLHR_16_480/DO_P                 td                    1.172       6.056 r       ddc_scl_obuf/opit_1/DO_P
                                   net (fanout=1)        0.000       6.056         ddc_scl_obuf/ntO 
 IOBD_0_480/PAD                    td                    2.410       8.466 r       ddc_scl_obuf/opit_0/O
                                   net (fanout=1)        0.131       8.597         ddc_scl          
 L22                                                                       r       ddc_scl (port)   

 Data arrival time                                                   8.597         Logic Levels: 5  
                                                                                   Logic: 4.329ns(54.316%), Route: 3.641ns(45.684%)
====================================================================================================

====================================================================================================

Startpoint  : hdmi_i2c_inst/i2c_ctrl_inst/state_9/opit_0_inv_L6Q_perm/CLK
Endpoint    : ddc_sda (port)
Path Group  : **default**
Path Type   : max
Path Class  : combinational timing path

 Location                          Delay Type             Incr        Path         Logical Resource 
----------------------------------------------------------------------------------------------------

 Clock hdmi_i2c_inst/i2c_ctrl_inst/i2c_clk/Q[0]_Inferred (rising edge)
                                                         0.000       0.000 r                        
 CLMA_195_745/CR0                                        0.000       0.000 r       hdmi_i2c_inst/i2c_ctrl_inst/i2c_clk/opit_0_inv/Q
                                   net (fanout=668)      0.627       0.627         hdmi_i2c_inst/cfg_clk
 CLMA_219_751/CLK                                                          r       hdmi_i2c_inst/i2c_ctrl_inst/state_9/opit_0_inv_L6Q_perm/CLK

 CLMA_219_751/Q2                   tco                   0.203       0.830 r       hdmi_i2c_inst/i2c_ctrl_inst/state_9/opit_0_inv_L6Q_perm/L6Q
                                   net (fanout=6)        0.473       1.303         hdmi_i2c_inst/i2c_ctrl_inst/state_9
 CLMS_201_733/CR1                  td                    0.192       1.495 f       hdmi_i2c_inst/i2c_ctrl_inst/N744_1_or[0]_6/LUT6D_inst_perm/L5
                                   net (fanout=1)        2.216       3.711         _N364            
 IOLHR_16_474/DO_N                 td                    1.067       4.778 f       hdmi_i2c_inst.i2c_ctrl_inst.i2c_sda_tri/opit_1/DO_N
                                   net (fanout=1)        0.000       4.778         hdmi_i2c_inst.i2c_ctrl_inst.i2c_sda_tri/ntT
 IOBS_0_474/PAD                    tse                   2.618       7.396 f       hdmi_i2c_inst.i2c_ctrl_inst.i2c_sda_tri/opit_0/IO
                                   net (fanout=1)        0.129       7.525         nt_ddc_sda       
 L23                                                                       f       ddc_sda (port)   

 Data arrival time                                                   7.525         Logic Levels: 3  
                                                                                   Logic: 4.080ns(59.148%), Route: 2.818ns(40.852%)
====================================================================================================

====================================================================================================

Startpoint  : sys_rst_n (port)
Endpoint    : hdmi_in_rst_n (port)
Path Group  : **default**
Path Type   : max
Path Class  : combinational timing path

 Location                          Delay Type             Incr        Path         Logical Resource 
----------------------------------------------------------------------------------------------------


 G25                                                     0.000       0.000 f       sys_rst_n (port) 
                                   net (fanout=1)        0.145       0.145         sys_rst_n        
 IOBD_0_636/DIN                    td                    0.756       0.901 f       sys_rst_n_ibuf/opit_0/O
                                   net (fanout=1)        0.000       0.901         sys_rst_n_ibuf/ntD
 IOLHR_16_636/DI_TO_CLK            td                    0.105       1.006 f       sys_rst_n_ibuf/opit_1/DI_TO_CLK
                                   net (fanout=41)       1.842       2.848         nt_sys_rst_n     
 IOLHR_16_912/DO_P                 td                    1.172       4.020 f       hdmi_in_rst_n_obuf/opit_1/DO_P
                                   net (fanout=1)        0.000       4.020         hdmi_in_rst_n_obuf/ntO
 IOBS_0_912/PAD                    td                    2.618       6.638 f       hdmi_in_rst_n_obuf/opit_0/O
                                   net (fanout=1)        0.039       6.677         hdmi_in_rst_n    
 K18                                                                       f       hdmi_in_rst_n (port)

 Data arrival time                                                   6.677         Logic Levels: 4  
                                                                                   Logic: 4.651ns(69.657%), Route: 2.026ns(30.343%)
====================================================================================================

====================================================================================================

Startpoint  : sys_rst_n (port)
Endpoint    : hdmi_i2c_inst/i2c_ctrl_inst/cnt_clk[5]/opit_0_inv_L6Q_perm/RS
Path Group  : **default**
Path Type   : min
Path Class  : combinational timing path

 Location                          Delay Type             Incr        Path         Logical Resource 
----------------------------------------------------------------------------------------------------


 G25                                                     0.000       0.000 f       sys_rst_n (port) 
                                   net (fanout=1)        0.145       0.145         sys_rst_n        
 IOBD_0_636/DIN                    td                    0.646       0.791 f       sys_rst_n_ibuf/opit_0/O
                                   net (fanout=1)        0.000       0.791         sys_rst_n_ibuf/ntD
 IOLHR_16_636/DI_TO_CLK            td                    0.091       0.882 f       sys_rst_n_ibuf/opit_1/DI_TO_CLK
                                   net (fanout=41)       1.223       2.105         nt_sys_rst_n     
 CLMA_201_744/RS                                                           f       hdmi_i2c_inst/i2c_ctrl_inst/cnt_clk[5]/opit_0_inv_L6Q_perm/RS

 Data arrival time                                                   2.105         Logic Levels: 2  
                                                                                   Logic: 0.737ns(35.012%), Route: 1.368ns(64.988%)
====================================================================================================

====================================================================================================

Startpoint  : sys_rst_n (port)
Endpoint    : hdmi_i2c_inst/i2c_ctrl_inst/cnt_clk[1]/opit_0_inv_L6Q_LUT6DQL5_perm/RS
Path Group  : **default**
Path Type   : min
Path Class  : combinational timing path

 Location                          Delay Type             Incr        Path         Logical Resource 
----------------------------------------------------------------------------------------------------


 G25                                                     0.000       0.000 f       sys_rst_n (port) 
                                   net (fanout=1)        0.145       0.145         sys_rst_n        
 IOBD_0_636/DIN                    td                    0.646       0.791 f       sys_rst_n_ibuf/opit_0/O
                                   net (fanout=1)        0.000       0.791         sys_rst_n_ibuf/ntD
 IOLHR_16_636/DI_TO_CLK            td                    0.091       0.882 f       sys_rst_n_ibuf/opit_1/DI_TO_CLK
                                   net (fanout=41)       1.223       2.105         nt_sys_rst_n     
 CLMA_201_744/RS                                                           f       hdmi_i2c_inst/i2c_ctrl_inst/cnt_clk[1]/opit_0_inv_L6Q_LUT6DQL5_perm/RS

 Data arrival time                                                   2.105         Logic Levels: 2  
                                                                                   Logic: 0.737ns(35.012%), Route: 1.368ns(64.988%)
====================================================================================================

====================================================================================================

Startpoint  : sys_rst_n (port)
Endpoint    : hdmi_i2c_inst/i2c_ctrl_inst/cnt_clk[2]/opit_0_inv_L6Q_LUT6DQL5_perm/RS
Path Group  : **default**
Path Type   : min
Path Class  : combinational timing path

 Location                          Delay Type             Incr        Path         Logical Resource 
----------------------------------------------------------------------------------------------------


 G25                                                     0.000       0.000 f       sys_rst_n (port) 
                                   net (fanout=1)        0.145       0.145         sys_rst_n        
 IOBD_0_636/DIN                    td                    0.646       0.791 f       sys_rst_n_ibuf/opit_0/O
                                   net (fanout=1)        0.000       0.791         sys_rst_n_ibuf/ntD
 IOLHR_16_636/DI_TO_CLK            td                    0.091       0.882 f       sys_rst_n_ibuf/opit_1/DI_TO_CLK
                                   net (fanout=41)       1.223       2.105         nt_sys_rst_n     
 CLMA_201_744/RS                                                           f       hdmi_i2c_inst/i2c_ctrl_inst/cnt_clk[2]/opit_0_inv_L6Q_LUT6DQL5_perm/RS

 Data arrival time                                                   2.105         Logic Levels: 2  
                                                                                   Logic: 0.737ns(35.012%), Route: 1.368ns(64.988%)
====================================================================================================

====================================================================================================
Fast Corner: 1050mV -40C
****************************************************************************************************
====================================================================================================

Startpoint  : hdmi_i2c_inst/i2c_ctrl_inst/cnt_clk[7]/opit_0_inv_L6Q_perm/CLK
Endpoint    : hdmi_i2c_inst/i2c_ctrl_inst/i2c_clk/opit_0_inv/D
Path Group  : sys_clk
Path Type   : max
Path Class  : sequential timing path
Clock Skew :    0.000  (Capture Clock Delay - Launch Clock Delay + Clock Pessimism Removal)
  Capture Clock Delay     :  2.176
  Launch Clock Delay      :  2.548
  Clock Pessimism Removal :  0.372

 Location                          Delay Type             Incr        Path         Logical Resource 
----------------------------------------------------------------------------------------------------

 Clock sys_clk (rising edge)                             0.000       0.000 r                        
 R3                                                      0.000       0.000 r       sys_clk (port)   
                                   net (fanout=1)        0.096       0.096         sys_clk          
 IOBD_372_450/DIN                  td                    0.659       0.755 r       sys_clk_ibuf/opit_0/O
                                   net (fanout=1)        0.000       0.755         sys_clk_ibuf/ntD 
 IOLHR_364_450/DI_TO_CLK           td                    0.087       0.842 r       sys_clk_ibuf/opit_1/DI_TO_CLK
                                   net (fanout=1)        0.588       1.430         nt_sys_clk       
 USCM_215_576/CLKOUT               td                    0.115       1.545 r       clkbufg_3/gopclkbufg/CLKOUT
                                   net (fanout=1)        0.397       1.942         ntclkbufg_0      
 HCKB_213_506/CLKOUT               td                    0.233       2.175 r       HCKBROUTE_282/CLKOUT
                                   net (fanout=9)        0.373       2.548         _N396            
 CLMA_195_745/CLK                                                          r       hdmi_i2c_inst/i2c_ctrl_inst/cnt_clk[7]/opit_0_inv_L6Q_perm/CLK

 CLMA_195_745/Q3                   tco                   0.125       2.673 f       hdmi_i2c_inst/i2c_ctrl_inst/cnt_clk[7]/opit_0_inv_L6Q_perm/L6Q
                                   net (fanout=2)        0.395       3.068         hdmi_i2c_inst/i2c_ctrl_inst/cnt_clk [7]
 CLMA_201_744/CR2                  td                    0.185       3.253 f       hdmi_i2c_inst/i2c_ctrl_inst/cnt_clk[1]/opit_0_inv_L6Q_LUT6DQL5_perm/L5
                                   net (fanout=4)        0.227       3.480         hdmi_i2c_inst/i2c_ctrl_inst/_N463
 CLMA_195_744/Y0                   td                    0.125       3.605 f       hdmi_i2c_inst/i2c_ctrl_inst/i2c_clk_ce_mux[0]/LUT6_inst_perm/L6
                                   net (fanout=1)        0.325       3.930         hdmi_i2c_inst/i2c_ctrl_inst/_N432
 CLMA_195_745/M0                                                           f       hdmi_i2c_inst/i2c_ctrl_inst/i2c_clk/opit_0_inv/D

 Data arrival time                                                   3.930         Logic Levels: 2  
                                                                                   Logic: 0.435ns(31.476%), Route: 0.947ns(68.524%)
----------------------------------------------------------------------------------------------------

 Clock sys_clk (rising edge)                            20.000      20.000 r                        
 R3                                                      0.000      20.000 r       sys_clk (port)   
                                   net (fanout=1)        0.096      20.096         sys_clk          
 IOBD_372_450/DIN                  td                    0.563      20.659 r       sys_clk_ibuf/opit_0/O
                                   net (fanout=1)        0.000      20.659         sys_clk_ibuf/ntD 
 IOLHR_364_450/DI_TO_CLK           td                    0.073      20.732 r       sys_clk_ibuf/opit_1/DI_TO_CLK
                                   net (fanout=1)        0.493      21.225         nt_sys_clk       
 USCM_215_576/CLKOUT               td                    0.097      21.322 r       clkbufg_3/gopclkbufg/CLKOUT
                                   net (fanout=1)        0.334      21.656         ntclkbufg_0      
 HCKB_213_506/CLKOUT               td                    0.195      21.851 r       HCKBROUTE_282/CLKOUT
                                   net (fanout=9)        0.325      22.176         _N396            
 CLMA_195_745/CLK                                                          r       hdmi_i2c_inst/i2c_ctrl_inst/i2c_clk/opit_0_inv/CLK
 clock pessimism                                         0.372      22.548                          
 clock uncertainty                                      -0.050      22.498                          

 Setup time                                             -0.073      22.425                          

 Data required time                                                 22.425                          
----------------------------------------------------------------------------------------------------
 Data required time                                                 22.425                          
 Data arrival time                                                  -3.930                          
----------------------------------------------------------------------------------------------------
 Slack (MET)                                                        18.495                          
====================================================================================================

====================================================================================================

Startpoint  : hdmi_i2c_inst/i2c_ctrl_inst/cnt_clk[7]/opit_0_inv_L6Q_perm/CLK
Endpoint    : hdmi_i2c_inst/i2c_ctrl_inst/cnt_clk[4]/opit_0_inv_L6Q_perm/I4
Path Group  : sys_clk
Path Type   : max
Path Class  : sequential timing path
Clock Skew :    0.000  (Capture Clock Delay - Launch Clock Delay + Clock Pessimism Removal)
  Capture Clock Delay     :  2.176
  Launch Clock Delay      :  2.548
  Clock Pessimism Removal :  0.372

 Location                          Delay Type             Incr        Path         Logical Resource 
----------------------------------------------------------------------------------------------------

 Clock sys_clk (rising edge)                             0.000       0.000 r                        
 R3                                                      0.000       0.000 r       sys_clk (port)   
                                   net (fanout=1)        0.096       0.096         sys_clk          
 IOBD_372_450/DIN                  td                    0.659       0.755 r       sys_clk_ibuf/opit_0/O
                                   net (fanout=1)        0.000       0.755         sys_clk_ibuf/ntD 
 IOLHR_364_450/DI_TO_CLK           td                    0.087       0.842 r       sys_clk_ibuf/opit_1/DI_TO_CLK
                                   net (fanout=1)        0.588       1.430         nt_sys_clk       
 USCM_215_576/CLKOUT               td                    0.115       1.545 r       clkbufg_3/gopclkbufg/CLKOUT
                                   net (fanout=1)        0.397       1.942         ntclkbufg_0      
 HCKB_213_506/CLKOUT               td                    0.233       2.175 r       HCKBROUTE_282/CLKOUT
                                   net (fanout=9)        0.373       2.548         _N396            
 CLMA_195_745/CLK                                                          r       hdmi_i2c_inst/i2c_ctrl_inst/cnt_clk[7]/opit_0_inv_L6Q_perm/CLK

 CLMA_195_745/Q3                   tco                   0.125       2.673 f       hdmi_i2c_inst/i2c_ctrl_inst/cnt_clk[7]/opit_0_inv_L6Q_perm/L6Q
                                   net (fanout=2)        0.395       3.068         hdmi_i2c_inst/i2c_ctrl_inst/cnt_clk [7]
 CLMA_201_744/CR2                  td                    0.185       3.253 f       hdmi_i2c_inst/i2c_ctrl_inst/cnt_clk[1]/opit_0_inv_L6Q_LUT6DQL5_perm/L5
                                   net (fanout=4)        0.246       3.499         hdmi_i2c_inst/i2c_ctrl_inst/_N463
 CLMA_195_745/B4                                                           f       hdmi_i2c_inst/i2c_ctrl_inst/cnt_clk[4]/opit_0_inv_L6Q_perm/I4

 Data arrival time                                                   3.499         Logic Levels: 1  
                                                                                   Logic: 0.310ns(32.597%), Route: 0.641ns(67.403%)
----------------------------------------------------------------------------------------------------

 Clock sys_clk (rising edge)                            20.000      20.000 r                        
 R3                                                      0.000      20.000 r       sys_clk (port)   
                                   net (fanout=1)        0.096      20.096         sys_clk          
 IOBD_372_450/DIN                  td                    0.563      20.659 r       sys_clk_ibuf/opit_0/O
                                   net (fanout=1)        0.000      20.659         sys_clk_ibuf/ntD 
 IOLHR_364_450/DI_TO_CLK           td                    0.073      20.732 r       sys_clk_ibuf/opit_1/DI_TO_CLK
                                   net (fanout=1)        0.493      21.225         nt_sys_clk       
 USCM_215_576/CLKOUT               td                    0.097      21.322 r       clkbufg_3/gopclkbufg/CLKOUT
                                   net (fanout=1)        0.334      21.656         ntclkbufg_0      
 HCKB_213_506/CLKOUT               td                    0.195      21.851 r       HCKBROUTE_282/CLKOUT
                                   net (fanout=9)        0.325      22.176         _N396            
 CLMA_195_745/CLK                                                          r       hdmi_i2c_inst/i2c_ctrl_inst/cnt_clk[4]/opit_0_inv_L6Q_perm/CLK
 clock pessimism                                         0.372      22.548                          
 clock uncertainty                                      -0.050      22.498                          

 Setup time                                             -0.076      22.422                          

 Data required time                                                 22.422                          
----------------------------------------------------------------------------------------------------
 Data required time                                                 22.422                          
 Data arrival time                                                  -3.499                          
----------------------------------------------------------------------------------------------------
 Slack (MET)                                                        18.923                          
====================================================================================================

====================================================================================================

Startpoint  : hdmi_i2c_inst/i2c_ctrl_inst/cnt_clk[7]/opit_0_inv_L6Q_perm/CLK
Endpoint    : hdmi_i2c_inst/i2c_ctrl_inst/cnt_clk[3]/opit_0_inv_L6Q_perm/I2
Path Group  : sys_clk
Path Type   : max
Path Class  : sequential timing path
Clock Skew :    0.000  (Capture Clock Delay - Launch Clock Delay + Clock Pessimism Removal)
  Capture Clock Delay     :  2.176
  Launch Clock Delay      :  2.548
  Clock Pessimism Removal :  0.372

 Location                          Delay Type             Incr        Path         Logical Resource 
----------------------------------------------------------------------------------------------------

 Clock sys_clk (rising edge)                             0.000       0.000 r                        
 R3                                                      0.000       0.000 r       sys_clk (port)   
                                   net (fanout=1)        0.096       0.096         sys_clk          
 IOBD_372_450/DIN                  td                    0.659       0.755 r       sys_clk_ibuf/opit_0/O
                                   net (fanout=1)        0.000       0.755         sys_clk_ibuf/ntD 
 IOLHR_364_450/DI_TO_CLK           td                    0.087       0.842 r       sys_clk_ibuf/opit_1/DI_TO_CLK
                                   net (fanout=1)        0.588       1.430         nt_sys_clk       
 USCM_215_576/CLKOUT               td                    0.115       1.545 r       clkbufg_3/gopclkbufg/CLKOUT
                                   net (fanout=1)        0.397       1.942         ntclkbufg_0      
 HCKB_213_506/CLKOUT               td                    0.233       2.175 r       HCKBROUTE_282/CLKOUT
                                   net (fanout=9)        0.373       2.548         _N396            
 CLMA_195_745/CLK                                                          r       hdmi_i2c_inst/i2c_ctrl_inst/cnt_clk[7]/opit_0_inv_L6Q_perm/CLK

 CLMA_195_745/Q3                   tco                   0.125       2.673 f       hdmi_i2c_inst/i2c_ctrl_inst/cnt_clk[7]/opit_0_inv_L6Q_perm/L6Q
                                   net (fanout=2)        0.395       3.068         hdmi_i2c_inst/i2c_ctrl_inst/cnt_clk [7]
 CLMA_201_744/CR2                  td                    0.187       3.255 r       hdmi_i2c_inst/i2c_ctrl_inst/cnt_clk[1]/opit_0_inv_L6Q_LUT6DQL5_perm/L5
                                   net (fanout=4)        0.153       3.408         hdmi_i2c_inst/i2c_ctrl_inst/_N463
 CLMA_195_745/C2                                                           r       hdmi_i2c_inst/i2c_ctrl_inst/cnt_clk[3]/opit_0_inv_L6Q_perm/I2

 Data arrival time                                                   3.408         Logic Levels: 1  
                                                                                   Logic: 0.312ns(36.279%), Route: 0.548ns(63.721%)
----------------------------------------------------------------------------------------------------

 Clock sys_clk (rising edge)                            20.000      20.000 r                        
 R3                                                      0.000      20.000 r       sys_clk (port)   
                                   net (fanout=1)        0.096      20.096         sys_clk          
 IOBD_372_450/DIN                  td                    0.563      20.659 r       sys_clk_ibuf/opit_0/O
                                   net (fanout=1)        0.000      20.659         sys_clk_ibuf/ntD 
 IOLHR_364_450/DI_TO_CLK           td                    0.073      20.732 r       sys_clk_ibuf/opit_1/DI_TO_CLK
                                   net (fanout=1)        0.493      21.225         nt_sys_clk       
 USCM_215_576/CLKOUT               td                    0.097      21.322 r       clkbufg_3/gopclkbufg/CLKOUT
                                   net (fanout=1)        0.334      21.656         ntclkbufg_0      
 HCKB_213_506/CLKOUT               td                    0.195      21.851 r       HCKBROUTE_282/CLKOUT
                                   net (fanout=9)        0.325      22.176         _N396            
 CLMA_195_745/CLK                                                          r       hdmi_i2c_inst/i2c_ctrl_inst/cnt_clk[3]/opit_0_inv_L6Q_perm/CLK
 clock pessimism                                         0.372      22.548                          
 clock uncertainty                                      -0.050      22.498                          

 Setup time                                             -0.120      22.378                          

 Data required time                                                 22.378                          
----------------------------------------------------------------------------------------------------
 Data required time                                                 22.378                          
 Data arrival time                                                  -3.408                          
----------------------------------------------------------------------------------------------------
 Slack (MET)                                                        18.970                          
====================================================================================================

====================================================================================================

Startpoint  : hdmi_i2c_inst/i2c_ctrl_inst/cnt_clk[3]/opit_0_inv_L6Q_perm/CLK
Endpoint    : hdmi_i2c_inst/i2c_ctrl_inst/cnt_clk[4]/opit_0_inv_L6Q_perm/I5
Path Group  : sys_clk
Path Type   : min
Path Class  : sequential timing path
Clock Skew :    0.000  (Capture Clock Delay - Launch Clock Delay + Clock Pessimism Removal)
  Capture Clock Delay     :  2.548
  Launch Clock Delay      :  2.176
  Clock Pessimism Removal :  -0.372

 Location                          Delay Type             Incr        Path         Logical Resource 
----------------------------------------------------------------------------------------------------

 Clock sys_clk (rising edge)                             0.000       0.000 r                        
 R3                                                      0.000       0.000 r       sys_clk (port)   
                                   net (fanout=1)        0.096       0.096         sys_clk          
 IOBD_372_450/DIN                  td                    0.563       0.659 r       sys_clk_ibuf/opit_0/O
                                   net (fanout=1)        0.000       0.659         sys_clk_ibuf/ntD 
 IOLHR_364_450/DI_TO_CLK           td                    0.073       0.732 r       sys_clk_ibuf/opit_1/DI_TO_CLK
                                   net (fanout=1)        0.493       1.225         nt_sys_clk       
 USCM_215_576/CLKOUT               td                    0.097       1.322 r       clkbufg_3/gopclkbufg/CLKOUT
                                   net (fanout=1)        0.334       1.656         ntclkbufg_0      
 HCKB_213_506/CLKOUT               td                    0.195       1.851 r       HCKBROUTE_282/CLKOUT
                                   net (fanout=9)        0.325       2.176         _N396            
 CLMA_195_745/CLK                                                          r       hdmi_i2c_inst/i2c_ctrl_inst/cnt_clk[3]/opit_0_inv_L6Q_perm/CLK

 CLMA_195_745/Q2                   tco                   0.103       2.279 r       hdmi_i2c_inst/i2c_ctrl_inst/cnt_clk[3]/opit_0_inv_L6Q_perm/L6Q
                                   net (fanout=7)        0.059       2.338         hdmi_i2c_inst/i2c_ctrl_inst/cnt_clk [3]
 CLMA_195_745/B5                                                           r       hdmi_i2c_inst/i2c_ctrl_inst/cnt_clk[4]/opit_0_inv_L6Q_perm/I5

 Data arrival time                                                   2.338         Logic Levels: 0  
                                                                                   Logic: 0.103ns(63.580%), Route: 0.059ns(36.420%)
----------------------------------------------------------------------------------------------------

 Clock sys_clk (rising edge)                             0.000       0.000 r                        
 R3                                                      0.000       0.000 r       sys_clk (port)   
                                   net (fanout=1)        0.096       0.096         sys_clk          
 IOBD_372_450/DIN                  td                    0.659       0.755 r       sys_clk_ibuf/opit_0/O
                                   net (fanout=1)        0.000       0.755         sys_clk_ibuf/ntD 
 IOLHR_364_450/DI_TO_CLK           td                    0.087       0.842 r       sys_clk_ibuf/opit_1/DI_TO_CLK
                                   net (fanout=1)        0.588       1.430         nt_sys_clk       
 USCM_215_576/CLKOUT               td                    0.115       1.545 r       clkbufg_3/gopclkbufg/CLKOUT
                                   net (fanout=1)        0.397       1.942         ntclkbufg_0      
 HCKB_213_506/CLKOUT               td                    0.233       2.175 r       HCKBROUTE_282/CLKOUT
                                   net (fanout=9)        0.373       2.548         _N396            
 CLMA_195_745/CLK                                                          r       hdmi_i2c_inst/i2c_ctrl_inst/cnt_clk[4]/opit_0_inv_L6Q_perm/CLK
 clock pessimism                                        -0.372       2.176                          
 clock uncertainty                                       0.000       2.176                          

 Hold time                                              -0.013       2.163                          

 Data required time                                                  2.163                          
----------------------------------------------------------------------------------------------------
 Data required time                                                  2.163                          
 Data arrival time                                                  -2.338                          
----------------------------------------------------------------------------------------------------
 Slack (MET)                                                         0.175                          
====================================================================================================

====================================================================================================

Startpoint  : hdmi_i2c_inst/i2c_ctrl_inst/cnt_clk[4]/opit_0_inv_L6Q_perm/CLK
Endpoint    : hdmi_i2c_inst/i2c_ctrl_inst/cnt_clk[0]/opit_0_inv_L6Q_perm/I5
Path Group  : sys_clk
Path Type   : min
Path Class  : sequential timing path
Clock Skew :    0.000  (Capture Clock Delay - Launch Clock Delay + Clock Pessimism Removal)
  Capture Clock Delay     :  2.548
  Launch Clock Delay      :  2.176
  Clock Pessimism Removal :  -0.372

 Location                          Delay Type             Incr        Path         Logical Resource 
----------------------------------------------------------------------------------------------------

 Clock sys_clk (rising edge)                             0.000       0.000 r                        
 R3                                                      0.000       0.000 r       sys_clk (port)   
                                   net (fanout=1)        0.096       0.096         sys_clk          
 IOBD_372_450/DIN                  td                    0.563       0.659 r       sys_clk_ibuf/opit_0/O
                                   net (fanout=1)        0.000       0.659         sys_clk_ibuf/ntD 
 IOLHR_364_450/DI_TO_CLK           td                    0.073       0.732 r       sys_clk_ibuf/opit_1/DI_TO_CLK
                                   net (fanout=1)        0.493       1.225         nt_sys_clk       
 USCM_215_576/CLKOUT               td                    0.097       1.322 r       clkbufg_3/gopclkbufg/CLKOUT
                                   net (fanout=1)        0.334       1.656         ntclkbufg_0      
 HCKB_213_506/CLKOUT               td                    0.195       1.851 r       HCKBROUTE_282/CLKOUT
                                   net (fanout=9)        0.325       2.176         _N396            
 CLMA_195_745/CLK                                                          r       hdmi_i2c_inst/i2c_ctrl_inst/cnt_clk[4]/opit_0_inv_L6Q_perm/CLK

 CLMA_195_745/Q1                   tco                   0.103       2.279 r       hdmi_i2c_inst/i2c_ctrl_inst/cnt_clk[4]/opit_0_inv_L6Q_perm/L6Q
                                   net (fanout=7)        0.059       2.338         hdmi_i2c_inst/i2c_ctrl_inst/cnt_clk [4]
 CLMA_195_745/A5                                                           r       hdmi_i2c_inst/i2c_ctrl_inst/cnt_clk[0]/opit_0_inv_L6Q_perm/I5

 Data arrival time                                                   2.338         Logic Levels: 0  
                                                                                   Logic: 0.103ns(63.580%), Route: 0.059ns(36.420%)
----------------------------------------------------------------------------------------------------

 Clock sys_clk (rising edge)                             0.000       0.000 r                        
 R3                                                      0.000       0.000 r       sys_clk (port)   
                                   net (fanout=1)        0.096       0.096         sys_clk          
 IOBD_372_450/DIN                  td                    0.659       0.755 r       sys_clk_ibuf/opit_0/O
                                   net (fanout=1)        0.000       0.755         sys_clk_ibuf/ntD 
 IOLHR_364_450/DI_TO_CLK           td                    0.087       0.842 r       sys_clk_ibuf/opit_1/DI_TO_CLK
                                   net (fanout=1)        0.588       1.430         nt_sys_clk       
 USCM_215_576/CLKOUT               td                    0.115       1.545 r       clkbufg_3/gopclkbufg/CLKOUT
                                   net (fanout=1)        0.397       1.942         ntclkbufg_0      
 HCKB_213_506/CLKOUT               td                    0.233       2.175 r       HCKBROUTE_282/CLKOUT
                                   net (fanout=9)        0.373       2.548         _N396            
 CLMA_195_745/CLK                                                          r       hdmi_i2c_inst/i2c_ctrl_inst/cnt_clk[0]/opit_0_inv_L6Q_perm/CLK
 clock pessimism                                        -0.372       2.176                          
 clock uncertainty                                       0.000       2.176                          

 Hold time                                              -0.016       2.160                          

 Data required time                                                  2.160                          
----------------------------------------------------------------------------------------------------
 Data required time                                                  2.160                          
 Data arrival time                                                  -2.338                          
----------------------------------------------------------------------------------------------------
 Slack (MET)                                                         0.178                          
====================================================================================================

====================================================================================================

Startpoint  : hdmi_i2c_inst/i2c_ctrl_inst/cnt_clk[5]/opit_0_inv_L6Q_perm/CLK
Endpoint    : hdmi_i2c_inst/i2c_ctrl_inst/cnt_clk[7]/opit_0_inv_L6Q_perm/I5
Path Group  : sys_clk
Path Type   : min
Path Class  : sequential timing path
Clock Skew :    0.047  (Capture Clock Delay - Launch Clock Delay + Clock Pessimism Removal)
  Capture Clock Delay     :  2.548
  Launch Clock Delay      :  2.177
  Clock Pessimism Removal :  -0.324

 Location                          Delay Type             Incr        Path         Logical Resource 
----------------------------------------------------------------------------------------------------

 Clock sys_clk (rising edge)                             0.000       0.000 r                        
 R3                                                      0.000       0.000 r       sys_clk (port)   
                                   net (fanout=1)        0.096       0.096         sys_clk          
 IOBD_372_450/DIN                  td                    0.563       0.659 r       sys_clk_ibuf/opit_0/O
                                   net (fanout=1)        0.000       0.659         sys_clk_ibuf/ntD 
 IOLHR_364_450/DI_TO_CLK           td                    0.073       0.732 r       sys_clk_ibuf/opit_1/DI_TO_CLK
                                   net (fanout=1)        0.493       1.225         nt_sys_clk       
 USCM_215_576/CLKOUT               td                    0.097       1.322 r       clkbufg_3/gopclkbufg/CLKOUT
                                   net (fanout=1)        0.334       1.656         ntclkbufg_0      
 HCKB_213_506/CLKOUT               td                    0.195       1.851 r       HCKBROUTE_282/CLKOUT
                                   net (fanout=9)        0.326       2.177         _N396            
 CLMA_201_744/CLK                                                          r       hdmi_i2c_inst/i2c_ctrl_inst/cnt_clk[5]/opit_0_inv_L6Q_perm/CLK

 CLMA_201_744/Q1                   tco                   0.109       2.286 f       hdmi_i2c_inst/i2c_ctrl_inst/cnt_clk[5]/opit_0_inv_L6Q_perm/L6Q
                                   net (fanout=4)        0.112       2.398         hdmi_i2c_inst/i2c_ctrl_inst/cnt_clk [5]
 CLMA_195_745/D5                                                           f       hdmi_i2c_inst/i2c_ctrl_inst/cnt_clk[7]/opit_0_inv_L6Q_perm/I5

 Data arrival time                                                   2.398         Logic Levels: 0  
                                                                                   Logic: 0.109ns(49.321%), Route: 0.112ns(50.679%)
----------------------------------------------------------------------------------------------------

 Clock sys_clk (rising edge)                             0.000       0.000 r                        
 R3                                                      0.000       0.000 r       sys_clk (port)   
                                   net (fanout=1)        0.096       0.096         sys_clk          
 IOBD_372_450/DIN                  td                    0.659       0.755 r       sys_clk_ibuf/opit_0/O
                                   net (fanout=1)        0.000       0.755         sys_clk_ibuf/ntD 
 IOLHR_364_450/DI_TO_CLK           td                    0.087       0.842 r       sys_clk_ibuf/opit_1/DI_TO_CLK
                                   net (fanout=1)        0.588       1.430         nt_sys_clk       
 USCM_215_576/CLKOUT               td                    0.115       1.545 r       clkbufg_3/gopclkbufg/CLKOUT
                                   net (fanout=1)        0.397       1.942         ntclkbufg_0      
 HCKB_213_506/CLKOUT               td                    0.233       2.175 r       HCKBROUTE_282/CLKOUT
                                   net (fanout=9)        0.373       2.548         _N396            
 CLMA_195_745/CLK                                                          r       hdmi_i2c_inst/i2c_ctrl_inst/cnt_clk[7]/opit_0_inv_L6Q_perm/CLK
 clock pessimism                                        -0.324       2.224                          
 clock uncertainty                                       0.000       2.224                          

 Hold time                                              -0.009       2.215                          

 Data required time                                                  2.215                          
----------------------------------------------------------------------------------------------------
 Data required time                                                  2.215                          
 Data arrival time                                                  -2.398                          
----------------------------------------------------------------------------------------------------
 Slack (MET)                                                         0.183                          
====================================================================================================

====================================================================================================

Startpoint  : hdmi_i2c_inst/i2c_ctrl_inst/state_15/opit_0_inv_L5Q_perm/CLK
Endpoint    : hdmi_i2c_inst/i2c_ctrl_inst/state_12/opit_0_inv_L6Q_perm/CE
Path Group  : hdmi_i2c_inst/i2c_ctrl_inst/i2c_clk/Q[0]_Inferred
Path Type   : max
Path Class  : sequential timing path
Clock Skew :    -0.144  (Capture Clock Delay - Launch Clock Delay + Clock Pessimism Removal)
  Capture Clock Delay     :  0.180
  Launch Clock Delay      :  0.324
  Clock Pessimism Removal :  0.000

 Location                          Delay Type             Incr        Path         Logical Resource 
----------------------------------------------------------------------------------------------------

 Clock hdmi_i2c_inst/i2c_ctrl_inst/i2c_clk/Q[0]_Inferred (rising edge)
                                                         0.000       0.000 r                        
 CLMA_195_745/CR0                                        0.000       0.000 r       hdmi_i2c_inst/i2c_ctrl_inst/i2c_clk/opit_0_inv/Q
                                   net (fanout=668)      0.324       0.324         hdmi_i2c_inst/cfg_clk
 CLMS_207_727/CLK                                                          r       hdmi_i2c_inst/i2c_ctrl_inst/state_15/opit_0_inv_L5Q_perm/CLK

 CLMS_207_727/CR0                  tco                   0.141       0.465 f       hdmi_i2c_inst/i2c_ctrl_inst/state_15/opit_0_inv_L5Q_perm/L5Q
                                   net (fanout=4)        0.321       0.786         hdmi_i2c_inst/i2c_ctrl_inst/state_15
 CLMS_207_751/Y2                   td                    0.125       0.911 f       hdmi_i2c_inst/i2c_ctrl_inst/i2c_end/opit_0_inv_L6Q_perm/L6
                                   net (fanout=3)        0.242       1.153         hdmi_i2c_inst/i2c_ctrl_inst/N734
 CLMA_207_732/Y1                   td                    0.070       1.223 f       hdmi_i2c_inst/i2c_ctrl_inst/N736_2_9/LUT6_inst_perm/L6
                                   net (fanout=1)        0.147       1.370         hdmi_i2c_inst/i2c_ctrl_inst/_N441
 CLMA_207_732/Y3                   td                    0.123       1.493 r       hdmi_i2c_inst/i2c_ctrl_inst/N736_2_13/gateop_perm/L6
                                   net (fanout=11)       0.308       1.801         hdmi_i2c_inst/i2c_ctrl_inst/N736
 CLMS_207_745/CE                                                           r       hdmi_i2c_inst/i2c_ctrl_inst/state_12/opit_0_inv_L6Q_perm/CE

 Data arrival time                                                   1.801         Logic Levels: 3  
                                                                                   Logic: 0.459ns(31.077%), Route: 1.018ns(68.923%)
----------------------------------------------------------------------------------------------------

 Clock hdmi_i2c_inst/i2c_ctrl_inst/i2c_clk/Q[0]_Inferred (rising edge)
                                                      1000.000    1000.000 r                        
 CLMA_195_745/CR0                                        0.000    1000.000 r       hdmi_i2c_inst/i2c_ctrl_inst/i2c_clk/opit_0_inv/Q
                                   net (fanout=668)      0.180    1000.180         hdmi_i2c_inst/cfg_clk
 CLMS_207_745/CLK                                                          r       hdmi_i2c_inst/i2c_ctrl_inst/state_12/opit_0_inv_L6Q_perm/CLK
 clock pessimism                                         0.000    1000.180                          
 clock uncertainty                                      -0.050    1000.130                          

 Setup time                                             -0.116    1000.014                          

 Data required time                                               1000.014                          
----------------------------------------------------------------------------------------------------
 Data required time                                               1000.014                          
 Data arrival time                                                  -1.801                          
----------------------------------------------------------------------------------------------------
 Slack (MET)                                                       998.213                          
====================================================================================================

====================================================================================================

Startpoint  : hdmi_i2c_inst/i2c_ctrl_inst/state_15/opit_0_inv_L5Q_perm/CLK
Endpoint    : hdmi_i2c_inst/i2c_ctrl_inst/state_2/opit_0_inv_L6QL5_perm/CE
Path Group  : hdmi_i2c_inst/i2c_ctrl_inst/i2c_clk/Q[0]_Inferred
Path Type   : max
Path Class  : sequential timing path
Clock Skew :    -0.205  (Capture Clock Delay - Launch Clock Delay + Clock Pessimism Removal)
  Capture Clock Delay     :  0.119
  Launch Clock Delay      :  0.324
  Clock Pessimism Removal :  0.000

 Location                          Delay Type             Incr        Path         Logical Resource 
----------------------------------------------------------------------------------------------------

 Clock hdmi_i2c_inst/i2c_ctrl_inst/i2c_clk/Q[0]_Inferred (rising edge)
                                                         0.000       0.000 r                        
 CLMA_195_745/CR0                                        0.000       0.000 r       hdmi_i2c_inst/i2c_ctrl_inst/i2c_clk/opit_0_inv/Q
                                   net (fanout=668)      0.324       0.324         hdmi_i2c_inst/cfg_clk
 CLMS_207_727/CLK                                                          r       hdmi_i2c_inst/i2c_ctrl_inst/state_15/opit_0_inv_L5Q_perm/CLK

 CLMS_207_727/CR0                  tco                   0.141       0.465 f       hdmi_i2c_inst/i2c_ctrl_inst/state_15/opit_0_inv_L5Q_perm/L5Q
                                   net (fanout=4)        0.321       0.786         hdmi_i2c_inst/i2c_ctrl_inst/state_15
 CLMS_207_751/Y2                   td                    0.125       0.911 f       hdmi_i2c_inst/i2c_ctrl_inst/i2c_end/opit_0_inv_L6Q_perm/L6
                                   net (fanout=3)        0.242       1.153         hdmi_i2c_inst/i2c_ctrl_inst/N734
 CLMA_207_732/Y1                   td                    0.070       1.223 f       hdmi_i2c_inst/i2c_ctrl_inst/N736_2_9/LUT6_inst_perm/L6
                                   net (fanout=1)        0.147       1.370         hdmi_i2c_inst/i2c_ctrl_inst/_N441
 CLMA_207_732/Y3                   td                    0.123       1.493 r       hdmi_i2c_inst/i2c_ctrl_inst/N736_2_13/gateop_perm/L6
                                   net (fanout=11)       0.147       1.640         hdmi_i2c_inst/i2c_ctrl_inst/N736
 CLMS_201_739/CECO                 td                    0.088       1.728 r       hdmi_i2c_inst/i2c_ctrl_inst/state_13/opit_0_inv_L6QL5Q_perm/CECO
                                   net (fanout=1)        0.000       1.728         _N103            
 CLMS_201_745/CECI                                                         r       hdmi_i2c_inst/i2c_ctrl_inst/state_2/opit_0_inv_L6QL5_perm/CE

 Data arrival time                                                   1.728         Logic Levels: 4  
                                                                                   Logic: 0.547ns(38.960%), Route: 0.857ns(61.040%)
----------------------------------------------------------------------------------------------------

 Clock hdmi_i2c_inst/i2c_ctrl_inst/i2c_clk/Q[0]_Inferred (rising edge)
                                                      1000.000    1000.000 r                        
 CLMA_195_745/CR0                                        0.000    1000.000 r       hdmi_i2c_inst/i2c_ctrl_inst/i2c_clk/opit_0_inv/Q
                                   net (fanout=668)      0.119    1000.119         hdmi_i2c_inst/cfg_clk
 CLMS_201_745/CLK                                                          r       hdmi_i2c_inst/i2c_ctrl_inst/state_2/opit_0_inv_L6QL5_perm/CLK
 clock pessimism                                         0.000    1000.119                          
 clock uncertainty                                      -0.050    1000.069                          

 Setup time                                             -0.116     999.953                          

 Data required time                                                999.953                          
----------------------------------------------------------------------------------------------------
 Data required time                                                999.953                          
 Data arrival time                                                  -1.728                          
----------------------------------------------------------------------------------------------------
 Slack (MET)                                                       998.225                          
====================================================================================================

====================================================================================================

Startpoint  : hdmi_i2c_inst/i2c_ctrl_inst/state_15/opit_0_inv_L5Q_perm/CLK
Endpoint    : hdmi_i2c_inst/i2c_ctrl_inst/state_1/opit_0_inv_L6QL5_perm/CE
Path Group  : hdmi_i2c_inst/i2c_ctrl_inst/i2c_clk/Q[0]_Inferred
Path Type   : max
Path Class  : sequential timing path
Clock Skew :    -0.033  (Capture Clock Delay - Launch Clock Delay + Clock Pessimism Removal)
  Capture Clock Delay     :  0.291
  Launch Clock Delay      :  0.324
  Clock Pessimism Removal :  0.000

 Location                          Delay Type             Incr        Path         Logical Resource 
----------------------------------------------------------------------------------------------------

 Clock hdmi_i2c_inst/i2c_ctrl_inst/i2c_clk/Q[0]_Inferred (rising edge)
                                                         0.000       0.000 r                        
 CLMA_195_745/CR0                                        0.000       0.000 r       hdmi_i2c_inst/i2c_ctrl_inst/i2c_clk/opit_0_inv/Q
                                   net (fanout=668)      0.324       0.324         hdmi_i2c_inst/cfg_clk
 CLMS_207_727/CLK                                                          r       hdmi_i2c_inst/i2c_ctrl_inst/state_15/opit_0_inv_L5Q_perm/CLK

 CLMS_207_727/CR0                  tco                   0.141       0.465 f       hdmi_i2c_inst/i2c_ctrl_inst/state_15/opit_0_inv_L5Q_perm/L5Q
                                   net (fanout=4)        0.321       0.786         hdmi_i2c_inst/i2c_ctrl_inst/state_15
 CLMS_207_751/Y2                   td                    0.125       0.911 f       hdmi_i2c_inst/i2c_ctrl_inst/i2c_end/opit_0_inv_L6Q_perm/L6
                                   net (fanout=3)        0.242       1.153         hdmi_i2c_inst/i2c_ctrl_inst/N734
 CLMA_207_732/Y1                   td                    0.070       1.223 f       hdmi_i2c_inst/i2c_ctrl_inst/N736_2_9/LUT6_inst_perm/L6
                                   net (fanout=1)        0.147       1.370         hdmi_i2c_inst/i2c_ctrl_inst/_N441
 CLMA_207_732/Y3                   td                    0.123       1.493 r       hdmi_i2c_inst/i2c_ctrl_inst/N736_2_13/gateop_perm/L6
                                   net (fanout=11)       0.368       1.861         hdmi_i2c_inst/i2c_ctrl_inst/N736
 CLMA_219_751/CE                                                           r       hdmi_i2c_inst/i2c_ctrl_inst/state_1/opit_0_inv_L6QL5_perm/CE

 Data arrival time                                                   1.861         Logic Levels: 3  
                                                                                   Logic: 0.459ns(29.863%), Route: 1.078ns(70.137%)
----------------------------------------------------------------------------------------------------

 Clock hdmi_i2c_inst/i2c_ctrl_inst/i2c_clk/Q[0]_Inferred (rising edge)
                                                      1000.000    1000.000 r                        
 CLMA_195_745/CR0                                        0.000    1000.000 r       hdmi_i2c_inst/i2c_ctrl_inst/i2c_clk/opit_0_inv/Q
                                   net (fanout=668)      0.291    1000.291         hdmi_i2c_inst/cfg_clk
 CLMA_219_751/CLK                                                          r       hdmi_i2c_inst/i2c_ctrl_inst/state_1/opit_0_inv_L6QL5_perm/CLK
 clock pessimism                                         0.000    1000.291                          
 clock uncertainty                                      -0.050    1000.241                          

 Setup time                                             -0.116    1000.125                          

 Data required time                                               1000.125                          
----------------------------------------------------------------------------------------------------
 Data required time                                               1000.125                          
 Data arrival time                                                  -1.861                          
----------------------------------------------------------------------------------------------------
 Slack (MET)                                                       998.264                          
====================================================================================================

====================================================================================================

Startpoint  : u_CORES/u_debug_core_0/data_pipe[4][52]/opit_0_inv_L6QL5Q1_perm/CLK
Endpoint    : u_CORES/u_debug_core_0/DATA_ff[0][52]/opit_0/D
Path Group  : hdmi_i2c_inst/i2c_ctrl_inst/i2c_clk/Q[0]_Inferred
Path Type   : min
Path Class  : sequential timing path
Clock Skew :    0.535  (Capture Clock Delay - Launch Clock Delay + Clock Pessimism Removal)
  Capture Clock Delay     :  1.010
  Launch Clock Delay      :  0.475
  Clock Pessimism Removal :  0.000

 Location                          Delay Type             Incr        Path         Logical Resource 
----------------------------------------------------------------------------------------------------

 Clock hdmi_i2c_inst/i2c_ctrl_inst/i2c_clk/Q[0]_Inferred (rising edge)
                                                         0.000       0.000 r                        
 CLMA_195_745/CR0                                        0.000       0.000 r       hdmi_i2c_inst/i2c_ctrl_inst/i2c_clk/opit_0_inv/Q
                                   net (fanout=668)      0.475       0.475         hdmi_i2c_inst/cfg_clk
 CLMA_261_721/CLK                                                          r       u_CORES/u_debug_core_0/data_pipe[4][52]/opit_0_inv_L6QL5Q1_perm/CLK

 CLMA_261_721/Q2                   tco                   0.103       0.578 r       u_CORES/u_debug_core_0/data_pipe[4][52]/opit_0_inv_L6QL5Q1_perm/L6Q
                                   net (fanout=1)        0.178       0.756         u_CORES/u_debug_core_0/data_pipe[4] [52]
 CLMA_261_708/M0                                                           r       u_CORES/u_debug_core_0/DATA_ff[0][52]/opit_0/D

 Data arrival time                                                   0.756         Logic Levels: 0  
                                                                                   Logic: 0.103ns(36.655%), Route: 0.178ns(63.345%)
----------------------------------------------------------------------------------------------------

 Clock hdmi_i2c_inst/i2c_ctrl_inst/i2c_clk/Q[0]_Inferred (rising edge)
                                                         0.000       0.000 r                        
 CLMA_195_745/CR0                                        0.000       0.000 r       hdmi_i2c_inst/i2c_ctrl_inst/i2c_clk/opit_0_inv/Q
                                   net (fanout=668)      1.010       1.010         hdmi_i2c_inst/cfg_clk
 CLMA_261_708/CLK                                                          r       u_CORES/u_debug_core_0/DATA_ff[0][52]/opit_0/CLK
 clock pessimism                                         0.000       1.010                          
 clock uncertainty                                       0.000       1.010                          

 Hold time                                              -0.028       0.982                          

 Data required time                                                  0.982                          
----------------------------------------------------------------------------------------------------
 Data required time                                                  0.982                          
 Data arrival time                                                  -0.756                          
----------------------------------------------------------------------------------------------------
 Slack (VIOLATED)                                                   -0.226                          
====================================================================================================

====================================================================================================

Startpoint  : u_CORES/u_debug_core_0/status[5]/opit_0_inv_L6QL5Q_perm/CLK
Endpoint    : u_CORES/u_debug_core_0/u_Data_Capture_Memory/block_ram.ram_data_3_1/gopdrm_36k/ADA0[8]
Path Group  : hdmi_i2c_inst/i2c_ctrl_inst/i2c_clk/Q[0]_Inferred
Path Type   : min
Path Class  : sequential timing path
Clock Skew :    0.578  (Capture Clock Delay - Launch Clock Delay + Clock Pessimism Removal)
  Capture Clock Delay     :  1.164
  Launch Clock Delay      :  0.586
  Clock Pessimism Removal :  0.000

 Location                          Delay Type             Incr        Path         Logical Resource 
----------------------------------------------------------------------------------------------------

 Clock hdmi_i2c_inst/i2c_ctrl_inst/i2c_clk/Q[0]_Inferred (rising edge)
                                                         0.000       0.000 r                        
 CLMA_195_745/CR0                                        0.000       0.000 r       hdmi_i2c_inst/i2c_ctrl_inst/i2c_clk/opit_0_inv/Q
                                   net (fanout=668)      0.586       0.586         hdmi_i2c_inst/cfg_clk
 CLMA_273_805/CLK                                                          r       u_CORES/u_debug_core_0/status[5]/opit_0_inv_L6QL5Q_perm/CLK

 CLMA_273_805/Q2                   tco                   0.103       0.689 r       u_CORES/u_debug_core_0/status[5]/opit_0_inv_L6QL5Q_perm/L6Q
                                   net (fanout=24)       0.373       1.062         u_CORES/u_debug_core_0/ram_wadr [5]
 DRM_298_888/ADA0[8]                                                       r       u_CORES/u_debug_core_0/u_Data_Capture_Memory/block_ram.ram_data_3_1/gopdrm_36k/ADA0[8]

 Data arrival time                                                   1.062         Logic Levels: 0  
                                                                                   Logic: 0.103ns(21.639%), Route: 0.373ns(78.361%)
----------------------------------------------------------------------------------------------------

 Clock hdmi_i2c_inst/i2c_ctrl_inst/i2c_clk/Q[0]_Inferred (rising edge)
                                                         0.000       0.000 r                        
 CLMA_195_745/CR0                                        0.000       0.000 r       hdmi_i2c_inst/i2c_ctrl_inst/i2c_clk/opit_0_inv/Q
                                   net (fanout=668)      1.164       1.164         hdmi_i2c_inst/cfg_clk
 DRM_298_888/CLKA[0]                                                       r       u_CORES/u_debug_core_0/u_Data_Capture_Memory/block_ram.ram_data_3_1/gopdrm_36k/CLKA[0]
 clock pessimism                                         0.000       1.164                          
 clock uncertainty                                       0.000       1.164                          

 Hold time                                               0.064       1.228                          

 Data required time                                                  1.228                          
----------------------------------------------------------------------------------------------------
 Data required time                                                  1.228                          
 Data arrival time                                                  -1.062                          
----------------------------------------------------------------------------------------------------
 Slack (VIOLATED)                                                   -0.166                          
====================================================================================================

====================================================================================================

Startpoint  : u_CORES/u_debug_core_0/status[8]/opit_0_inv_L6QL5Q_perm/CLK
Endpoint    : u_CORES/u_debug_core_0/u_Data_Capture_Memory/block_ram.ram_data_3_1/gopdrm_36k/ADA0[11]
Path Group  : hdmi_i2c_inst/i2c_ctrl_inst/i2c_clk/Q[0]_Inferred
Path Type   : min
Path Class  : sequential timing path
Clock Skew :    0.615  (Capture Clock Delay - Launch Clock Delay + Clock Pessimism Removal)
  Capture Clock Delay     :  1.164
  Launch Clock Delay      :  0.549
  Clock Pessimism Removal :  0.000

 Location                          Delay Type             Incr        Path         Logical Resource 
----------------------------------------------------------------------------------------------------

 Clock hdmi_i2c_inst/i2c_ctrl_inst/i2c_clk/Q[0]_Inferred (rising edge)
                                                         0.000       0.000 r                        
 CLMA_195_745/CR0                                        0.000       0.000 r       hdmi_i2c_inst/i2c_ctrl_inst/i2c_clk/opit_0_inv/Q
                                   net (fanout=668)      0.549       0.549         hdmi_i2c_inst/cfg_clk
 CLMA_291_798/CLK                                                          r       u_CORES/u_debug_core_0/status[8]/opit_0_inv_L6QL5Q_perm/CLK

 CLMA_291_798/Q0                   tco                   0.103       0.652 r       u_CORES/u_debug_core_0/status[8]/opit_0_inv_L6QL5Q_perm/L6Q
                                   net (fanout=24)       0.414       1.066         u_CORES/u_debug_core_0/ram_wadr [8]
 DRM_298_888/ADA0[11]                                                      r       u_CORES/u_debug_core_0/u_Data_Capture_Memory/block_ram.ram_data_3_1/gopdrm_36k/ADA0[11]

 Data arrival time                                                   1.066         Logic Levels: 0  
                                                                                   Logic: 0.103ns(19.923%), Route: 0.414ns(80.077%)
----------------------------------------------------------------------------------------------------

 Clock hdmi_i2c_inst/i2c_ctrl_inst/i2c_clk/Q[0]_Inferred (rising edge)
                                                         0.000       0.000 r                        
 CLMA_195_745/CR0                                        0.000       0.000 r       hdmi_i2c_inst/i2c_ctrl_inst/i2c_clk/opit_0_inv/Q
                                   net (fanout=668)      1.164       1.164         hdmi_i2c_inst/cfg_clk
 DRM_298_888/CLKA[0]                                                       r       u_CORES/u_debug_core_0/u_Data_Capture_Memory/block_ram.ram_data_3_1/gopdrm_36k/CLKA[0]
 clock pessimism                                         0.000       1.164                          
 clock uncertainty                                       0.000       1.164                          

 Hold time                                               0.064       1.228                          

 Data required time                                                  1.228                          
----------------------------------------------------------------------------------------------------
 Data required time                                                  1.228                          
 Data arrival time                                                  -1.066                          
----------------------------------------------------------------------------------------------------
 Slack (VIOLATED)                                                   -0.162                          
====================================================================================================

====================================================================================================

Startpoint  : u_CORES/u_jtag_hub/data_ctrl/opit_0_inv_L6Q/CLK
Endpoint    : u_CORES/u_jtag_hub/id_o[1]/opit_0_inv_L6Q_LUT6DQL5Q_perm/I0
Path Group  : DebugCore_JCLK
Path Type   : max
Path Class  : sequential timing path
Clock Skew :    -0.063  (Capture Clock Delay - Launch Clock Delay + Clock Pessimism Removal)
  Capture Clock Delay     :  2.165
  Launch Clock Delay      :  2.583
  Clock Pessimism Removal :  0.355

 Location                          Delay Type             Incr        Path         Logical Resource 
----------------------------------------------------------------------------------------------------

 Clock DebugCore_JCLK (rising edge)
                                                         0.000       0.000 r                        
 SCANCHAIN_88_312/TCK1                                   0.000       0.000 r       u_CORES/u_GTP_SCANCHAIN_PG/scanchain/TCK1
                                   net (fanout=1)        1.520       1.520         u_CORES/drck_o   
 USCM_215_669/CLKOUT               td                    0.115       1.635 r       clkbufg_5/gopclkbufg/CLKOUT
                                   net (fanout=3)        0.397       2.032         ntclkbufg_2      
 HCKB_213_535/CLKOUT               td                    0.233       2.265 r       HCKBROUTE_283/CLKOUT
                                   net (fanout=184)      0.318       2.583         _N397            
 CLMA_249_684/CLK                                                          r       u_CORES/u_jtag_hub/data_ctrl/opit_0_inv_L6Q/CLK

 CLMA_249_684/Q2                   tco                   0.125       2.708 f       u_CORES/u_jtag_hub/data_ctrl/opit_0_inv_L6Q/L6Q
                                   net (fanout=7)        0.560       3.268         u_CORES/u_jtag_hub/data_ctrl
 CLMA_267_756/A0                                                           f       u_CORES/u_jtag_hub/id_o[1]/opit_0_inv_L6Q_LUT6DQL5Q_perm/I0

 Data arrival time                                                   3.268         Logic Levels: 0  
                                                                                   Logic: 0.125ns(18.248%), Route: 0.560ns(81.752%)
----------------------------------------------------------------------------------------------------

 Clock DebugCore_JCLK (falling edge)
                                                        25.000      25.000 f                        
 SCANCHAIN_88_312/TCK1                                   0.000      25.000 f       u_CORES/u_GTP_SCANCHAIN_PG/scanchain/TCK1
                                   net (fanout=1)        1.284      26.284         u_CORES/drck_o   
 USCM_215_669/CLKOUT               td                    0.097      26.381 f       clkbufg_5/gopclkbufg/CLKOUT
                                   net (fanout=3)        0.334      26.715         ntclkbufg_2      
 HCKB_213_535/CLKOUT               td                    0.195      26.910 f       HCKBROUTE_283/CLKOUT
                                   net (fanout=184)      0.255      27.165         _N397            
 CLMA_267_756/CLK                                                          f       u_CORES/u_jtag_hub/id_o[1]/opit_0_inv_L6Q_LUT6DQL5Q_perm/CLK
 clock pessimism                                         0.355      27.520                          
 clock uncertainty                                      -0.050      27.470                          

 Setup time                                             -0.152      27.318                          

 Data required time                                                 27.318                          
----------------------------------------------------------------------------------------------------
 Data required time                                                 27.318                          
 Data arrival time                                                  -3.268                          
----------------------------------------------------------------------------------------------------
 Slack (MET)                                                        24.050                          
====================================================================================================

====================================================================================================

Startpoint  : u_CORES/u_jtag_hub/data_ctrl/opit_0_inv_L6Q/CLK
Endpoint    : u_CORES/u_jtag_hub/id_o[3]/opit_0_inv_L6Q_LUT6DQL5Q_perm/I2
Path Group  : DebugCore_JCLK
Path Type   : max
Path Class  : sequential timing path
Clock Skew :    -0.059  (Capture Clock Delay - Launch Clock Delay + Clock Pessimism Removal)
  Capture Clock Delay     :  2.169
  Launch Clock Delay      :  2.583
  Clock Pessimism Removal :  0.355

 Location                          Delay Type             Incr        Path         Logical Resource 
----------------------------------------------------------------------------------------------------

 Clock DebugCore_JCLK (rising edge)
                                                         0.000       0.000 r                        
 SCANCHAIN_88_312/TCK1                                   0.000       0.000 r       u_CORES/u_GTP_SCANCHAIN_PG/scanchain/TCK1
                                   net (fanout=1)        1.520       1.520         u_CORES/drck_o   
 USCM_215_669/CLKOUT               td                    0.115       1.635 r       clkbufg_5/gopclkbufg/CLKOUT
                                   net (fanout=3)        0.397       2.032         ntclkbufg_2      
 HCKB_213_535/CLKOUT               td                    0.233       2.265 r       HCKBROUTE_283/CLKOUT
                                   net (fanout=184)      0.318       2.583         _N397            
 CLMA_249_684/CLK                                                          r       u_CORES/u_jtag_hub/data_ctrl/opit_0_inv_L6Q/CLK

 CLMA_249_684/Q2                   tco                   0.125       2.708 f       u_CORES/u_jtag_hub/data_ctrl/opit_0_inv_L6Q/L6Q
                                   net (fanout=7)        0.441       3.149         u_CORES/u_jtag_hub/data_ctrl
 CLMA_261_745/C2                                                           f       u_CORES/u_jtag_hub/id_o[3]/opit_0_inv_L6Q_LUT6DQL5Q_perm/I2

 Data arrival time                                                   3.149         Logic Levels: 0  
                                                                                   Logic: 0.125ns(22.085%), Route: 0.441ns(77.915%)
----------------------------------------------------------------------------------------------------

 Clock DebugCore_JCLK (falling edge)
                                                        25.000      25.000 f                        
 SCANCHAIN_88_312/TCK1                                   0.000      25.000 f       u_CORES/u_GTP_SCANCHAIN_PG/scanchain/TCK1
                                   net (fanout=1)        1.284      26.284         u_CORES/drck_o   
 USCM_215_669/CLKOUT               td                    0.097      26.381 f       clkbufg_5/gopclkbufg/CLKOUT
                                   net (fanout=3)        0.334      26.715         ntclkbufg_2      
 HCKB_213_535/CLKOUT               td                    0.195      26.910 f       HCKBROUTE_283/CLKOUT
                                   net (fanout=184)      0.259      27.169         _N397            
 CLMA_261_745/CLK                                                          f       u_CORES/u_jtag_hub/id_o[3]/opit_0_inv_L6Q_LUT6DQL5Q_perm/CLK
 clock pessimism                                         0.355      27.524                          
 clock uncertainty                                      -0.050      27.474                          

 Setup time                                             -0.128      27.346                          

 Data required time                                                 27.346                          
----------------------------------------------------------------------------------------------------
 Data required time                                                 27.346                          
 Data arrival time                                                  -3.149                          
----------------------------------------------------------------------------------------------------
 Slack (MET)                                                        24.197                          
====================================================================================================

====================================================================================================

Startpoint  : u_CORES/u_jtag_hub/data_ctrl/opit_0_inv_L6Q/CLK
Endpoint    : u_CORES/u_jtag_hub/id_o[4]/opit_0_inv_L6QL5_perm/I3
Path Group  : DebugCore_JCLK
Path Type   : max
Path Class  : sequential timing path
Clock Skew :    -0.059  (Capture Clock Delay - Launch Clock Delay + Clock Pessimism Removal)
  Capture Clock Delay     :  2.169
  Launch Clock Delay      :  2.583
  Clock Pessimism Removal :  0.355

 Location                          Delay Type             Incr        Path         Logical Resource 
----------------------------------------------------------------------------------------------------

 Clock DebugCore_JCLK (rising edge)
                                                         0.000       0.000 r                        
 SCANCHAIN_88_312/TCK1                                   0.000       0.000 r       u_CORES/u_GTP_SCANCHAIN_PG/scanchain/TCK1
                                   net (fanout=1)        1.520       1.520         u_CORES/drck_o   
 USCM_215_669/CLKOUT               td                    0.115       1.635 r       clkbufg_5/gopclkbufg/CLKOUT
                                   net (fanout=3)        0.397       2.032         ntclkbufg_2      
 HCKB_213_535/CLKOUT               td                    0.233       2.265 r       HCKBROUTE_283/CLKOUT
                                   net (fanout=184)      0.318       2.583         _N397            
 CLMA_249_684/CLK                                                          r       u_CORES/u_jtag_hub/data_ctrl/opit_0_inv_L6Q/CLK

 CLMA_249_684/Q2                   tco                   0.125       2.708 f       u_CORES/u_jtag_hub/data_ctrl/opit_0_inv_L6Q/L6Q
                                   net (fanout=7)        0.441       3.149         u_CORES/u_jtag_hub/data_ctrl
 CLMA_261_745/B3                                                           f       u_CORES/u_jtag_hub/id_o[4]/opit_0_inv_L6QL5_perm/I3

 Data arrival time                                                   3.149         Logic Levels: 0  
                                                                                   Logic: 0.125ns(22.085%), Route: 0.441ns(77.915%)
----------------------------------------------------------------------------------------------------

 Clock DebugCore_JCLK (falling edge)
                                                        25.000      25.000 f                        
 SCANCHAIN_88_312/TCK1                                   0.000      25.000 f       u_CORES/u_GTP_SCANCHAIN_PG/scanchain/TCK1
                                   net (fanout=1)        1.284      26.284         u_CORES/drck_o   
 USCM_215_669/CLKOUT               td                    0.097      26.381 f       clkbufg_5/gopclkbufg/CLKOUT
                                   net (fanout=3)        0.334      26.715         ntclkbufg_2      
 HCKB_213_535/CLKOUT               td                    0.195      26.910 f       HCKBROUTE_283/CLKOUT
                                   net (fanout=184)      0.259      27.169         _N397            
 CLMA_261_745/CLK                                                          f       u_CORES/u_jtag_hub/id_o[4]/opit_0_inv_L6QL5_perm/CLK
 clock pessimism                                         0.355      27.524                          
 clock uncertainty                                      -0.050      27.474                          

 Setup time                                             -0.095      27.379                          

 Data required time                                                 27.379                          
----------------------------------------------------------------------------------------------------
 Data required time                                                 27.379                          
 Data arrival time                                                  -3.149                          
----------------------------------------------------------------------------------------------------
 Slack (MET)                                                        24.230                          
====================================================================================================

====================================================================================================

Startpoint  : u_CORES/u_debug_core_0/u_Storage_Condition/u_cfg_reg_file/bit_cnt[0]/opit_0_inv_L6QL5Q1_perm/CLK
Endpoint    : u_CORES/u_debug_core_0/u_Storage_Condition/u_cfg_reg_file/bit_cnt[4]/opit_0_inv_L6Q_perm/I5
Path Group  : DebugCore_JCLK
Path Type   : min
Path Class  : sequential timing path
Clock Skew :    0.000  (Capture Clock Delay - Launch Clock Delay + Clock Pessimism Removal)
  Capture Clock Delay     :  2.549
  Launch Clock Delay      :  2.075
  Clock Pessimism Removal :  -0.474

 Location                          Delay Type             Incr        Path         Logical Resource 
----------------------------------------------------------------------------------------------------

 Clock DebugCore_JCLK (rising edge)
                                                         0.000       0.000 r                        
 SCANCHAIN_88_312/TCK1                                   0.000       0.000 r       u_CORES/u_GTP_SCANCHAIN_PG/scanchain/TCK1
                                   net (fanout=1)        1.213       1.213         u_CORES/drck_o   
 USCM_215_669/CLKOUT               td                    0.097       1.310 r       clkbufg_5/gopclkbufg/CLKOUT
                                   net (fanout=3)        0.334       1.644         ntclkbufg_2      
 HCKB_213_535/CLKOUT               td                    0.195       1.839 r       HCKBROUTE_283/CLKOUT
                                   net (fanout=184)      0.236       2.075         _N397            
 CLMA_261_787/CLK                                                          r       u_CORES/u_debug_core_0/u_Storage_Condition/u_cfg_reg_file/bit_cnt[0]/opit_0_inv_L6QL5Q1_perm/CLK

 CLMA_261_787/Q2                   tco                   0.103       2.178 r       u_CORES/u_debug_core_0/u_Storage_Condition/u_cfg_reg_file/bit_cnt[0]/opit_0_inv_L6QL5Q1_perm/L6Q
                                   net (fanout=10)       0.059       2.237         u_CORES/u_debug_core_0/u_Storage_Condition/u_cfg_reg_file/bit_cnt [0]
 CLMA_261_787/B5                                                           r       u_CORES/u_debug_core_0/u_Storage_Condition/u_cfg_reg_file/bit_cnt[4]/opit_0_inv_L6Q_perm/I5

 Data arrival time                                                   2.237         Logic Levels: 0  
                                                                                   Logic: 0.103ns(63.580%), Route: 0.059ns(36.420%)
----------------------------------------------------------------------------------------------------

 Clock DebugCore_JCLK (rising edge)
                                                         0.000       0.000 r                        
 SCANCHAIN_88_312/TCK1                                   0.000       0.000 r       u_CORES/u_GTP_SCANCHAIN_PG/scanchain/TCK1
                                   net (fanout=1)        1.520       1.520         u_CORES/drck_o   
 USCM_215_669/CLKOUT               td                    0.115       1.635 r       clkbufg_5/gopclkbufg/CLKOUT
                                   net (fanout=3)        0.397       2.032         ntclkbufg_2      
 HCKB_213_535/CLKOUT               td                    0.233       2.265 r       HCKBROUTE_283/CLKOUT
                                   net (fanout=184)      0.284       2.549         _N397            
 CLMA_261_787/CLK                                                          r       u_CORES/u_debug_core_0/u_Storage_Condition/u_cfg_reg_file/bit_cnt[4]/opit_0_inv_L6Q_perm/CLK
 clock pessimism                                        -0.474       2.075                          
 clock uncertainty                                       0.000       2.075                          

 Hold time                                              -0.013       2.062                          

 Data required time                                                  2.062                          
----------------------------------------------------------------------------------------------------
 Data required time                                                  2.062                          
 Data arrival time                                                  -2.237                          
----------------------------------------------------------------------------------------------------
 Slack (MET)                                                         0.175                          
====================================================================================================

====================================================================================================

Startpoint  : u_CORES/u_debug_core_0/u0_trig_unit/u_cfg_reg_file/bit_cnt[3]/opit_0_inv_L6QL5_perm/CLK
Endpoint    : u_CORES/u_debug_core_0/u0_trig_unit/u_cfg_reg_file/bit_cnt[4]/opit_0_inv_L6Q_perm/I5
Path Group  : DebugCore_JCLK
Path Type   : min
Path Class  : sequential timing path
Clock Skew :    0.000  (Capture Clock Delay - Launch Clock Delay + Clock Pessimism Removal)
  Capture Clock Delay     :  2.549
  Launch Clock Delay      :  2.075
  Clock Pessimism Removal :  -0.474

 Location                          Delay Type             Incr        Path         Logical Resource 
----------------------------------------------------------------------------------------------------

 Clock DebugCore_JCLK (rising edge)
                                                         0.000       0.000 r                        
 SCANCHAIN_88_312/TCK1                                   0.000       0.000 r       u_CORES/u_GTP_SCANCHAIN_PG/scanchain/TCK1
                                   net (fanout=1)        1.213       1.213         u_CORES/drck_o   
 USCM_215_669/CLKOUT               td                    0.097       1.310 r       clkbufg_5/gopclkbufg/CLKOUT
                                   net (fanout=3)        0.334       1.644         ntclkbufg_2      
 HCKB_213_535/CLKOUT               td                    0.195       1.839 r       HCKBROUTE_283/CLKOUT
                                   net (fanout=184)      0.236       2.075         _N397            
 CLMS_243_775/CLK                                                          r       u_CORES/u_debug_core_0/u0_trig_unit/u_cfg_reg_file/bit_cnt[3]/opit_0_inv_L6QL5_perm/CLK

 CLMS_243_775/Q3                   tco                   0.109       2.184 f       u_CORES/u_debug_core_0/u0_trig_unit/u_cfg_reg_file/bit_cnt[3]/opit_0_inv_L6QL5_perm/L6Q
                                   net (fanout=45)       0.061       2.245         u_CORES/u_debug_core_0/u0_trig_unit/u_cfg_reg_file/bit_cnt [3]
 CLMS_243_775/C5                                                           f       u_CORES/u_debug_core_0/u0_trig_unit/u_cfg_reg_file/bit_cnt[4]/opit_0_inv_L6Q_perm/I5

 Data arrival time                                                   2.245         Logic Levels: 0  
                                                                                   Logic: 0.109ns(64.118%), Route: 0.061ns(35.882%)
----------------------------------------------------------------------------------------------------

 Clock DebugCore_JCLK (rising edge)
                                                         0.000       0.000 r                        
 SCANCHAIN_88_312/TCK1                                   0.000       0.000 r       u_CORES/u_GTP_SCANCHAIN_PG/scanchain/TCK1
                                   net (fanout=1)        1.520       1.520         u_CORES/drck_o   
 USCM_215_669/CLKOUT               td                    0.115       1.635 r       clkbufg_5/gopclkbufg/CLKOUT
                                   net (fanout=3)        0.397       2.032         ntclkbufg_2      
 HCKB_213_535/CLKOUT               td                    0.233       2.265 r       HCKBROUTE_283/CLKOUT
                                   net (fanout=184)      0.284       2.549         _N397            
 CLMS_243_775/CLK                                                          r       u_CORES/u_debug_core_0/u0_trig_unit/u_cfg_reg_file/bit_cnt[4]/opit_0_inv_L6Q_perm/CLK
 clock pessimism                                        -0.474       2.075                          
 clock uncertainty                                       0.000       2.075                          

 Hold time                                              -0.011       2.064                          

 Data required time                                                  2.064                          
----------------------------------------------------------------------------------------------------
 Data required time                                                  2.064                          
 Data arrival time                                                  -2.245                          
----------------------------------------------------------------------------------------------------
 Slack (MET)                                                         0.181                          
====================================================================================================

====================================================================================================

Startpoint  : u_CORES/u_jtag_hub/shift_data[2]/opit_0_L6QL5Q_perm/CLK
Endpoint    : u_CORES/u_jtag_hub/shift_data[0]/opit_0_L5Q_perm/I3
Path Group  : DebugCore_JCLK
Path Type   : min
Path Class  : sequential timing path
Clock Skew :    0.001  (Capture Clock Delay - Launch Clock Delay + Clock Pessimism Removal)
  Capture Clock Delay     :  2.569
  Launch Clock Delay      :  2.094
  Clock Pessimism Removal :  -0.474

 Location                          Delay Type             Incr        Path         Logical Resource 
----------------------------------------------------------------------------------------------------

 Clock DebugCore_JCLK (rising edge)
                                                         0.000       0.000 r                        
 SCANCHAIN_88_312/TCK1                                   0.000       0.000 r       u_CORES/u_GTP_SCANCHAIN_PG/scanchain/TCK1
                                   net (fanout=1)        1.213       1.213         u_CORES/drck_o   
 USCM_215_669/CLKOUT               td                    0.097       1.310 r       clkbufg_5/gopclkbufg/CLKOUT
                                   net (fanout=3)        0.334       1.644         ntclkbufg_2      
 HCKB_213_535/CLKOUT               td                    0.195       1.839 r       HCKBROUTE_283/CLKOUT
                                   net (fanout=184)      0.255       2.094         _N397            
 CLMA_261_751/CLK                                                          r       u_CORES/u_jtag_hub/shift_data[2]/opit_0_L6QL5Q_perm/CLK

 CLMA_261_751/Q0                   tco                   0.103       2.197 r       u_CORES/u_jtag_hub/shift_data[2]/opit_0_L6QL5Q_perm/L6Q
                                   net (fanout=2)        0.057       2.254         u_CORES/u_jtag_hub/shift_data [1]
 CLMA_261_751/B3                                                           r       u_CORES/u_jtag_hub/shift_data[0]/opit_0_L5Q_perm/I3

 Data arrival time                                                   2.254         Logic Levels: 0  
                                                                                   Logic: 0.103ns(64.375%), Route: 0.057ns(35.625%)
----------------------------------------------------------------------------------------------------

 Clock DebugCore_JCLK (rising edge)
                                                         0.000       0.000 r                        
 SCANCHAIN_88_312/TCK1                                   0.000       0.000 r       u_CORES/u_GTP_SCANCHAIN_PG/scanchain/TCK1
                                   net (fanout=1)        1.520       1.520         u_CORES/drck_o   
 USCM_215_669/CLKOUT               td                    0.115       1.635 r       clkbufg_5/gopclkbufg/CLKOUT
                                   net (fanout=3)        0.397       2.032         ntclkbufg_2      
 HCKB_213_535/CLKOUT               td                    0.233       2.265 r       HCKBROUTE_283/CLKOUT
                                   net (fanout=184)      0.304       2.569         _N397            
 CLMA_261_751/CLK                                                          r       u_CORES/u_jtag_hub/shift_data[0]/opit_0_L5Q_perm/CLK
 clock pessimism                                        -0.474       2.095                          
 clock uncertainty                                       0.000       2.095                          

 Hold time                                              -0.024       2.071                          

 Data required time                                                  2.071                          
----------------------------------------------------------------------------------------------------
 Data required time                                                  2.071                          
 Data arrival time                                                  -2.254                          
----------------------------------------------------------------------------------------------------
 Slack (MET)                                                         0.183                          
====================================================================================================

====================================================================================================

Startpoint  : u_CORES/u_debug_core_0/u_hub_data_decode/conf_id[4]/opit_0_inv/CLK
Endpoint    : u_CORES/u_debug_core_0/u0_trig_unit/u_cfg_reg_file/bit_cnt[3]/opit_0_inv_L6QL5_perm/CE
Path Group  : DebugCore_JCLK
Path Type   : max
Path Class  : sequential timing path
Clock Skew :    0.270  (Capture Clock Delay - Launch Clock Delay + Clock Pessimism Removal)
  Capture Clock Delay     :  2.075
  Launch Clock Delay      :  1.805
  Clock Pessimism Removal :  0.000

 Location                          Delay Type             Incr        Path         Logical Resource 
----------------------------------------------------------------------------------------------------

 Clock DebugCore_CAPTURE (rising edge)
                                                        25.000      25.000 r                        
 SCANCHAIN_88_312/CAPTUREDR                              0.000      25.000 r       u_CORES/u_GTP_SCANCHAIN_PG/scanchain/CAPTUREDR
                                   net (fanout=1)        0.757      25.757         u_CORES/capt_o   
 USCM_215_666/CLKOUT               td                    0.115      25.872 r       clkbufg_4/gopclkbufg/CLKOUT
                                   net (fanout=1)        0.397      26.269         ntclkbufg_1      
 HCKB_213_526/CLKOUT               td                    0.233      26.502 r       HCKBROUTE_281/CLKOUT
                                   net (fanout=11)       0.303      26.805         _N395            
 CLMA_267_750/CLK                                                          r       u_CORES/u_debug_core_0/u_hub_data_decode/conf_id[4]/opit_0_inv/CLK

 CLMA_267_750/Q0                   tco                   0.125      26.930 f       u_CORES/u_debug_core_0/u_hub_data_decode/conf_id[4]/opit_0_inv/Q
                                   net (fanout=11)       0.323      27.253         u_CORES/u_debug_core_0/conf_id_o [4]
 CLMS_267_775/Y1                   td                    0.122      27.375 f       u_CORES/u_debug_core_0/u_hub_data_decode/N11_3/LUT6_inst_perm/L6
                                   net (fanout=10)       0.284      27.659         u_CORES/u_debug_core_0/_N2245
 CLMA_243_774/Y2                   td                    0.125      27.784 f       u_CORES/u_debug_core_0/u0_trig_unit/u_cfg_reg_file/N564_2/LUT6_inst_perm/L6
                                   net (fanout=7)        0.164      27.948         u_CORES/u_debug_core_0/u0_trig_unit/u_cfg_reg_file/N564
 CLMA_249_780/CR3                  td                    0.170      28.118 r       u_CORES/u_debug_core_0/u0_trig_unit/u_cfg_reg_file/bit_cnt[1]/opit_0_inv_L6Q_LUT6DQL5_perm/L5
                                   net (fanout=3)        0.392      28.510         u_CORES/u_debug_core_0/u0_trig_unit/u_cfg_reg_file/N566
 CLMS_243_769/CECO                 td                    0.088      28.598 r       u_CORES/u_debug_core_0/u0_trig_unit/u_cfg_reg_file/bit_cnt[0]/opit_0_inv_L6Q_LUT6DQL5_perm/CECO
                                   net (fanout=4)        0.000      28.598         _N107            
 CLMS_243_775/CECI                                                         r       u_CORES/u_debug_core_0/u0_trig_unit/u_cfg_reg_file/bit_cnt[3]/opit_0_inv_L6QL5_perm/CE

 Data arrival time                                                  28.598         Logic Levels: 4  
                                                                                   Logic: 0.630ns(35.137%), Route: 1.163ns(64.863%)
----------------------------------------------------------------------------------------------------

 Clock DebugCore_JCLK (rising edge)
                                                        50.000      50.000 r                        
 SCANCHAIN_88_312/TCK1                                   0.000      50.000 r       u_CORES/u_GTP_SCANCHAIN_PG/scanchain/TCK1
                                   net (fanout=1)        1.213      51.213         u_CORES/drck_o   
 USCM_215_669/CLKOUT               td                    0.097      51.310 r       clkbufg_5/gopclkbufg/CLKOUT
                                   net (fanout=3)        0.334      51.644         ntclkbufg_2      
 HCKB_213_535/CLKOUT               td                    0.195      51.839 r       HCKBROUTE_283/CLKOUT
                                   net (fanout=184)      0.236      52.075         _N397            
 CLMS_243_775/CLK                                                          r       u_CORES/u_debug_core_0/u0_trig_unit/u_cfg_reg_file/bit_cnt[3]/opit_0_inv_L6QL5_perm/CLK
 clock pessimism                                         0.000      52.075                          
 clock uncertainty                                      -0.050      52.025                          

 Setup time                                             -0.116      51.909                          

 Data required time                                                 51.909                          
----------------------------------------------------------------------------------------------------
 Data required time                                                 51.909                          
 Data arrival time                                                 -28.598                          
----------------------------------------------------------------------------------------------------
 Slack (MET)                                                        23.311                          
====================================================================================================

====================================================================================================

Startpoint  : u_CORES/u_debug_core_0/u_hub_data_decode/conf_id[4]/opit_0_inv/CLK
Endpoint    : u_CORES/u_debug_core_0/u0_trig_unit/u_cfg_reg_file/bit_cnt[4]/opit_0_inv_L6Q_perm/CE
Path Group  : DebugCore_JCLK
Path Type   : max
Path Class  : sequential timing path
Clock Skew :    0.270  (Capture Clock Delay - Launch Clock Delay + Clock Pessimism Removal)
  Capture Clock Delay     :  2.075
  Launch Clock Delay      :  1.805
  Clock Pessimism Removal :  0.000

 Location                          Delay Type             Incr        Path         Logical Resource 
----------------------------------------------------------------------------------------------------

 Clock DebugCore_CAPTURE (rising edge)
                                                        25.000      25.000 r                        
 SCANCHAIN_88_312/CAPTUREDR                              0.000      25.000 r       u_CORES/u_GTP_SCANCHAIN_PG/scanchain/CAPTUREDR
                                   net (fanout=1)        0.757      25.757         u_CORES/capt_o   
 USCM_215_666/CLKOUT               td                    0.115      25.872 r       clkbufg_4/gopclkbufg/CLKOUT
                                   net (fanout=1)        0.397      26.269         ntclkbufg_1      
 HCKB_213_526/CLKOUT               td                    0.233      26.502 r       HCKBROUTE_281/CLKOUT
                                   net (fanout=11)       0.303      26.805         _N395            
 CLMA_267_750/CLK                                                          r       u_CORES/u_debug_core_0/u_hub_data_decode/conf_id[4]/opit_0_inv/CLK

 CLMA_267_750/Q0                   tco                   0.125      26.930 f       u_CORES/u_debug_core_0/u_hub_data_decode/conf_id[4]/opit_0_inv/Q
                                   net (fanout=11)       0.323      27.253         u_CORES/u_debug_core_0/conf_id_o [4]
 CLMS_267_775/Y1                   td                    0.122      27.375 f       u_CORES/u_debug_core_0/u_hub_data_decode/N11_3/LUT6_inst_perm/L6
                                   net (fanout=10)       0.284      27.659         u_CORES/u_debug_core_0/_N2245
 CLMA_243_774/Y2                   td                    0.125      27.784 f       u_CORES/u_debug_core_0/u0_trig_unit/u_cfg_reg_file/N564_2/LUT6_inst_perm/L6
                                   net (fanout=7)        0.164      27.948         u_CORES/u_debug_core_0/u0_trig_unit/u_cfg_reg_file/N564
 CLMA_249_780/CR3                  td                    0.170      28.118 r       u_CORES/u_debug_core_0/u0_trig_unit/u_cfg_reg_file/bit_cnt[1]/opit_0_inv_L6Q_LUT6DQL5_perm/L5
                                   net (fanout=3)        0.392      28.510         u_CORES/u_debug_core_0/u0_trig_unit/u_cfg_reg_file/N566
 CLMS_243_769/CECO                 td                    0.088      28.598 r       u_CORES/u_debug_core_0/u0_trig_unit/u_cfg_reg_file/bit_cnt[0]/opit_0_inv_L6Q_LUT6DQL5_perm/CECO
                                   net (fanout=4)        0.000      28.598         _N107            
 CLMS_243_775/CECI                                                         r       u_CORES/u_debug_core_0/u0_trig_unit/u_cfg_reg_file/bit_cnt[4]/opit_0_inv_L6Q_perm/CE

 Data arrival time                                                  28.598         Logic Levels: 4  
                                                                                   Logic: 0.630ns(35.137%), Route: 1.163ns(64.863%)
----------------------------------------------------------------------------------------------------

 Clock DebugCore_JCLK (rising edge)
                                                        50.000      50.000 r                        
 SCANCHAIN_88_312/TCK1                                   0.000      50.000 r       u_CORES/u_GTP_SCANCHAIN_PG/scanchain/TCK1
                                   net (fanout=1)        1.213      51.213         u_CORES/drck_o   
 USCM_215_669/CLKOUT               td                    0.097      51.310 r       clkbufg_5/gopclkbufg/CLKOUT
                                   net (fanout=3)        0.334      51.644         ntclkbufg_2      
 HCKB_213_535/CLKOUT               td                    0.195      51.839 r       HCKBROUTE_283/CLKOUT
                                   net (fanout=184)      0.236      52.075         _N397            
 CLMS_243_775/CLK                                                          r       u_CORES/u_debug_core_0/u0_trig_unit/u_cfg_reg_file/bit_cnt[4]/opit_0_inv_L6Q_perm/CLK
 clock pessimism                                         0.000      52.075                          
 clock uncertainty                                      -0.050      52.025                          

 Setup time                                             -0.116      51.909                          

 Data required time                                                 51.909                          
----------------------------------------------------------------------------------------------------
 Data required time                                                 51.909                          
 Data arrival time                                                 -28.598                          
----------------------------------------------------------------------------------------------------
 Slack (MET)                                                        23.311                          
====================================================================================================

====================================================================================================

Startpoint  : u_CORES/u_debug_core_0/u_hub_data_decode/conf_id[4]/opit_0_inv/CLK
Endpoint    : u_CORES/u_debug_core_0/u0_trig_unit/u_cfg_reg_file/bit_cnt[5]/opit_0_inv_L6Q_perm/CE
Path Group  : DebugCore_JCLK
Path Type   : max
Path Class  : sequential timing path
Clock Skew :    0.270  (Capture Clock Delay - Launch Clock Delay + Clock Pessimism Removal)
  Capture Clock Delay     :  2.075
  Launch Clock Delay      :  1.805
  Clock Pessimism Removal :  0.000

 Location                          Delay Type             Incr        Path         Logical Resource 
----------------------------------------------------------------------------------------------------

 Clock DebugCore_CAPTURE (rising edge)
                                                        25.000      25.000 r                        
 SCANCHAIN_88_312/CAPTUREDR                              0.000      25.000 r       u_CORES/u_GTP_SCANCHAIN_PG/scanchain/CAPTUREDR
                                   net (fanout=1)        0.757      25.757         u_CORES/capt_o   
 USCM_215_666/CLKOUT               td                    0.115      25.872 r       clkbufg_4/gopclkbufg/CLKOUT
                                   net (fanout=1)        0.397      26.269         ntclkbufg_1      
 HCKB_213_526/CLKOUT               td                    0.233      26.502 r       HCKBROUTE_281/CLKOUT
                                   net (fanout=11)       0.303      26.805         _N395            
 CLMA_267_750/CLK                                                          r       u_CORES/u_debug_core_0/u_hub_data_decode/conf_id[4]/opit_0_inv/CLK

 CLMA_267_750/Q0                   tco                   0.125      26.930 f       u_CORES/u_debug_core_0/u_hub_data_decode/conf_id[4]/opit_0_inv/Q
                                   net (fanout=11)       0.323      27.253         u_CORES/u_debug_core_0/conf_id_o [4]
 CLMS_267_775/Y1                   td                    0.122      27.375 f       u_CORES/u_debug_core_0/u_hub_data_decode/N11_3/LUT6_inst_perm/L6
                                   net (fanout=10)       0.284      27.659         u_CORES/u_debug_core_0/_N2245
 CLMA_243_774/Y2                   td                    0.125      27.784 f       u_CORES/u_debug_core_0/u0_trig_unit/u_cfg_reg_file/N564_2/LUT6_inst_perm/L6
                                   net (fanout=7)        0.164      27.948         u_CORES/u_debug_core_0/u0_trig_unit/u_cfg_reg_file/N564
 CLMA_249_780/CR3                  td                    0.170      28.118 r       u_CORES/u_debug_core_0/u0_trig_unit/u_cfg_reg_file/bit_cnt[1]/opit_0_inv_L6Q_LUT6DQL5_perm/L5
                                   net (fanout=3)        0.392      28.510         u_CORES/u_debug_core_0/u0_trig_unit/u_cfg_reg_file/N566
 CLMS_243_769/CECO                 td                    0.088      28.598 r       u_CORES/u_debug_core_0/u0_trig_unit/u_cfg_reg_file/bit_cnt[0]/opit_0_inv_L6Q_LUT6DQL5_perm/CECO
                                   net (fanout=4)        0.000      28.598         _N107            
 CLMS_243_775/CECI                                                         r       u_CORES/u_debug_core_0/u0_trig_unit/u_cfg_reg_file/bit_cnt[5]/opit_0_inv_L6Q_perm/CE

 Data arrival time                                                  28.598         Logic Levels: 4  
                                                                                   Logic: 0.630ns(35.137%), Route: 1.163ns(64.863%)
----------------------------------------------------------------------------------------------------

 Clock DebugCore_JCLK (rising edge)
                                                        50.000      50.000 r                        
 SCANCHAIN_88_312/TCK1                                   0.000      50.000 r       u_CORES/u_GTP_SCANCHAIN_PG/scanchain/TCK1
                                   net (fanout=1)        1.213      51.213         u_CORES/drck_o   
 USCM_215_669/CLKOUT               td                    0.097      51.310 r       clkbufg_5/gopclkbufg/CLKOUT
                                   net (fanout=3)        0.334      51.644         ntclkbufg_2      
 HCKB_213_535/CLKOUT               td                    0.195      51.839 r       HCKBROUTE_283/CLKOUT
                                   net (fanout=184)      0.236      52.075         _N397            
 CLMS_243_775/CLK                                                          r       u_CORES/u_debug_core_0/u0_trig_unit/u_cfg_reg_file/bit_cnt[5]/opit_0_inv_L6Q_perm/CLK
 clock pessimism                                         0.000      52.075                          
 clock uncertainty                                      -0.050      52.025                          

 Setup time                                             -0.116      51.909                          

 Data required time                                                 51.909                          
----------------------------------------------------------------------------------------------------
 Data required time                                                 51.909                          
 Data arrival time                                                 -28.598                          
----------------------------------------------------------------------------------------------------
 Slack (MET)                                                        23.311                          
====================================================================================================

====================================================================================================

Startpoint  : u_CORES/u_debug_core_0/u_hub_data_decode/conf_id_ini[1]/opit_0_inv/CLK
Endpoint    : u_CORES/u_debug_core_0/u_hub_data_decode/conf_rst/opit_0_inv_L6Q_perm/I5
Path Group  : DebugCore_JCLK
Path Type   : min
Path Class  : sequential timing path
Clock Skew :    1.100  (Capture Clock Delay - Launch Clock Delay + Clock Pessimism Removal)
  Capture Clock Delay     :  2.549
  Launch Clock Delay      :  1.449
  Clock Pessimism Removal :  0.000

 Location                          Delay Type             Incr        Path         Logical Resource 
----------------------------------------------------------------------------------------------------

 Clock DebugCore_CAPTURE (rising edge)
                                                        25.000      25.000 r                        
 SCANCHAIN_88_312/CAPTUREDR                              0.000      25.000 r       u_CORES/u_GTP_SCANCHAIN_PG/scanchain/CAPTUREDR
                                   net (fanout=1)        0.587      25.587         u_CORES/capt_o   
 USCM_215_666/CLKOUT               td                    0.097      25.684 r       clkbufg_4/gopclkbufg/CLKOUT
                                   net (fanout=1)        0.334      26.018         ntclkbufg_1      
 HCKB_213_526/CLKOUT               td                    0.195      26.213 r       HCKBROUTE_281/CLKOUT
                                   net (fanout=11)       0.236      26.449         _N395            
 CLMS_267_769/CLK                                                          r       u_CORES/u_debug_core_0/u_hub_data_decode/conf_id_ini[1]/opit_0_inv/CLK

 CLMS_267_769/Q0                   tco                   0.109      26.558 f       u_CORES/u_debug_core_0/u_hub_data_decode/conf_id_ini[1]/opit_0_inv/Q
                                   net (fanout=3)        0.112      26.670         u_CORES/u_debug_core_0/u_hub_data_decode/conf_id_ini [1]
 CLMA_261_769/A5                                                           f       u_CORES/u_debug_core_0/u_hub_data_decode/conf_rst/opit_0_inv_L6Q_perm/I5

 Data arrival time                                                  26.670         Logic Levels: 0  
                                                                                   Logic: 0.109ns(49.321%), Route: 0.112ns(50.679%)
----------------------------------------------------------------------------------------------------

 Clock DebugCore_JCLK (rising edge)
                                                         0.000       0.000 r                        
 SCANCHAIN_88_312/TCK1                                   0.000       0.000 r       u_CORES/u_GTP_SCANCHAIN_PG/scanchain/TCK1
                                   net (fanout=1)        1.520       1.520         u_CORES/drck_o   
 USCM_215_669/CLKOUT               td                    0.115       1.635 r       clkbufg_5/gopclkbufg/CLKOUT
                                   net (fanout=3)        0.397       2.032         ntclkbufg_2      
 HCKB_213_535/CLKOUT               td                    0.233       2.265 r       HCKBROUTE_283/CLKOUT
                                   net (fanout=184)      0.284       2.549         _N397            
 CLMA_261_769/CLK                                                          r       u_CORES/u_debug_core_0/u_hub_data_decode/conf_rst/opit_0_inv_L6Q_perm/CLK
 clock pessimism                                         0.000       2.549                          
 clock uncertainty                                       0.050       2.599                          

 Hold time                                              -0.011       2.588                          

 Data required time                                                  2.588                          
----------------------------------------------------------------------------------------------------
 Data required time                                                  2.588                          
 Data arrival time                                                 -26.670                          
----------------------------------------------------------------------------------------------------
 Slack (MET)                                                        24.082                          
====================================================================================================

====================================================================================================

Startpoint  : u_CORES/u_debug_core_0/u_hub_data_decode/conf_id_ini[0]/opit_0_inv/CLK
Endpoint    : u_CORES/u_debug_core_0/u_hub_data_decode/conf_rst/opit_0_inv_L6Q_perm/I4
Path Group  : DebugCore_JCLK
Path Type   : min
Path Class  : sequential timing path
Clock Skew :    1.100  (Capture Clock Delay - Launch Clock Delay + Clock Pessimism Removal)
  Capture Clock Delay     :  2.549
  Launch Clock Delay      :  1.449
  Clock Pessimism Removal :  0.000

 Location                          Delay Type             Incr        Path         Logical Resource 
----------------------------------------------------------------------------------------------------

 Clock DebugCore_CAPTURE (rising edge)
                                                        25.000      25.000 r                        
 SCANCHAIN_88_312/CAPTUREDR                              0.000      25.000 r       u_CORES/u_GTP_SCANCHAIN_PG/scanchain/CAPTUREDR
                                   net (fanout=1)        0.587      25.587         u_CORES/capt_o   
 USCM_215_666/CLKOUT               td                    0.097      25.684 r       clkbufg_4/gopclkbufg/CLKOUT
                                   net (fanout=1)        0.334      26.018         ntclkbufg_1      
 HCKB_213_526/CLKOUT               td                    0.195      26.213 r       HCKBROUTE_281/CLKOUT
                                   net (fanout=11)       0.236      26.449         _N395            
 CLMS_267_769/CLK                                                          r       u_CORES/u_debug_core_0/u_hub_data_decode/conf_id_ini[0]/opit_0_inv/CLK

 CLMS_267_769/Q1                   tco                   0.103      26.552 r       u_CORES/u_debug_core_0/u_hub_data_decode/conf_id_ini[0]/opit_0_inv/Q
                                   net (fanout=3)        0.118      26.670         u_CORES/u_debug_core_0/u_hub_data_decode/conf_id_ini [0]
 CLMA_261_769/A4                                                           r       u_CORES/u_debug_core_0/u_hub_data_decode/conf_rst/opit_0_inv_L6Q_perm/I4

 Data arrival time                                                  26.670         Logic Levels: 0  
                                                                                   Logic: 0.103ns(46.606%), Route: 0.118ns(53.394%)
----------------------------------------------------------------------------------------------------

 Clock DebugCore_JCLK (rising edge)
                                                         0.000       0.000 r                        
 SCANCHAIN_88_312/TCK1                                   0.000       0.000 r       u_CORES/u_GTP_SCANCHAIN_PG/scanchain/TCK1
                                   net (fanout=1)        1.520       1.520         u_CORES/drck_o   
 USCM_215_669/CLKOUT               td                    0.115       1.635 r       clkbufg_5/gopclkbufg/CLKOUT
                                   net (fanout=3)        0.397       2.032         ntclkbufg_2      
 HCKB_213_535/CLKOUT               td                    0.233       2.265 r       HCKBROUTE_283/CLKOUT
                                   net (fanout=184)      0.284       2.549         _N397            
 CLMA_261_769/CLK                                                          r       u_CORES/u_debug_core_0/u_hub_data_decode/conf_rst/opit_0_inv_L6Q_perm/CLK
 clock pessimism                                         0.000       2.549                          
 clock uncertainty                                       0.050       2.599                          

 Hold time                                              -0.027       2.572                          

 Data required time                                                  2.572                          
----------------------------------------------------------------------------------------------------
 Data required time                                                  2.572                          
 Data arrival time                                                 -26.670                          
----------------------------------------------------------------------------------------------------
 Slack (MET)                                                        24.098                          
====================================================================================================

====================================================================================================

Startpoint  : u_CORES/u_debug_core_0/u_hub_data_decode/conf_id_ini[4]/opit_0_inv/CLK
Endpoint    : u_CORES/u_debug_core_0/u_hub_data_decode/conf_rst/opit_0_inv_L6Q_perm/I3
Path Group  : DebugCore_JCLK
Path Type   : min
Path Class  : sequential timing path
Clock Skew :    1.082  (Capture Clock Delay - Launch Clock Delay + Clock Pessimism Removal)
  Capture Clock Delay     :  2.549
  Launch Clock Delay      :  1.467
  Clock Pessimism Removal :  0.000

 Location                          Delay Type             Incr        Path         Logical Resource 
----------------------------------------------------------------------------------------------------

 Clock DebugCore_CAPTURE (rising edge)
                                                        25.000      25.000 r                        
 SCANCHAIN_88_312/CAPTUREDR                              0.000      25.000 r       u_CORES/u_GTP_SCANCHAIN_PG/scanchain/CAPTUREDR
                                   net (fanout=1)        0.587      25.587         u_CORES/capt_o   
 USCM_215_666/CLKOUT               td                    0.097      25.684 r       clkbufg_4/gopclkbufg/CLKOUT
                                   net (fanout=1)        0.334      26.018         ntclkbufg_1      
 HCKB_213_526/CLKOUT               td                    0.195      26.213 r       HCKBROUTE_281/CLKOUT
                                   net (fanout=11)       0.254      26.467         _N395            
 CLMA_261_757/CLK                                                          r       u_CORES/u_debug_core_0/u_hub_data_decode/conf_id_ini[4]/opit_0_inv/CLK

 CLMA_261_757/Q3                   tco                   0.103      26.570 r       u_CORES/u_debug_core_0/u_hub_data_decode/conf_id_ini[4]/opit_0_inv/Q
                                   net (fanout=3)        0.126      26.696         u_CORES/u_debug_core_0/u_hub_data_decode/conf_id_ini [4]
 CLMA_261_769/A3                                                           r       u_CORES/u_debug_core_0/u_hub_data_decode/conf_rst/opit_0_inv_L6Q_perm/I3

 Data arrival time                                                  26.696         Logic Levels: 0  
                                                                                   Logic: 0.103ns(44.978%), Route: 0.126ns(55.022%)
----------------------------------------------------------------------------------------------------

 Clock DebugCore_JCLK (rising edge)
                                                         0.000       0.000 r                        
 SCANCHAIN_88_312/TCK1                                   0.000       0.000 r       u_CORES/u_GTP_SCANCHAIN_PG/scanchain/TCK1
                                   net (fanout=1)        1.520       1.520         u_CORES/drck_o   
 USCM_215_669/CLKOUT               td                    0.115       1.635 r       clkbufg_5/gopclkbufg/CLKOUT
                                   net (fanout=3)        0.397       2.032         ntclkbufg_2      
 HCKB_213_535/CLKOUT               td                    0.233       2.265 r       HCKBROUTE_283/CLKOUT
                                   net (fanout=184)      0.284       2.549         _N397            
 CLMA_261_769/CLK                                                          r       u_CORES/u_debug_core_0/u_hub_data_decode/conf_rst/opit_0_inv_L6Q_perm/CLK
 clock pessimism                                         0.000       2.549                          
 clock uncertainty                                       0.050       2.599                          

 Hold time                                              -0.033       2.566                          

 Data required time                                                  2.566                          
----------------------------------------------------------------------------------------------------
 Data required time                                                  2.566                          
 Data arrival time                                                 -26.696                          
----------------------------------------------------------------------------------------------------
 Slack (MET)                                                        24.130                          
====================================================================================================

====================================================================================================

Startpoint  : u_CORES/u_jtag_hub/conf_sel[0]/opit_0_inv_L6Q_perm/CLK
Endpoint    : u_CORES/u_debug_core_0/u_hub_data_decode/conf_id[0]/opit_0_inv/CE
Path Group  : DebugCore_CAPTURE
Path Type   : max
Path Class  : sequential timing path
Clock Skew :    -1.300  (Capture Clock Delay - Launch Clock Delay + Clock Pessimism Removal)
  Capture Clock Delay     :  1.449
  Launch Clock Delay      :  2.749
  Clock Pessimism Removal :  0.000

 Location                          Delay Type             Incr        Path         Logical Resource 
----------------------------------------------------------------------------------------------------

 Clock DebugCore_JCLK (falling edge)
                                                        75.000      75.000 f                        
 SCANCHAIN_88_312/TCK1                                   0.000      75.000 f       u_CORES/u_GTP_SCANCHAIN_PG/scanchain/TCK1
                                   net (fanout=1)        1.698      76.698         u_CORES/drck_o   
 USCM_215_669/CLKOUT               td                    0.115      76.813 f       clkbufg_5/gopclkbufg/CLKOUT
                                   net (fanout=3)        0.397      77.210         ntclkbufg_2      
 HCKB_213_535/CLKOUT               td                    0.233      77.443 f       HCKBROUTE_283/CLKOUT
                                   net (fanout=184)      0.306      77.749         _N397            
 CLMA_261_745/CLK                                                          f       u_CORES/u_jtag_hub/conf_sel[0]/opit_0_inv_L6Q_perm/CLK

 CLMA_261_745/Q0                   tco                   0.120      77.869 r       u_CORES/u_jtag_hub/conf_sel[0]/opit_0_inv_L6Q_perm/L6Q
                                   net (fanout=6)        0.397      78.266         u_CORES/conf_sel [0]
 CLMA_267_768/CE                                                           r       u_CORES/u_debug_core_0/u_hub_data_decode/conf_id[0]/opit_0_inv/CE

 Data arrival time                                                  78.266         Logic Levels: 0  
                                                                                   Logic: 0.120ns(23.211%), Route: 0.397ns(76.789%)
----------------------------------------------------------------------------------------------------

 Clock DebugCore_CAPTURE (rising edge)
                                                       125.000     125.000 r                        
 SCANCHAIN_88_312/CAPTUREDR                              0.000     125.000 r       u_CORES/u_GTP_SCANCHAIN_PG/scanchain/CAPTUREDR
                                   net (fanout=1)        0.587     125.587         u_CORES/capt_o   
 USCM_215_666/CLKOUT               td                    0.097     125.684 r       clkbufg_4/gopclkbufg/CLKOUT
                                   net (fanout=1)        0.334     126.018         ntclkbufg_1      
 HCKB_213_526/CLKOUT               td                    0.195     126.213 r       HCKBROUTE_281/CLKOUT
                                   net (fanout=11)       0.236     126.449         _N395            
 CLMA_267_768/CLK                                                          r       u_CORES/u_debug_core_0/u_hub_data_decode/conf_id[0]/opit_0_inv/CLK
 clock pessimism                                         0.000     126.449                          
 clock uncertainty                                      -0.050     126.399                          

 Setup time                                             -0.116     126.283                          

 Data required time                                                126.283                          
----------------------------------------------------------------------------------------------------
 Data required time                                                126.283                          
 Data arrival time                                                 -78.266                          
----------------------------------------------------------------------------------------------------
 Slack (MET)                                                        48.017                          
====================================================================================================

====================================================================================================

Startpoint  : u_CORES/u_jtag_hub/id_o[3]/opit_0_inv_L6Q_LUT6DQL5Q_perm/CLK
Endpoint    : u_CORES/u_debug_core_0/u_hub_data_decode/conf_id_ini[3]/opit_0_inv/D
Path Group  : DebugCore_CAPTURE
Path Type   : max
Path Class  : sequential timing path
Clock Skew :    -1.282  (Capture Clock Delay - Launch Clock Delay + Clock Pessimism Removal)
  Capture Clock Delay     :  1.467
  Launch Clock Delay      :  2.749
  Clock Pessimism Removal :  0.000

 Location                          Delay Type             Incr        Path         Logical Resource 
----------------------------------------------------------------------------------------------------

 Clock DebugCore_JCLK (falling edge)
                                                        75.000      75.000 f                        
 SCANCHAIN_88_312/TCK1                                   0.000      75.000 f       u_CORES/u_GTP_SCANCHAIN_PG/scanchain/TCK1
                                   net (fanout=1)        1.698      76.698         u_CORES/drck_o   
 USCM_215_669/CLKOUT               td                    0.115      76.813 f       clkbufg_5/gopclkbufg/CLKOUT
                                   net (fanout=3)        0.397      77.210         ntclkbufg_2      
 HCKB_213_535/CLKOUT               td                    0.233      77.443 f       HCKBROUTE_283/CLKOUT
                                   net (fanout=184)      0.306      77.749         _N397            
 CLMA_261_745/CLK                                                          f       u_CORES/u_jtag_hub/id_o[3]/opit_0_inv_L6Q_LUT6DQL5Q_perm/CLK

 CLMA_261_745/Q2                   tco                   0.126      77.875 f       u_CORES/u_jtag_hub/id_o[3]/opit_0_inv_L6Q_LUT6DQL5Q_perm/L6Q
                                   net (fanout=2)        0.383      78.258         u_CORES/id_o [3] 
 CLMA_261_757/M2                                                           f       u_CORES/u_debug_core_0/u_hub_data_decode/conf_id_ini[3]/opit_0_inv/D

 Data arrival time                                                  78.258         Logic Levels: 0  
                                                                                   Logic: 0.126ns(24.754%), Route: 0.383ns(75.246%)
----------------------------------------------------------------------------------------------------

 Clock DebugCore_CAPTURE (rising edge)
                                                       125.000     125.000 r                        
 SCANCHAIN_88_312/CAPTUREDR                              0.000     125.000 r       u_CORES/u_GTP_SCANCHAIN_PG/scanchain/CAPTUREDR
                                   net (fanout=1)        0.587     125.587         u_CORES/capt_o   
 USCM_215_666/CLKOUT               td                    0.097     125.684 r       clkbufg_4/gopclkbufg/CLKOUT
                                   net (fanout=1)        0.334     126.018         ntclkbufg_1      
 HCKB_213_526/CLKOUT               td                    0.195     126.213 r       HCKBROUTE_281/CLKOUT
                                   net (fanout=11)       0.254     126.467         _N395            
 CLMA_261_757/CLK                                                          r       u_CORES/u_debug_core_0/u_hub_data_decode/conf_id_ini[3]/opit_0_inv/CLK
 clock pessimism                                         0.000     126.467                          
 clock uncertainty                                      -0.050     126.417                          

 Setup time                                             -0.074     126.343                          

 Data required time                                                126.343                          
----------------------------------------------------------------------------------------------------
 Data required time                                                126.343                          
 Data arrival time                                                 -78.258                          
----------------------------------------------------------------------------------------------------
 Slack (MET)                                                        48.085                          
====================================================================================================

====================================================================================================

Startpoint  : u_CORES/u_jtag_hub/conf_sel[0]/opit_0_inv_L6Q_perm/CLK
Endpoint    : u_CORES/u_debug_core_0/u_hub_data_decode/conf_sel_ini/opit_0_inv/D
Path Group  : DebugCore_CAPTURE
Path Type   : max
Path Class  : sequential timing path
Clock Skew :    -1.282  (Capture Clock Delay - Launch Clock Delay + Clock Pessimism Removal)
  Capture Clock Delay     :  1.467
  Launch Clock Delay      :  2.749
  Clock Pessimism Removal :  0.000

 Location                          Delay Type             Incr        Path         Logical Resource 
----------------------------------------------------------------------------------------------------

 Clock DebugCore_JCLK (falling edge)
                                                        75.000      75.000 f                        
 SCANCHAIN_88_312/TCK1                                   0.000      75.000 f       u_CORES/u_GTP_SCANCHAIN_PG/scanchain/TCK1
                                   net (fanout=1)        1.698      76.698         u_CORES/drck_o   
 USCM_215_669/CLKOUT               td                    0.115      76.813 f       clkbufg_5/gopclkbufg/CLKOUT
                                   net (fanout=3)        0.397      77.210         ntclkbufg_2      
 HCKB_213_535/CLKOUT               td                    0.233      77.443 f       HCKBROUTE_283/CLKOUT
                                   net (fanout=184)      0.306      77.749         _N397            
 CLMA_261_745/CLK                                                          f       u_CORES/u_jtag_hub/conf_sel[0]/opit_0_inv_L6Q_perm/CLK

 CLMA_261_745/Q0                   tco                   0.125      77.874 f       u_CORES/u_jtag_hub/conf_sel[0]/opit_0_inv_L6Q_perm/L6Q
                                   net (fanout=6)        0.383      78.257         u_CORES/conf_sel [0]
 CLMA_261_757/M0                                                           f       u_CORES/u_debug_core_0/u_hub_data_decode/conf_sel_ini/opit_0_inv/D

 Data arrival time                                                  78.257         Logic Levels: 0  
                                                                                   Logic: 0.125ns(24.606%), Route: 0.383ns(75.394%)
----------------------------------------------------------------------------------------------------

 Clock DebugCore_CAPTURE (rising edge)
                                                       125.000     125.000 r                        
 SCANCHAIN_88_312/CAPTUREDR                              0.000     125.000 r       u_CORES/u_GTP_SCANCHAIN_PG/scanchain/CAPTUREDR
                                   net (fanout=1)        0.587     125.587         u_CORES/capt_o   
 USCM_215_666/CLKOUT               td                    0.097     125.684 r       clkbufg_4/gopclkbufg/CLKOUT
                                   net (fanout=1)        0.334     126.018         ntclkbufg_1      
 HCKB_213_526/CLKOUT               td                    0.195     126.213 r       HCKBROUTE_281/CLKOUT
                                   net (fanout=11)       0.254     126.467         _N395            
 CLMA_261_757/CLK                                                          r       u_CORES/u_debug_core_0/u_hub_data_decode/conf_sel_ini/opit_0_inv/CLK
 clock pessimism                                         0.000     126.467                          
 clock uncertainty                                      -0.050     126.417                          

 Setup time                                             -0.074     126.343                          

 Data required time                                                126.343                          
----------------------------------------------------------------------------------------------------
 Data required time                                                126.343                          
 Data arrival time                                                 -78.257                          
----------------------------------------------------------------------------------------------------
 Slack (MET)                                                        48.086                          
====================================================================================================

====================================================================================================

Startpoint  : u_CORES/u_jtag_hub/id_o[1]/opit_0_inv_L6Q_LUT6DQL5Q_perm/CLK
Endpoint    : u_CORES/u_debug_core_0/u_hub_data_decode/conf_id[1]/opit_0_inv/D
Path Group  : DebugCore_CAPTURE
Path Type   : min
Path Class  : sequential timing path
Clock Skew :    -0.360  (Capture Clock Delay - Launch Clock Delay + Clock Pessimism Removal)
  Capture Clock Delay     :  1.805
  Launch Clock Delay      :  2.165
  Clock Pessimism Removal :  0.000

 Location                          Delay Type             Incr        Path         Logical Resource 
----------------------------------------------------------------------------------------------------

 Clock DebugCore_JCLK (falling edge)
                                                       125.000     125.000 f                        
 SCANCHAIN_88_312/TCK1                                   0.000     125.000 f       u_CORES/u_GTP_SCANCHAIN_PG/scanchain/TCK1
                                   net (fanout=1)        1.284     126.284         u_CORES/drck_o   
 USCM_215_669/CLKOUT               td                    0.097     126.381 f       clkbufg_5/gopclkbufg/CLKOUT
                                   net (fanout=3)        0.334     126.715         ntclkbufg_2      
 HCKB_213_535/CLKOUT               td                    0.195     126.910 f       HCKBROUTE_283/CLKOUT
                                   net (fanout=184)      0.255     127.165         _N397            
 CLMA_267_756/CLK                                                          f       u_CORES/u_jtag_hub/id_o[1]/opit_0_inv_L6Q_LUT6DQL5Q_perm/CLK

 CLMA_267_756/Q0                   tco                   0.104     127.269 r       u_CORES/u_jtag_hub/id_o[1]/opit_0_inv_L6Q_LUT6DQL5Q_perm/L6Q
                                   net (fanout=2)        0.120     127.389         u_CORES/id_o [1] 
 CLMA_267_750/M3                                                           r       u_CORES/u_debug_core_0/u_hub_data_decode/conf_id[1]/opit_0_inv/D

 Data arrival time                                                 127.389         Logic Levels: 0  
                                                                                   Logic: 0.104ns(46.429%), Route: 0.120ns(53.571%)
----------------------------------------------------------------------------------------------------

 Clock DebugCore_CAPTURE (rising edge)
                                                       125.000     125.000 r                        
 SCANCHAIN_88_312/CAPTUREDR                              0.000     125.000 r       u_CORES/u_GTP_SCANCHAIN_PG/scanchain/CAPTUREDR
                                   net (fanout=1)        0.757     125.757         u_CORES/capt_o   
 USCM_215_666/CLKOUT               td                    0.115     125.872 r       clkbufg_4/gopclkbufg/CLKOUT
                                   net (fanout=1)        0.397     126.269         ntclkbufg_1      
 HCKB_213_526/CLKOUT               td                    0.233     126.502 r       HCKBROUTE_281/CLKOUT
                                   net (fanout=11)       0.303     126.805         _N395            
 CLMA_267_750/CLK                                                          r       u_CORES/u_debug_core_0/u_hub_data_decode/conf_id[1]/opit_0_inv/CLK
 clock pessimism                                         0.000     126.805                          
 clock uncertainty                                       0.050     126.855                          

 Hold time                                               0.026     126.881                          

 Data required time                                                126.881                          
----------------------------------------------------------------------------------------------------
 Data required time                                                126.881                          
 Data arrival time                                                -127.389                          
----------------------------------------------------------------------------------------------------
 Slack (MET)                                                         0.508                          
====================================================================================================

====================================================================================================

Startpoint  : u_CORES/u_jtag_hub/id_o[4]/opit_0_inv_L6QL5_perm/CLK
Endpoint    : u_CORES/u_debug_core_0/u_hub_data_decode/conf_id_ini[4]/opit_0_inv/D
Path Group  : DebugCore_CAPTURE
Path Type   : min
Path Class  : sequential timing path
Clock Skew :    -0.364  (Capture Clock Delay - Launch Clock Delay + Clock Pessimism Removal)
  Capture Clock Delay     :  1.805
  Launch Clock Delay      :  2.169
  Clock Pessimism Removal :  0.000

 Location                          Delay Type             Incr        Path         Logical Resource 
----------------------------------------------------------------------------------------------------

 Clock DebugCore_JCLK (falling edge)
                                                       125.000     125.000 f                        
 SCANCHAIN_88_312/TCK1                                   0.000     125.000 f       u_CORES/u_GTP_SCANCHAIN_PG/scanchain/TCK1
                                   net (fanout=1)        1.284     126.284         u_CORES/drck_o   
 USCM_215_669/CLKOUT               td                    0.097     126.381 f       clkbufg_5/gopclkbufg/CLKOUT
                                   net (fanout=3)        0.334     126.715         ntclkbufg_2      
 HCKB_213_535/CLKOUT               td                    0.195     126.910 f       HCKBROUTE_283/CLKOUT
                                   net (fanout=184)      0.259     127.169         _N397            
 CLMA_261_745/CLK                                                          f       u_CORES/u_jtag_hub/id_o[4]/opit_0_inv_L6QL5_perm/CLK

 CLMA_261_745/Q1                   tco                   0.104     127.273 r       u_CORES/u_jtag_hub/id_o[4]/opit_0_inv_L6QL5_perm/L6Q
                                   net (fanout=2)        0.124     127.397         u_CORES/id_o [4] 
 CLMA_261_757/M3                                                           r       u_CORES/u_debug_core_0/u_hub_data_decode/conf_id_ini[4]/opit_0_inv/D

 Data arrival time                                                 127.397         Logic Levels: 0  
                                                                                   Logic: 0.104ns(45.614%), Route: 0.124ns(54.386%)
----------------------------------------------------------------------------------------------------

 Clock DebugCore_CAPTURE (rising edge)
                                                       125.000     125.000 r                        
 SCANCHAIN_88_312/CAPTUREDR                              0.000     125.000 r       u_CORES/u_GTP_SCANCHAIN_PG/scanchain/CAPTUREDR
                                   net (fanout=1)        0.757     125.757         u_CORES/capt_o   
 USCM_215_666/CLKOUT               td                    0.115     125.872 r       clkbufg_4/gopclkbufg/CLKOUT
                                   net (fanout=1)        0.397     126.269         ntclkbufg_1      
 HCKB_213_526/CLKOUT               td                    0.233     126.502 r       HCKBROUTE_281/CLKOUT
                                   net (fanout=11)       0.303     126.805         _N395            
 CLMA_261_757/CLK                                                          r       u_CORES/u_debug_core_0/u_hub_data_decode/conf_id_ini[4]/opit_0_inv/CLK
 clock pessimism                                         0.000     126.805                          
 clock uncertainty                                       0.050     126.855                          

 Hold time                                               0.026     126.881                          

 Data required time                                                126.881                          
----------------------------------------------------------------------------------------------------
 Data required time                                                126.881                          
 Data arrival time                                                -127.397                          
----------------------------------------------------------------------------------------------------
 Slack (MET)                                                         0.516                          
====================================================================================================

====================================================================================================

Startpoint  : u_CORES/u_jtag_hub/id_o[1]/opit_0_inv_L6Q_LUT6DQL5Q_perm/CLK
Endpoint    : u_CORES/u_debug_core_0/u_hub_data_decode/conf_id_ini[1]/opit_0_inv/D
Path Group  : DebugCore_CAPTURE
Path Type   : min
Path Class  : sequential timing path
Clock Skew :    -0.379  (Capture Clock Delay - Launch Clock Delay + Clock Pessimism Removal)
  Capture Clock Delay     :  1.786
  Launch Clock Delay      :  2.165
  Clock Pessimism Removal :  0.000

 Location                          Delay Type             Incr        Path         Logical Resource 
----------------------------------------------------------------------------------------------------

 Clock DebugCore_JCLK (falling edge)
                                                       125.000     125.000 f                        
 SCANCHAIN_88_312/TCK1                                   0.000     125.000 f       u_CORES/u_GTP_SCANCHAIN_PG/scanchain/TCK1
                                   net (fanout=1)        1.284     126.284         u_CORES/drck_o   
 USCM_215_669/CLKOUT               td                    0.097     126.381 f       clkbufg_5/gopclkbufg/CLKOUT
                                   net (fanout=3)        0.334     126.715         ntclkbufg_2      
 HCKB_213_535/CLKOUT               td                    0.195     126.910 f       HCKBROUTE_283/CLKOUT
                                   net (fanout=184)      0.255     127.165         _N397            
 CLMA_267_756/CLK                                                          f       u_CORES/u_jtag_hub/id_o[1]/opit_0_inv_L6Q_LUT6DQL5Q_perm/CLK

 CLMA_267_756/Q0                   tco                   0.104     127.269 r       u_CORES/u_jtag_hub/id_o[1]/opit_0_inv_L6Q_LUT6DQL5Q_perm/L6Q
                                   net (fanout=2)        0.126     127.395         u_CORES/id_o [1] 
 CLMS_267_769/M0                                                           r       u_CORES/u_debug_core_0/u_hub_data_decode/conf_id_ini[1]/opit_0_inv/D

 Data arrival time                                                 127.395         Logic Levels: 0  
                                                                                   Logic: 0.104ns(45.217%), Route: 0.126ns(54.783%)
----------------------------------------------------------------------------------------------------

 Clock DebugCore_CAPTURE (rising edge)
                                                       125.000     125.000 r                        
 SCANCHAIN_88_312/CAPTUREDR                              0.000     125.000 r       u_CORES/u_GTP_SCANCHAIN_PG/scanchain/CAPTUREDR
                                   net (fanout=1)        0.757     125.757         u_CORES/capt_o   
 USCM_215_666/CLKOUT               td                    0.115     125.872 r       clkbufg_4/gopclkbufg/CLKOUT
                                   net (fanout=1)        0.397     126.269         ntclkbufg_1      
 HCKB_213_526/CLKOUT               td                    0.233     126.502 r       HCKBROUTE_281/CLKOUT
                                   net (fanout=11)       0.284     126.786         _N395            
 CLMS_267_769/CLK                                                          r       u_CORES/u_debug_core_0/u_hub_data_decode/conf_id_ini[1]/opit_0_inv/CLK
 clock pessimism                                         0.000     126.786                          
 clock uncertainty                                       0.050     126.836                          

 Hold time                                              -0.028     126.808                          

 Data required time                                                126.808                          
----------------------------------------------------------------------------------------------------
 Data required time                                                126.808                          
 Data arrival time                                                -127.395                          
----------------------------------------------------------------------------------------------------
 Slack (MET)                                                         0.587                          
====================================================================================================

====================================================================================================

Startpoint  : u_CORES/u_debug_core_0/resetn/opit_0/CLK
Endpoint    : u_CORES/u_debug_core_0/TRIG0_ff[0][51]/opit_0_inv/RS
Path Group  : hdmi_i2c_inst/i2c_ctrl_inst/i2c_clk/Q[0]_Inferred
Path Type   : max
Path Class  : async timing path
Clock Skew :    -0.363  (Capture Clock Delay - Launch Clock Delay + Clock Pessimism Removal)
  Capture Clock Delay     :  0.278
  Launch Clock Delay      :  0.641
  Clock Pessimism Removal :  0.000

 Location                          Delay Type             Incr        Path         Logical Resource 
----------------------------------------------------------------------------------------------------

 Clock hdmi_i2c_inst/i2c_ctrl_inst/i2c_clk/Q[0]_Inferred (rising edge)
                                                         0.000       0.000 r                        
 CLMA_195_745/CR0                                        0.000       0.000 r       hdmi_i2c_inst/i2c_ctrl_inst/i2c_clk/opit_0_inv/Q
                                   net (fanout=668)      0.641       0.641         hdmi_i2c_inst/cfg_clk
 CLMS_243_715/CLK                                                          r       u_CORES/u_debug_core_0/resetn/opit_0/CLK

 CLMS_243_715/Q2                   tco                   0.125       0.766 f       u_CORES/u_debug_core_0/resetn/opit_0/Q
                                   net (fanout=182)      0.744       1.510         u_CORES/u_debug_core_0/resetn
 CLMS_207_769/RSCO                 td                    0.052       1.562 r       u_CORES/u_debug_core_0/u0_trig_unit/match_single[44]/opit_0_inv_L6Q_perm/RSCO
                                   net (fanout=8)        0.000       1.562         _N65             
 CLMS_207_775/RSCI                                                         r       u_CORES/u_debug_core_0/TRIG0_ff[0][51]/opit_0_inv/RS

 Data arrival time                                                   1.562         Logic Levels: 1  
                                                                                   Logic: 0.177ns(19.218%), Route: 0.744ns(80.782%)
----------------------------------------------------------------------------------------------------

 Clock hdmi_i2c_inst/i2c_ctrl_inst/i2c_clk/Q[0]_Inferred (rising edge)
                                                      1000.000    1000.000 r                        
 CLMA_195_745/CR0                                        0.000    1000.000 r       hdmi_i2c_inst/i2c_ctrl_inst/i2c_clk/opit_0_inv/Q
                                   net (fanout=668)      0.278    1000.278         hdmi_i2c_inst/cfg_clk
 CLMS_207_775/CLK                                                          r       u_CORES/u_debug_core_0/TRIG0_ff[0][51]/opit_0_inv/CLK
 clock pessimism                                         0.000    1000.278                          
 clock uncertainty                                      -0.050    1000.228                          

 Recovery time                                          -0.116    1000.112                          

 Data required time                                               1000.112                          
----------------------------------------------------------------------------------------------------
 Data required time                                               1000.112                          
 Data arrival time                                                  -1.562                          
----------------------------------------------------------------------------------------------------
 Slack (MET)                                                       998.550                          
====================================================================================================

====================================================================================================

Startpoint  : u_CORES/u_debug_core_0/resetn/opit_0/CLK
Endpoint    : u_CORES/u_debug_core_0/u0_trig_unit/signal_ff_dly[51]/opit_0_inv/RS
Path Group  : hdmi_i2c_inst/i2c_ctrl_inst/i2c_clk/Q[0]_Inferred
Path Type   : max
Path Class  : async timing path
Clock Skew :    -0.363  (Capture Clock Delay - Launch Clock Delay + Clock Pessimism Removal)
  Capture Clock Delay     :  0.278
  Launch Clock Delay      :  0.641
  Clock Pessimism Removal :  0.000

 Location                          Delay Type             Incr        Path         Logical Resource 
----------------------------------------------------------------------------------------------------

 Clock hdmi_i2c_inst/i2c_ctrl_inst/i2c_clk/Q[0]_Inferred (rising edge)
                                                         0.000       0.000 r                        
 CLMA_195_745/CR0                                        0.000       0.000 r       hdmi_i2c_inst/i2c_ctrl_inst/i2c_clk/opit_0_inv/Q
                                   net (fanout=668)      0.641       0.641         hdmi_i2c_inst/cfg_clk
 CLMS_243_715/CLK                                                          r       u_CORES/u_debug_core_0/resetn/opit_0/CLK

 CLMS_243_715/Q2                   tco                   0.125       0.766 f       u_CORES/u_debug_core_0/resetn/opit_0/Q
                                   net (fanout=182)      0.744       1.510         u_CORES/u_debug_core_0/resetn
 CLMS_207_769/RSCO                 td                    0.052       1.562 r       u_CORES/u_debug_core_0/u0_trig_unit/match_single[44]/opit_0_inv_L6Q_perm/RSCO
                                   net (fanout=8)        0.000       1.562         _N65             
 CLMS_207_775/RSCI                                                         r       u_CORES/u_debug_core_0/u0_trig_unit/signal_ff_dly[51]/opit_0_inv/RS

 Data arrival time                                                   1.562         Logic Levels: 1  
                                                                                   Logic: 0.177ns(19.218%), Route: 0.744ns(80.782%)
----------------------------------------------------------------------------------------------------

 Clock hdmi_i2c_inst/i2c_ctrl_inst/i2c_clk/Q[0]_Inferred (rising edge)
                                                      1000.000    1000.000 r                        
 CLMA_195_745/CR0                                        0.000    1000.000 r       hdmi_i2c_inst/i2c_ctrl_inst/i2c_clk/opit_0_inv/Q
                                   net (fanout=668)      0.278    1000.278         hdmi_i2c_inst/cfg_clk
 CLMS_207_775/CLK                                                          r       u_CORES/u_debug_core_0/u0_trig_unit/signal_ff_dly[51]/opit_0_inv/CLK
 clock pessimism                                         0.000    1000.278                          
 clock uncertainty                                      -0.050    1000.228                          

 Recovery time                                          -0.116    1000.112                          

 Data required time                                               1000.112                          
----------------------------------------------------------------------------------------------------
 Data required time                                               1000.112                          
 Data arrival time                                                  -1.562                          
----------------------------------------------------------------------------------------------------
 Slack (MET)                                                       998.550                          
====================================================================================================

====================================================================================================

Startpoint  : u_CORES/u_debug_core_0/resetn/opit_0/CLK
Endpoint    : u_CORES/u_debug_core_0/TRIG0_ff[0][50]/opit_0_inv/RS
Path Group  : hdmi_i2c_inst/i2c_ctrl_inst/i2c_clk/Q[0]_Inferred
Path Type   : max
Path Class  : async timing path
Clock Skew :    -0.363  (Capture Clock Delay - Launch Clock Delay + Clock Pessimism Removal)
  Capture Clock Delay     :  0.278
  Launch Clock Delay      :  0.641
  Clock Pessimism Removal :  0.000

 Location                          Delay Type             Incr        Path         Logical Resource 
----------------------------------------------------------------------------------------------------

 Clock hdmi_i2c_inst/i2c_ctrl_inst/i2c_clk/Q[0]_Inferred (rising edge)
                                                         0.000       0.000 r                        
 CLMA_195_745/CR0                                        0.000       0.000 r       hdmi_i2c_inst/i2c_ctrl_inst/i2c_clk/opit_0_inv/Q
                                   net (fanout=668)      0.641       0.641         hdmi_i2c_inst/cfg_clk
 CLMS_243_715/CLK                                                          r       u_CORES/u_debug_core_0/resetn/opit_0/CLK

 CLMS_243_715/Q2                   tco                   0.125       0.766 f       u_CORES/u_debug_core_0/resetn/opit_0/Q
                                   net (fanout=182)      0.744       1.510         u_CORES/u_debug_core_0/resetn
 CLMS_207_769/RSCO                 td                    0.052       1.562 r       u_CORES/u_debug_core_0/u0_trig_unit/match_single[44]/opit_0_inv_L6Q_perm/RSCO
                                   net (fanout=8)        0.000       1.562         _N65             
 CLMS_207_775/RSCI                                                         r       u_CORES/u_debug_core_0/TRIG0_ff[0][50]/opit_0_inv/RS

 Data arrival time                                                   1.562         Logic Levels: 1  
                                                                                   Logic: 0.177ns(19.218%), Route: 0.744ns(80.782%)
----------------------------------------------------------------------------------------------------

 Clock hdmi_i2c_inst/i2c_ctrl_inst/i2c_clk/Q[0]_Inferred (rising edge)
                                                      1000.000    1000.000 r                        
 CLMA_195_745/CR0                                        0.000    1000.000 r       hdmi_i2c_inst/i2c_ctrl_inst/i2c_clk/opit_0_inv/Q
                                   net (fanout=668)      0.278    1000.278         hdmi_i2c_inst/cfg_clk
 CLMS_207_775/CLK                                                          r       u_CORES/u_debug_core_0/TRIG0_ff[0][50]/opit_0_inv/CLK
 clock pessimism                                         0.000    1000.278                          
 clock uncertainty                                      -0.050    1000.228                          

 Recovery time                                          -0.116    1000.112                          

 Data required time                                               1000.112                          
----------------------------------------------------------------------------------------------------
 Data required time                                               1000.112                          
 Data arrival time                                                  -1.562                          
----------------------------------------------------------------------------------------------------
 Slack (MET)                                                       998.550                          
====================================================================================================

====================================================================================================

Startpoint  : u_CORES/u_debug_core_0/resetn/opit_0/CLK
Endpoint    : u_CORES/u_debug_core_0/data_pipe[4][49]/opit_0_inv_L6QL5Q_perm/RS
Path Group  : hdmi_i2c_inst/i2c_ctrl_inst/i2c_clk/Q[0]_Inferred
Path Type   : min
Path Class  : async timing path
Clock Skew :    0.463  (Capture Clock Delay - Launch Clock Delay + Clock Pessimism Removal)
  Capture Clock Delay     :  0.980
  Launch Clock Delay      :  0.500
  Clock Pessimism Removal :  -0.017

 Location                          Delay Type             Incr        Path         Logical Resource 
----------------------------------------------------------------------------------------------------

 Clock hdmi_i2c_inst/i2c_ctrl_inst/i2c_clk/Q[0]_Inferred (rising edge)
                                                         0.000       0.000 r                        
 CLMA_195_745/CR0                                        0.000       0.000 r       hdmi_i2c_inst/i2c_ctrl_inst/i2c_clk/opit_0_inv/Q
                                   net (fanout=668)      0.500       0.500         hdmi_i2c_inst/cfg_clk
 CLMS_243_715/CLK                                                          r       u_CORES/u_debug_core_0/resetn/opit_0/CLK

 CLMS_243_715/Q2                   tco                   0.109       0.609 f       u_CORES/u_debug_core_0/resetn/opit_0/Q
                                   net (fanout=182)      0.236       0.845         u_CORES/u_debug_core_0/resetn
 CLMA_261_714/RS                                                           f       u_CORES/u_debug_core_0/data_pipe[4][49]/opit_0_inv_L6QL5Q_perm/RS

 Data arrival time                                                   0.845         Logic Levels: 0  
                                                                                   Logic: 0.109ns(31.594%), Route: 0.236ns(68.406%)
----------------------------------------------------------------------------------------------------

 Clock hdmi_i2c_inst/i2c_ctrl_inst/i2c_clk/Q[0]_Inferred (rising edge)
                                                         0.000       0.000 r                        
 CLMA_195_745/CR0                                        0.000       0.000 r       hdmi_i2c_inst/i2c_ctrl_inst/i2c_clk/opit_0_inv/Q
                                   net (fanout=668)      0.980       0.980         hdmi_i2c_inst/cfg_clk
 CLMA_261_714/CLK                                                          r       u_CORES/u_debug_core_0/data_pipe[4][49]/opit_0_inv_L6QL5Q_perm/CLK
 clock pessimism                                        -0.017       0.963                          
 clock uncertainty                                       0.000       0.963                          

 Removal time                                           -0.043       0.920                          

 Data required time                                                  0.920                          
----------------------------------------------------------------------------------------------------
 Data required time                                                  0.920                          
 Data arrival time                                                  -0.845                          
----------------------------------------------------------------------------------------------------
 Slack (VIOLATED)                                                   -0.075                          
====================================================================================================

====================================================================================================

Startpoint  : u_CORES/u_debug_core_0/resetn/opit_0/CLK
Endpoint    : u_CORES/u_debug_core_0/data_pipe[3][48]/opit_0_inv_L6QL5Q_perm/RS
Path Group  : hdmi_i2c_inst/i2c_ctrl_inst/i2c_clk/Q[0]_Inferred
Path Type   : min
Path Class  : async timing path
Clock Skew :    0.463  (Capture Clock Delay - Launch Clock Delay + Clock Pessimism Removal)
  Capture Clock Delay     :  0.980
  Launch Clock Delay      :  0.500
  Clock Pessimism Removal :  -0.017

 Location                          Delay Type             Incr        Path         Logical Resource 
----------------------------------------------------------------------------------------------------

 Clock hdmi_i2c_inst/i2c_ctrl_inst/i2c_clk/Q[0]_Inferred (rising edge)
                                                         0.000       0.000 r                        
 CLMA_195_745/CR0                                        0.000       0.000 r       hdmi_i2c_inst/i2c_ctrl_inst/i2c_clk/opit_0_inv/Q
                                   net (fanout=668)      0.500       0.500         hdmi_i2c_inst/cfg_clk
 CLMS_243_715/CLK                                                          r       u_CORES/u_debug_core_0/resetn/opit_0/CLK

 CLMS_243_715/Q2                   tco                   0.109       0.609 f       u_CORES/u_debug_core_0/resetn/opit_0/Q
                                   net (fanout=182)      0.236       0.845         u_CORES/u_debug_core_0/resetn
 CLMA_261_714/RS                                                           f       u_CORES/u_debug_core_0/data_pipe[3][48]/opit_0_inv_L6QL5Q_perm/RS

 Data arrival time                                                   0.845         Logic Levels: 0  
                                                                                   Logic: 0.109ns(31.594%), Route: 0.236ns(68.406%)
----------------------------------------------------------------------------------------------------

 Clock hdmi_i2c_inst/i2c_ctrl_inst/i2c_clk/Q[0]_Inferred (rising edge)
                                                         0.000       0.000 r                        
 CLMA_195_745/CR0                                        0.000       0.000 r       hdmi_i2c_inst/i2c_ctrl_inst/i2c_clk/opit_0_inv/Q
                                   net (fanout=668)      0.980       0.980         hdmi_i2c_inst/cfg_clk
 CLMA_261_714/CLK                                                          r       u_CORES/u_debug_core_0/data_pipe[3][48]/opit_0_inv_L6QL5Q_perm/CLK
 clock pessimism                                        -0.017       0.963                          
 clock uncertainty                                       0.000       0.963                          

 Removal time                                           -0.043       0.920                          

 Data required time                                                  0.920                          
----------------------------------------------------------------------------------------------------
 Data required time                                                  0.920                          
 Data arrival time                                                  -0.845                          
----------------------------------------------------------------------------------------------------
 Slack (VIOLATED)                                                   -0.075                          
====================================================================================================

====================================================================================================

Startpoint  : u_CORES/u_debug_core_0/resetn/opit_0/CLK
Endpoint    : u_CORES/u_debug_core_0/data_pipe[2][49]/opit_0_inv_L6QL5Q_perm/RS
Path Group  : hdmi_i2c_inst/i2c_ctrl_inst/i2c_clk/Q[0]_Inferred
Path Type   : min
Path Class  : async timing path
Clock Skew :    0.463  (Capture Clock Delay - Launch Clock Delay + Clock Pessimism Removal)
  Capture Clock Delay     :  0.980
  Launch Clock Delay      :  0.500
  Clock Pessimism Removal :  -0.017

 Location                          Delay Type             Incr        Path         Logical Resource 
----------------------------------------------------------------------------------------------------

 Clock hdmi_i2c_inst/i2c_ctrl_inst/i2c_clk/Q[0]_Inferred (rising edge)
                                                         0.000       0.000 r                        
 CLMA_195_745/CR0                                        0.000       0.000 r       hdmi_i2c_inst/i2c_ctrl_inst/i2c_clk/opit_0_inv/Q
                                   net (fanout=668)      0.500       0.500         hdmi_i2c_inst/cfg_clk
 CLMS_243_715/CLK                                                          r       u_CORES/u_debug_core_0/resetn/opit_0/CLK

 CLMS_243_715/Q2                   tco                   0.109       0.609 f       u_CORES/u_debug_core_0/resetn/opit_0/Q
                                   net (fanout=182)      0.236       0.845         u_CORES/u_debug_core_0/resetn
 CLMA_261_714/RS                                                           f       u_CORES/u_debug_core_0/data_pipe[2][49]/opit_0_inv_L6QL5Q_perm/RS

 Data arrival time                                                   0.845         Logic Levels: 0  
                                                                                   Logic: 0.109ns(31.594%), Route: 0.236ns(68.406%)
----------------------------------------------------------------------------------------------------

 Clock hdmi_i2c_inst/i2c_ctrl_inst/i2c_clk/Q[0]_Inferred (rising edge)
                                                         0.000       0.000 r                        
 CLMA_195_745/CR0                                        0.000       0.000 r       hdmi_i2c_inst/i2c_ctrl_inst/i2c_clk/opit_0_inv/Q
                                   net (fanout=668)      0.980       0.980         hdmi_i2c_inst/cfg_clk
 CLMA_261_714/CLK                                                          r       u_CORES/u_debug_core_0/data_pipe[2][49]/opit_0_inv_L6QL5Q_perm/CLK
 clock pessimism                                        -0.017       0.963                          
 clock uncertainty                                       0.000       0.963                          

 Removal time                                           -0.043       0.920                          

 Data required time                                                  0.920                          
----------------------------------------------------------------------------------------------------
 Data required time                                                  0.920                          
 Data arrival time                                                  -0.845                          
----------------------------------------------------------------------------------------------------
 Slack (VIOLATED)                                                   -0.075                          
====================================================================================================

====================================================================================================

Startpoint  : hdmi_i2c_inst/i2c_ctrl_inst/state_14/opit_0_inv_L6Q_perm/CLK
Endpoint    : ddc_scl (port)
Path Group  : **default**
Path Type   : max
Path Class  : combinational timing path

 Location                          Delay Type             Incr        Path         Logical Resource 
----------------------------------------------------------------------------------------------------

 Clock hdmi_i2c_inst/i2c_ctrl_inst/i2c_clk/Q[0]_Inferred (rising edge)
                                                         0.000       0.000 r                        
 CLMA_195_745/CR0                                        0.000       0.000 r       hdmi_i2c_inst/i2c_ctrl_inst/i2c_clk/opit_0_inv/Q
                                   net (fanout=668)      0.359       0.359         hdmi_i2c_inst/cfg_clk
 CLMA_219_751/CLK                                                          r       hdmi_i2c_inst/i2c_ctrl_inst/state_14/opit_0_inv_L6Q_perm/CLK

 CLMA_219_751/Q1                   tco                   0.125       0.484 f       hdmi_i2c_inst/i2c_ctrl_inst/state_14/opit_0_inv_L6Q_perm/L6Q
                                   net (fanout=6)        0.262       0.746         hdmi_i2c_inst/i2c_ctrl_inst/state_14
 CLMA_207_744/Y2                   td                    0.070       0.816 f       hdmi_i2c_inst/i2c_ctrl_inst/N744_1_or[0]_4/LUT6_inst_perm/L6
                                   net (fanout=2)        0.164       0.980         hdmi_i2c_inst/i2c_ctrl_inst/_N361
 CLMS_201_739/Y2                   td                    0.125       1.105 f       hdmi_i2c_inst/i2c_ctrl_inst/N796_2/LUT6_inst_perm/L6
                                   net (fanout=1)        0.242       1.347         hdmi_i2c_inst/i2c_ctrl_inst/N796
 CLMS_207_739/Y3                   td                    0.123       1.470 r       u_CORES/u_debug_core_0/TRIG0_ff[1][41]/opit_0_inv_L6QQ_perm/L6
                                   net (fanout=2)        1.399       2.869         _N243            
 IOLHR_16_480/DO_P                 td                    0.488       3.357 r       ddc_scl_obuf/opit_1/DO_P
                                   net (fanout=1)        0.000       3.357         ddc_scl_obuf/ntO 
 IOBD_0_480/PAD                    td                    1.954       5.311 r       ddc_scl_obuf/opit_0/O
                                   net (fanout=1)        0.131       5.442         ddc_scl          
 L22                                                                       r       ddc_scl (port)   

 Data arrival time                                                   5.442         Logic Levels: 5  
                                                                                   Logic: 2.885ns(56.758%), Route: 2.198ns(43.242%)
====================================================================================================

====================================================================================================

Startpoint  : hdmi_in_hsync (port)
Endpoint    : hdmi_out_hsync (port)
Path Group  : **default**
Path Type   : max
Path Class  : combinational timing path

 Location                          Delay Type             Incr        Path         Logical Resource 
----------------------------------------------------------------------------------------------------


 N21                                                     0.000       0.000 f       hdmi_in_hsync (port)
                                   net (fanout=1)        0.135       0.135         hdmi_in_hsync    
 IOBD_0_450/DIN                    td                    0.515       0.650 f       hdmi_in_hsync_ibuf/opit_0/O
                                   net (fanout=1)        0.000       0.650         hdmi_in_hsync_ibuf/ntD
 IOLHR_16_450/DI_TO_CLK            td                    0.087       0.737 f       hdmi_in_hsync_ibuf/opit_1/DI_TO_CLK
                                   net (fanout=1)        1.292       2.029         nt_hdmi_in_hsync 
 IOLHR_16_822/DO_P                 td                    0.488       2.517 f       hdmi_out_hsync_obuf/opit_1/DO_P
                                   net (fanout=1)        0.000       2.517         hdmi_out_hsync_obuf/ntO
 IOBD_0_822/PAD                    td                    1.546       4.063 f       hdmi_out_hsync_obuf/opit_0/O
                                   net (fanout=1)        0.084       4.147         hdmi_out_hsync   
 L17                                                                       f       hdmi_out_hsync (port)

 Data arrival time                                                   4.147         Logic Levels: 4  
                                                                                   Logic: 2.636ns(63.564%), Route: 1.511ns(36.436%)
====================================================================================================

====================================================================================================

Startpoint  : hdmi_i2c_inst/i2c_ctrl_inst/state_9/opit_0_inv_L6Q_perm/CLK
Endpoint    : ddc_sda (port)
Path Group  : **default**
Path Type   : max
Path Class  : combinational timing path

 Location                          Delay Type             Incr        Path         Logical Resource 
----------------------------------------------------------------------------------------------------

 Clock hdmi_i2c_inst/i2c_ctrl_inst/i2c_clk/Q[0]_Inferred (rising edge)
                                                         0.000       0.000 r                        
 CLMA_195_745/CR0                                        0.000       0.000 r       hdmi_i2c_inst/i2c_ctrl_inst/i2c_clk/opit_0_inv/Q
                                   net (fanout=668)      0.359       0.359         hdmi_i2c_inst/cfg_clk
 CLMA_219_751/CLK                                                          r       hdmi_i2c_inst/i2c_ctrl_inst/state_9/opit_0_inv_L6Q_perm/CLK

 CLMA_219_751/Q2                   tco                   0.125       0.484 f       hdmi_i2c_inst/i2c_ctrl_inst/state_9/opit_0_inv_L6Q_perm/L6Q
                                   net (fanout=6)        0.303       0.787         hdmi_i2c_inst/i2c_ctrl_inst/state_9
 CLMS_201_733/CR1                  td                    0.131       0.918 f       hdmi_i2c_inst/i2c_ctrl_inst/N744_1_or[0]_6/LUT6D_inst_perm/L5
                                   net (fanout=1)        1.482       2.400         _N364            
 IOLHR_16_474/DO_N                 td                    0.398       2.798 f       hdmi_i2c_inst.i2c_ctrl_inst.i2c_sda_tri/opit_1/DO_N
                                   net (fanout=1)        0.000       2.798         hdmi_i2c_inst.i2c_ctrl_inst.i2c_sda_tri/ntT
 IOBS_0_474/PAD                    tse                   1.161       3.959 f       hdmi_i2c_inst.i2c_ctrl_inst.i2c_sda_tri/opit_0/IO
                                   net (fanout=1)        0.129       4.088         nt_ddc_sda       
 L23                                                                       f       ddc_sda (port)   

 Data arrival time                                                   4.088         Logic Levels: 3  
                                                                                   Logic: 1.815ns(48.673%), Route: 1.914ns(51.327%)
====================================================================================================

====================================================================================================

Startpoint  : sys_rst_n (port)
Endpoint    : hdmi_i2c_inst/i2c_ctrl_inst/cnt_clk[5]/opit_0_inv_L6Q_perm/RS
Path Group  : **default**
Path Type   : min
Path Class  : combinational timing path

 Location                          Delay Type             Incr        Path         Logical Resource 
----------------------------------------------------------------------------------------------------


 G25                                                     0.000       0.000 r       sys_rst_n (port) 
                                   net (fanout=1)        0.145       0.145         sys_rst_n        
 IOBD_0_636/DIN                    td                    0.445       0.590 r       sys_rst_n_ibuf/opit_0/O
                                   net (fanout=1)        0.000       0.590         sys_rst_n_ibuf/ntD
 IOLHR_16_636/DI_TO_CLK            td                    0.073       0.663 r       sys_rst_n_ibuf/opit_1/DI_TO_CLK
                                   net (fanout=41)       0.804       1.467         nt_sys_rst_n     
 CLMA_201_744/RS                                                           r       hdmi_i2c_inst/i2c_ctrl_inst/cnt_clk[5]/opit_0_inv_L6Q_perm/RS

 Data arrival time                                                   1.467         Logic Levels: 2  
                                                                                   Logic: 0.518ns(35.310%), Route: 0.949ns(64.690%)
====================================================================================================

====================================================================================================

Startpoint  : sys_rst_n (port)
Endpoint    : hdmi_i2c_inst/i2c_ctrl_inst/cnt_clk[1]/opit_0_inv_L6Q_LUT6DQL5_perm/RS
Path Group  : **default**
Path Type   : min
Path Class  : combinational timing path

 Location                          Delay Type             Incr        Path         Logical Resource 
----------------------------------------------------------------------------------------------------


 G25                                                     0.000       0.000 r       sys_rst_n (port) 
                                   net (fanout=1)        0.145       0.145         sys_rst_n        
 IOBD_0_636/DIN                    td                    0.445       0.590 r       sys_rst_n_ibuf/opit_0/O
                                   net (fanout=1)        0.000       0.590         sys_rst_n_ibuf/ntD
 IOLHR_16_636/DI_TO_CLK            td                    0.073       0.663 r       sys_rst_n_ibuf/opit_1/DI_TO_CLK
                                   net (fanout=41)       0.804       1.467         nt_sys_rst_n     
 CLMA_201_744/RS                                                           r       hdmi_i2c_inst/i2c_ctrl_inst/cnt_clk[1]/opit_0_inv_L6Q_LUT6DQL5_perm/RS

 Data arrival time                                                   1.467         Logic Levels: 2  
                                                                                   Logic: 0.518ns(35.310%), Route: 0.949ns(64.690%)
====================================================================================================

====================================================================================================

Startpoint  : sys_rst_n (port)
Endpoint    : hdmi_i2c_inst/i2c_ctrl_inst/cnt_clk[2]/opit_0_inv_L6Q_LUT6DQL5_perm/RS
Path Group  : **default**
Path Type   : min
Path Class  : combinational timing path

 Location                          Delay Type             Incr        Path         Logical Resource 
----------------------------------------------------------------------------------------------------


 G25                                                     0.000       0.000 r       sys_rst_n (port) 
                                   net (fanout=1)        0.145       0.145         sys_rst_n        
 IOBD_0_636/DIN                    td                    0.445       0.590 r       sys_rst_n_ibuf/opit_0/O
                                   net (fanout=1)        0.000       0.590         sys_rst_n_ibuf/ntD
 IOLHR_16_636/DI_TO_CLK            td                    0.073       0.663 r       sys_rst_n_ibuf/opit_1/DI_TO_CLK
                                   net (fanout=41)       0.804       1.467         nt_sys_rst_n     
 CLMA_201_744/RS                                                           r       hdmi_i2c_inst/i2c_ctrl_inst/cnt_clk[2]/opit_0_inv_L6Q_LUT6DQL5_perm/RS

 Data arrival time                                                   1.467         Logic Levels: 2  
                                                                                   Logic: 0.518ns(35.310%), Route: 0.949ns(64.690%)
====================================================================================================

====================================================================================================
End dump timing report

0. checking no_clock
--------------------

1. checking virtual_clock
--------------------

2. checking unexpandable_clocks
--------------------

3. checking no_input_delay
--------------------

4. checking no_output_delay
--------------------

5. checking partial_input_delay
--------------------

6. checking partial_output_delay
--------------------

7. checking io_min_max_delay_consistency
--------------------

8. checking input_delay_assigned_to_clock
--------------------

9. checking loops
--------------------

10. checking latches
--------------------
Action report_timing: Real time elapsed is 18.000 sec
Action report_timing: CPU time elapsed is 16.234 sec
Current time: Fri Mar  3 14:27:42 2023
Action report_timing: Peak memory pool usage is 605,605,888 bytes
Report timing is finished successfully.
