#Build: Fabric Compiler 2020.3, Build 62942, Sep 29 13:34 2020
#Install: E:\pango\PDS_2020.3\bin
#Application name: pds_shell.exe
#OS: Windows 10 10.0.18363
#Hostname: DESKTOP-6GABMIP
Generated by Fabric Compiler (version 2020.3 build 62942) at Fri Oct 28 15:54:51 2022
Compiling verification operator library.
Compiling common defs.
Compiling prim grid devices.
Compiling gate devices.
Compiling gate operators.
Building architecture model.
Loading device packaging model 'FBG676'.
Reading design from pnr DB.
Start Report Post-PnR timing.
Constructing timing graph ...
Timing graph has been constructed successfully
C: STA-3003: The timing arc 'I3->L6' of 'gopLUT6|devCL6|"LUT6"' are non_unate, The timing analyser will assume pos_unate for these arcs in clock propgation. Clock: 'hdmi_i2c_inst/i2c_ctrl_inst/i2c_clk/Q[0]_Inferred'  from 'hdmi_i2c_inst/i2c_ctrl_inst/i2c_clk_ce_mux[0]/LUT6_inst_perm/I3' to: 'hdmi_i2c_inst/i2c_ctrl_inst/i2c_clk_ce_mux[0]/LUT6_inst_perm/L6'
C: STA-3003: The timing arc 'I3->L6' of 'gopLUT6|devCL6|"LUT6"' are non_unate, The timing analyser will assume pos_unate for these arcs in clock propgation. Clock: 'hdmi_i2c_inst/i2c_ctrl_inst/i2c_clk/Q[0]_Inferred'  from 'hdmi_i2c_inst/i2c_ctrl_inst/i2c_clk_ce_mux[0]/LUT6_inst_perm/I3' to: 'hdmi_i2c_inst/i2c_ctrl_inst/i2c_clk_ce_mux[0]/LUT6_inst_perm/L6'
C: STA-3003: The timing arc 'I3->L6' of 'gopLUT6|devCL6|"LUT6"' are non_unate, The timing analyser will assume pos_unate for these arcs in clock propgation. Clock: 'hdmi_i2c_inst/i2c_ctrl_inst/i2c_clk/Q[0]_Inferred'  from 'hdmi_i2c_inst/i2c_ctrl_inst/i2c_clk_ce_mux[0]/LUT6_inst_perm/I3' to: 'hdmi_i2c_inst/i2c_ctrl_inst/i2c_clk_ce_mux[0]/LUT6_inst_perm/L6'
C: STA-3003: The timing arc 'I3->L6' of 'gopLUT6|devCL6|"LUT6"' are non_unate, The timing analyser will assume pos_unate for these arcs in clock propgation. Clock: 'hdmi_i2c_inst/i2c_ctrl_inst/i2c_clk/Q[0]_Inferred'  from 'hdmi_i2c_inst/i2c_ctrl_inst/i2c_clk_ce_mux[0]/LUT6_inst_perm/I3' to: 'hdmi_i2c_inst/i2c_ctrl_inst/i2c_clk_ce_mux[0]/LUT6_inst_perm/L6'
C: STA-3003: The timing arc 'I3->L6' of 'gopLUT6|devCL6|"LUT6"' are non_unate, The timing analyser will assume pos_unate for these arcs in clock propgation. Clock: 'hdmi_i2c_inst/i2c_ctrl_inst/i2c_clk/Q[0]_Inferred'  from 'hdmi_i2c_inst/i2c_ctrl_inst/i2c_clk_ce_mux[0]/LUT6_inst_perm/I3' to: 'hdmi_i2c_inst/i2c_ctrl_inst/i2c_clk_ce_mux[0]/LUT6_inst_perm/L6'
C: STA-3003: The timing arc 'I3->L6' of 'gopLUT6|devCL6|"LUT6"' are non_unate, The timing analyser will assume pos_unate for these arcs in clock propgation. Clock: 'hdmi_i2c_inst/i2c_ctrl_inst/i2c_clk/Q[0]_Inferred'  from 'hdmi_i2c_inst/i2c_ctrl_inst/i2c_clk_ce_mux[0]/LUT6_inst_perm/I3' to: 'hdmi_i2c_inst/i2c_ctrl_inst/i2c_clk_ce_mux[0]/LUT6_inst_perm/L6'
C: STA-3003: The timing arc 'I3->L6' of 'gopLUT6|devCL6|"LUT6"' are non_unate, The timing analyser will assume pos_unate for these arcs in clock propgation. Clock: 'hdmi_i2c_inst/i2c_ctrl_inst/i2c_clk/Q[0]_Inferred'  from 'hdmi_i2c_inst/i2c_ctrl_inst/i2c_clk_ce_mux[0]/LUT6_inst_perm/I3' to: 'hdmi_i2c_inst/i2c_ctrl_inst/i2c_clk_ce_mux[0]/LUT6_inst_perm/L6'
C: STA-3003: The timing arc 'I3->L6' of 'gopLUT6|devCL6|"LUT6"' are non_unate, The timing analyser will assume pos_unate for these arcs in clock propgation. Clock: 'hdmi_i2c_inst/i2c_ctrl_inst/i2c_clk/Q[0]_Inferred'  from 'hdmi_i2c_inst/i2c_ctrl_inst/i2c_clk_ce_mux[0]/LUT6_inst_perm/I3' to: 'hdmi_i2c_inst/i2c_ctrl_inst/i2c_clk_ce_mux[0]/LUT6_inst_perm/L6'
Check timing ...
C: STA-3011: Clock pin 'hdmi_i2c_inst/i2c_ctrl_inst/ack/opit_0/CLK' (gopLATCH.CLK) has no clock, timing propagation is disabled at the pin.
C: STA-3011: Clock pin 'hdmi_i2c_inst/i2c_ctrl_inst/i2c_sda_reg/opit_0/CLK' (gopLATCH.CLK) has no clock, timing propagation is disabled at the pin.
C: STA-3011: Clock pin 'hdmi_i2c_inst/i2c_ctrl_inst/rd_data_reg[0]/opit_0/CLK' (gopLATCH.CLK) has no clock, timing propagation is disabled at the pin.
C: STA-3011: Clock pin 'hdmi_i2c_inst/i2c_ctrl_inst/rd_data_reg[1]/opit_0/CLK' (gopLATCH.CLK) has no clock, timing propagation is disabled at the pin.
C: STA-3011: Clock pin 'hdmi_i2c_inst/i2c_ctrl_inst/rd_data_reg[2]/opit_0/CLK' (gopLATCH.CLK) has no clock, timing propagation is disabled at the pin.
C: STA-3011: Clock pin 'hdmi_i2c_inst/i2c_ctrl_inst/rd_data_reg[3]/opit_0/CLK' (gopLATCH.CLK) has no clock, timing propagation is disabled at the pin.
C: STA-3011: Clock pin 'hdmi_i2c_inst/i2c_ctrl_inst/rd_data_reg[4]/opit_0/CLK' (gopLATCH.CLK) has no clock, timing propagation is disabled at the pin.
C: STA-3011: Clock pin 'hdmi_i2c_inst/i2c_ctrl_inst/rd_data_reg[5]/opit_0/CLK' (gopLATCH.CLK) has no clock, timing propagation is disabled at the pin.
C: STA-3011: Clock pin 'hdmi_i2c_inst/i2c_ctrl_inst/rd_data_reg[6]/opit_0/CLK' (gopLATCH.CLK) has no clock, timing propagation is disabled at the pin.
C: STA-3011: Clock pin 'hdmi_i2c_inst/i2c_ctrl_inst/rd_data_reg[7]/opit_0/CLK' (gopLATCH.CLK) has no clock, timing propagation is disabled at the pin.
W: Timing-4086: Port 'ddc_sda' is not constrained, it is treated as combinational input.
W: Timing-4087: Port 'ddc_sda' is not constrained, it is treated as combinational output.
W: Timing-4087: Port 'ddc_scl' is not constrained, it is treated as combinational output.
W: Timing-4087: Port 'hdmi_in_rst_n' is not constrained, it is treated as combinational output.
W: Timing-4087: Port 'hdmi_out_clk' is not constrained, it is treated as combinational output.
W: Timing-4087: Port 'hdmi_out_de' is not constrained, it is treated as combinational output.
W: Timing-4087: Port 'hdmi_out_hsync' is not constrained, it is treated as combinational output.
W: Timing-4087: Port 'hdmi_out_rgb[0]' is not constrained, it is treated as combinational output.
W: Timing-4087: Port 'hdmi_out_rgb[1]' is not constrained, it is treated as combinational output.
W: Timing-4087: Port 'hdmi_out_rgb[2]' is not constrained, it is treated as combinational output.
W: Timing-4087: Port 'hdmi_out_rgb[3]' is not constrained, it is treated as combinational output.
W: Timing-4087: Port 'hdmi_out_rgb[4]' is not constrained, it is treated as combinational output.
W: Timing-4087: Port 'hdmi_out_rgb[5]' is not constrained, it is treated as combinational output.
W: Timing-4087: Port 'hdmi_out_rgb[6]' is not constrained, it is treated as combinational output.
W: Timing-4087: Port 'hdmi_out_rgb[7]' is not constrained, it is treated as combinational output.
W: Timing-4087: Port 'hdmi_out_rgb[8]' is not constrained, it is treated as combinational output.
W: Timing-4087: Port 'hdmi_out_rgb[9]' is not constrained, it is treated as combinational output.
W: Timing-4087: Port 'hdmi_out_rgb[10]' is not constrained, it is treated as combinational output.
W: Timing-4087: Port 'hdmi_out_rgb[11]' is not constrained, it is treated as combinational output.
W: Timing-4087: Port 'hdmi_out_rgb[12]' is not constrained, it is treated as combinational output.
W: Timing-4087: Port 'hdmi_out_rgb[13]' is not constrained, it is treated as combinational output.
W: Timing-4087: Port 'hdmi_out_rgb[14]' is not constrained, it is treated as combinational output.
W: Timing-4087: Port 'hdmi_out_rgb[15]' is not constrained, it is treated as combinational output.
W: Timing-4087: Port 'hdmi_out_rgb[16]' is not constrained, it is treated as combinational output.
W: Timing-4087: Port 'hdmi_out_rgb[17]' is not constrained, it is treated as combinational output.
W: Timing-4087: Port 'hdmi_out_rgb[18]' is not constrained, it is treated as combinational output.
W: Timing-4087: Port 'hdmi_out_rgb[19]' is not constrained, it is treated as combinational output.
W: Timing-4087: Port 'hdmi_out_rgb[20]' is not constrained, it is treated as combinational output.
W: Timing-4087: Port 'hdmi_out_rgb[21]' is not constrained, it is treated as combinational output.
W: Timing-4087: Port 'hdmi_out_rgb[22]' is not constrained, it is treated as combinational output.
W: Timing-4087: Port 'hdmi_out_rgb[23]' is not constrained, it is treated as combinational output.
W: Timing-4087: Port 'hdmi_out_rst_n' is not constrained, it is treated as combinational output.
W: Timing-4087: Port 'hdmi_out_vsync' is not constrained, it is treated as combinational output.
W: Timing-4086: Port 'hdmi_in_clk' is not constrained, it is treated as combinational input.
W: Timing-4086: Port 'hdmi_in_de' is not constrained, it is treated as combinational input.
W: Timing-4086: Port 'hdmi_in_hsync' is not constrained, it is treated as combinational input.
W: Timing-4086: Port 'hdmi_in_rgb[0]' is not constrained, it is treated as combinational input.
W: Timing-4086: Port 'hdmi_in_rgb[1]' is not constrained, it is treated as combinational input.
W: Timing-4086: Port 'hdmi_in_rgb[2]' is not constrained, it is treated as combinational input.
W: Timing-4086: Port 'hdmi_in_rgb[3]' is not constrained, it is treated as combinational input.
W: Timing-4086: Port 'hdmi_in_rgb[4]' is not constrained, it is treated as combinational input.
W: Timing-4086: Port 'hdmi_in_rgb[5]' is not constrained, it is treated as combinational input.
W: Timing-4086: Port 'hdmi_in_rgb[6]' is not constrained, it is treated as combinational input.
W: Timing-4086: Port 'hdmi_in_rgb[7]' is not constrained, it is treated as combinational input.
W: Timing-4086: Port 'hdmi_in_rgb[8]' is not constrained, it is treated as combinational input.
W: Timing-4086: Port 'hdmi_in_rgb[9]' is not constrained, it is treated as combinational input.
W: Timing-4086: Port 'hdmi_in_rgb[10]' is not constrained, it is treated as combinational input.
W: Timing-4086: Port 'hdmi_in_rgb[11]' is not constrained, it is treated as combinational input.
W: Timing-4086: Port 'hdmi_in_rgb[12]' is not constrained, it is treated as combinational input.
W: Timing-4086: Port 'hdmi_in_rgb[13]' is not constrained, it is treated as combinational input.
W: Timing-4086: Port 'hdmi_in_rgb[14]' is not constrained, it is treated as combinational input.
W: Timing-4086: Port 'hdmi_in_rgb[15]' is not constrained, it is treated as combinational input.
W: Timing-4086: Port 'hdmi_in_rgb[16]' is not constrained, it is treated as combinational input.
W: Timing-4086: Port 'hdmi_in_rgb[17]' is not constrained, it is treated as combinational input.
W: Timing-4086: Port 'hdmi_in_rgb[18]' is not constrained, it is treated as combinational input.
W: Timing-4086: Port 'hdmi_in_rgb[19]' is not constrained, it is treated as combinational input.
W: Timing-4086: Port 'hdmi_in_rgb[20]' is not constrained, it is treated as combinational input.
W: Timing-4086: Port 'hdmi_in_rgb[21]' is not constrained, it is treated as combinational input.
W: Timing-4086: Port 'hdmi_in_rgb[22]' is not constrained, it is treated as combinational input.
W: Timing-4086: Port 'hdmi_in_rgb[23]' is not constrained, it is treated as combinational input.
W: Timing-4086: Port 'hdmi_in_vsync' is not constrained, it is treated as combinational input.
W: Timing-4086: Port 'sys_rst_n' is not constrained, it is treated as combinational input.
Begin dump timing report
Detailed Timing Report:

----------------------------------------------------------------------------------------------------
| Tool Version : Fabric Compiler (version 2020.3 <build 62942>)
| Date         : Fri Oct 28 15:55:06 2022
| Design       : hdmi_loop
| Device       : PG2L100H
| Speed Grade  : -6
| Package      : FBG676
----------------------------------------------------------------------------------------------------
----------------------------------------------------------------------------------------------------
| Timing Models: Production
| Tcl Command  : report_timing 
----------------------------------------------------------------------------------------------------

Timing analysis mode : multi corner

 Clock Summary:                                                                                     
****************************************************************************************************
                                                                           Clock   Non-clock        
 Clock                    Period       Waveform       Type                 Loads       Loads  Sources
----------------------------------------------------------------------------------------------------
 sys_clk                  20.000       {0 10}         Declared                 8           0  {sys_clk}
 hdmi_i2c_inst/i2c_ctrl_inst/i2c_clk/Q[0]_Inferred
                          1000.000     {0 500}        Declared               652           0  {hdmi_i2c_inst/i2c_ctrl_inst/i2c_clk/opit_0_inv/Q}
 DebugCore_JCLK           50.000       {0 25}         Declared               180           0  {u_CORES/u_GTP_SCANCHAIN_PG/scanchain/TCK1}
 DebugCore_CAPTURE        100.000      {25 75}        Declared                11           0  {u_CORES/u_GTP_SCANCHAIN_PG/scanchain/CAPTUREDR}
====================================================================================================

 Clock Groups:                                                                                    
**************************************************************************************************
 Clock Group                   Group Type                 clocks                                  
--------------------------------------------------------------------------------------------------
 Inferred_clock_group          asynchronous               hdmi_i2c_inst/i2c_ctrl_inst/i2c_clk/Q[0]_Inferred
 DebugCoreClockGroup           asynchronous               DebugCore_JCLK  DebugCore_CAPTURE       
==================================================================================================

 Performance Summary:                                                                               
****************************************************************************************************
                              Requested       Estimated      Requested      Estimated               
 Clock                        Frequency       Frequency      Period         Period             Slack
----------------------------------------------------------------------------------------------------
 sys_clk                     50.000 MHz     530.786 MHz         20.000          1.884         18.116
 hdmi_i2c_inst/i2c_ctrl_inst/i2c_clk/Q[0]_Inferred
                              1.000 MHz     306.937 MHz       1000.000          3.258        996.742
 DebugCore_JCLK              20.000 MHz     144.404 MHz         50.000          6.925         43.075
====================================================================================================

Design Summary : Some Constraints Violated.

Setup Summary(Slow Corner):
****************************************************************************************************
                                                                          TNS Failing      TNS Total
 Launch Clock           Capture Clock              WNS(ns)     TNS(ns)      Endpoints      Endpoints
----------------------------------------------------------------------------------------------------
 sys_clk                sys_clk                     18.116       0.000              0             37
 hdmi_i2c_inst/i2c_ctrl_inst/i2c_clk/Q[0]_Inferred
                        hdmi_i2c_inst/i2c_ctrl_inst/i2c_clk/Q[0]_Inferred
                                                   996.742       0.000              0           1521
 DebugCore_JCLK         DebugCore_JCLK              23.337       0.000              0            739
 DebugCore_CAPTURE      DebugCore_JCLK              22.609       0.000              0            104
 DebugCore_JCLK         DebugCore_CAPTURE           47.084       0.000              0             16
====================================================================================================

Hold Summary(Slow Corner):
****************************************************************************************************
                                                                          THS Failing      THS Total
 Launch Clock           Capture Clock              WHS(ns)     THS(ns)      Endpoints      Endpoints
----------------------------------------------------------------------------------------------------
 sys_clk                sys_clk                      0.245       0.000              0             37
 hdmi_i2c_inst/i2c_ctrl_inst/i2c_clk/Q[0]_Inferred
                        hdmi_i2c_inst/i2c_ctrl_inst/i2c_clk/Q[0]_Inferred
                                                    -0.422     -17.362            157           1521
 DebugCore_JCLK         DebugCore_JCLK               0.261       0.000              0            739
 DebugCore_CAPTURE      DebugCore_JCLK              23.420       0.000              0            104
 DebugCore_JCLK         DebugCore_CAPTURE            0.492       0.000              0             16
====================================================================================================

Recovery Summary(Slow Corner):
****************************************************************************************************
                                                                          TNS Failing      TNS Total
 Launch Clock           Capture Clock              WNS(ns)     TNS(ns)      Endpoints      Endpoints
----------------------------------------------------------------------------------------------------
 hdmi_i2c_inst/i2c_ctrl_inst/i2c_clk/Q[0]_Inferred
                        hdmi_i2c_inst/i2c_ctrl_inst/i2c_clk/Q[0]_Inferred
                                                   997.912       0.000              0            418
====================================================================================================

Removal Summary(Slow Corner):
****************************************************************************************************
                                                                          THS Failing      THS Total
 Launch Clock           Capture Clock              WHS(ns)     THS(ns)      Endpoints      Endpoints
----------------------------------------------------------------------------------------------------
 hdmi_i2c_inst/i2c_ctrl_inst/i2c_clk/Q[0]_Inferred
                        hdmi_i2c_inst/i2c_ctrl_inst/i2c_clk/Q[0]_Inferred
                                                    -0.499     -12.196             67            418
====================================================================================================

Minimum Pulse Width Summary(Slow Corner):
****************************************************************************************************
                                                                         WPWS Failing     WPWS Total
 Clock                                            WPWS(ns)    TPWS(ns)      Endpoints      Endpoints
----------------------------------------------------------------------------------------------------
 sys_clk                                             9.680       0.000              0              8
 hdmi_i2c_inst/i2c_ctrl_inst/i2c_clk/Q[0]_Inferred
                                                   498.876       0.000              0            652
 DebugCore_JCLK                                     23.917       0.000              0            180
 DebugCore_CAPTURE                                  49.733       0.000              0             11
====================================================================================================

Setup Summary(Fast Corner):
****************************************************************************************************
                                                                          TNS Failing      TNS Total
 Launch Clock           Capture Clock              WNS(ns)     TNS(ns)      Endpoints      Endpoints
----------------------------------------------------------------------------------------------------
 sys_clk                sys_clk                     18.897       0.000              0             37
 hdmi_i2c_inst/i2c_ctrl_inst/i2c_clk/Q[0]_Inferred
                        hdmi_i2c_inst/i2c_ctrl_inst/i2c_clk/Q[0]_Inferred
                                                   998.063       0.000              0           1521
 DebugCore_JCLK         DebugCore_JCLK              23.954       0.000              0            739
 DebugCore_CAPTURE      DebugCore_JCLK              23.578       0.000              0            104
 DebugCore_JCLK         DebugCore_CAPTURE           48.044       0.000              0             16
====================================================================================================

Hold Summary(Fast Corner):
****************************************************************************************************
                                                                          THS Failing      THS Total
 Launch Clock           Capture Clock              WHS(ns)     THS(ns)      Endpoints      Endpoints
----------------------------------------------------------------------------------------------------
 sys_clk                sys_clk                      0.165       0.000              0             37
 hdmi_i2c_inst/i2c_ctrl_inst/i2c_clk/Q[0]_Inferred
                        hdmi_i2c_inst/i2c_ctrl_inst/i2c_clk/Q[0]_Inferred
                                                    -0.157      -2.114             41           1521
 DebugCore_JCLK         DebugCore_JCLK               0.175       0.000              0            739
 DebugCore_CAPTURE      DebugCore_JCLK              24.038       0.000              0            104
 DebugCore_JCLK         DebugCore_CAPTURE            0.499       0.000              0             16
====================================================================================================

Recovery Summary(Fast Corner):
****************************************************************************************************
                                                                          TNS Failing      TNS Total
 Launch Clock           Capture Clock              WNS(ns)     TNS(ns)      Endpoints      Endpoints
----------------------------------------------------------------------------------------------------
 hdmi_i2c_inst/i2c_ctrl_inst/i2c_clk/Q[0]_Inferred
                        hdmi_i2c_inst/i2c_ctrl_inst/i2c_clk/Q[0]_Inferred
                                                   998.689       0.000              0            418
====================================================================================================

Removal Summary(Fast Corner):
****************************************************************************************************
                                                                          THS Failing      THS Total
 Launch Clock           Capture Clock              WHS(ns)     THS(ns)      Endpoints      Endpoints
----------------------------------------------------------------------------------------------------
 hdmi_i2c_inst/i2c_ctrl_inst/i2c_clk/Q[0]_Inferred
                        hdmi_i2c_inst/i2c_ctrl_inst/i2c_clk/Q[0]_Inferred
                                                    -0.219      -2.491             34            418
====================================================================================================

Minimum Pulse Width Summary(Fast Corner):
****************************************************************************************************
                                                                         WPWS Failing     WPWS Total
 Clock                                            WPWS(ns)    TPWS(ns)      Endpoints      Endpoints
----------------------------------------------------------------------------------------------------
 sys_clk                                             9.771       0.000              0              8
 hdmi_i2c_inst/i2c_ctrl_inst/i2c_clk/Q[0]_Inferred
                                                   499.326       0.000              0            652
 DebugCore_JCLK                                     24.250       0.000              0            180
 DebugCore_CAPTURE                                  49.702       0.000              0             11
====================================================================================================

Slow Corner: 950mV 125C
****************************************************************************************************
====================================================================================================

Startpoint  : hdmi_i2c_inst/i2c_ctrl_inst/cnt_clk[7]/opit_0_inv_L6Q_perm/CLK
Endpoint    : hdmi_i2c_inst/i2c_ctrl_inst/i2c_clk/opit_0_inv/D
Path Group  : sys_clk
Path Type   : max
Path Class  : sequential timing path
Clock Skew :    -0.056  (Capture Clock Delay - Launch Clock Delay + Clock Pessimism Removal)
  Capture Clock Delay     :  3.244
  Launch Clock Delay      :  3.777
  Clock Pessimism Removal :  0.477

 Location                          Delay Type             Incr        Path         Logical Resource 
----------------------------------------------------------------------------------------------------

 Clock sys_clk (rising edge)                             0.000       0.000 r                        
 R3                                                      0.000       0.000 r       sys_clk (port)   
                                   net (fanout=1)        0.096       0.096         sys_clk          
 IOBD_372_450/DIN                  td                    1.117       1.213 r       sys_clk_ibuf/opit_0/O
                                   net (fanout=1)        0.000       1.213         sys_clk_ibuf/ntD 
 IOLHR_364_450/DI_TO_CLK           td                    0.105       1.318 r       sys_clk_ibuf/opit_1/DI_TO_CLK
                                   net (fanout=1)        0.876       2.194         nt_sys_clk       
 USCM_215_576/CLKOUT               td                    0.168       2.362 r       clkbufg_3/gopclkbufg/CLKOUT
                                   net (fanout=1)        0.620       2.982         ntclkbufg_0      
 HCKB_213_506/CLKOUT               td                    0.287       3.269 r       HCKBROUTE_299/CLKOUT
                                   net (fanout=8)        0.508       3.777         _N422            
 CLMS_189_769/CLK                                                          r       hdmi_i2c_inst/i2c_ctrl_inst/cnt_clk[7]/opit_0_inv_L6Q_perm/CLK

 CLMS_189_769/Q0                   tco                   0.203       3.980 r       hdmi_i2c_inst/i2c_ctrl_inst/cnt_clk[7]/opit_0_inv_L6Q_perm/L6Q
                                   net (fanout=2)        0.280       4.260         hdmi_i2c_inst/i2c_ctrl_inst/cnt_clk [7]
 CLMA_189_756/Y0                   td                    0.224       4.484 r       hdmi_i2c_inst/i2c_ctrl_inst/N505_6/gateop_LUT6DL5_perm/L6
                                   net (fanout=4)        0.120       4.604         hdmi_i2c_inst/i2c_ctrl_inst/_N516
 CLMA_189_756/Y2                   td                    0.229       4.833 r       hdmi_i2c_inst/i2c_ctrl_inst/i2c_clk_ce_mux[0]/LUT6_inst_perm/L6
                                   net (fanout=1)        0.586       5.419         hdmi_i2c_inst/i2c_ctrl_inst/_N493
 CLMS_189_757/M1                                                           r       hdmi_i2c_inst/i2c_ctrl_inst/i2c_clk/opit_0_inv/D

 Data arrival time                                                   5.419         Logic Levels: 2  
                                                                                   Logic: 0.656ns(39.951%), Route: 0.986ns(60.049%)
----------------------------------------------------------------------------------------------------

 Clock sys_clk (rising edge)                            20.000      20.000 r                        
 R3                                                      0.000      20.000 r       sys_clk (port)   
                                   net (fanout=1)        0.096      20.096         sys_clk          
 IOBD_372_450/DIN                  td                    0.953      21.049 r       sys_clk_ibuf/opit_0/O
                                   net (fanout=1)        0.000      21.049         sys_clk_ibuf/ntD 
 IOLHR_364_450/DI_TO_CLK           td                    0.091      21.140 r       sys_clk_ibuf/opit_1/DI_TO_CLK
                                   net (fanout=1)        0.746      21.886         nt_sys_clk       
 USCM_215_576/CLKOUT               td                    0.143      22.029 r       clkbufg_3/gopclkbufg/CLKOUT
                                   net (fanout=1)        0.530      22.559         ntclkbufg_0      
 HCKB_213_506/CLKOUT               td                    0.245      22.804 r       HCKBROUTE_299/CLKOUT
                                   net (fanout=8)        0.440      23.244         _N422            
 CLMS_189_757/CLK                                                          r       hdmi_i2c_inst/i2c_ctrl_inst/i2c_clk/opit_0_inv/CLK
 clock pessimism                                         0.477      23.721                          
 clock uncertainty                                      -0.050      23.671                          

 Setup time                                             -0.136      23.535                          

 Data required time                                                 23.535                          
----------------------------------------------------------------------------------------------------
 Data required time                                                 23.535                          
 Data arrival time                                                  -5.419                          
----------------------------------------------------------------------------------------------------
 Slack (MET)                                                        18.116                          
====================================================================================================

====================================================================================================

Startpoint  : hdmi_i2c_inst/i2c_ctrl_inst/cnt_clk[2]/opit_0_inv_L6Q_LUT6DQL5Q_perm/CLK
Endpoint    : hdmi_i2c_inst/i2c_ctrl_inst/cnt_clk[7]/opit_0_inv_L6Q_perm/I5
Path Group  : sys_clk
Path Type   : max
Path Class  : sequential timing path
Clock Skew :    -0.060  (Capture Clock Delay - Launch Clock Delay + Clock Pessimism Removal)
  Capture Clock Delay     :  3.242
  Launch Clock Delay      :  3.779
  Clock Pessimism Removal :  0.477

 Location                          Delay Type             Incr        Path         Logical Resource 
----------------------------------------------------------------------------------------------------

 Clock sys_clk (rising edge)                             0.000       0.000 r                        
 R3                                                      0.000       0.000 r       sys_clk (port)   
                                   net (fanout=1)        0.096       0.096         sys_clk          
 IOBD_372_450/DIN                  td                    1.117       1.213 r       sys_clk_ibuf/opit_0/O
                                   net (fanout=1)        0.000       1.213         sys_clk_ibuf/ntD 
 IOLHR_364_450/DI_TO_CLK           td                    0.105       1.318 r       sys_clk_ibuf/opit_1/DI_TO_CLK
                                   net (fanout=1)        0.876       2.194         nt_sys_clk       
 USCM_215_576/CLKOUT               td                    0.168       2.362 r       clkbufg_3/gopclkbufg/CLKOUT
                                   net (fanout=1)        0.620       2.982         ntclkbufg_0      
 HCKB_213_506/CLKOUT               td                    0.287       3.269 r       HCKBROUTE_299/CLKOUT
                                   net (fanout=8)        0.510       3.779         _N422            
 CLMS_189_757/CLK                                                          r       hdmi_i2c_inst/i2c_ctrl_inst/cnt_clk[2]/opit_0_inv_L6Q_LUT6DQL5Q_perm/CLK

 CLMS_189_757/Q0                   tco                   0.203       3.982 r       hdmi_i2c_inst/i2c_ctrl_inst/cnt_clk[2]/opit_0_inv_L6Q_LUT6DQL5Q_perm/L6Q
                                   net (fanout=3)        0.247       4.229         hdmi_i2c_inst/i2c_ctrl_inst/cnt_clk [2]
 CLMA_189_756/CR0                  td                    0.329       4.558 r       hdmi_i2c_inst/i2c_ctrl_inst/N505_6/gateop_LUT6DL5_perm/L5
                                   net (fanout=4)        0.552       5.110         hdmi_i2c_inst/i2c_ctrl_inst/_N35
 CLMS_189_769/A5                                                           r       hdmi_i2c_inst/i2c_ctrl_inst/cnt_clk[7]/opit_0_inv_L6Q_perm/I5

 Data arrival time                                                   5.110         Logic Levels: 1  
                                                                                   Logic: 0.532ns(39.970%), Route: 0.799ns(60.030%)
----------------------------------------------------------------------------------------------------

 Clock sys_clk (rising edge)                            20.000      20.000 r                        
 R3                                                      0.000      20.000 r       sys_clk (port)   
                                   net (fanout=1)        0.096      20.096         sys_clk          
 IOBD_372_450/DIN                  td                    0.953      21.049 r       sys_clk_ibuf/opit_0/O
                                   net (fanout=1)        0.000      21.049         sys_clk_ibuf/ntD 
 IOLHR_364_450/DI_TO_CLK           td                    0.091      21.140 r       sys_clk_ibuf/opit_1/DI_TO_CLK
                                   net (fanout=1)        0.746      21.886         nt_sys_clk       
 USCM_215_576/CLKOUT               td                    0.143      22.029 r       clkbufg_3/gopclkbufg/CLKOUT
                                   net (fanout=1)        0.530      22.559         ntclkbufg_0      
 HCKB_213_506/CLKOUT               td                    0.245      22.804 r       HCKBROUTE_299/CLKOUT
                                   net (fanout=8)        0.438      23.242         _N422            
 CLMS_189_769/CLK                                                          r       hdmi_i2c_inst/i2c_ctrl_inst/cnt_clk[7]/opit_0_inv_L6Q_perm/CLK
 clock pessimism                                         0.477      23.719                          
 clock uncertainty                                      -0.050      23.669                          

 Setup time                                             -0.117      23.552                          

 Data required time                                                 23.552                          
----------------------------------------------------------------------------------------------------
 Data required time                                                 23.552                          
 Data arrival time                                                  -5.110                          
----------------------------------------------------------------------------------------------------
 Slack (MET)                                                        18.442                          
====================================================================================================

====================================================================================================

Startpoint  : hdmi_i2c_inst/i2c_ctrl_inst/cnt_clk[2]/opit_0_inv_L6Q_LUT6DQL5Q_perm/CLK
Endpoint    : hdmi_i2c_inst/i2c_ctrl_inst/cnt_clk[3]/opit_0_inv_L6Q_perm/I2
Path Group  : sys_clk
Path Type   : max
Path Class  : sequential timing path
Clock Skew :    -0.001  (Capture Clock Delay - Launch Clock Delay + Clock Pessimism Removal)
  Capture Clock Delay     :  3.244
  Launch Clock Delay      :  3.779
  Clock Pessimism Removal :  0.534

 Location                          Delay Type             Incr        Path         Logical Resource 
----------------------------------------------------------------------------------------------------

 Clock sys_clk (rising edge)                             0.000       0.000 r                        
 R3                                                      0.000       0.000 r       sys_clk (port)   
                                   net (fanout=1)        0.096       0.096         sys_clk          
 IOBD_372_450/DIN                  td                    1.117       1.213 r       sys_clk_ibuf/opit_0/O
                                   net (fanout=1)        0.000       1.213         sys_clk_ibuf/ntD 
 IOLHR_364_450/DI_TO_CLK           td                    0.105       1.318 r       sys_clk_ibuf/opit_1/DI_TO_CLK
                                   net (fanout=1)        0.876       2.194         nt_sys_clk       
 USCM_215_576/CLKOUT               td                    0.168       2.362 r       clkbufg_3/gopclkbufg/CLKOUT
                                   net (fanout=1)        0.620       2.982         ntclkbufg_0      
 HCKB_213_506/CLKOUT               td                    0.287       3.269 r       HCKBROUTE_299/CLKOUT
                                   net (fanout=8)        0.510       3.779         _N422            
 CLMS_189_757/CLK                                                          r       hdmi_i2c_inst/i2c_ctrl_inst/cnt_clk[2]/opit_0_inv_L6Q_LUT6DQL5Q_perm/CLK

 CLMS_189_757/Q0                   tco                   0.203       3.982 r       hdmi_i2c_inst/i2c_ctrl_inst/cnt_clk[2]/opit_0_inv_L6Q_LUT6DQL5Q_perm/L6Q
                                   net (fanout=3)        0.247       4.229         hdmi_i2c_inst/i2c_ctrl_inst/cnt_clk [2]
 CLMA_189_756/CR0                  td                    0.329       4.558 r       hdmi_i2c_inst/i2c_ctrl_inst/N505_6/gateop_LUT6DL5_perm/L5
                                   net (fanout=4)        0.245       4.803         hdmi_i2c_inst/i2c_ctrl_inst/_N35
 CLMS_189_757/B2                                                           r       hdmi_i2c_inst/i2c_ctrl_inst/cnt_clk[3]/opit_0_inv_L6Q_perm/I2

 Data arrival time                                                   4.803         Logic Levels: 1  
                                                                                   Logic: 0.532ns(51.953%), Route: 0.492ns(48.047%)
----------------------------------------------------------------------------------------------------

 Clock sys_clk (rising edge)                            20.000      20.000 r                        
 R3                                                      0.000      20.000 r       sys_clk (port)   
                                   net (fanout=1)        0.096      20.096         sys_clk          
 IOBD_372_450/DIN                  td                    0.953      21.049 r       sys_clk_ibuf/opit_0/O
                                   net (fanout=1)        0.000      21.049         sys_clk_ibuf/ntD 
 IOLHR_364_450/DI_TO_CLK           td                    0.091      21.140 r       sys_clk_ibuf/opit_1/DI_TO_CLK
                                   net (fanout=1)        0.746      21.886         nt_sys_clk       
 USCM_215_576/CLKOUT               td                    0.143      22.029 r       clkbufg_3/gopclkbufg/CLKOUT
                                   net (fanout=1)        0.530      22.559         ntclkbufg_0      
 HCKB_213_506/CLKOUT               td                    0.245      22.804 r       HCKBROUTE_299/CLKOUT
                                   net (fanout=8)        0.440      23.244         _N422            
 CLMS_189_757/CLK                                                          r       hdmi_i2c_inst/i2c_ctrl_inst/cnt_clk[3]/opit_0_inv_L6Q_perm/CLK
 clock pessimism                                         0.534      23.778                          
 clock uncertainty                                      -0.050      23.728                          

 Setup time                                             -0.218      23.510                          

 Data required time                                                 23.510                          
----------------------------------------------------------------------------------------------------
 Data required time                                                 23.510                          
 Data arrival time                                                  -4.803                          
----------------------------------------------------------------------------------------------------
 Slack (MET)                                                        18.707                          
====================================================================================================

====================================================================================================

Startpoint  : hdmi_i2c_inst/i2c_ctrl_inst/cnt_clk[0]/opit_0_inv_L6Q_perm/CLK
Endpoint    : hdmi_i2c_inst/i2c_ctrl_inst/cnt_clk[2]/opit_0_inv_L6Q_LUT6DQL5Q_perm/I4
Path Group  : sys_clk
Path Type   : min
Path Class  : sequential timing path
Clock Skew :    0.029  (Capture Clock Delay - Launch Clock Delay + Clock Pessimism Removal)
  Capture Clock Delay     :  3.779
  Launch Clock Delay      :  3.244
  Clock Pessimism Removal :  -0.506

 Location                          Delay Type             Incr        Path         Logical Resource 
----------------------------------------------------------------------------------------------------

 Clock sys_clk (rising edge)                             0.000       0.000 r                        
 R3                                                      0.000       0.000 r       sys_clk (port)   
                                   net (fanout=1)        0.096       0.096         sys_clk          
 IOBD_372_450/DIN                  td                    0.953       1.049 r       sys_clk_ibuf/opit_0/O
                                   net (fanout=1)        0.000       1.049         sys_clk_ibuf/ntD 
 IOLHR_364_450/DI_TO_CLK           td                    0.091       1.140 r       sys_clk_ibuf/opit_1/DI_TO_CLK
                                   net (fanout=1)        0.746       1.886         nt_sys_clk       
 USCM_215_576/CLKOUT               td                    0.143       2.029 r       clkbufg_3/gopclkbufg/CLKOUT
                                   net (fanout=1)        0.530       2.559         ntclkbufg_0      
 HCKB_213_506/CLKOUT               td                    0.245       2.804 r       HCKBROUTE_299/CLKOUT
                                   net (fanout=8)        0.440       3.244         _N422            
 CLMA_189_756/CLK                                                          r       hdmi_i2c_inst/i2c_ctrl_inst/cnt_clk[0]/opit_0_inv_L6Q_perm/CLK

 CLMA_189_756/Q1                   tco                   0.158       3.402 f       hdmi_i2c_inst/i2c_ctrl_inst/cnt_clk[0]/opit_0_inv_L6Q_perm/L6Q
                                   net (fanout=7)        0.089       3.491         hdmi_i2c_inst/i2c_ctrl_inst/cnt_clk [0]
 CLMS_189_757/A4                                                           f       hdmi_i2c_inst/i2c_ctrl_inst/cnt_clk[2]/opit_0_inv_L6Q_LUT6DQL5Q_perm/I4

 Data arrival time                                                   3.491         Logic Levels: 0  
                                                                                   Logic: 0.158ns(63.968%), Route: 0.089ns(36.032%)
----------------------------------------------------------------------------------------------------

 Clock sys_clk (rising edge)                             0.000       0.000 r                        
 R3                                                      0.000       0.000 r       sys_clk (port)   
                                   net (fanout=1)        0.096       0.096         sys_clk          
 IOBD_372_450/DIN                  td                    1.117       1.213 r       sys_clk_ibuf/opit_0/O
                                   net (fanout=1)        0.000       1.213         sys_clk_ibuf/ntD 
 IOLHR_364_450/DI_TO_CLK           td                    0.105       1.318 r       sys_clk_ibuf/opit_1/DI_TO_CLK
                                   net (fanout=1)        0.876       2.194         nt_sys_clk       
 USCM_215_576/CLKOUT               td                    0.168       2.362 r       clkbufg_3/gopclkbufg/CLKOUT
                                   net (fanout=1)        0.620       2.982         ntclkbufg_0      
 HCKB_213_506/CLKOUT               td                    0.287       3.269 r       HCKBROUTE_299/CLKOUT
                                   net (fanout=8)        0.510       3.779         _N422            
 CLMS_189_757/CLK                                                          r       hdmi_i2c_inst/i2c_ctrl_inst/cnt_clk[2]/opit_0_inv_L6Q_LUT6DQL5Q_perm/CLK
 clock pessimism                                        -0.506       3.273                          
 clock uncertainty                                       0.000       3.273                          

 Hold time                                              -0.027       3.246                          

 Data required time                                                  3.246                          
----------------------------------------------------------------------------------------------------
 Data required time                                                  3.246                          
 Data arrival time                                                  -3.491                          
----------------------------------------------------------------------------------------------------
 Slack (MET)                                                         0.245                          
====================================================================================================

====================================================================================================

Startpoint  : hdmi_i2c_inst/i2c_ctrl_inst/cnt_clk[5]/opit_0_inv_L6Q_perm/CLK
Endpoint    : hdmi_i2c_inst/i2c_ctrl_inst/cnt_clk[6]/opit_0_inv_L6Q_perm/I3
Path Group  : sys_clk
Path Type   : min
Path Class  : sequential timing path
Clock Skew :    0.001  (Capture Clock Delay - Launch Clock Delay + Clock Pessimism Removal)
  Capture Clock Delay     :  3.779
  Launch Clock Delay      :  3.244
  Clock Pessimism Removal :  -0.534

 Location                          Delay Type             Incr        Path         Logical Resource 
----------------------------------------------------------------------------------------------------

 Clock sys_clk (rising edge)                             0.000       0.000 r                        
 R3                                                      0.000       0.000 r       sys_clk (port)   
                                   net (fanout=1)        0.096       0.096         sys_clk          
 IOBD_372_450/DIN                  td                    0.953       1.049 r       sys_clk_ibuf/opit_0/O
                                   net (fanout=1)        0.000       1.049         sys_clk_ibuf/ntD 
 IOLHR_364_450/DI_TO_CLK           td                    0.091       1.140 r       sys_clk_ibuf/opit_1/DI_TO_CLK
                                   net (fanout=1)        0.746       1.886         nt_sys_clk       
 USCM_215_576/CLKOUT               td                    0.143       2.029 r       clkbufg_3/gopclkbufg/CLKOUT
                                   net (fanout=1)        0.530       2.559         ntclkbufg_0      
 HCKB_213_506/CLKOUT               td                    0.245       2.804 r       HCKBROUTE_299/CLKOUT
                                   net (fanout=8)        0.440       3.244         _N422            
 CLMS_189_757/CLK                                                          r       hdmi_i2c_inst/i2c_ctrl_inst/cnt_clk[5]/opit_0_inv_L6Q_perm/CLK

 CLMS_189_757/Q2                   tco                   0.158       3.402 f       hdmi_i2c_inst/i2c_ctrl_inst/cnt_clk[5]/opit_0_inv_L6Q_perm/L6Q
                                   net (fanout=4)        0.087       3.489         hdmi_i2c_inst/i2c_ctrl_inst/cnt_clk [5]
 CLMS_189_757/D3                                                           f       hdmi_i2c_inst/i2c_ctrl_inst/cnt_clk[6]/opit_0_inv_L6Q_perm/I3

 Data arrival time                                                   3.489         Logic Levels: 0  
                                                                                   Logic: 0.158ns(64.490%), Route: 0.087ns(35.510%)
----------------------------------------------------------------------------------------------------

 Clock sys_clk (rising edge)                             0.000       0.000 r                        
 R3                                                      0.000       0.000 r       sys_clk (port)   
                                   net (fanout=1)        0.096       0.096         sys_clk          
 IOBD_372_450/DIN                  td                    1.117       1.213 r       sys_clk_ibuf/opit_0/O
                                   net (fanout=1)        0.000       1.213         sys_clk_ibuf/ntD 
 IOLHR_364_450/DI_TO_CLK           td                    0.105       1.318 r       sys_clk_ibuf/opit_1/DI_TO_CLK
                                   net (fanout=1)        0.876       2.194         nt_sys_clk       
 USCM_215_576/CLKOUT               td                    0.168       2.362 r       clkbufg_3/gopclkbufg/CLKOUT
                                   net (fanout=1)        0.620       2.982         ntclkbufg_0      
 HCKB_213_506/CLKOUT               td                    0.287       3.269 r       HCKBROUTE_299/CLKOUT
                                   net (fanout=8)        0.510       3.779         _N422            
 CLMS_189_757/CLK                                                          r       hdmi_i2c_inst/i2c_ctrl_inst/cnt_clk[6]/opit_0_inv_L6Q_perm/CLK
 clock pessimism                                        -0.534       3.245                          
 clock uncertainty                                       0.000       3.245                          

 Hold time                                              -0.038       3.207                          

 Data required time                                                  3.207                          
----------------------------------------------------------------------------------------------------
 Data required time                                                  3.207                          
 Data arrival time                                                  -3.489                          
----------------------------------------------------------------------------------------------------
 Slack (MET)                                                         0.282                          
====================================================================================================

====================================================================================================

Startpoint  : hdmi_i2c_inst/i2c_ctrl_inst/cnt_clk[3]/opit_0_inv_L6Q_perm/CLK
Endpoint    : hdmi_i2c_inst/i2c_ctrl_inst/cnt_clk[0]/opit_0_inv_L6Q_perm/I5
Path Group  : sys_clk
Path Type   : min
Path Class  : sequential timing path
Clock Skew :    0.029  (Capture Clock Delay - Launch Clock Delay + Clock Pessimism Removal)
  Capture Clock Delay     :  3.779
  Launch Clock Delay      :  3.244
  Clock Pessimism Removal :  -0.506

 Location                          Delay Type             Incr        Path         Logical Resource 
----------------------------------------------------------------------------------------------------

 Clock sys_clk (rising edge)                             0.000       0.000 r                        
 R3                                                      0.000       0.000 r       sys_clk (port)   
                                   net (fanout=1)        0.096       0.096         sys_clk          
 IOBD_372_450/DIN                  td                    0.953       1.049 r       sys_clk_ibuf/opit_0/O
                                   net (fanout=1)        0.000       1.049         sys_clk_ibuf/ntD 
 IOLHR_364_450/DI_TO_CLK           td                    0.091       1.140 r       sys_clk_ibuf/opit_1/DI_TO_CLK
                                   net (fanout=1)        0.746       1.886         nt_sys_clk       
 USCM_215_576/CLKOUT               td                    0.143       2.029 r       clkbufg_3/gopclkbufg/CLKOUT
                                   net (fanout=1)        0.530       2.559         ntclkbufg_0      
 HCKB_213_506/CLKOUT               td                    0.245       2.804 r       HCKBROUTE_299/CLKOUT
                                   net (fanout=8)        0.440       3.244         _N422            
 CLMS_189_757/CLK                                                          r       hdmi_i2c_inst/i2c_ctrl_inst/cnt_clk[3]/opit_0_inv_L6Q_perm/CLK

 CLMS_189_757/Q1                   tco                   0.158       3.402 f       hdmi_i2c_inst/i2c_ctrl_inst/cnt_clk[3]/opit_0_inv_L6Q_perm/L6Q
                                   net (fanout=7)        0.144       3.546         hdmi_i2c_inst/i2c_ctrl_inst/cnt_clk [3]
 CLMA_189_756/B5                                                           f       hdmi_i2c_inst/i2c_ctrl_inst/cnt_clk[0]/opit_0_inv_L6Q_perm/I5

 Data arrival time                                                   3.546         Logic Levels: 0  
                                                                                   Logic: 0.158ns(52.318%), Route: 0.144ns(47.682%)
----------------------------------------------------------------------------------------------------

 Clock sys_clk (rising edge)                             0.000       0.000 r                        
 R3                                                      0.000       0.000 r       sys_clk (port)   
                                   net (fanout=1)        0.096       0.096         sys_clk          
 IOBD_372_450/DIN                  td                    1.117       1.213 r       sys_clk_ibuf/opit_0/O
                                   net (fanout=1)        0.000       1.213         sys_clk_ibuf/ntD 
 IOLHR_364_450/DI_TO_CLK           td                    0.105       1.318 r       sys_clk_ibuf/opit_1/DI_TO_CLK
                                   net (fanout=1)        0.876       2.194         nt_sys_clk       
 USCM_215_576/CLKOUT               td                    0.168       2.362 r       clkbufg_3/gopclkbufg/CLKOUT
                                   net (fanout=1)        0.620       2.982         ntclkbufg_0      
 HCKB_213_506/CLKOUT               td                    0.287       3.269 r       HCKBROUTE_299/CLKOUT
                                   net (fanout=8)        0.510       3.779         _N422            
 CLMA_189_756/CLK                                                          r       hdmi_i2c_inst/i2c_ctrl_inst/cnt_clk[0]/opit_0_inv_L6Q_perm/CLK
 clock pessimism                                        -0.506       3.273                          
 clock uncertainty                                       0.000       3.273                          

 Hold time                                              -0.014       3.259                          

 Data required time                                                  3.259                          
----------------------------------------------------------------------------------------------------
 Data required time                                                  3.259                          
 Data arrival time                                                  -3.546                          
----------------------------------------------------------------------------------------------------
 Slack (MET)                                                         0.287                          
====================================================================================================

====================================================================================================

Startpoint  : hdmi_i2c_inst/i2c_ctrl_inst/state_14/opit_0_inv_L6Q_perm/CLK
Endpoint    : u_CORES/u_debug_core_0/trig0_d1[41]/opit_0/D
Path Group  : hdmi_i2c_inst/i2c_ctrl_inst/i2c_clk/Q[0]_Inferred
Path Type   : max
Path Class  : sequential timing path
Clock Skew :    -0.294  (Capture Clock Delay - Launch Clock Delay + Clock Pessimism Removal)
  Capture Clock Delay     :  0.684
  Launch Clock Delay      :  0.978
  Clock Pessimism Removal :  0.000

 Location                          Delay Type             Incr        Path         Logical Resource 
----------------------------------------------------------------------------------------------------

 Clock hdmi_i2c_inst/i2c_ctrl_inst/i2c_clk/Q[0]_Inferred (rising edge)
                                                         0.000       0.000 r                        
 CLMS_189_757/CR1                                        0.000       0.000 r       hdmi_i2c_inst/i2c_ctrl_inst/i2c_clk/opit_0_inv/Q
                                   net (fanout=670)      0.978       0.978         hdmi_i2c_inst/cfg_clk
 CLMA_219_780/CLK                                                          r       hdmi_i2c_inst/i2c_ctrl_inst/state_14/opit_0_inv_L6Q_perm/CLK

 CLMA_219_780/Q2                   tco                   0.203       1.181 r       hdmi_i2c_inst/i2c_ctrl_inst/state_14/opit_0_inv_L6Q_perm/L6Q
                                   net (fanout=6)        0.627       1.808         hdmi_i2c_inst/i2c_ctrl_inst/state_14
 CLMS_207_769/Y2                   td                    0.108       1.916 r       hdmi_i2c_inst/i2c_ctrl_inst/state[3:0]_fsm[3:0]_26[1]_2/LUT6_inst_perm/L6
                                   net (fanout=2)        0.553       2.469         hdmi_i2c_inst/i2c_ctrl_inst/_N415
 CLMS_207_757/Y3                   td                    0.212       2.681 r       hdmi_i2c_inst/i2c_ctrl_inst/N796_2/LUT6_inst_perm/L6
                                   net (fanout=1)        0.243       2.924         hdmi_i2c_inst/i2c_ctrl_inst/N796
 CLMS_207_757/Y0                   td                    0.179       3.103 r       u_CORES/u_debug_core_0/TRIG0_ff[1][41]/opit_0_inv_L6QQ_perm/L6
                                   net (fanout=2)        0.653       3.756         _N283            
 CLMA_243_786/M1                                                           r       u_CORES/u_debug_core_0/trig0_d1[41]/opit_0/D

 Data arrival time                                                   3.756         Logic Levels: 3  
                                                                                   Logic: 0.702ns(25.270%), Route: 2.076ns(74.730%)
----------------------------------------------------------------------------------------------------

 Clock hdmi_i2c_inst/i2c_ctrl_inst/i2c_clk/Q[0]_Inferred (rising edge)
                                                      1000.000    1000.000 r                        
 CLMS_189_757/CR1                                        0.000    1000.000 r       hdmi_i2c_inst/i2c_ctrl_inst/i2c_clk/opit_0_inv/Q
                                   net (fanout=670)      0.684    1000.684         hdmi_i2c_inst/cfg_clk
 CLMA_243_786/CLK                                                          r       u_CORES/u_debug_core_0/trig0_d1[41]/opit_0/CLK
 clock pessimism                                         0.000    1000.684                          
 clock uncertainty                                      -0.050    1000.634                          

 Setup time                                             -0.136    1000.498                          

 Data required time                                               1000.498                          
----------------------------------------------------------------------------------------------------
 Data required time                                               1000.498                          
 Data arrival time                                                  -3.756                          
----------------------------------------------------------------------------------------------------
 Slack (MET)                                                       996.742                          
====================================================================================================

====================================================================================================

Startpoint  : hdmi_i2c_inst/i2c_ctrl_inst/cnt_i2c_clk[0]/opit_0_inv_L6QL5_perm/CLK
Endpoint    : hdmi_i2c_inst/i2c_ctrl_inst/state_13/opit_0_inv_L6QL5Q_perm/CE
Path Group  : hdmi_i2c_inst/i2c_ctrl_inst/i2c_clk/Q[0]_Inferred
Path Type   : max
Path Class  : sequential timing path
Clock Skew :    -0.294  (Capture Clock Delay - Launch Clock Delay + Clock Pessimism Removal)
  Capture Clock Delay     :  0.527
  Launch Clock Delay      :  0.858
  Clock Pessimism Removal :  0.037

 Location                          Delay Type             Incr        Path         Logical Resource 
----------------------------------------------------------------------------------------------------

 Clock hdmi_i2c_inst/i2c_ctrl_inst/i2c_clk/Q[0]_Inferred (rising edge)
                                                         0.000       0.000 r                        
 CLMS_189_757/CR1                                        0.000       0.000 r       hdmi_i2c_inst/i2c_ctrl_inst/i2c_clk/opit_0_inv/Q
                                   net (fanout=670)      0.858       0.858         hdmi_i2c_inst/cfg_clk
 CLMA_219_774/CLK                                                          r       hdmi_i2c_inst/i2c_ctrl_inst/cnt_i2c_clk[0]/opit_0_inv_L6QL5_perm/CLK

 CLMA_219_774/Q0                   tco                   0.203       1.061 r       hdmi_i2c_inst/i2c_ctrl_inst/cnt_i2c_clk[0]/opit_0_inv_L6QL5_perm/L6Q
                                   net (fanout=17)       0.471       1.532         hdmi_i2c_inst/i2c_ctrl_inst/cnt_i2c_clk [0]
 CLMA_207_774/CR1                  td                    0.227       1.759 r       CLKROUTE_295/CR  
                                   net (fanout=1)        0.119       1.878         _N418            
 CLMS_207_775/Y0                   td                    0.224       2.102 r       hdmi_i2c_inst/i2c_ctrl_inst/state_15/opit_0_inv_L5Q_perm/L6
                                   net (fanout=3)        0.399       2.501         hdmi_i2c_inst/i2c_ctrl_inst/N509
 CLMS_207_781/Y0                   td                    0.179       2.680 r       hdmi_i2c_inst/i2c_ctrl_inst/N736_2_9/LUT6_inst_perm/L6
                                   net (fanout=1)        0.119       2.799         hdmi_i2c_inst/i2c_ctrl_inst/_N507
 CLMS_207_781/Y1                   td                    0.074       2.873 r       hdmi_i2c_inst/i2c_ctrl_inst/N736_2_13/gateop_perm/L6
                                   net (fanout=10)       0.670       3.543         hdmi_i2c_inst/i2c_ctrl_inst/N736
 CLMA_207_780/CE                                                           r       hdmi_i2c_inst/i2c_ctrl_inst/state_13/opit_0_inv_L6QL5Q_perm/CE

 Data arrival time                                                   3.543         Logic Levels: 4  
                                                                                   Logic: 0.907ns(33.780%), Route: 1.778ns(66.220%)
----------------------------------------------------------------------------------------------------

 Clock hdmi_i2c_inst/i2c_ctrl_inst/i2c_clk/Q[0]_Inferred (rising edge)
                                                      1000.000    1000.000 r                        
 CLMS_189_757/CR1                                        0.000    1000.000 r       hdmi_i2c_inst/i2c_ctrl_inst/i2c_clk/opit_0_inv/Q
                                   net (fanout=670)      0.527    1000.527         hdmi_i2c_inst/cfg_clk
 CLMA_207_780/CLK                                                          r       hdmi_i2c_inst/i2c_ctrl_inst/state_13/opit_0_inv_L6QL5Q_perm/CLK
 clock pessimism                                         0.037    1000.564                          
 clock uncertainty                                      -0.050    1000.514                          

 Setup time                                             -0.226    1000.288                          

 Data required time                                               1000.288                          
----------------------------------------------------------------------------------------------------
 Data required time                                               1000.288                          
 Data arrival time                                                  -3.543                          
----------------------------------------------------------------------------------------------------
 Slack (MET)                                                       996.745                          
====================================================================================================

====================================================================================================

Startpoint  : hdmi_i2c_inst/i2c_ctrl_inst/cnt_i2c_clk[0]/opit_0_inv_L6QL5_perm/CLK
Endpoint    : hdmi_i2c_inst/i2c_ctrl_inst/state_10/opit_0_inv_L6QL5Q_perm/CE
Path Group  : hdmi_i2c_inst/i2c_ctrl_inst/i2c_clk/Q[0]_Inferred
Path Type   : max
Path Class  : sequential timing path
Clock Skew :    -0.445  (Capture Clock Delay - Launch Clock Delay + Clock Pessimism Removal)
  Capture Clock Delay     :  0.413
  Launch Clock Delay      :  0.858
  Clock Pessimism Removal :  0.000

 Location                          Delay Type             Incr        Path         Logical Resource 
----------------------------------------------------------------------------------------------------

 Clock hdmi_i2c_inst/i2c_ctrl_inst/i2c_clk/Q[0]_Inferred (rising edge)
                                                         0.000       0.000 r                        
 CLMS_189_757/CR1                                        0.000       0.000 r       hdmi_i2c_inst/i2c_ctrl_inst/i2c_clk/opit_0_inv/Q
                                   net (fanout=670)      0.858       0.858         hdmi_i2c_inst/cfg_clk
 CLMA_219_774/CLK                                                          r       hdmi_i2c_inst/i2c_ctrl_inst/cnt_i2c_clk[0]/opit_0_inv_L6QL5_perm/CLK

 CLMA_219_774/Q0                   tco                   0.203       1.061 r       hdmi_i2c_inst/i2c_ctrl_inst/cnt_i2c_clk[0]/opit_0_inv_L6QL5_perm/L6Q
                                   net (fanout=17)       0.471       1.532         hdmi_i2c_inst/i2c_ctrl_inst/cnt_i2c_clk [0]
 CLMA_207_774/CR1                  td                    0.227       1.759 r       CLKROUTE_295/CR  
                                   net (fanout=1)        0.119       1.878         _N418            
 CLMS_207_775/Y0                   td                    0.224       2.102 r       hdmi_i2c_inst/i2c_ctrl_inst/state_15/opit_0_inv_L5Q_perm/L6
                                   net (fanout=3)        0.399       2.501         hdmi_i2c_inst/i2c_ctrl_inst/N509
 CLMS_207_781/Y0                   td                    0.179       2.680 r       hdmi_i2c_inst/i2c_ctrl_inst/N736_2_9/LUT6_inst_perm/L6
                                   net (fanout=1)        0.119       2.799         hdmi_i2c_inst/i2c_ctrl_inst/_N507
 CLMS_207_781/Y1                   td                    0.074       2.873 r       hdmi_i2c_inst/i2c_ctrl_inst/N736_2_13/gateop_perm/L6
                                   net (fanout=10)       0.369       3.242         hdmi_i2c_inst/i2c_ctrl_inst/N736
 CLMS_207_769/CE                                                           r       hdmi_i2c_inst/i2c_ctrl_inst/state_10/opit_0_inv_L6QL5Q_perm/CE

 Data arrival time                                                   3.242         Logic Levels: 4  
                                                                                   Logic: 0.907ns(38.045%), Route: 1.477ns(61.955%)
----------------------------------------------------------------------------------------------------

 Clock hdmi_i2c_inst/i2c_ctrl_inst/i2c_clk/Q[0]_Inferred (rising edge)
                                                      1000.000    1000.000 r                        
 CLMS_189_757/CR1                                        0.000    1000.000 r       hdmi_i2c_inst/i2c_ctrl_inst/i2c_clk/opit_0_inv/Q
                                   net (fanout=670)      0.413    1000.413         hdmi_i2c_inst/cfg_clk
 CLMS_207_769/CLK                                                          r       hdmi_i2c_inst/i2c_ctrl_inst/state_10/opit_0_inv_L6QL5Q_perm/CLK
 clock pessimism                                         0.000    1000.413                          
 clock uncertainty                                      -0.050    1000.363                          

 Setup time                                             -0.226    1000.137                          

 Data required time                                               1000.137                          
----------------------------------------------------------------------------------------------------
 Data required time                                               1000.137                          
 Data arrival time                                                  -3.242                          
----------------------------------------------------------------------------------------------------
 Slack (MET)                                                       996.895                          
====================================================================================================

====================================================================================================

Startpoint  : u_CORES/u_debug_core_0/DATA_ff[0][12]/opit_0/CLK
Endpoint    : u_CORES/u_debug_core_0/u_Data_Capture_Memory/block_ram.ram_data_0_1/gopdrm_36k/DA0[4]
Path Group  : hdmi_i2c_inst/i2c_ctrl_inst/i2c_clk/Q[0]_Inferred
Path Type   : min
Path Class  : sequential timing path
Clock Skew :    0.940  (Capture Clock Delay - Launch Clock Delay + Clock Pessimism Removal)
  Capture Clock Delay     :  1.876
  Launch Clock Delay      :  0.936
  Clock Pessimism Removal :  0.000

 Location                          Delay Type             Incr        Path         Logical Resource 
----------------------------------------------------------------------------------------------------

 Clock hdmi_i2c_inst/i2c_ctrl_inst/i2c_clk/Q[0]_Inferred (rising edge)
                                                         0.000       0.000 r                        
 CLMS_189_757/CR1                                        0.000       0.000 r       hdmi_i2c_inst/i2c_ctrl_inst/i2c_clk/opit_0_inv/Q
                                   net (fanout=670)      0.936       0.936         hdmi_i2c_inst/cfg_clk
 CLMA_249_702/CLK                                                          r       u_CORES/u_debug_core_0/DATA_ff[0][12]/opit_0/CLK

 CLMA_249_702/Q3                   tco                   0.158       1.094 f       u_CORES/u_debug_core_0/DATA_ff[0][12]/opit_0/Q
                                   net (fanout=4)        0.376       1.470         u_CORES/u_debug_core_0/DATA_ff[0] [12]
 DRM_256_672/DA0[4]                                                        f       u_CORES/u_debug_core_0/u_Data_Capture_Memory/block_ram.ram_data_0_1/gopdrm_36k/DA0[4]

 Data arrival time                                                   1.470         Logic Levels: 0  
                                                                                   Logic: 0.158ns(29.588%), Route: 0.376ns(70.412%)
----------------------------------------------------------------------------------------------------

 Clock hdmi_i2c_inst/i2c_ctrl_inst/i2c_clk/Q[0]_Inferred (rising edge)
                                                         0.000       0.000 r                        
 CLMS_189_757/CR1                                        0.000       0.000 r       hdmi_i2c_inst/i2c_ctrl_inst/i2c_clk/opit_0_inv/Q
                                   net (fanout=670)      1.876       1.876         hdmi_i2c_inst/cfg_clk
 DRM_256_672/CLKA[0]                                                       r       u_CORES/u_debug_core_0/u_Data_Capture_Memory/block_ram.ram_data_0_1/gopdrm_36k/CLKA[0]
 clock pessimism                                         0.000       1.876                          
 clock uncertainty                                       0.000       1.876                          

 Hold time                                               0.016       1.892                          

 Data required time                                                  1.892                          
----------------------------------------------------------------------------------------------------
 Data required time                                                  1.892                          
 Data arrival time                                                  -1.470                          
----------------------------------------------------------------------------------------------------
 Slack (VIOLATED)                                                   -0.422                          
====================================================================================================

====================================================================================================

Startpoint  : u_CORES/u_debug_core_0/u_Trigger_Condition/bool_match[0]/opit_0_inv_L6Q_perm/CLK
Endpoint    : u_CORES/u_debug_core_0/u_Storage_Condition/trigger_d1/opit_0_inv/D
Path Group  : hdmi_i2c_inst/i2c_ctrl_inst/i2c_clk/Q[0]_Inferred
Path Type   : min
Path Class  : sequential timing path
Clock Skew :    0.911  (Capture Clock Delay - Launch Clock Delay + Clock Pessimism Removal)
  Capture Clock Delay     :  1.715
  Launch Clock Delay      :  0.711
  Clock Pessimism Removal :  -0.093

 Location                          Delay Type             Incr        Path         Logical Resource 
----------------------------------------------------------------------------------------------------

 Clock hdmi_i2c_inst/i2c_ctrl_inst/i2c_clk/Q[0]_Inferred (rising edge)
                                                         0.000       0.000 r                        
 CLMS_189_757/CR1                                        0.000       0.000 r       hdmi_i2c_inst/i2c_ctrl_inst/i2c_clk/opit_0_inv/Q
                                   net (fanout=670)      0.711       0.711         hdmi_i2c_inst/cfg_clk
 CLMA_249_727/CLK                                                          r       u_CORES/u_debug_core_0/u_Trigger_Condition/bool_match[0]/opit_0_inv_L6Q_perm/CLK

 CLMA_249_727/Q0                   tco                   0.158       0.869 f       u_CORES/u_debug_core_0/u_Trigger_Condition/bool_match[0]/opit_0_inv_L6Q_perm/L6Q
                                   net (fanout=3)        0.327       1.196         u_CORES/u_debug_core_0/trigger
 CLMS_285_727/M2                                                           f       u_CORES/u_debug_core_0/u_Storage_Condition/trigger_d1/opit_0_inv/D

 Data arrival time                                                   1.196         Logic Levels: 0  
                                                                                   Logic: 0.158ns(32.577%), Route: 0.327ns(67.423%)
----------------------------------------------------------------------------------------------------

 Clock hdmi_i2c_inst/i2c_ctrl_inst/i2c_clk/Q[0]_Inferred (rising edge)
                                                         0.000       0.000 r                        
 CLMS_189_757/CR1                                        0.000       0.000 r       hdmi_i2c_inst/i2c_ctrl_inst/i2c_clk/opit_0_inv/Q
                                   net (fanout=670)      1.715       1.715         hdmi_i2c_inst/cfg_clk
 CLMS_285_727/CLK                                                          r       u_CORES/u_debug_core_0/u_Storage_Condition/trigger_d1/opit_0_inv/CLK
 clock pessimism                                        -0.093       1.622                          
 clock uncertainty                                       0.000       1.622                          

 Hold time                                              -0.043       1.579                          

 Data required time                                                  1.579                          
----------------------------------------------------------------------------------------------------
 Data required time                                                  1.579                          
 Data arrival time                                                  -1.196                          
----------------------------------------------------------------------------------------------------
 Slack (VIOLATED)                                                   -0.383                          
====================================================================================================

====================================================================================================

Startpoint  : u_CORES/u_debug_core_0/DATA_ff[0][8]/opit_0/CLK
Endpoint    : u_CORES/u_debug_core_0/u_Data_Capture_Memory/block_ram.ram_data_0_1/gopdrm_36k/DA0[0]
Path Group  : hdmi_i2c_inst/i2c_ctrl_inst/i2c_clk/Q[0]_Inferred
Path Type   : min
Path Class  : sequential timing path
Clock Skew :    0.940  (Capture Clock Delay - Launch Clock Delay + Clock Pessimism Removal)
  Capture Clock Delay     :  1.876
  Launch Clock Delay      :  0.936
  Clock Pessimism Removal :  0.000

 Location                          Delay Type             Incr        Path         Logical Resource 
----------------------------------------------------------------------------------------------------

 Clock hdmi_i2c_inst/i2c_ctrl_inst/i2c_clk/Q[0]_Inferred (rising edge)
                                                         0.000       0.000 r                        
 CLMS_189_757/CR1                                        0.000       0.000 r       hdmi_i2c_inst/i2c_ctrl_inst/i2c_clk/opit_0_inv/Q
                                   net (fanout=670)      0.936       0.936         hdmi_i2c_inst/cfg_clk
 CLMA_249_702/CLK                                                          r       u_CORES/u_debug_core_0/DATA_ff[0][8]/opit_0/CLK

 CLMA_249_702/Q2                   tco                   0.158       1.094 f       u_CORES/u_debug_core_0/DATA_ff[0][8]/opit_0/Q
                                   net (fanout=4)        0.418       1.512         u_CORES/u_debug_core_0/DATA_ff[0] [8]
 DRM_256_672/DA0[0]                                                        f       u_CORES/u_debug_core_0/u_Data_Capture_Memory/block_ram.ram_data_0_1/gopdrm_36k/DA0[0]

 Data arrival time                                                   1.512         Logic Levels: 0  
                                                                                   Logic: 0.158ns(27.431%), Route: 0.418ns(72.569%)
----------------------------------------------------------------------------------------------------

 Clock hdmi_i2c_inst/i2c_ctrl_inst/i2c_clk/Q[0]_Inferred (rising edge)
                                                         0.000       0.000 r                        
 CLMS_189_757/CR1                                        0.000       0.000 r       hdmi_i2c_inst/i2c_ctrl_inst/i2c_clk/opit_0_inv/Q
                                   net (fanout=670)      1.876       1.876         hdmi_i2c_inst/cfg_clk
 DRM_256_672/CLKA[0]                                                       r       u_CORES/u_debug_core_0/u_Data_Capture_Memory/block_ram.ram_data_0_1/gopdrm_36k/CLKA[0]
 clock pessimism                                         0.000       1.876                          
 clock uncertainty                                       0.000       1.876                          

 Hold time                                               0.016       1.892                          

 Data required time                                                  1.892                          
----------------------------------------------------------------------------------------------------
 Data required time                                                  1.892                          
 Data arrival time                                                  -1.512                          
----------------------------------------------------------------------------------------------------
 Slack (VIOLATED)                                                   -0.380                          
====================================================================================================

====================================================================================================

Startpoint  : u_CORES/u_jtag_hub/data_ctrl/opit_0_inv_L6Q/CLK
Endpoint    : u_CORES/u_jtag_hub/id_o[3]/opit_0_inv_L6Q_LUT6DQL5Q_perm/I0
Path Group  : DebugCore_JCLK
Path Type   : max
Path Class  : sequential timing path
Clock Skew :    -0.097  (Capture Clock Delay - Launch Clock Delay + Clock Pessimism Removal)
  Capture Clock Delay     :  3.099
  Launch Clock Delay      :  4.090
  Clock Pessimism Removal :  0.894

 Location                          Delay Type             Incr        Path         Logical Resource 
----------------------------------------------------------------------------------------------------

 Clock DebugCore_JCLK (rising edge)
                                                         0.000       0.000 r                        
 SCANCHAIN_88_312/TCK1                                   0.000       0.000 r       u_CORES/u_GTP_SCANCHAIN_PG/scanchain/TCK1
                                   net (fanout=1)        2.544       2.544         u_CORES/drck_o   
 USCM_215_669/CLKOUT               td                    0.168       2.712 r       clkbufg_5/gopclkbufg/CLKOUT
                                   net (fanout=4)        0.620       3.332         ntclkbufg_2      
 HCKB_213_526/CLKOUT               td                    0.287       3.619 r       HCKBROUTE_300/CLKOUT
                                   net (fanout=176)      0.471       4.090         _N423            
 CLMA_243_624/CLK                                                          r       u_CORES/u_jtag_hub/data_ctrl/opit_0_inv_L6Q/CLK

 CLMA_243_624/Q0                   tco                   0.203       4.293 r       u_CORES/u_jtag_hub/data_ctrl/opit_0_inv_L6Q/L6Q
                                   net (fanout=7)        1.030       5.323         u_CORES/u_jtag_hub/data_ctrl
 CLMA_261_726/B0                                                           r       u_CORES/u_jtag_hub/id_o[3]/opit_0_inv_L6Q_LUT6DQL5Q_perm/I0

 Data arrival time                                                   5.323         Logic Levels: 0  
                                                                                   Logic: 0.203ns(16.464%), Route: 1.030ns(83.536%)
----------------------------------------------------------------------------------------------------

 Clock DebugCore_JCLK (falling edge)
                                                        25.000      25.000 f                        
 SCANCHAIN_88_312/TCK1                                   0.000      25.000 f       u_CORES/u_GTP_SCANCHAIN_PG/scanchain/TCK1
                                   net (fanout=1)        1.807      26.807         u_CORES/drck_o   
 USCM_215_669/CLKOUT               td                    0.143      26.950 f       clkbufg_5/gopclkbufg/CLKOUT
                                   net (fanout=4)        0.530      27.480         ntclkbufg_2      
 HCKB_213_526/CLKOUT               td                    0.245      27.725 f       HCKBROUTE_300/CLKOUT
                                   net (fanout=176)      0.374      28.099         _N423            
 CLMA_261_726/CLK                                                          f       u_CORES/u_jtag_hub/id_o[3]/opit_0_inv_L6Q_LUT6DQL5Q_perm/CLK
 clock pessimism                                         0.894      28.993                          
 clock uncertainty                                      -0.050      28.943                          

 Setup time                                             -0.283      28.660                          

 Data required time                                                 28.660                          
----------------------------------------------------------------------------------------------------
 Data required time                                                 28.660                          
 Data arrival time                                                  -5.323                          
----------------------------------------------------------------------------------------------------
 Slack (MET)                                                        23.337                          
====================================================================================================

====================================================================================================

Startpoint  : u_CORES/u_jtag_hub/data_ctrl/opit_0_inv_L6Q/CLK
Endpoint    : u_CORES/u_jtag_hub/id_o[1]/opit_0_inv_L6Q_LUT6DQL5Q_perm/I1
Path Group  : DebugCore_JCLK
Path Type   : max
Path Class  : sequential timing path
Clock Skew :    -0.097  (Capture Clock Delay - Launch Clock Delay + Clock Pessimism Removal)
  Capture Clock Delay     :  3.099
  Launch Clock Delay      :  4.090
  Clock Pessimism Removal :  0.894

 Location                          Delay Type             Incr        Path         Logical Resource 
----------------------------------------------------------------------------------------------------

 Clock DebugCore_JCLK (rising edge)
                                                         0.000       0.000 r                        
 SCANCHAIN_88_312/TCK1                                   0.000       0.000 r       u_CORES/u_GTP_SCANCHAIN_PG/scanchain/TCK1
                                   net (fanout=1)        2.544       2.544         u_CORES/drck_o   
 USCM_215_669/CLKOUT               td                    0.168       2.712 r       clkbufg_5/gopclkbufg/CLKOUT
                                   net (fanout=4)        0.620       3.332         ntclkbufg_2      
 HCKB_213_526/CLKOUT               td                    0.287       3.619 r       HCKBROUTE_300/CLKOUT
                                   net (fanout=176)      0.471       4.090         _N423            
 CLMA_243_624/CLK                                                          r       u_CORES/u_jtag_hub/data_ctrl/opit_0_inv_L6Q/CLK

 CLMA_243_624/Q0                   tco                   0.203       4.293 r       u_CORES/u_jtag_hub/data_ctrl/opit_0_inv_L6Q/L6Q
                                   net (fanout=7)        1.030       5.323         u_CORES/u_jtag_hub/data_ctrl
 CLMA_261_726/A1                                                           r       u_CORES/u_jtag_hub/id_o[1]/opit_0_inv_L6Q_LUT6DQL5Q_perm/I1

 Data arrival time                                                   5.323         Logic Levels: 0  
                                                                                   Logic: 0.203ns(16.464%), Route: 1.030ns(83.536%)
----------------------------------------------------------------------------------------------------

 Clock DebugCore_JCLK (falling edge)
                                                        25.000      25.000 f                        
 SCANCHAIN_88_312/TCK1                                   0.000      25.000 f       u_CORES/u_GTP_SCANCHAIN_PG/scanchain/TCK1
                                   net (fanout=1)        1.807      26.807         u_CORES/drck_o   
 USCM_215_669/CLKOUT               td                    0.143      26.950 f       clkbufg_5/gopclkbufg/CLKOUT
                                   net (fanout=4)        0.530      27.480         ntclkbufg_2      
 HCKB_213_526/CLKOUT               td                    0.245      27.725 f       HCKBROUTE_300/CLKOUT
                                   net (fanout=176)      0.374      28.099         _N423            
 CLMA_261_726/CLK                                                          f       u_CORES/u_jtag_hub/id_o[1]/opit_0_inv_L6Q_LUT6DQL5Q_perm/CLK
 clock pessimism                                         0.894      28.993                          
 clock uncertainty                                      -0.050      28.943                          

 Setup time                                             -0.283      28.660                          

 Data required time                                                 28.660                          
----------------------------------------------------------------------------------------------------
 Data required time                                                 28.660                          
 Data arrival time                                                  -5.323                          
----------------------------------------------------------------------------------------------------
 Slack (MET)                                                        23.337                          
====================================================================================================

====================================================================================================

Startpoint  : u_CORES/u_jtag_hub/data_ctrl/opit_0_inv_L6Q/CLK
Endpoint    : u_CORES/u_jtag_hub/id_o[4]/opit_0_inv_L6QL5_perm/I2
Path Group  : DebugCore_JCLK
Path Type   : max
Path Class  : sequential timing path
Clock Skew :    -0.097  (Capture Clock Delay - Launch Clock Delay + Clock Pessimism Removal)
  Capture Clock Delay     :  3.099
  Launch Clock Delay      :  4.090
  Clock Pessimism Removal :  0.894

 Location                          Delay Type             Incr        Path         Logical Resource 
----------------------------------------------------------------------------------------------------

 Clock DebugCore_JCLK (rising edge)
                                                         0.000       0.000 r                        
 SCANCHAIN_88_312/TCK1                                   0.000       0.000 r       u_CORES/u_GTP_SCANCHAIN_PG/scanchain/TCK1
                                   net (fanout=1)        2.544       2.544         u_CORES/drck_o   
 USCM_215_669/CLKOUT               td                    0.168       2.712 r       clkbufg_5/gopclkbufg/CLKOUT
                                   net (fanout=4)        0.620       3.332         ntclkbufg_2      
 HCKB_213_526/CLKOUT               td                    0.287       3.619 r       HCKBROUTE_300/CLKOUT
                                   net (fanout=176)      0.471       4.090         _N423            
 CLMA_243_624/CLK                                                          r       u_CORES/u_jtag_hub/data_ctrl/opit_0_inv_L6Q/CLK

 CLMA_243_624/Q0                   tco                   0.203       4.293 r       u_CORES/u_jtag_hub/data_ctrl/opit_0_inv_L6Q/L6Q
                                   net (fanout=7)        1.030       5.323         u_CORES/u_jtag_hub/data_ctrl
 CLMA_261_726/C2                                                           r       u_CORES/u_jtag_hub/id_o[4]/opit_0_inv_L6QL5_perm/I2

 Data arrival time                                                   5.323         Logic Levels: 0  
                                                                                   Logic: 0.203ns(16.464%), Route: 1.030ns(83.536%)
----------------------------------------------------------------------------------------------------

 Clock DebugCore_JCLK (falling edge)
                                                        25.000      25.000 f                        
 SCANCHAIN_88_312/TCK1                                   0.000      25.000 f       u_CORES/u_GTP_SCANCHAIN_PG/scanchain/TCK1
                                   net (fanout=1)        1.807      26.807         u_CORES/drck_o   
 USCM_215_669/CLKOUT               td                    0.143      26.950 f       clkbufg_5/gopclkbufg/CLKOUT
                                   net (fanout=4)        0.530      27.480         ntclkbufg_2      
 HCKB_213_526/CLKOUT               td                    0.245      27.725 f       HCKBROUTE_300/CLKOUT
                                   net (fanout=176)      0.374      28.099         _N423            
 CLMA_261_726/CLK                                                          f       u_CORES/u_jtag_hub/id_o[4]/opit_0_inv_L6QL5_perm/CLK
 clock pessimism                                         0.894      28.993                          
 clock uncertainty                                      -0.050      28.943                          

 Setup time                                             -0.239      28.704                          

 Data required time                                                 28.704                          
----------------------------------------------------------------------------------------------------
 Data required time                                                 28.704                          
 Data arrival time                                                  -5.323                          
----------------------------------------------------------------------------------------------------
 Slack (MET)                                                        23.381                          
====================================================================================================

====================================================================================================

Startpoint  : u_CORES/u_debug_core_0/u_hub_data_decode/conf_id_d1[2]/opit_0_inv/CLK
Endpoint    : u_CORES/u_debug_core_0/u_hub_data_decode/conf_sel_int[18]/opit_0_inv_L6Q_perm/I5
Path Group  : DebugCore_JCLK
Path Type   : min
Path Class  : sequential timing path
Clock Skew :    0.001  (Capture Clock Delay - Launch Clock Delay + Clock Pessimism Removal)
  Capture Clock Delay     :  4.067
  Launch Clock Delay      :  3.219
  Clock Pessimism Removal :  -0.847

 Location                          Delay Type             Incr        Path         Logical Resource 
----------------------------------------------------------------------------------------------------

 Clock DebugCore_JCLK (rising edge)
                                                         0.000       0.000 r                        
 SCANCHAIN_88_312/TCK1                                   0.000       0.000 r       u_CORES/u_GTP_SCANCHAIN_PG/scanchain/TCK1
                                   net (fanout=1)        1.923       1.923         u_CORES/drck_o   
 USCM_215_669/CLKOUT               td                    0.143       2.066 r       clkbufg_5/gopclkbufg/CLKOUT
                                   net (fanout=4)        0.530       2.596         ntclkbufg_2      
 HCKB_213_526/CLKOUT               td                    0.245       2.841 r       HCKBROUTE_300/CLKOUT
                                   net (fanout=176)      0.378       3.219         _N423            
 CLMA_261_745/CLK                                                          r       u_CORES/u_debug_core_0/u_hub_data_decode/conf_id_d1[2]/opit_0_inv/CLK

 CLMA_261_745/Q3                   tco                   0.158       3.377 f       u_CORES/u_debug_core_0/u_hub_data_decode/conf_id_d1[2]/opit_0_inv/Q
                                   net (fanout=3)        0.087       3.464         u_CORES/u_debug_core_0/u_hub_data_decode/conf_id_d1 [2]
 CLMA_261_745/C5                                                           f       u_CORES/u_debug_core_0/u_hub_data_decode/conf_sel_int[18]/opit_0_inv_L6Q_perm/I5

 Data arrival time                                                   3.464         Logic Levels: 0  
                                                                                   Logic: 0.158ns(64.490%), Route: 0.087ns(35.510%)
----------------------------------------------------------------------------------------------------

 Clock DebugCore_JCLK (rising edge)
                                                         0.000       0.000 r                        
 SCANCHAIN_88_312/TCK1                                   0.000       0.000 r       u_CORES/u_GTP_SCANCHAIN_PG/scanchain/TCK1
                                   net (fanout=1)        2.544       2.544         u_CORES/drck_o   
 USCM_215_669/CLKOUT               td                    0.168       2.712 r       clkbufg_5/gopclkbufg/CLKOUT
                                   net (fanout=4)        0.620       3.332         ntclkbufg_2      
 HCKB_213_526/CLKOUT               td                    0.287       3.619 r       HCKBROUTE_300/CLKOUT
                                   net (fanout=176)      0.448       4.067         _N423            
 CLMA_261_745/CLK                                                          r       u_CORES/u_debug_core_0/u_hub_data_decode/conf_sel_int[18]/opit_0_inv_L6Q_perm/CLK
 clock pessimism                                        -0.847       3.220                          
 clock uncertainty                                       0.000       3.220                          

 Hold time                                              -0.017       3.203                          

 Data required time                                                  3.203                          
----------------------------------------------------------------------------------------------------
 Data required time                                                  3.203                          
 Data arrival time                                                  -3.464                          
----------------------------------------------------------------------------------------------------
 Slack (MET)                                                         0.261                          
====================================================================================================

====================================================================================================

Startpoint  : u_CORES/u_debug_core_0/u0_trig_unit/u_cfg_reg_file/bit_cnt[2]/opit_0_inv_L6Q_perm/CLK
Endpoint    : u_CORES/u_debug_core_0/u0_trig_unit/u_cfg_reg_file/bit_cnt[4]/opit_0_inv_L6Q_perm/I5
Path Group  : DebugCore_JCLK
Path Type   : min
Path Class  : sequential timing path
Clock Skew :    0.001  (Capture Clock Delay - Launch Clock Delay + Clock Pessimism Removal)
  Capture Clock Delay     :  4.070
  Launch Clock Delay      :  3.222
  Clock Pessimism Removal :  -0.847

 Location                          Delay Type             Incr        Path         Logical Resource 
----------------------------------------------------------------------------------------------------

 Clock DebugCore_JCLK (rising edge)
                                                         0.000       0.000 r                        
 SCANCHAIN_88_312/TCK1                                   0.000       0.000 r       u_CORES/u_GTP_SCANCHAIN_PG/scanchain/TCK1
                                   net (fanout=1)        1.923       1.923         u_CORES/drck_o   
 USCM_215_669/CLKOUT               td                    0.143       2.066 r       clkbufg_5/gopclkbufg/CLKOUT
                                   net (fanout=4)        0.530       2.596         ntclkbufg_2      
 HCKB_213_526/CLKOUT               td                    0.245       2.841 r       HCKBROUTE_300/CLKOUT
                                   net (fanout=176)      0.381       3.222         _N423            
 CLMA_249_739/CLK                                                          r       u_CORES/u_debug_core_0/u0_trig_unit/u_cfg_reg_file/bit_cnt[2]/opit_0_inv_L6Q_perm/CLK

 CLMA_249_739/Q2                   tco                   0.158       3.380 f       u_CORES/u_debug_core_0/u0_trig_unit/u_cfg_reg_file/bit_cnt[2]/opit_0_inv_L6Q_perm/L6Q
                                   net (fanout=26)       0.091       3.471         u_CORES/u_debug_core_0/u0_trig_unit/u_cfg_reg_file/bit_cnt [2]
 CLMA_249_739/B5                                                           f       u_CORES/u_debug_core_0/u0_trig_unit/u_cfg_reg_file/bit_cnt[4]/opit_0_inv_L6Q_perm/I5

 Data arrival time                                                   3.471         Logic Levels: 0  
                                                                                   Logic: 0.158ns(63.454%), Route: 0.091ns(36.546%)
----------------------------------------------------------------------------------------------------

 Clock DebugCore_JCLK (rising edge)
                                                         0.000       0.000 r                        
 SCANCHAIN_88_312/TCK1                                   0.000       0.000 r       u_CORES/u_GTP_SCANCHAIN_PG/scanchain/TCK1
                                   net (fanout=1)        2.544       2.544         u_CORES/drck_o   
 USCM_215_669/CLKOUT               td                    0.168       2.712 r       clkbufg_5/gopclkbufg/CLKOUT
                                   net (fanout=4)        0.620       3.332         ntclkbufg_2      
 HCKB_213_526/CLKOUT               td                    0.287       3.619 r       HCKBROUTE_300/CLKOUT
                                   net (fanout=176)      0.451       4.070         _N423            
 CLMA_249_739/CLK                                                          r       u_CORES/u_debug_core_0/u0_trig_unit/u_cfg_reg_file/bit_cnt[4]/opit_0_inv_L6Q_perm/CLK
 clock pessimism                                        -0.847       3.223                          
 clock uncertainty                                       0.000       3.223                          

 Hold time                                              -0.014       3.209                          

 Data required time                                                  3.209                          
----------------------------------------------------------------------------------------------------
 Data required time                                                  3.209                          
 Data arrival time                                                  -3.471                          
----------------------------------------------------------------------------------------------------
 Slack (MET)                                                         0.262                          
====================================================================================================

====================================================================================================

Startpoint  : u_CORES/u_debug_core_0/u_hub_data_decode/conf_id_d1[2]/opit_0_inv/CLK
Endpoint    : u_CORES/u_debug_core_0/u_hub_data_decode/conf_sel_int[16]/opit_0_inv_L6Q_perm/I3
Path Group  : DebugCore_JCLK
Path Type   : min
Path Class  : sequential timing path
Clock Skew :    0.001  (Capture Clock Delay - Launch Clock Delay + Clock Pessimism Removal)
  Capture Clock Delay     :  4.067
  Launch Clock Delay      :  3.219
  Clock Pessimism Removal :  -0.847

 Location                          Delay Type             Incr        Path         Logical Resource 
----------------------------------------------------------------------------------------------------

 Clock DebugCore_JCLK (rising edge)
                                                         0.000       0.000 r                        
 SCANCHAIN_88_312/TCK1                                   0.000       0.000 r       u_CORES/u_GTP_SCANCHAIN_PG/scanchain/TCK1
                                   net (fanout=1)        1.923       1.923         u_CORES/drck_o   
 USCM_215_669/CLKOUT               td                    0.143       2.066 r       clkbufg_5/gopclkbufg/CLKOUT
                                   net (fanout=4)        0.530       2.596         ntclkbufg_2      
 HCKB_213_526/CLKOUT               td                    0.245       2.841 r       HCKBROUTE_300/CLKOUT
                                   net (fanout=176)      0.378       3.219         _N423            
 CLMA_261_745/CLK                                                          r       u_CORES/u_debug_core_0/u_hub_data_decode/conf_id_d1[2]/opit_0_inv/CLK

 CLMA_261_745/Q3                   tco                   0.158       3.377 f       u_CORES/u_debug_core_0/u_hub_data_decode/conf_id_d1[2]/opit_0_inv/Q
                                   net (fanout=3)        0.087       3.464         u_CORES/u_debug_core_0/u_hub_data_decode/conf_id_d1 [2]
 CLMA_261_745/A3                                                           f       u_CORES/u_debug_core_0/u_hub_data_decode/conf_sel_int[16]/opit_0_inv_L6Q_perm/I3

 Data arrival time                                                   3.464         Logic Levels: 0  
                                                                                   Logic: 0.158ns(64.490%), Route: 0.087ns(35.510%)
----------------------------------------------------------------------------------------------------

 Clock DebugCore_JCLK (rising edge)
                                                         0.000       0.000 r                        
 SCANCHAIN_88_312/TCK1                                   0.000       0.000 r       u_CORES/u_GTP_SCANCHAIN_PG/scanchain/TCK1
                                   net (fanout=1)        2.544       2.544         u_CORES/drck_o   
 USCM_215_669/CLKOUT               td                    0.168       2.712 r       clkbufg_5/gopclkbufg/CLKOUT
                                   net (fanout=4)        0.620       3.332         ntclkbufg_2      
 HCKB_213_526/CLKOUT               td                    0.287       3.619 r       HCKBROUTE_300/CLKOUT
                                   net (fanout=176)      0.448       4.067         _N423            
 CLMA_261_745/CLK                                                          r       u_CORES/u_debug_core_0/u_hub_data_decode/conf_sel_int[16]/opit_0_inv_L6Q_perm/CLK
 clock pessimism                                        -0.847       3.220                          
 clock uncertainty                                       0.000       3.220                          

 Hold time                                              -0.042       3.178                          

 Data required time                                                  3.178                          
----------------------------------------------------------------------------------------------------
 Data required time                                                  3.178                          
 Data arrival time                                                  -3.464                          
----------------------------------------------------------------------------------------------------
 Slack (MET)                                                         0.286                          
====================================================================================================

====================================================================================================

Startpoint  : u_CORES/u_debug_core_0/u_hub_data_decode/conf_sel_ini/opit_0_inv/CLK
Endpoint    : u_CORES/u_debug_core_0/u_rd_addr_gen/ram_radr[12]/opit_0_inv_AQ_perm/CIN
Path Group  : DebugCore_JCLK
Path Type   : max
Path Class  : sequential timing path
Clock Skew :    0.371  (Capture Clock Delay - Launch Clock Delay + Clock Pessimism Removal)
  Capture Clock Delay     :  3.199
  Launch Clock Delay      :  2.828
  Clock Pessimism Removal :  0.000

 Location                          Delay Type             Incr        Path         Logical Resource 
----------------------------------------------------------------------------------------------------

 Clock DebugCore_CAPTURE (rising edge)
                                                        25.000      25.000 r                        
 SCANCHAIN_88_312/CAPTUREDR                              0.000      25.000 r       u_CORES/u_GTP_SCANCHAIN_PG/scanchain/CAPTUREDR
                                   net (fanout=1)        1.306      26.306         u_CORES/capt_o   
 USCM_215_666/CLKOUT               td                    0.168      26.474 r       clkbufg_4/gopclkbufg/CLKOUT
                                   net (fanout=1)        0.620      27.094         ntclkbufg_1      
 HCKB_213_536/CLKOUT               td                    0.287      27.381 r       HCKBROUTE_298/CLKOUT
                                   net (fanout=11)       0.447      27.828         _N421            
 CLMA_261_751/CLK                                                          r       u_CORES/u_debug_core_0/u_hub_data_decode/conf_sel_ini/opit_0_inv/CLK

 CLMA_261_751/Q0                   tco                   0.203      28.031 r       u_CORES/u_debug_core_0/u_hub_data_decode/conf_sel_ini/opit_0_inv/Q
                                   net (fanout=10)       0.489      28.520         u_CORES/u_debug_core_0/conf_sel_o
 CLMA_261_745/Y3                   td                    0.179      28.699 r       u_CORES/u_debug_core_0/u_hub_data_decode/N114[22]_3/LUT6_inst_perm/L6
                                   net (fanout=3)        0.547      29.246         u_CORES/u_debug_core_0/conf_sel_int [22]
 CLMA_273_768/Y3                   td                    0.096      29.342 r       u_CORES/u_debug_core_0/u_rd_addr_gen/N733/gateop_LUT6DL5_perm/L6
                                   net (fanout=14)       0.539      29.881         u_CORES/u_debug_core_0/u_rd_addr_gen/N733
 CLMA_273_744/COUT                 td                    0.385      30.266 f       u_CORES/u_debug_core_0/u_rd_addr_gen/ram_radr[3]/opit_0_inv_AQ_perm/COUT
                                   net (fanout=1)        0.000      30.266         u_CORES/u_debug_core_0/u_rd_addr_gen/_N307
 CLMA_273_750/COUT                 td                    0.085      30.351 f       u_CORES/u_debug_core_0/u_rd_addr_gen/ram_radr[7]/opit_0_inv_AQ_perm/COUT
                                   net (fanout=1)        0.000      30.351         u_CORES/u_debug_core_0/u_rd_addr_gen/_N311
 CLMA_273_756/COUT                 td                    0.078      30.429 r       u_CORES/u_debug_core_0/u_rd_addr_gen/ram_radr[11]/opit_0_inv_AQ_perm/COUT
                                   net (fanout=1)        0.000      30.429         u_CORES/u_debug_core_0/u_rd_addr_gen/_N315
 CLMA_273_768/CIN                                                          r       u_CORES/u_debug_core_0/u_rd_addr_gen/ram_radr[12]/opit_0_inv_AQ_perm/CIN

 Data arrival time                                                  30.429         Logic Levels: 5  
                                                                                   Logic: 1.026ns(39.446%), Route: 1.575ns(60.554%)
----------------------------------------------------------------------------------------------------

 Clock DebugCore_JCLK (rising edge)
                                                        50.000      50.000 r                        
 SCANCHAIN_88_312/TCK1                                   0.000      50.000 r       u_CORES/u_GTP_SCANCHAIN_PG/scanchain/TCK1
                                   net (fanout=1)        1.923      51.923         u_CORES/drck_o   
 USCM_215_669/CLKOUT               td                    0.143      52.066 r       clkbufg_5/gopclkbufg/CLKOUT
                                   net (fanout=4)        0.530      52.596         ntclkbufg_2      
 HCKB_213_526/CLKOUT               td                    0.245      52.841 r       HCKBROUTE_300/CLKOUT
                                   net (fanout=176)      0.358      53.199         _N423            
 CLMA_273_768/CLK                                                          r       u_CORES/u_debug_core_0/u_rd_addr_gen/ram_radr[13]/opit_0_inv_AQ_perm/CLK
 clock pessimism                                         0.000      53.199                          
 clock uncertainty                                      -0.050      53.149                          

 Setup time                                             -0.111      53.038                          

 Data required time                                                 53.038                          
----------------------------------------------------------------------------------------------------
 Data required time                                                 53.038                          
 Data arrival time                                                 -30.429                          
----------------------------------------------------------------------------------------------------
 Slack (MET)                                                        22.609                          
====================================================================================================

====================================================================================================

Startpoint  : u_CORES/u_debug_core_0/u_hub_data_decode/conf_sel_ini/opit_0_inv/CLK
Endpoint    : u_CORES/u_debug_core_0/u_rd_addr_gen/ram_radr[13]/opit_0_inv_AQ_perm/CE
Path Group  : DebugCore_JCLK
Path Type   : max
Path Class  : sequential timing path
Clock Skew :    0.371  (Capture Clock Delay - Launch Clock Delay + Clock Pessimism Removal)
  Capture Clock Delay     :  3.199
  Launch Clock Delay      :  2.828
  Clock Pessimism Removal :  0.000

 Location                          Delay Type             Incr        Path         Logical Resource 
----------------------------------------------------------------------------------------------------

 Clock DebugCore_CAPTURE (rising edge)
                                                        25.000      25.000 r                        
 SCANCHAIN_88_312/CAPTUREDR                              0.000      25.000 r       u_CORES/u_GTP_SCANCHAIN_PG/scanchain/CAPTUREDR
                                   net (fanout=1)        1.306      26.306         u_CORES/capt_o   
 USCM_215_666/CLKOUT               td                    0.168      26.474 r       clkbufg_4/gopclkbufg/CLKOUT
                                   net (fanout=1)        0.620      27.094         ntclkbufg_1      
 HCKB_213_536/CLKOUT               td                    0.287      27.381 r       HCKBROUTE_298/CLKOUT
                                   net (fanout=11)       0.447      27.828         _N421            
 CLMA_261_751/CLK                                                          r       u_CORES/u_debug_core_0/u_hub_data_decode/conf_sel_ini/opit_0_inv/CLK

 CLMA_261_751/Q0                   tco                   0.203      28.031 r       u_CORES/u_debug_core_0/u_hub_data_decode/conf_sel_ini/opit_0_inv/Q
                                   net (fanout=10)       0.489      28.520         u_CORES/u_debug_core_0/conf_sel_o
 CLMA_261_745/Y3                   td                    0.179      28.699 r       u_CORES/u_debug_core_0/u_hub_data_decode/N114[22]_3/LUT6_inst_perm/L6
                                   net (fanout=3)        0.547      29.246         u_CORES/u_debug_core_0/conf_sel_int [22]
 CLMA_273_768/CR3                  td                    0.210      29.456 r       u_CORES/u_debug_core_0/u_rd_addr_gen/N733/gateop_LUT6DL5_perm/L5
                                   net (fanout=4)        0.393      29.849         u_CORES/u_debug_core_0/u_rd_addr_gen/N479
 CLMA_273_744/CECO                 td                    0.136      29.985 r       u_CORES/u_debug_core_0/u_rd_addr_gen/ram_radr[3]/opit_0_inv_AQ_perm/CECO
                                   net (fanout=4)        0.000      29.985         _N124            
 CLMA_273_750/CECO                 td                    0.136      30.121 r       u_CORES/u_debug_core_0/u_rd_addr_gen/ram_radr[7]/opit_0_inv_AQ_perm/CECO
                                   net (fanout=4)        0.000      30.121         _N123            
 CLMA_273_756/CECO                 td                    0.136      30.257 r       u_CORES/u_debug_core_0/u_rd_addr_gen/ram_radr[11]/opit_0_inv_AQ_perm/CECO
                                   net (fanout=2)        0.000      30.257         _N122            
 CLMA_273_768/CECI                                                         r       u_CORES/u_debug_core_0/u_rd_addr_gen/ram_radr[13]/opit_0_inv_AQ_perm/CE

 Data arrival time                                                  30.257         Logic Levels: 5  
                                                                                   Logic: 1.000ns(41.169%), Route: 1.429ns(58.831%)
----------------------------------------------------------------------------------------------------

 Clock DebugCore_JCLK (rising edge)
                                                        50.000      50.000 r                        
 SCANCHAIN_88_312/TCK1                                   0.000      50.000 r       u_CORES/u_GTP_SCANCHAIN_PG/scanchain/TCK1
                                   net (fanout=1)        1.923      51.923         u_CORES/drck_o   
 USCM_215_669/CLKOUT               td                    0.143      52.066 r       clkbufg_5/gopclkbufg/CLKOUT
                                   net (fanout=4)        0.530      52.596         ntclkbufg_2      
 HCKB_213_526/CLKOUT               td                    0.245      52.841 r       HCKBROUTE_300/CLKOUT
                                   net (fanout=176)      0.358      53.199         _N423            
 CLMA_273_768/CLK                                                          r       u_CORES/u_debug_core_0/u_rd_addr_gen/ram_radr[13]/opit_0_inv_AQ_perm/CLK
 clock pessimism                                         0.000      53.199                          
 clock uncertainty                                      -0.050      53.149                          

 Setup time                                             -0.226      52.923                          

 Data required time                                                 52.923                          
----------------------------------------------------------------------------------------------------
 Data required time                                                 52.923                          
 Data arrival time                                                 -30.257                          
----------------------------------------------------------------------------------------------------
 Slack (MET)                                                        22.666                          
====================================================================================================

====================================================================================================

Startpoint  : u_CORES/u_debug_core_0/u_hub_data_decode/conf_sel_ini/opit_0_inv/CLK
Endpoint    : u_CORES/u_debug_core_0/u0_trig_unit/u_cfg_reg_file/bit_cnt[1]/opit_0_inv_L6Q_LUT6DQL5_perm/CE
Path Group  : DebugCore_JCLK
Path Type   : max
Path Class  : sequential timing path
Clock Skew :    0.393  (Capture Clock Delay - Launch Clock Delay + Clock Pessimism Removal)
  Capture Clock Delay     :  3.221
  Launch Clock Delay      :  2.828
  Clock Pessimism Removal :  0.000

 Location                          Delay Type             Incr        Path         Logical Resource 
----------------------------------------------------------------------------------------------------

 Clock DebugCore_CAPTURE (rising edge)
                                                        25.000      25.000 r                        
 SCANCHAIN_88_312/CAPTUREDR                              0.000      25.000 r       u_CORES/u_GTP_SCANCHAIN_PG/scanchain/CAPTUREDR
                                   net (fanout=1)        1.306      26.306         u_CORES/capt_o   
 USCM_215_666/CLKOUT               td                    0.168      26.474 r       clkbufg_4/gopclkbufg/CLKOUT
                                   net (fanout=1)        0.620      27.094         ntclkbufg_1      
 HCKB_213_536/CLKOUT               td                    0.287      27.381 r       HCKBROUTE_298/CLKOUT
                                   net (fanout=11)       0.447      27.828         _N421            
 CLMA_261_751/CLK                                                          r       u_CORES/u_debug_core_0/u_hub_data_decode/conf_sel_ini/opit_0_inv/CLK

 CLMA_261_751/Q0                   tco                   0.203      28.031 r       u_CORES/u_debug_core_0/u_hub_data_decode/conf_sel_ini/opit_0_inv/Q
                                   net (fanout=10)       0.431      28.462         u_CORES/u_debug_core_0/conf_sel_o
 CLMA_267_732/Y1                   td                    0.108      28.570 r       u_CORES/u_debug_core_0/u_hub_data_decode/N11_3/LUT6_inst_perm/L6
                                   net (fanout=10)       0.471      29.041         u_CORES/u_debug_core_0/_N2245
 CLMS_243_745/Y0                   td                    0.108      29.149 r       u_CORES/u_debug_core_0/u0_trig_unit/u_cfg_reg_file/N564_2/LUT6_inst_perm/L6
                                   net (fanout=7)        0.273      29.422         u_CORES/u_debug_core_0/u0_trig_unit/u_cfg_reg_file/N564
 CLMA_249_744/CR3                  td                    0.313      29.735 r       u_CORES/u_debug_core_0/u0_trig_unit/u_cfg_reg_file/bit_cnt[1]/opit_0_inv_L6Q_LUT6DQL5_perm/L5
                                   net (fanout=7)        0.538      30.273         u_CORES/u_debug_core_0/u0_trig_unit/u_cfg_reg_file/N566
 CLMA_249_744/CE                                                           r       u_CORES/u_debug_core_0/u0_trig_unit/u_cfg_reg_file/bit_cnt[1]/opit_0_inv_L6Q_LUT6DQL5_perm/CE

 Data arrival time                                                  30.273         Logic Levels: 3  
                                                                                   Logic: 0.732ns(29.939%), Route: 1.713ns(70.061%)
----------------------------------------------------------------------------------------------------

 Clock DebugCore_JCLK (rising edge)
                                                        50.000      50.000 r                        
 SCANCHAIN_88_312/TCK1                                   0.000      50.000 r       u_CORES/u_GTP_SCANCHAIN_PG/scanchain/TCK1
                                   net (fanout=1)        1.923      51.923         u_CORES/drck_o   
 USCM_215_669/CLKOUT               td                    0.143      52.066 r       clkbufg_5/gopclkbufg/CLKOUT
                                   net (fanout=4)        0.530      52.596         ntclkbufg_2      
 HCKB_213_526/CLKOUT               td                    0.245      52.841 r       HCKBROUTE_300/CLKOUT
                                   net (fanout=176)      0.380      53.221         _N423            
 CLMA_249_744/CLK                                                          r       u_CORES/u_debug_core_0/u0_trig_unit/u_cfg_reg_file/bit_cnt[1]/opit_0_inv_L6Q_LUT6DQL5_perm/CLK
 clock pessimism                                         0.000      53.221                          
 clock uncertainty                                      -0.050      53.171                          

 Setup time                                             -0.226      52.945                          

 Data required time                                                 52.945                          
----------------------------------------------------------------------------------------------------
 Data required time                                                 52.945                          
 Data arrival time                                                 -30.273                          
----------------------------------------------------------------------------------------------------
 Slack (MET)                                                        22.672                          
====================================================================================================

====================================================================================================

Startpoint  : u_CORES/u_debug_core_0/u_hub_data_decode/conf_id[0]/opit_0_inv/CLK
Endpoint    : u_CORES/u_debug_core_0/u_hub_data_decode/conf_id_d1[0]/opit_0_inv/D
Path Group  : DebugCore_JCLK
Path Type   : min
Path Class  : sequential timing path
Clock Skew :    1.804  (Capture Clock Delay - Launch Clock Delay + Clock Pessimism Removal)
  Capture Clock Delay     :  4.069
  Launch Clock Delay      :  2.265
  Clock Pessimism Removal :  0.000

 Location                          Delay Type             Incr        Path         Logical Resource 
----------------------------------------------------------------------------------------------------

 Clock DebugCore_CAPTURE (rising edge)
                                                        25.000      25.000 r                        
 SCANCHAIN_88_312/CAPTUREDR                              0.000      25.000 r       u_CORES/u_GTP_SCANCHAIN_PG/scanchain/CAPTUREDR
                                   net (fanout=1)        0.967      25.967         u_CORES/capt_o   
 USCM_215_666/CLKOUT               td                    0.143      26.110 r       clkbufg_4/gopclkbufg/CLKOUT
                                   net (fanout=1)        0.530      26.640         ntclkbufg_1      
 HCKB_213_536/CLKOUT               td                    0.245      26.885 r       HCKBROUTE_298/CLKOUT
                                   net (fanout=11)       0.380      27.265         _N421            
 CLMA_261_732/CLK                                                          r       u_CORES/u_debug_core_0/u_hub_data_decode/conf_id[0]/opit_0_inv/CLK

 CLMA_261_732/Q3                   tco                   0.158      27.423 f       u_CORES/u_debug_core_0/u_hub_data_decode/conf_id[0]/opit_0_inv/Q
                                   net (fanout=11)       0.073      27.496         u_CORES/u_debug_core_0/conf_id_o [0]
 CLMA_261_733/M0                                                           f       u_CORES/u_debug_core_0/u_hub_data_decode/conf_id_d1[0]/opit_0_inv/D

 Data arrival time                                                  27.496         Logic Levels: 0  
                                                                                   Logic: 0.158ns(68.398%), Route: 0.073ns(31.602%)
----------------------------------------------------------------------------------------------------

 Clock DebugCore_JCLK (rising edge)
                                                         0.000       0.000 r                        
 SCANCHAIN_88_312/TCK1                                   0.000       0.000 r       u_CORES/u_GTP_SCANCHAIN_PG/scanchain/TCK1
                                   net (fanout=1)        2.544       2.544         u_CORES/drck_o   
 USCM_215_669/CLKOUT               td                    0.168       2.712 r       clkbufg_5/gopclkbufg/CLKOUT
                                   net (fanout=4)        0.620       3.332         ntclkbufg_2      
 HCKB_213_526/CLKOUT               td                    0.287       3.619 r       HCKBROUTE_300/CLKOUT
                                   net (fanout=176)      0.450       4.069         _N423            
 CLMA_261_733/CLK                                                          r       u_CORES/u_debug_core_0/u_hub_data_decode/conf_id_d1[0]/opit_0_inv/CLK
 clock pessimism                                         0.000       4.069                          
 clock uncertainty                                       0.050       4.119                          

 Hold time                                              -0.043       4.076                          

 Data required time                                                  4.076                          
----------------------------------------------------------------------------------------------------
 Data required time                                                  4.076                          
 Data arrival time                                                 -27.496                          
----------------------------------------------------------------------------------------------------
 Slack (MET)                                                        23.420                          
====================================================================================================

====================================================================================================

Startpoint  : u_CORES/u_debug_core_0/u_hub_data_decode/conf_id_ini[1]/opit_0_inv/CLK
Endpoint    : u_CORES/u_debug_core_0/u_hub_data_decode/conf_sel_rb/opit_0_inv_L6Q_perm/I5
Path Group  : DebugCore_JCLK
Path Type   : min
Path Class  : sequential timing path
Clock Skew :    1.803  (Capture Clock Delay - Launch Clock Delay + Clock Pessimism Removal)
  Capture Clock Delay     :  4.069
  Launch Clock Delay      :  2.266
  Clock Pessimism Removal :  0.000

 Location                          Delay Type             Incr        Path         Logical Resource 
----------------------------------------------------------------------------------------------------

 Clock DebugCore_CAPTURE (rising edge)
                                                        25.000      25.000 r                        
 SCANCHAIN_88_312/CAPTUREDR                              0.000      25.000 r       u_CORES/u_GTP_SCANCHAIN_PG/scanchain/CAPTUREDR
                                   net (fanout=1)        0.967      25.967         u_CORES/capt_o   
 USCM_215_666/CLKOUT               td                    0.143      26.110 r       clkbufg_4/gopclkbufg/CLKOUT
                                   net (fanout=1)        0.530      26.640         ntclkbufg_1      
 HCKB_213_536/CLKOUT               td                    0.245      26.885 r       HCKBROUTE_298/CLKOUT
                                   net (fanout=11)       0.381      27.266         _N421            
 CLMA_261_727/CLK                                                          r       u_CORES/u_debug_core_0/u_hub_data_decode/conf_id_ini[1]/opit_0_inv/CLK

 CLMA_261_727/Q0                   tco                   0.158      27.424 f       u_CORES/u_debug_core_0/u_hub_data_decode/conf_id_ini[1]/opit_0_inv/Q
                                   net (fanout=3)        0.158      27.582         u_CORES/u_debug_core_0/u_hub_data_decode/conf_id_ini [1]
 CLMA_261_733/B5                                                           f       u_CORES/u_debug_core_0/u_hub_data_decode/conf_sel_rb/opit_0_inv_L6Q_perm/I5

 Data arrival time                                                  27.582         Logic Levels: 0  
                                                                                   Logic: 0.158ns(50.000%), Route: 0.158ns(50.000%)
----------------------------------------------------------------------------------------------------

 Clock DebugCore_JCLK (rising edge)
                                                         0.000       0.000 r                        
 SCANCHAIN_88_312/TCK1                                   0.000       0.000 r       u_CORES/u_GTP_SCANCHAIN_PG/scanchain/TCK1
                                   net (fanout=1)        2.544       2.544         u_CORES/drck_o   
 USCM_215_669/CLKOUT               td                    0.168       2.712 r       clkbufg_5/gopclkbufg/CLKOUT
                                   net (fanout=4)        0.620       3.332         ntclkbufg_2      
 HCKB_213_526/CLKOUT               td                    0.287       3.619 r       HCKBROUTE_300/CLKOUT
                                   net (fanout=176)      0.450       4.069         _N423            
 CLMA_261_733/CLK                                                          r       u_CORES/u_debug_core_0/u_hub_data_decode/conf_sel_rb/opit_0_inv_L6Q_perm/CLK
 clock pessimism                                         0.000       4.069                          
 clock uncertainty                                       0.050       4.119                          

 Hold time                                              -0.014       4.105                          

 Data required time                                                  4.105                          
----------------------------------------------------------------------------------------------------
 Data required time                                                  4.105                          
 Data arrival time                                                 -27.582                          
----------------------------------------------------------------------------------------------------
 Slack (MET)                                                        23.477                          
====================================================================================================

====================================================================================================

Startpoint  : u_CORES/u_debug_core_0/u_hub_data_decode/conf_id_ini[4]/opit_0_inv/CLK
Endpoint    : u_CORES/u_debug_core_0/u_hub_data_decode/conf_sel_rb/opit_0_inv_L6Q_perm/I4
Path Group  : DebugCore_JCLK
Path Type   : min
Path Class  : sequential timing path
Clock Skew :    1.803  (Capture Clock Delay - Launch Clock Delay + Clock Pessimism Removal)
  Capture Clock Delay     :  4.069
  Launch Clock Delay      :  2.266
  Clock Pessimism Removal :  0.000

 Location                          Delay Type             Incr        Path         Logical Resource 
----------------------------------------------------------------------------------------------------

 Clock DebugCore_CAPTURE (rising edge)
                                                        25.000      25.000 r                        
 SCANCHAIN_88_312/CAPTUREDR                              0.000      25.000 r       u_CORES/u_GTP_SCANCHAIN_PG/scanchain/CAPTUREDR
                                   net (fanout=1)        0.967      25.967         u_CORES/capt_o   
 USCM_215_666/CLKOUT               td                    0.143      26.110 r       clkbufg_4/gopclkbufg/CLKOUT
                                   net (fanout=1)        0.530      26.640         ntclkbufg_1      
 HCKB_213_536/CLKOUT               td                    0.245      26.885 r       HCKBROUTE_298/CLKOUT
                                   net (fanout=11)       0.381      27.266         _N421            
 CLMA_261_727/CLK                                                          r       u_CORES/u_debug_core_0/u_hub_data_decode/conf_id_ini[4]/opit_0_inv/CLK

 CLMA_261_727/Q3                   tco                   0.158      27.424 f       u_CORES/u_debug_core_0/u_hub_data_decode/conf_id_ini[4]/opit_0_inv/Q
                                   net (fanout=3)        0.157      27.581         u_CORES/u_debug_core_0/u_hub_data_decode/conf_id_ini [4]
 CLMA_261_733/B4                                                           f       u_CORES/u_debug_core_0/u_hub_data_decode/conf_sel_rb/opit_0_inv_L6Q_perm/I4

 Data arrival time                                                  27.581         Logic Levels: 0  
                                                                                   Logic: 0.158ns(50.159%), Route: 0.157ns(49.841%)
----------------------------------------------------------------------------------------------------

 Clock DebugCore_JCLK (rising edge)
                                                         0.000       0.000 r                        
 SCANCHAIN_88_312/TCK1                                   0.000       0.000 r       u_CORES/u_GTP_SCANCHAIN_PG/scanchain/TCK1
                                   net (fanout=1)        2.544       2.544         u_CORES/drck_o   
 USCM_215_669/CLKOUT               td                    0.168       2.712 r       clkbufg_5/gopclkbufg/CLKOUT
                                   net (fanout=4)        0.620       3.332         ntclkbufg_2      
 HCKB_213_526/CLKOUT               td                    0.287       3.619 r       HCKBROUTE_300/CLKOUT
                                   net (fanout=176)      0.450       4.069         _N423            
 CLMA_261_733/CLK                                                          r       u_CORES/u_debug_core_0/u_hub_data_decode/conf_sel_rb/opit_0_inv_L6Q_perm/CLK
 clock pessimism                                         0.000       4.069                          
 clock uncertainty                                       0.050       4.119                          

 Hold time                                              -0.032       4.087                          

 Data required time                                                  4.087                          
----------------------------------------------------------------------------------------------------
 Data required time                                                  4.087                          
 Data arrival time                                                 -27.581                          
----------------------------------------------------------------------------------------------------
 Slack (MET)                                                        23.494                          
====================================================================================================

====================================================================================================

Startpoint  : u_CORES/u_jtag_hub/conf_sel[0]/opit_0_inv_L6Q_perm/CLK
Endpoint    : u_CORES/u_debug_core_0/u_hub_data_decode/conf_id[0]/opit_0_inv/CE
Path Group  : DebugCore_CAPTURE
Path Type   : max
Path Class  : sequential timing path
Clock Skew :    -1.807  (Capture Clock Delay - Launch Clock Delay + Clock Pessimism Removal)
  Capture Clock Delay     :  2.265
  Launch Clock Delay      :  4.072
  Clock Pessimism Removal :  0.000

 Location                          Delay Type             Incr        Path         Logical Resource 
----------------------------------------------------------------------------------------------------

 Clock DebugCore_JCLK (falling edge)
                                                        75.000      75.000 f                        
 SCANCHAIN_88_312/TCK1                                   0.000      75.000 f       u_CORES/u_GTP_SCANCHAIN_PG/scanchain/TCK1
                                   net (fanout=1)        2.554      77.554         u_CORES/drck_o   
 USCM_215_669/CLKOUT               td                    0.168      77.722 f       clkbufg_5/gopclkbufg/CLKOUT
                                   net (fanout=4)        0.620      78.342         ntclkbufg_2      
 HCKB_213_526/CLKOUT               td                    0.287      78.629 f       HCKBROUTE_300/CLKOUT
                                   net (fanout=176)      0.443      79.072         _N423            
 CLMA_261_726/CLK                                                          f       u_CORES/u_jtag_hub/conf_sel[0]/opit_0_inv_L6Q_perm/CLK

 CLMA_261_726/Q3                   tco                   0.204      79.276 r       u_CORES/u_jtag_hub/conf_sel[0]/opit_0_inv_L6Q_perm/L6Q
                                   net (fanout=6)        0.629      79.905         u_CORES/conf_sel [0]
 CLMA_261_732/CE                                                           r       u_CORES/u_debug_core_0/u_hub_data_decode/conf_id[0]/opit_0_inv/CE

 Data arrival time                                                  79.905         Logic Levels: 0  
                                                                                   Logic: 0.204ns(24.490%), Route: 0.629ns(75.510%)
----------------------------------------------------------------------------------------------------

 Clock DebugCore_CAPTURE (rising edge)
                                                       125.000     125.000 r                        
 SCANCHAIN_88_312/CAPTUREDR                              0.000     125.000 r       u_CORES/u_GTP_SCANCHAIN_PG/scanchain/CAPTUREDR
                                   net (fanout=1)        0.967     125.967         u_CORES/capt_o   
 USCM_215_666/CLKOUT               td                    0.143     126.110 r       clkbufg_4/gopclkbufg/CLKOUT
                                   net (fanout=1)        0.530     126.640         ntclkbufg_1      
 HCKB_213_536/CLKOUT               td                    0.245     126.885 r       HCKBROUTE_298/CLKOUT
                                   net (fanout=11)       0.380     127.265         _N421            
 CLMA_261_732/CLK                                                          r       u_CORES/u_debug_core_0/u_hub_data_decode/conf_id[0]/opit_0_inv/CLK
 clock pessimism                                         0.000     127.265                          
 clock uncertainty                                      -0.050     127.215                          

 Setup time                                             -0.226     126.989                          

 Data required time                                                126.989                          
----------------------------------------------------------------------------------------------------
 Data required time                                                126.989                          
 Data arrival time                                                 -79.905                          
----------------------------------------------------------------------------------------------------
 Slack (MET)                                                        47.084                          
====================================================================================================

====================================================================================================

Startpoint  : u_CORES/u_jtag_hub/conf_sel[0]/opit_0_inv_L6Q_perm/CLK
Endpoint    : u_CORES/u_debug_core_0/u_hub_data_decode/conf_id[4]/opit_0_inv/CE
Path Group  : DebugCore_CAPTURE
Path Type   : max
Path Class  : sequential timing path
Clock Skew :    -1.807  (Capture Clock Delay - Launch Clock Delay + Clock Pessimism Removal)
  Capture Clock Delay     :  2.265
  Launch Clock Delay      :  4.072
  Clock Pessimism Removal :  0.000

 Location                          Delay Type             Incr        Path         Logical Resource 
----------------------------------------------------------------------------------------------------

 Clock DebugCore_JCLK (falling edge)
                                                        75.000      75.000 f                        
 SCANCHAIN_88_312/TCK1                                   0.000      75.000 f       u_CORES/u_GTP_SCANCHAIN_PG/scanchain/TCK1
                                   net (fanout=1)        2.554      77.554         u_CORES/drck_o   
 USCM_215_669/CLKOUT               td                    0.168      77.722 f       clkbufg_5/gopclkbufg/CLKOUT
                                   net (fanout=4)        0.620      78.342         ntclkbufg_2      
 HCKB_213_526/CLKOUT               td                    0.287      78.629 f       HCKBROUTE_300/CLKOUT
                                   net (fanout=176)      0.443      79.072         _N423            
 CLMA_261_726/CLK                                                          f       u_CORES/u_jtag_hub/conf_sel[0]/opit_0_inv_L6Q_perm/CLK

 CLMA_261_726/Q3                   tco                   0.204      79.276 r       u_CORES/u_jtag_hub/conf_sel[0]/opit_0_inv_L6Q_perm/L6Q
                                   net (fanout=6)        0.629      79.905         u_CORES/conf_sel [0]
 CLMA_261_732/CE                                                           r       u_CORES/u_debug_core_0/u_hub_data_decode/conf_id[4]/opit_0_inv/CE

 Data arrival time                                                  79.905         Logic Levels: 0  
                                                                                   Logic: 0.204ns(24.490%), Route: 0.629ns(75.510%)
----------------------------------------------------------------------------------------------------

 Clock DebugCore_CAPTURE (rising edge)
                                                       125.000     125.000 r                        
 SCANCHAIN_88_312/CAPTUREDR                              0.000     125.000 r       u_CORES/u_GTP_SCANCHAIN_PG/scanchain/CAPTUREDR
                                   net (fanout=1)        0.967     125.967         u_CORES/capt_o   
 USCM_215_666/CLKOUT               td                    0.143     126.110 r       clkbufg_4/gopclkbufg/CLKOUT
                                   net (fanout=1)        0.530     126.640         ntclkbufg_1      
 HCKB_213_536/CLKOUT               td                    0.245     126.885 r       HCKBROUTE_298/CLKOUT
                                   net (fanout=11)       0.380     127.265         _N421            
 CLMA_261_732/CLK                                                          r       u_CORES/u_debug_core_0/u_hub_data_decode/conf_id[4]/opit_0_inv/CLK
 clock pessimism                                         0.000     127.265                          
 clock uncertainty                                      -0.050     127.215                          

 Setup time                                             -0.226     126.989                          

 Data required time                                                126.989                          
----------------------------------------------------------------------------------------------------
 Data required time                                                126.989                          
 Data arrival time                                                 -79.905                          
----------------------------------------------------------------------------------------------------
 Slack (MET)                                                        47.084                          
====================================================================================================

====================================================================================================

Startpoint  : u_CORES/u_jtag_hub/conf_sel[0]/opit_0_inv_L6Q_perm/CLK
Endpoint    : u_CORES/u_debug_core_0/u_hub_data_decode/conf_id[1]/opit_0_inv/CE
Path Group  : DebugCore_CAPTURE
Path Type   : max
Path Class  : sequential timing path
Clock Skew :    -1.807  (Capture Clock Delay - Launch Clock Delay + Clock Pessimism Removal)
  Capture Clock Delay     :  2.265
  Launch Clock Delay      :  4.072
  Clock Pessimism Removal :  0.000

 Location                          Delay Type             Incr        Path         Logical Resource 
----------------------------------------------------------------------------------------------------

 Clock DebugCore_JCLK (falling edge)
                                                        75.000      75.000 f                        
 SCANCHAIN_88_312/TCK1                                   0.000      75.000 f       u_CORES/u_GTP_SCANCHAIN_PG/scanchain/TCK1
                                   net (fanout=1)        2.554      77.554         u_CORES/drck_o   
 USCM_215_669/CLKOUT               td                    0.168      77.722 f       clkbufg_5/gopclkbufg/CLKOUT
                                   net (fanout=4)        0.620      78.342         ntclkbufg_2      
 HCKB_213_526/CLKOUT               td                    0.287      78.629 f       HCKBROUTE_300/CLKOUT
                                   net (fanout=176)      0.443      79.072         _N423            
 CLMA_261_726/CLK                                                          f       u_CORES/u_jtag_hub/conf_sel[0]/opit_0_inv_L6Q_perm/CLK

 CLMA_261_726/Q3                   tco                   0.204      79.276 r       u_CORES/u_jtag_hub/conf_sel[0]/opit_0_inv_L6Q_perm/L6Q
                                   net (fanout=6)        0.629      79.905         u_CORES/conf_sel [0]
 CLMA_261_732/CE                                                           r       u_CORES/u_debug_core_0/u_hub_data_decode/conf_id[1]/opit_0_inv/CE

 Data arrival time                                                  79.905         Logic Levels: 0  
                                                                                   Logic: 0.204ns(24.490%), Route: 0.629ns(75.510%)
----------------------------------------------------------------------------------------------------

 Clock DebugCore_CAPTURE (rising edge)
                                                       125.000     125.000 r                        
 SCANCHAIN_88_312/CAPTUREDR                              0.000     125.000 r       u_CORES/u_GTP_SCANCHAIN_PG/scanchain/CAPTUREDR
                                   net (fanout=1)        0.967     125.967         u_CORES/capt_o   
 USCM_215_666/CLKOUT               td                    0.143     126.110 r       clkbufg_4/gopclkbufg/CLKOUT
                                   net (fanout=1)        0.530     126.640         ntclkbufg_1      
 HCKB_213_536/CLKOUT               td                    0.245     126.885 r       HCKBROUTE_298/CLKOUT
                                   net (fanout=11)       0.380     127.265         _N421            
 CLMA_261_732/CLK                                                          r       u_CORES/u_debug_core_0/u_hub_data_decode/conf_id[1]/opit_0_inv/CLK
 clock pessimism                                         0.000     127.265                          
 clock uncertainty                                      -0.050     127.215                          

 Setup time                                             -0.226     126.989                          

 Data required time                                                126.989                          
----------------------------------------------------------------------------------------------------
 Data required time                                                126.989                          
 Data arrival time                                                 -79.905                          
----------------------------------------------------------------------------------------------------
 Slack (MET)                                                        47.084                          
====================================================================================================

====================================================================================================

Startpoint  : u_CORES/u_jtag_hub/id_o[3]/opit_0_inv_L6Q_LUT6DQL5Q_perm/CLK
Endpoint    : u_CORES/u_debug_core_0/u_hub_data_decode/conf_id_ini[3]/opit_0_inv/D
Path Group  : DebugCore_CAPTURE
Path Type   : min
Path Class  : sequential timing path
Clock Skew :    -0.267  (Capture Clock Delay - Launch Clock Delay + Clock Pessimism Removal)
  Capture Clock Delay     :  2.832
  Launch Clock Delay      :  3.099
  Clock Pessimism Removal :  0.000

 Location                          Delay Type             Incr        Path         Logical Resource 
----------------------------------------------------------------------------------------------------

 Clock DebugCore_JCLK (falling edge)
                                                       125.000     125.000 f                        
 SCANCHAIN_88_312/TCK1                                   0.000     125.000 f       u_CORES/u_GTP_SCANCHAIN_PG/scanchain/TCK1
                                   net (fanout=1)        1.807     126.807         u_CORES/drck_o   
 USCM_215_669/CLKOUT               td                    0.143     126.950 f       clkbufg_5/gopclkbufg/CLKOUT
                                   net (fanout=4)        0.530     127.480         ntclkbufg_2      
 HCKB_213_526/CLKOUT               td                    0.245     127.725 f       HCKBROUTE_300/CLKOUT
                                   net (fanout=176)      0.374     128.099         _N423            
 CLMA_261_726/CLK                                                          f       u_CORES/u_jtag_hub/id_o[3]/opit_0_inv_L6Q_LUT6DQL5Q_perm/CLK

 CLMA_261_726/Q1                   tco                   0.159     128.258 f       u_CORES/u_jtag_hub/id_o[3]/opit_0_inv_L6Q_LUT6DQL5Q_perm/L6Q
                                   net (fanout=2)        0.072     128.330         u_CORES/id_o [3] 
 CLMA_261_727/M2                                                           f       u_CORES/u_debug_core_0/u_hub_data_decode/conf_id_ini[3]/opit_0_inv/D

 Data arrival time                                                 128.330         Logic Levels: 0  
                                                                                   Logic: 0.159ns(68.831%), Route: 0.072ns(31.169%)
----------------------------------------------------------------------------------------------------

 Clock DebugCore_CAPTURE (rising edge)
                                                       125.000     125.000 r                        
 SCANCHAIN_88_312/CAPTUREDR                              0.000     125.000 r       u_CORES/u_GTP_SCANCHAIN_PG/scanchain/CAPTUREDR
                                   net (fanout=1)        1.306     126.306         u_CORES/capt_o   
 USCM_215_666/CLKOUT               td                    0.168     126.474 r       clkbufg_4/gopclkbufg/CLKOUT
                                   net (fanout=1)        0.620     127.094         ntclkbufg_1      
 HCKB_213_536/CLKOUT               td                    0.287     127.381 r       HCKBROUTE_298/CLKOUT
                                   net (fanout=11)       0.451     127.832         _N421            
 CLMA_261_727/CLK                                                          r       u_CORES/u_debug_core_0/u_hub_data_decode/conf_id_ini[3]/opit_0_inv/CLK
 clock pessimism                                         0.000     127.832                          
 clock uncertainty                                       0.050     127.882                          

 Hold time                                              -0.044     127.838                          

 Data required time                                                127.838                          
----------------------------------------------------------------------------------------------------
 Data required time                                                127.838                          
 Data arrival time                                                -128.330                          
----------------------------------------------------------------------------------------------------
 Slack (MET)                                                         0.492                          
====================================================================================================

====================================================================================================

Startpoint  : u_CORES/u_jtag_hub/id_o[4]/opit_0_inv_L6QL5_perm/CLK
Endpoint    : u_CORES/u_debug_core_0/u_hub_data_decode/conf_id_ini[4]/opit_0_inv/D
Path Group  : DebugCore_CAPTURE
Path Type   : min
Path Class  : sequential timing path
Clock Skew :    -0.267  (Capture Clock Delay - Launch Clock Delay + Clock Pessimism Removal)
  Capture Clock Delay     :  2.832
  Launch Clock Delay      :  3.099
  Clock Pessimism Removal :  0.000

 Location                          Delay Type             Incr        Path         Logical Resource 
----------------------------------------------------------------------------------------------------

 Clock DebugCore_JCLK (falling edge)
                                                       125.000     125.000 f                        
 SCANCHAIN_88_312/TCK1                                   0.000     125.000 f       u_CORES/u_GTP_SCANCHAIN_PG/scanchain/TCK1
                                   net (fanout=1)        1.807     126.807         u_CORES/drck_o   
 USCM_215_669/CLKOUT               td                    0.143     126.950 f       clkbufg_5/gopclkbufg/CLKOUT
                                   net (fanout=4)        0.530     127.480         ntclkbufg_2      
 HCKB_213_526/CLKOUT               td                    0.245     127.725 f       HCKBROUTE_300/CLKOUT
                                   net (fanout=176)      0.374     128.099         _N423            
 CLMA_261_726/CLK                                                          f       u_CORES/u_jtag_hub/id_o[4]/opit_0_inv_L6QL5_perm/CLK

 CLMA_261_726/Q2                   tco                   0.159     128.258 f       u_CORES/u_jtag_hub/id_o[4]/opit_0_inv_L6QL5_perm/L6Q
                                   net (fanout=2)        0.251     128.509         u_CORES/id_o [4] 
 CLMA_261_727/M3                                                           f       u_CORES/u_debug_core_0/u_hub_data_decode/conf_id_ini[4]/opit_0_inv/D

 Data arrival time                                                 128.509         Logic Levels: 0  
                                                                                   Logic: 0.159ns(38.780%), Route: 0.251ns(61.220%)
----------------------------------------------------------------------------------------------------

 Clock DebugCore_CAPTURE (rising edge)
                                                       125.000     125.000 r                        
 SCANCHAIN_88_312/CAPTUREDR                              0.000     125.000 r       u_CORES/u_GTP_SCANCHAIN_PG/scanchain/CAPTUREDR
                                   net (fanout=1)        1.306     126.306         u_CORES/capt_o   
 USCM_215_666/CLKOUT               td                    0.168     126.474 r       clkbufg_4/gopclkbufg/CLKOUT
                                   net (fanout=1)        0.620     127.094         ntclkbufg_1      
 HCKB_213_536/CLKOUT               td                    0.287     127.381 r       HCKBROUTE_298/CLKOUT
                                   net (fanout=11)       0.451     127.832         _N421            
 CLMA_261_727/CLK                                                          r       u_CORES/u_debug_core_0/u_hub_data_decode/conf_id_ini[4]/opit_0_inv/CLK
 clock pessimism                                         0.000     127.832                          
 clock uncertainty                                       0.050     127.882                          

 Hold time                                               0.043     127.925                          

 Data required time                                                127.925                          
----------------------------------------------------------------------------------------------------
 Data required time                                                127.925                          
 Data arrival time                                                -128.509                          
----------------------------------------------------------------------------------------------------
 Slack (MET)                                                         0.584                          
====================================================================================================

====================================================================================================

Startpoint  : u_CORES/u_jtag_hub/id_o[1]/opit_0_inv_L6Q_LUT6DQL5Q_perm/CLK
Endpoint    : u_CORES/u_debug_core_0/u_hub_data_decode/conf_id[0]/opit_0_inv/D
Path Group  : DebugCore_CAPTURE
Path Type   : min
Path Class  : sequential timing path
Clock Skew :    -0.268  (Capture Clock Delay - Launch Clock Delay + Clock Pessimism Removal)
  Capture Clock Delay     :  2.831
  Launch Clock Delay      :  3.099
  Clock Pessimism Removal :  0.000

 Location                          Delay Type             Incr        Path         Logical Resource 
----------------------------------------------------------------------------------------------------

 Clock DebugCore_JCLK (falling edge)
                                                       125.000     125.000 f                        
 SCANCHAIN_88_312/TCK1                                   0.000     125.000 f       u_CORES/u_GTP_SCANCHAIN_PG/scanchain/TCK1
                                   net (fanout=1)        1.807     126.807         u_CORES/drck_o   
 USCM_215_669/CLKOUT               td                    0.143     126.950 f       clkbufg_5/gopclkbufg/CLKOUT
                                   net (fanout=4)        0.530     127.480         ntclkbufg_2      
 HCKB_213_526/CLKOUT               td                    0.245     127.725 f       HCKBROUTE_300/CLKOUT
                                   net (fanout=176)      0.374     128.099         _N423            
 CLMA_261_726/CLK                                                          f       u_CORES/u_jtag_hub/id_o[1]/opit_0_inv_L6Q_LUT6DQL5Q_perm/CLK

 CLMA_261_726/CR0                  tco                   0.173     128.272 f       u_CORES/u_jtag_hub/id_o[1]/opit_0_inv_L6Q_LUT6DQL5Q_perm/L5Q
                                   net (fanout=2)        0.259     128.531         u_CORES/id_o [0] 
 CLMA_261_732/M3                                                           f       u_CORES/u_debug_core_0/u_hub_data_decode/conf_id[0]/opit_0_inv/D

 Data arrival time                                                 128.531         Logic Levels: 0  
                                                                                   Logic: 0.173ns(40.046%), Route: 0.259ns(59.954%)
----------------------------------------------------------------------------------------------------

 Clock DebugCore_CAPTURE (rising edge)
                                                       125.000     125.000 r                        
 SCANCHAIN_88_312/CAPTUREDR                              0.000     125.000 r       u_CORES/u_GTP_SCANCHAIN_PG/scanchain/CAPTUREDR
                                   net (fanout=1)        1.306     126.306         u_CORES/capt_o   
 USCM_215_666/CLKOUT               td                    0.168     126.474 r       clkbufg_4/gopclkbufg/CLKOUT
                                   net (fanout=1)        0.620     127.094         ntclkbufg_1      
 HCKB_213_536/CLKOUT               td                    0.287     127.381 r       HCKBROUTE_298/CLKOUT
                                   net (fanout=11)       0.450     127.831         _N421            
 CLMA_261_732/CLK                                                          r       u_CORES/u_debug_core_0/u_hub_data_decode/conf_id[0]/opit_0_inv/CLK
 clock pessimism                                         0.000     127.831                          
 clock uncertainty                                       0.050     127.881                          

 Hold time                                               0.043     127.924                          

 Data required time                                                127.924                          
----------------------------------------------------------------------------------------------------
 Data required time                                                127.924                          
 Data arrival time                                                -128.531                          
----------------------------------------------------------------------------------------------------
 Slack (MET)                                                         0.607                          
====================================================================================================

====================================================================================================

Startpoint  : u_CORES/u_debug_core_0/resetn/opit_0/CLK
Endpoint    : u_CORES/u_debug_core_0/TRIG0_ff[1][42]/opit_0_inv/RS
Path Group  : hdmi_i2c_inst/i2c_ctrl_inst/i2c_clk/Q[0]_Inferred
Path Type   : max
Path Class  : async timing path
Clock Skew :    -0.464  (Capture Clock Delay - Launch Clock Delay + Clock Pessimism Removal)
  Capture Clock Delay     :  0.385
  Launch Clock Delay      :  0.849
  Clock Pessimism Removal :  0.000

 Location                          Delay Type             Incr        Path         Logical Resource 
----------------------------------------------------------------------------------------------------

 Clock hdmi_i2c_inst/i2c_ctrl_inst/i2c_clk/Q[0]_Inferred (rising edge)
                                                         0.000       0.000 r                        
 CLMS_189_757/CR1                                        0.000       0.000 r       hdmi_i2c_inst/i2c_ctrl_inst/i2c_clk/opit_0_inv/Q
                                   net (fanout=670)      0.849       0.849         hdmi_i2c_inst/cfg_clk
 CLMS_243_757/CLK                                                          r       u_CORES/u_debug_core_0/resetn/opit_0/CLK

 CLMS_243_757/Q0                   tco                   0.185       1.034 f       u_CORES/u_debug_core_0/resetn/opit_0/Q
                                   net (fanout=149)      0.844       1.878         u_CORES/u_debug_core_0/resetn
 CLMS_207_733/RSCO                 td                    0.094       1.972 r       u_CORES/u_debug_core_0/u0_trig_unit/signal_ff_dly[40]/opit_0_inv/RSCO
                                   net (fanout=6)        0.000       1.972         _N17             
 CLMS_207_739/RSCO                 td                    0.075       2.047 r       u_CORES/u_debug_core_0/u0_trig_unit/signal_ff_dly[33]/opit_0_inv/RSCO
                                   net (fanout=1)        0.000       2.047         _N16             
 CLMS_207_745/RSCO                 td                    0.075       2.122 r       u_CORES/u_debug_core_0/u0_trig_unit/signal_ff_dly[35]/opit_0_inv/RSCO
                                   net (fanout=4)        0.000       2.122         _N15             
 CLMS_207_751/RSCO                 td                    0.075       2.197 r       u_CORES/u_debug_core_0/u0_trig_unit/conf_reg[59]/opit_0_inv_L6QL5Q_perm/RSCO
                                   net (fanout=5)        0.000       2.197         _N14             
 CLMS_207_757/RSCI                                                         r       u_CORES/u_debug_core_0/TRIG0_ff[1][42]/opit_0_inv/RS

 Data arrival time                                                   2.197         Logic Levels: 4  
                                                                                   Logic: 0.504ns(37.389%), Route: 0.844ns(62.611%)
----------------------------------------------------------------------------------------------------

 Clock hdmi_i2c_inst/i2c_ctrl_inst/i2c_clk/Q[0]_Inferred (rising edge)
                                                      1000.000    1000.000 r                        
 CLMS_189_757/CR1                                        0.000    1000.000 r       hdmi_i2c_inst/i2c_ctrl_inst/i2c_clk/opit_0_inv/Q
                                   net (fanout=670)      0.385    1000.385         hdmi_i2c_inst/cfg_clk
 CLMS_207_757/CLK                                                          r       u_CORES/u_debug_core_0/TRIG0_ff[1][42]/opit_0_inv/CLK
 clock pessimism                                         0.000    1000.385                          
 clock uncertainty                                      -0.050    1000.335                          

 Recovery time                                          -0.226    1000.109                          

 Data required time                                               1000.109                          
----------------------------------------------------------------------------------------------------
 Data required time                                               1000.109                          
 Data arrival time                                                  -2.197                          
----------------------------------------------------------------------------------------------------
 Slack (MET)                                                       997.912                          
====================================================================================================

====================================================================================================

Startpoint  : u_CORES/u_debug_core_0/resetn/opit_0/CLK
Endpoint    : u_CORES/u_debug_core_0/u0_trig_unit/match_single[41]/opit_0_inv_L6Q_perm/RS
Path Group  : hdmi_i2c_inst/i2c_ctrl_inst/i2c_clk/Q[0]_Inferred
Path Type   : max
Path Class  : async timing path
Clock Skew :    -0.464  (Capture Clock Delay - Launch Clock Delay + Clock Pessimism Removal)
  Capture Clock Delay     :  0.385
  Launch Clock Delay      :  0.849
  Clock Pessimism Removal :  0.000

 Location                          Delay Type             Incr        Path         Logical Resource 
----------------------------------------------------------------------------------------------------

 Clock hdmi_i2c_inst/i2c_ctrl_inst/i2c_clk/Q[0]_Inferred (rising edge)
                                                         0.000       0.000 r                        
 CLMS_189_757/CR1                                        0.000       0.000 r       hdmi_i2c_inst/i2c_ctrl_inst/i2c_clk/opit_0_inv/Q
                                   net (fanout=670)      0.849       0.849         hdmi_i2c_inst/cfg_clk
 CLMS_243_757/CLK                                                          r       u_CORES/u_debug_core_0/resetn/opit_0/CLK

 CLMS_243_757/Q0                   tco                   0.185       1.034 f       u_CORES/u_debug_core_0/resetn/opit_0/Q
                                   net (fanout=149)      0.844       1.878         u_CORES/u_debug_core_0/resetn
 CLMS_207_733/RSCO                 td                    0.094       1.972 r       u_CORES/u_debug_core_0/u0_trig_unit/signal_ff_dly[40]/opit_0_inv/RSCO
                                   net (fanout=6)        0.000       1.972         _N17             
 CLMS_207_739/RSCO                 td                    0.075       2.047 r       u_CORES/u_debug_core_0/u0_trig_unit/signal_ff_dly[33]/opit_0_inv/RSCO
                                   net (fanout=1)        0.000       2.047         _N16             
 CLMS_207_745/RSCO                 td                    0.075       2.122 r       u_CORES/u_debug_core_0/u0_trig_unit/signal_ff_dly[35]/opit_0_inv/RSCO
                                   net (fanout=4)        0.000       2.122         _N15             
 CLMS_207_751/RSCO                 td                    0.075       2.197 r       u_CORES/u_debug_core_0/u0_trig_unit/conf_reg[59]/opit_0_inv_L6QL5Q_perm/RSCO
                                   net (fanout=5)        0.000       2.197         _N14             
 CLMS_207_757/RSCI                                                         r       u_CORES/u_debug_core_0/u0_trig_unit/match_single[41]/opit_0_inv_L6Q_perm/RS

 Data arrival time                                                   2.197         Logic Levels: 4  
                                                                                   Logic: 0.504ns(37.389%), Route: 0.844ns(62.611%)
----------------------------------------------------------------------------------------------------

 Clock hdmi_i2c_inst/i2c_ctrl_inst/i2c_clk/Q[0]_Inferred (rising edge)
                                                      1000.000    1000.000 r                        
 CLMS_189_757/CR1                                        0.000    1000.000 r       hdmi_i2c_inst/i2c_ctrl_inst/i2c_clk/opit_0_inv/Q
                                   net (fanout=670)      0.385    1000.385         hdmi_i2c_inst/cfg_clk
 CLMS_207_757/CLK                                                          r       u_CORES/u_debug_core_0/u0_trig_unit/match_single[41]/opit_0_inv_L6Q_perm/CLK
 clock pessimism                                         0.000    1000.385                          
 clock uncertainty                                      -0.050    1000.335                          

 Recovery time                                          -0.226    1000.109                          

 Data required time                                               1000.109                          
----------------------------------------------------------------------------------------------------
 Data required time                                               1000.109                          
 Data arrival time                                                  -2.197                          
----------------------------------------------------------------------------------------------------
 Slack (MET)                                                       997.912                          
====================================================================================================

====================================================================================================

Startpoint  : u_CORES/u_debug_core_0/resetn/opit_0/CLK
Endpoint    : u_CORES/u_debug_core_0/TRIG0_ff[1][41]/opit_0_inv_L6QQ_perm/RS
Path Group  : hdmi_i2c_inst/i2c_ctrl_inst/i2c_clk/Q[0]_Inferred
Path Type   : max
Path Class  : async timing path
Clock Skew :    -0.464  (Capture Clock Delay - Launch Clock Delay + Clock Pessimism Removal)
  Capture Clock Delay     :  0.385
  Launch Clock Delay      :  0.849
  Clock Pessimism Removal :  0.000

 Location                          Delay Type             Incr        Path         Logical Resource 
----------------------------------------------------------------------------------------------------

 Clock hdmi_i2c_inst/i2c_ctrl_inst/i2c_clk/Q[0]_Inferred (rising edge)
                                                         0.000       0.000 r                        
 CLMS_189_757/CR1                                        0.000       0.000 r       hdmi_i2c_inst/i2c_ctrl_inst/i2c_clk/opit_0_inv/Q
                                   net (fanout=670)      0.849       0.849         hdmi_i2c_inst/cfg_clk
 CLMS_243_757/CLK                                                          r       u_CORES/u_debug_core_0/resetn/opit_0/CLK

 CLMS_243_757/Q0                   tco                   0.185       1.034 f       u_CORES/u_debug_core_0/resetn/opit_0/Q
                                   net (fanout=149)      0.844       1.878         u_CORES/u_debug_core_0/resetn
 CLMS_207_733/RSCO                 td                    0.094       1.972 r       u_CORES/u_debug_core_0/u0_trig_unit/signal_ff_dly[40]/opit_0_inv/RSCO
                                   net (fanout=6)        0.000       1.972         _N17             
 CLMS_207_739/RSCO                 td                    0.075       2.047 r       u_CORES/u_debug_core_0/u0_trig_unit/signal_ff_dly[33]/opit_0_inv/RSCO
                                   net (fanout=1)        0.000       2.047         _N16             
 CLMS_207_745/RSCO                 td                    0.075       2.122 r       u_CORES/u_debug_core_0/u0_trig_unit/signal_ff_dly[35]/opit_0_inv/RSCO
                                   net (fanout=4)        0.000       2.122         _N15             
 CLMS_207_751/RSCO                 td                    0.075       2.197 r       u_CORES/u_debug_core_0/u0_trig_unit/conf_reg[59]/opit_0_inv_L6QL5Q_perm/RSCO
                                   net (fanout=5)        0.000       2.197         _N14             
 CLMS_207_757/RSCI                                                         r       u_CORES/u_debug_core_0/TRIG0_ff[1][41]/opit_0_inv_L6QQ_perm/RS

 Data arrival time                                                   2.197         Logic Levels: 4  
                                                                                   Logic: 0.504ns(37.389%), Route: 0.844ns(62.611%)
----------------------------------------------------------------------------------------------------

 Clock hdmi_i2c_inst/i2c_ctrl_inst/i2c_clk/Q[0]_Inferred (rising edge)
                                                      1000.000    1000.000 r                        
 CLMS_189_757/CR1                                        0.000    1000.000 r       hdmi_i2c_inst/i2c_ctrl_inst/i2c_clk/opit_0_inv/Q
                                   net (fanout=670)      0.385    1000.385         hdmi_i2c_inst/cfg_clk
 CLMS_207_757/CLK                                                          r       u_CORES/u_debug_core_0/TRIG0_ff[1][41]/opit_0_inv_L6QQ_perm/CLK
 clock pessimism                                         0.000    1000.385                          
 clock uncertainty                                      -0.050    1000.335                          

 Recovery time                                          -0.226    1000.109                          

 Data required time                                               1000.109                          
----------------------------------------------------------------------------------------------------
 Data required time                                               1000.109                          
 Data arrival time                                                  -2.197                          
----------------------------------------------------------------------------------------------------
 Slack (MET)                                                       997.912                          
====================================================================================================

====================================================================================================

Startpoint  : u_CORES/u_debug_core_0/resetn/opit_0/CLK
Endpoint    : u_CORES/u_debug_core_0/data_pipe[4][7]/opit_0_inv_L6QL5Q_perm/RS
Path Group  : hdmi_i2c_inst/i2c_ctrl_inst/i2c_clk/Q[0]_Inferred
Path Type   : min
Path Class  : async timing path
Clock Skew :    1.270  (Capture Clock Delay - Launch Clock Delay + Clock Pessimism Removal)
  Capture Clock Delay     :  1.910
  Launch Clock Delay      :  0.640
  Clock Pessimism Removal :  0.000

 Location                          Delay Type             Incr        Path         Logical Resource 
----------------------------------------------------------------------------------------------------

 Clock hdmi_i2c_inst/i2c_ctrl_inst/i2c_clk/Q[0]_Inferred (rising edge)
                                                         0.000       0.000 r                        
 CLMS_189_757/CR1                                        0.000       0.000 r       hdmi_i2c_inst/i2c_ctrl_inst/i2c_clk/opit_0_inv/Q
                                   net (fanout=670)      0.640       0.640         hdmi_i2c_inst/cfg_clk
 CLMS_243_757/CLK                                                          r       u_CORES/u_debug_core_0/resetn/opit_0/CLK

 CLMS_243_757/Q0                   tco                   0.174       0.814 r       u_CORES/u_debug_core_0/resetn/opit_0/Q
                                   net (fanout=149)      0.464       1.278         u_CORES/u_debug_core_0/resetn
 CLMA_273_721/RSCO                 td                    0.076       1.354 f       u_CORES/u_debug_core_0/data_pipe[4][1]/opit_0_inv_L6QL5Q_perm/RSCO
                                   net (fanout=4)        0.000       1.354         _N87             
 CLMA_273_727/RSCI                                                         f       u_CORES/u_debug_core_0/data_pipe[4][7]/opit_0_inv_L6QL5Q_perm/RS

 Data arrival time                                                   1.354         Logic Levels: 1  
                                                                                   Logic: 0.250ns(35.014%), Route: 0.464ns(64.986%)
----------------------------------------------------------------------------------------------------

 Clock hdmi_i2c_inst/i2c_ctrl_inst/i2c_clk/Q[0]_Inferred (rising edge)
                                                         0.000       0.000 r                        
 CLMS_189_757/CR1                                        0.000       0.000 r       hdmi_i2c_inst/i2c_ctrl_inst/i2c_clk/opit_0_inv/Q
                                   net (fanout=670)      1.910       1.910         hdmi_i2c_inst/cfg_clk
 CLMA_273_727/CLK                                                          r       u_CORES/u_debug_core_0/data_pipe[4][7]/opit_0_inv_L6QL5Q_perm/CLK
 clock pessimism                                         0.000       1.910                          
 clock uncertainty                                       0.000       1.910                          

 Removal time                                           -0.057       1.853                          

 Data required time                                                  1.853                          
----------------------------------------------------------------------------------------------------
 Data required time                                                  1.853                          
 Data arrival time                                                  -1.354                          
----------------------------------------------------------------------------------------------------
 Slack (VIOLATED)                                                   -0.499                          
====================================================================================================

====================================================================================================

Startpoint  : u_CORES/u_debug_core_0/resetn/opit_0/CLK
Endpoint    : u_CORES/u_debug_core_0/data_pipe[4][3]/opit_0_inv_L6QL5Q_perm/RS
Path Group  : hdmi_i2c_inst/i2c_ctrl_inst/i2c_clk/Q[0]_Inferred
Path Type   : min
Path Class  : async timing path
Clock Skew :    1.270  (Capture Clock Delay - Launch Clock Delay + Clock Pessimism Removal)
  Capture Clock Delay     :  1.910
  Launch Clock Delay      :  0.640
  Clock Pessimism Removal :  0.000

 Location                          Delay Type             Incr        Path         Logical Resource 
----------------------------------------------------------------------------------------------------

 Clock hdmi_i2c_inst/i2c_ctrl_inst/i2c_clk/Q[0]_Inferred (rising edge)
                                                         0.000       0.000 r                        
 CLMS_189_757/CR1                                        0.000       0.000 r       hdmi_i2c_inst/i2c_ctrl_inst/i2c_clk/opit_0_inv/Q
                                   net (fanout=670)      0.640       0.640         hdmi_i2c_inst/cfg_clk
 CLMS_243_757/CLK                                                          r       u_CORES/u_debug_core_0/resetn/opit_0/CLK

 CLMS_243_757/Q0                   tco                   0.174       0.814 r       u_CORES/u_debug_core_0/resetn/opit_0/Q
                                   net (fanout=149)      0.464       1.278         u_CORES/u_debug_core_0/resetn
 CLMA_273_721/RSCO                 td                    0.076       1.354 f       u_CORES/u_debug_core_0/data_pipe[4][1]/opit_0_inv_L6QL5Q_perm/RSCO
                                   net (fanout=4)        0.000       1.354         _N87             
 CLMA_273_727/RSCI                                                         f       u_CORES/u_debug_core_0/data_pipe[4][3]/opit_0_inv_L6QL5Q_perm/RS

 Data arrival time                                                   1.354         Logic Levels: 1  
                                                                                   Logic: 0.250ns(35.014%), Route: 0.464ns(64.986%)
----------------------------------------------------------------------------------------------------

 Clock hdmi_i2c_inst/i2c_ctrl_inst/i2c_clk/Q[0]_Inferred (rising edge)
                                                         0.000       0.000 r                        
 CLMS_189_757/CR1                                        0.000       0.000 r       hdmi_i2c_inst/i2c_ctrl_inst/i2c_clk/opit_0_inv/Q
                                   net (fanout=670)      1.910       1.910         hdmi_i2c_inst/cfg_clk
 CLMA_273_727/CLK                                                          r       u_CORES/u_debug_core_0/data_pipe[4][3]/opit_0_inv_L6QL5Q_perm/CLK
 clock pessimism                                         0.000       1.910                          
 clock uncertainty                                       0.000       1.910                          

 Removal time                                           -0.057       1.853                          

 Data required time                                                  1.853                          
----------------------------------------------------------------------------------------------------
 Data required time                                                  1.853                          
 Data arrival time                                                  -1.354                          
----------------------------------------------------------------------------------------------------
 Slack (VIOLATED)                                                   -0.499                          
====================================================================================================

====================================================================================================

Startpoint  : u_CORES/u_debug_core_0/resetn/opit_0/CLK
Endpoint    : u_CORES/u_debug_core_0/data_pipe[4][5]/opit_0_inv_L6QL5Q_perm/RS
Path Group  : hdmi_i2c_inst/i2c_ctrl_inst/i2c_clk/Q[0]_Inferred
Path Type   : min
Path Class  : async timing path
Clock Skew :    1.270  (Capture Clock Delay - Launch Clock Delay + Clock Pessimism Removal)
  Capture Clock Delay     :  1.910
  Launch Clock Delay      :  0.640
  Clock Pessimism Removal :  0.000

 Location                          Delay Type             Incr        Path         Logical Resource 
----------------------------------------------------------------------------------------------------

 Clock hdmi_i2c_inst/i2c_ctrl_inst/i2c_clk/Q[0]_Inferred (rising edge)
                                                         0.000       0.000 r                        
 CLMS_189_757/CR1                                        0.000       0.000 r       hdmi_i2c_inst/i2c_ctrl_inst/i2c_clk/opit_0_inv/Q
                                   net (fanout=670)      0.640       0.640         hdmi_i2c_inst/cfg_clk
 CLMS_243_757/CLK                                                          r       u_CORES/u_debug_core_0/resetn/opit_0/CLK

 CLMS_243_757/Q0                   tco                   0.174       0.814 r       u_CORES/u_debug_core_0/resetn/opit_0/Q
                                   net (fanout=149)      0.464       1.278         u_CORES/u_debug_core_0/resetn
 CLMA_273_721/RSCO                 td                    0.076       1.354 f       u_CORES/u_debug_core_0/data_pipe[4][1]/opit_0_inv_L6QL5Q_perm/RSCO
                                   net (fanout=4)        0.000       1.354         _N87             
 CLMA_273_727/RSCI                                                         f       u_CORES/u_debug_core_0/data_pipe[4][5]/opit_0_inv_L6QL5Q_perm/RS

 Data arrival time                                                   1.354         Logic Levels: 1  
                                                                                   Logic: 0.250ns(35.014%), Route: 0.464ns(64.986%)
----------------------------------------------------------------------------------------------------

 Clock hdmi_i2c_inst/i2c_ctrl_inst/i2c_clk/Q[0]_Inferred (rising edge)
                                                         0.000       0.000 r                        
 CLMS_189_757/CR1                                        0.000       0.000 r       hdmi_i2c_inst/i2c_ctrl_inst/i2c_clk/opit_0_inv/Q
                                   net (fanout=670)      1.910       1.910         hdmi_i2c_inst/cfg_clk
 CLMA_273_727/CLK                                                          r       u_CORES/u_debug_core_0/data_pipe[4][5]/opit_0_inv_L6QL5Q_perm/CLK
 clock pessimism                                         0.000       1.910                          
 clock uncertainty                                       0.000       1.910                          

 Removal time                                           -0.057       1.853                          

 Data required time                                                  1.853                          
----------------------------------------------------------------------------------------------------
 Data required time                                                  1.853                          
 Data arrival time                                                  -1.354                          
----------------------------------------------------------------------------------------------------
 Slack (VIOLATED)                                                   -0.499                          
====================================================================================================

====================================================================================================

Startpoint  : hdmi_i2c_inst/i2c_ctrl_inst/state_14/opit_0_inv_L6Q_perm/CLK
Endpoint    : ddc_scl (port)
Path Group  : **default**
Path Type   : max
Path Class  : combinational timing path

 Location                          Delay Type             Incr        Path         Logical Resource 
----------------------------------------------------------------------------------------------------

 Clock hdmi_i2c_inst/i2c_ctrl_inst/i2c_clk/Q[0]_Inferred (rising edge)
                                                         0.000       0.000 r                        
 CLMS_189_757/CR1                                        0.000       0.000 r       hdmi_i2c_inst/i2c_ctrl_inst/i2c_clk/opit_0_inv/Q
                                   net (fanout=670)      0.978       0.978         hdmi_i2c_inst/cfg_clk
 CLMA_219_780/CLK                                                          r       hdmi_i2c_inst/i2c_ctrl_inst/state_14/opit_0_inv_L6Q_perm/CLK

 CLMA_219_780/Q2                   tco                   0.203       1.181 r       hdmi_i2c_inst/i2c_ctrl_inst/state_14/opit_0_inv_L6Q_perm/L6Q
                                   net (fanout=6)        0.627       1.808         hdmi_i2c_inst/i2c_ctrl_inst/state_14
 CLMS_207_769/Y2                   td                    0.108       1.916 r       hdmi_i2c_inst/i2c_ctrl_inst/state[3:0]_fsm[3:0]_26[1]_2/LUT6_inst_perm/L6
                                   net (fanout=2)        0.553       2.469         hdmi_i2c_inst/i2c_ctrl_inst/_N415
 CLMS_207_757/Y3                   td                    0.212       2.681 r       hdmi_i2c_inst/i2c_ctrl_inst/N796_2/LUT6_inst_perm/L6
                                   net (fanout=1)        0.243       2.924         hdmi_i2c_inst/i2c_ctrl_inst/N796
 CLMS_207_757/Y0                   td                    0.179       3.103 r       u_CORES/u_debug_core_0/TRIG0_ff[1][41]/opit_0_inv_L6QQ_perm/L6
                                   net (fanout=2)        2.299       5.402         _N283            
 IOLHR_16_480/DO_P                 td                    1.172       6.574 r       ddc_scl_obuf/opit_1/DO_P
                                   net (fanout=1)        0.000       6.574         ddc_scl_obuf/ntO 
 IOBD_0_480/PAD                    td                    2.410       8.984 r       ddc_scl_obuf/opit_0/O
                                   net (fanout=1)        0.131       9.115         ddc_scl          
 L22                                                                       r       ddc_scl (port)   

 Data arrival time                                                   9.115         Logic Levels: 5  
                                                                                   Logic: 4.284ns(52.648%), Route: 3.853ns(47.352%)
====================================================================================================

====================================================================================================

Startpoint  : hdmi_i2c_inst/i2c_ctrl_inst/state_9/opit_0_inv_L6Q_perm/CLK
Endpoint    : ddc_sda (port)
Path Group  : **default**
Path Type   : max
Path Class  : combinational timing path

 Location                          Delay Type             Incr        Path         Logical Resource 
----------------------------------------------------------------------------------------------------

 Clock hdmi_i2c_inst/i2c_ctrl_inst/i2c_clk/Q[0]_Inferred (rising edge)
                                                         0.000       0.000 r                        
 CLMS_189_757/CR1                                        0.000       0.000 r       hdmi_i2c_inst/i2c_ctrl_inst/i2c_clk/opit_0_inv/Q
                                   net (fanout=670)      0.978       0.978         hdmi_i2c_inst/cfg_clk
 CLMA_219_780/CLK                                                          r       hdmi_i2c_inst/i2c_ctrl_inst/state_9/opit_0_inv_L6Q_perm/CLK

 CLMA_219_780/Q1                   tco                   0.203       1.181 r       hdmi_i2c_inst/i2c_ctrl_inst/state_9/opit_0_inv_L6Q_perm/L6Q
                                   net (fanout=6)        0.621       1.802         hdmi_i2c_inst/i2c_ctrl_inst/state_9
 CLMA_207_756/CR0                  td                    0.299       2.101 f       hdmi_i2c_inst/i2c_ctrl_inst/N796_5/LUT6D_inst_perm/L5
                                   net (fanout=1)        2.401       4.502         _N417            
 IOLHR_16_474/DO_N                 td                    1.067       5.569 f       hdmi_i2c_inst.i2c_ctrl_inst.i2c_sda_tri/opit_1/DO_N
                                   net (fanout=1)        0.000       5.569         hdmi_i2c_inst.i2c_ctrl_inst.i2c_sda_tri/ntT
 IOBS_0_474/PAD                    tse                   2.618       8.187 f       hdmi_i2c_inst.i2c_ctrl_inst.i2c_sda_tri/opit_0/IO
                                   net (fanout=1)        0.129       8.316         nt_ddc_sda       
 L23                                                                       f       ddc_sda (port)   

 Data arrival time                                                   8.316         Logic Levels: 3  
                                                                                   Logic: 4.187ns(57.059%), Route: 3.151ns(42.941%)
====================================================================================================

====================================================================================================

Startpoint  : hdmi_in_vsync (port)
Endpoint    : hdmi_out_vsync (port)
Path Group  : **default**
Path Type   : max
Path Class  : combinational timing path

 Location                          Delay Type             Incr        Path         Logical Resource 
----------------------------------------------------------------------------------------------------


 N22                                                     0.000       0.000 f       hdmi_in_vsync (port)
                                   net (fanout=1)        0.130       0.130         hdmi_in_vsync    
 IOBS_0_444/DIN                    td                    0.756       0.886 f       hdmi_in_vsync_ibuf/opit_0/O
                                   net (fanout=1)        0.000       0.886         hdmi_in_vsync_ibuf/ntD
 IOLHR_16_444/DI_TO_CLK            td                    0.105       0.991 f       hdmi_in_vsync_ibuf/opit_1/DI_TO_CLK
                                   net (fanout=1)        2.010       3.001         nt_hdmi_in_vsync 
 IOLHR_16_816/DO_P                 td                    1.172       4.173 f       hdmi_out_vsync_obuf/opit_1/DO_P
                                   net (fanout=1)        0.000       4.173         hdmi_out_vsync_obuf/ntO
 IOBS_0_816/PAD                    td                    2.618       6.791 f       hdmi_out_vsync_obuf/opit_0/O
                                   net (fanout=1)        0.086       6.877         hdmi_out_vsync   
 L18                                                                       f       hdmi_out_vsync (port)

 Data arrival time                                                   6.877         Logic Levels: 4  
                                                                                   Logic: 4.651ns(67.631%), Route: 2.226ns(32.369%)
====================================================================================================

====================================================================================================

Startpoint  : sys_rst_n (port)
Endpoint    : hdmi_i2c_inst/hdmi_cfg_inst/wr_en/opit_0_inv_L6Q_perm/RS
Path Group  : **default**
Path Type   : min
Path Class  : combinational timing path

 Location                          Delay Type             Incr        Path         Logical Resource 
----------------------------------------------------------------------------------------------------


 G25                                                     0.000       0.000 f       sys_rst_n (port) 
                                   net (fanout=1)        0.145       0.145         sys_rst_n        
 IOBD_0_636/DIN                    td                    0.646       0.791 f       sys_rst_n_ibuf/opit_0/O
                                   net (fanout=1)        0.000       0.791         sys_rst_n_ibuf/ntD
 IOLHR_16_636/DI_TO_CLK            td                    0.091       0.882 f       sys_rst_n_ibuf/opit_1/DI_TO_CLK
                                   net (fanout=33)       1.099       1.981         nt_sys_rst_n     
 CLMA_195_775/RS                                                           f       hdmi_i2c_inst/hdmi_cfg_inst/wr_en/opit_0_inv_L6Q_perm/RS

 Data arrival time                                                   1.981         Logic Levels: 2  
                                                                                   Logic: 0.737ns(37.203%), Route: 1.244ns(62.797%)
====================================================================================================

====================================================================================================

Startpoint  : sys_rst_n (port)
Endpoint    : hdmi_i2c_inst/hdmi_cfg_inst/reg_num[1]/opit_0_inv_L5Q_perm/RS
Path Group  : **default**
Path Type   : min
Path Class  : combinational timing path

 Location                          Delay Type             Incr        Path         Logical Resource 
----------------------------------------------------------------------------------------------------


 G25                                                     0.000       0.000 f       sys_rst_n (port) 
                                   net (fanout=1)        0.145       0.145         sys_rst_n        
 IOBD_0_636/DIN                    td                    0.646       0.791 f       sys_rst_n_ibuf/opit_0/O
                                   net (fanout=1)        0.000       0.791         sys_rst_n_ibuf/ntD
 IOLHR_16_636/DI_TO_CLK            td                    0.091       0.882 f       sys_rst_n_ibuf/opit_1/DI_TO_CLK
                                   net (fanout=33)       1.162       2.044         nt_sys_rst_n     
 CLMA_201_768/RS                                                           f       hdmi_i2c_inst/hdmi_cfg_inst/reg_num[1]/opit_0_inv_L5Q_perm/RS

 Data arrival time                                                   2.044         Logic Levels: 2  
                                                                                   Logic: 0.737ns(36.057%), Route: 1.307ns(63.943%)
====================================================================================================

====================================================================================================

Startpoint  : sys_rst_n (port)
Endpoint    : hdmi_i2c_inst/hdmi_cfg_inst/reg_num[6]/opit_0_inv_L6Q_perm/RS
Path Group  : **default**
Path Type   : min
Path Class  : combinational timing path

 Location                          Delay Type             Incr        Path         Logical Resource 
----------------------------------------------------------------------------------------------------


 G25                                                     0.000       0.000 f       sys_rst_n (port) 
                                   net (fanout=1)        0.145       0.145         sys_rst_n        
 IOBD_0_636/DIN                    td                    0.646       0.791 f       sys_rst_n_ibuf/opit_0/O
                                   net (fanout=1)        0.000       0.791         sys_rst_n_ibuf/ntD
 IOLHR_16_636/DI_TO_CLK            td                    0.091       0.882 f       sys_rst_n_ibuf/opit_1/DI_TO_CLK
                                   net (fanout=33)       1.162       2.044         nt_sys_rst_n     
 CLMA_201_768/RSCO                 td                    0.080       2.124 r       hdmi_i2c_inst/hdmi_cfg_inst/reg_num[1]/opit_0_inv_L5Q_perm/RSCO
                                   net (fanout=4)        0.000       2.124         _N3              
 CLMA_201_774/RSCI                                                         r       hdmi_i2c_inst/hdmi_cfg_inst/reg_num[6]/opit_0_inv_L6Q_perm/RS

 Data arrival time                                                   2.124         Logic Levels: 3  
                                                                                   Logic: 0.817ns(38.465%), Route: 1.307ns(61.535%)
====================================================================================================

====================================================================================================
Fast Corner: 1050mV -40C
****************************************************************************************************
====================================================================================================

Startpoint  : hdmi_i2c_inst/i2c_ctrl_inst/cnt_clk[7]/opit_0_inv_L6Q_perm/CLK
Endpoint    : hdmi_i2c_inst/i2c_ctrl_inst/i2c_clk/opit_0_inv/D
Path Group  : sys_clk
Path Type   : max
Path Class  : sequential timing path
Clock Skew :    -0.036  (Capture Clock Delay - Launch Clock Delay + Clock Pessimism Removal)
  Capture Clock Delay     :  2.173
  Launch Clock Delay      :  2.543
  Clock Pessimism Removal :  0.334

 Location                          Delay Type             Incr        Path         Logical Resource 
----------------------------------------------------------------------------------------------------

 Clock sys_clk (rising edge)                             0.000       0.000 r                        
 R3                                                      0.000       0.000 r       sys_clk (port)   
                                   net (fanout=1)        0.096       0.096         sys_clk          
 IOBD_372_450/DIN                  td                    0.659       0.755 r       sys_clk_ibuf/opit_0/O
                                   net (fanout=1)        0.000       0.755         sys_clk_ibuf/ntD 
 IOLHR_364_450/DI_TO_CLK           td                    0.087       0.842 r       sys_clk_ibuf/opit_1/DI_TO_CLK
                                   net (fanout=1)        0.588       1.430         nt_sys_clk       
 USCM_215_576/CLKOUT               td                    0.115       1.545 r       clkbufg_3/gopclkbufg/CLKOUT
                                   net (fanout=1)        0.397       1.942         ntclkbufg_0      
 HCKB_213_506/CLKOUT               td                    0.233       2.175 r       HCKBROUTE_299/CLKOUT
                                   net (fanout=8)        0.368       2.543         _N422            
 CLMS_189_769/CLK                                                          r       hdmi_i2c_inst/i2c_ctrl_inst/cnt_clk[7]/opit_0_inv_L6Q_perm/CLK

 CLMS_189_769/Q0                   tco                   0.125       2.668 f       hdmi_i2c_inst/i2c_ctrl_inst/cnt_clk[7]/opit_0_inv_L6Q_perm/L6Q
                                   net (fanout=2)        0.168       2.836         hdmi_i2c_inst/i2c_ctrl_inst/cnt_clk [7]
 CLMA_189_756/Y0                   td                    0.122       2.958 f       hdmi_i2c_inst/i2c_ctrl_inst/N505_6/gateop_LUT6DL5_perm/L6
                                   net (fanout=4)        0.075       3.033         hdmi_i2c_inst/i2c_ctrl_inst/_N516
 CLMA_189_756/Y2                   td                    0.125       3.158 f       hdmi_i2c_inst/i2c_ctrl_inst/i2c_clk_ce_mux[0]/LUT6_inst_perm/L6
                                   net (fanout=1)        0.329       3.487         hdmi_i2c_inst/i2c_ctrl_inst/_N493
 CLMS_189_757/M1                                                           f       hdmi_i2c_inst/i2c_ctrl_inst/i2c_clk/opit_0_inv/D

 Data arrival time                                                   3.487         Logic Levels: 2  
                                                                                   Logic: 0.372ns(39.407%), Route: 0.572ns(60.593%)
----------------------------------------------------------------------------------------------------

 Clock sys_clk (rising edge)                            20.000      20.000 r                        
 R3                                                      0.000      20.000 r       sys_clk (port)   
                                   net (fanout=1)        0.096      20.096         sys_clk          
 IOBD_372_450/DIN                  td                    0.563      20.659 r       sys_clk_ibuf/opit_0/O
                                   net (fanout=1)        0.000      20.659         sys_clk_ibuf/ntD 
 IOLHR_364_450/DI_TO_CLK           td                    0.073      20.732 r       sys_clk_ibuf/opit_1/DI_TO_CLK
                                   net (fanout=1)        0.493      21.225         nt_sys_clk       
 USCM_215_576/CLKOUT               td                    0.097      21.322 r       clkbufg_3/gopclkbufg/CLKOUT
                                   net (fanout=1)        0.334      21.656         ntclkbufg_0      
 HCKB_213_506/CLKOUT               td                    0.195      21.851 r       HCKBROUTE_299/CLKOUT
                                   net (fanout=8)        0.322      22.173         _N422            
 CLMS_189_757/CLK                                                          r       hdmi_i2c_inst/i2c_ctrl_inst/i2c_clk/opit_0_inv/CLK
 clock pessimism                                         0.334      22.507                          
 clock uncertainty                                      -0.050      22.457                          

 Setup time                                             -0.073      22.384                          

 Data required time                                                 22.384                          
----------------------------------------------------------------------------------------------------
 Data required time                                                 22.384                          
 Data arrival time                                                  -3.487                          
----------------------------------------------------------------------------------------------------
 Slack (MET)                                                        18.897                          
====================================================================================================

====================================================================================================

Startpoint  : hdmi_i2c_inst/i2c_ctrl_inst/cnt_clk[2]/opit_0_inv_L6Q_LUT6DQL5Q_perm/CLK
Endpoint    : hdmi_i2c_inst/i2c_ctrl_inst/cnt_clk[7]/opit_0_inv_L6Q_perm/I5
Path Group  : sys_clk
Path Type   : max
Path Class  : sequential timing path
Clock Skew :    -0.040  (Capture Clock Delay - Launch Clock Delay + Clock Pessimism Removal)
  Capture Clock Delay     :  2.171
  Launch Clock Delay      :  2.545
  Clock Pessimism Removal :  0.334

 Location                          Delay Type             Incr        Path         Logical Resource 
----------------------------------------------------------------------------------------------------

 Clock sys_clk (rising edge)                             0.000       0.000 r                        
 R3                                                      0.000       0.000 r       sys_clk (port)   
                                   net (fanout=1)        0.096       0.096         sys_clk          
 IOBD_372_450/DIN                  td                    0.659       0.755 r       sys_clk_ibuf/opit_0/O
                                   net (fanout=1)        0.000       0.755         sys_clk_ibuf/ntD 
 IOLHR_364_450/DI_TO_CLK           td                    0.087       0.842 r       sys_clk_ibuf/opit_1/DI_TO_CLK
                                   net (fanout=1)        0.588       1.430         nt_sys_clk       
 USCM_215_576/CLKOUT               td                    0.115       1.545 r       clkbufg_3/gopclkbufg/CLKOUT
                                   net (fanout=1)        0.397       1.942         ntclkbufg_0      
 HCKB_213_506/CLKOUT               td                    0.233       2.175 r       HCKBROUTE_299/CLKOUT
                                   net (fanout=8)        0.370       2.545         _N422            
 CLMS_189_757/CLK                                                          r       hdmi_i2c_inst/i2c_ctrl_inst/cnt_clk[2]/opit_0_inv_L6Q_LUT6DQL5Q_perm/CLK

 CLMS_189_757/Q0                   tco                   0.125       2.670 f       hdmi_i2c_inst/i2c_ctrl_inst/cnt_clk[2]/opit_0_inv_L6Q_LUT6DQL5Q_perm/L6Q
                                   net (fanout=3)        0.147       2.817         hdmi_i2c_inst/i2c_ctrl_inst/cnt_clk [2]
 CLMA_189_756/CR0                  td                    0.185       3.002 f       hdmi_i2c_inst/i2c_ctrl_inst/N505_6/gateop_LUT6DL5_perm/L5
                                   net (fanout=4)        0.321       3.323         hdmi_i2c_inst/i2c_ctrl_inst/_N35
 CLMS_189_769/A5                                                           f       hdmi_i2c_inst/i2c_ctrl_inst/cnt_clk[7]/opit_0_inv_L6Q_perm/I5

 Data arrival time                                                   3.323         Logic Levels: 1  
                                                                                   Logic: 0.310ns(39.846%), Route: 0.468ns(60.154%)
----------------------------------------------------------------------------------------------------

 Clock sys_clk (rising edge)                            20.000      20.000 r                        
 R3                                                      0.000      20.000 r       sys_clk (port)   
                                   net (fanout=1)        0.096      20.096         sys_clk          
 IOBD_372_450/DIN                  td                    0.563      20.659 r       sys_clk_ibuf/opit_0/O
                                   net (fanout=1)        0.000      20.659         sys_clk_ibuf/ntD 
 IOLHR_364_450/DI_TO_CLK           td                    0.073      20.732 r       sys_clk_ibuf/opit_1/DI_TO_CLK
                                   net (fanout=1)        0.493      21.225         nt_sys_clk       
 USCM_215_576/CLKOUT               td                    0.097      21.322 r       clkbufg_3/gopclkbufg/CLKOUT
                                   net (fanout=1)        0.334      21.656         ntclkbufg_0      
 HCKB_213_506/CLKOUT               td                    0.195      21.851 r       HCKBROUTE_299/CLKOUT
                                   net (fanout=8)        0.320      22.171         _N422            
 CLMS_189_769/CLK                                                          r       hdmi_i2c_inst/i2c_ctrl_inst/cnt_clk[7]/opit_0_inv_L6Q_perm/CLK
 clock pessimism                                         0.334      22.505                          
 clock uncertainty                                      -0.050      22.455                          

 Setup time                                             -0.051      22.404                          

 Data required time                                                 22.404                          
----------------------------------------------------------------------------------------------------
 Data required time                                                 22.404                          
 Data arrival time                                                  -3.323                          
----------------------------------------------------------------------------------------------------
 Slack (MET)                                                        19.081                          
====================================================================================================

====================================================================================================

Startpoint  : hdmi_i2c_inst/i2c_ctrl_inst/cnt_clk[2]/opit_0_inv_L6Q_LUT6DQL5Q_perm/CLK
Endpoint    : hdmi_i2c_inst/i2c_ctrl_inst/cnt_clk[3]/opit_0_inv_L6Q_perm/I2
Path Group  : sys_clk
Path Type   : max
Path Class  : sequential timing path
Clock Skew :    0.000  (Capture Clock Delay - Launch Clock Delay + Clock Pessimism Removal)
  Capture Clock Delay     :  2.173
  Launch Clock Delay      :  2.545
  Clock Pessimism Removal :  0.372

 Location                          Delay Type             Incr        Path         Logical Resource 
----------------------------------------------------------------------------------------------------

 Clock sys_clk (rising edge)                             0.000       0.000 r                        
 R3                                                      0.000       0.000 r       sys_clk (port)   
                                   net (fanout=1)        0.096       0.096         sys_clk          
 IOBD_372_450/DIN                  td                    0.659       0.755 r       sys_clk_ibuf/opit_0/O
                                   net (fanout=1)        0.000       0.755         sys_clk_ibuf/ntD 
 IOLHR_364_450/DI_TO_CLK           td                    0.087       0.842 r       sys_clk_ibuf/opit_1/DI_TO_CLK
                                   net (fanout=1)        0.588       1.430         nt_sys_clk       
 USCM_215_576/CLKOUT               td                    0.115       1.545 r       clkbufg_3/gopclkbufg/CLKOUT
                                   net (fanout=1)        0.397       1.942         ntclkbufg_0      
 HCKB_213_506/CLKOUT               td                    0.233       2.175 r       HCKBROUTE_299/CLKOUT
                                   net (fanout=8)        0.370       2.545         _N422            
 CLMS_189_757/CLK                                                          r       hdmi_i2c_inst/i2c_ctrl_inst/cnt_clk[2]/opit_0_inv_L6Q_LUT6DQL5Q_perm/CLK

 CLMS_189_757/Q0                   tco                   0.125       2.670 f       hdmi_i2c_inst/i2c_ctrl_inst/cnt_clk[2]/opit_0_inv_L6Q_LUT6DQL5Q_perm/L6Q
                                   net (fanout=3)        0.147       2.817         hdmi_i2c_inst/i2c_ctrl_inst/cnt_clk [2]
 CLMA_189_756/CR0                  td                    0.185       3.002 r       hdmi_i2c_inst/i2c_ctrl_inst/N505_6/gateop_LUT6DL5_perm/L5
                                   net (fanout=4)        0.141       3.143         hdmi_i2c_inst/i2c_ctrl_inst/_N35
 CLMS_189_757/B2                                                           r       hdmi_i2c_inst/i2c_ctrl_inst/cnt_clk[3]/opit_0_inv_L6Q_perm/I2

 Data arrival time                                                   3.143         Logic Levels: 1  
                                                                                   Logic: 0.310ns(51.839%), Route: 0.288ns(48.161%)
----------------------------------------------------------------------------------------------------

 Clock sys_clk (rising edge)                            20.000      20.000 r                        
 R3                                                      0.000      20.000 r       sys_clk (port)   
                                   net (fanout=1)        0.096      20.096         sys_clk          
 IOBD_372_450/DIN                  td                    0.563      20.659 r       sys_clk_ibuf/opit_0/O
                                   net (fanout=1)        0.000      20.659         sys_clk_ibuf/ntD 
 IOLHR_364_450/DI_TO_CLK           td                    0.073      20.732 r       sys_clk_ibuf/opit_1/DI_TO_CLK
                                   net (fanout=1)        0.493      21.225         nt_sys_clk       
 USCM_215_576/CLKOUT               td                    0.097      21.322 r       clkbufg_3/gopclkbufg/CLKOUT
                                   net (fanout=1)        0.334      21.656         ntclkbufg_0      
 HCKB_213_506/CLKOUT               td                    0.195      21.851 r       HCKBROUTE_299/CLKOUT
                                   net (fanout=8)        0.322      22.173         _N422            
 CLMS_189_757/CLK                                                          r       hdmi_i2c_inst/i2c_ctrl_inst/cnt_clk[3]/opit_0_inv_L6Q_perm/CLK
 clock pessimism                                         0.372      22.545                          
 clock uncertainty                                      -0.050      22.495                          

 Setup time                                             -0.118      22.377                          

 Data required time                                                 22.377                          
----------------------------------------------------------------------------------------------------
 Data required time                                                 22.377                          
 Data arrival time                                                  -3.143                          
----------------------------------------------------------------------------------------------------
 Slack (MET)                                                        19.234                          
====================================================================================================

====================================================================================================

Startpoint  : hdmi_i2c_inst/i2c_ctrl_inst/cnt_clk[0]/opit_0_inv_L6Q_perm/CLK
Endpoint    : hdmi_i2c_inst/i2c_ctrl_inst/cnt_clk[2]/opit_0_inv_L6Q_LUT6DQL5Q_perm/I4
Path Group  : sys_clk
Path Type   : min
Path Class  : sequential timing path
Clock Skew :    0.015  (Capture Clock Delay - Launch Clock Delay + Clock Pessimism Removal)
  Capture Clock Delay     :  2.545
  Launch Clock Delay      :  2.173
  Clock Pessimism Removal :  -0.357

 Location                          Delay Type             Incr        Path         Logical Resource 
----------------------------------------------------------------------------------------------------

 Clock sys_clk (rising edge)                             0.000       0.000 r                        
 R3                                                      0.000       0.000 r       sys_clk (port)   
                                   net (fanout=1)        0.096       0.096         sys_clk          
 IOBD_372_450/DIN                  td                    0.563       0.659 r       sys_clk_ibuf/opit_0/O
                                   net (fanout=1)        0.000       0.659         sys_clk_ibuf/ntD 
 IOLHR_364_450/DI_TO_CLK           td                    0.073       0.732 r       sys_clk_ibuf/opit_1/DI_TO_CLK
                                   net (fanout=1)        0.493       1.225         nt_sys_clk       
 USCM_215_576/CLKOUT               td                    0.097       1.322 r       clkbufg_3/gopclkbufg/CLKOUT
                                   net (fanout=1)        0.334       1.656         ntclkbufg_0      
 HCKB_213_506/CLKOUT               td                    0.195       1.851 r       HCKBROUTE_299/CLKOUT
                                   net (fanout=8)        0.322       2.173         _N422            
 CLMA_189_756/CLK                                                          r       hdmi_i2c_inst/i2c_ctrl_inst/cnt_clk[0]/opit_0_inv_L6Q_perm/CLK

 CLMA_189_756/Q1                   tco                   0.103       2.276 r       hdmi_i2c_inst/i2c_ctrl_inst/cnt_clk[0]/opit_0_inv_L6Q_perm/L6Q
                                   net (fanout=7)        0.059       2.335         hdmi_i2c_inst/i2c_ctrl_inst/cnt_clk [0]
 CLMS_189_757/A4                                                           r       hdmi_i2c_inst/i2c_ctrl_inst/cnt_clk[2]/opit_0_inv_L6Q_LUT6DQL5Q_perm/I4

 Data arrival time                                                   2.335         Logic Levels: 0  
                                                                                   Logic: 0.103ns(63.580%), Route: 0.059ns(36.420%)
----------------------------------------------------------------------------------------------------

 Clock sys_clk (rising edge)                             0.000       0.000 r                        
 R3                                                      0.000       0.000 r       sys_clk (port)   
                                   net (fanout=1)        0.096       0.096         sys_clk          
 IOBD_372_450/DIN                  td                    0.659       0.755 r       sys_clk_ibuf/opit_0/O
                                   net (fanout=1)        0.000       0.755         sys_clk_ibuf/ntD 
 IOLHR_364_450/DI_TO_CLK           td                    0.087       0.842 r       sys_clk_ibuf/opit_1/DI_TO_CLK
                                   net (fanout=1)        0.588       1.430         nt_sys_clk       
 USCM_215_576/CLKOUT               td                    0.115       1.545 r       clkbufg_3/gopclkbufg/CLKOUT
                                   net (fanout=1)        0.397       1.942         ntclkbufg_0      
 HCKB_213_506/CLKOUT               td                    0.233       2.175 r       HCKBROUTE_299/CLKOUT
                                   net (fanout=8)        0.370       2.545         _N422            
 CLMS_189_757/CLK                                                          r       hdmi_i2c_inst/i2c_ctrl_inst/cnt_clk[2]/opit_0_inv_L6Q_LUT6DQL5Q_perm/CLK
 clock pessimism                                        -0.357       2.188                          
 clock uncertainty                                       0.000       2.188                          

 Hold time                                              -0.018       2.170                          

 Data required time                                                  2.170                          
----------------------------------------------------------------------------------------------------
 Data required time                                                  2.170                          
 Data arrival time                                                  -2.335                          
----------------------------------------------------------------------------------------------------
 Slack (MET)                                                         0.165                          
====================================================================================================

====================================================================================================

Startpoint  : hdmi_i2c_inst/i2c_ctrl_inst/cnt_clk[5]/opit_0_inv_L6Q_perm/CLK
Endpoint    : hdmi_i2c_inst/i2c_ctrl_inst/cnt_clk[6]/opit_0_inv_L6Q_perm/I3
Path Group  : sys_clk
Path Type   : min
Path Class  : sequential timing path
Clock Skew :    0.000  (Capture Clock Delay - Launch Clock Delay + Clock Pessimism Removal)
  Capture Clock Delay     :  2.545
  Launch Clock Delay      :  2.173
  Clock Pessimism Removal :  -0.372

 Location                          Delay Type             Incr        Path         Logical Resource 
----------------------------------------------------------------------------------------------------

 Clock sys_clk (rising edge)                             0.000       0.000 r                        
 R3                                                      0.000       0.000 r       sys_clk (port)   
                                   net (fanout=1)        0.096       0.096         sys_clk          
 IOBD_372_450/DIN                  td                    0.563       0.659 r       sys_clk_ibuf/opit_0/O
                                   net (fanout=1)        0.000       0.659         sys_clk_ibuf/ntD 
 IOLHR_364_450/DI_TO_CLK           td                    0.073       0.732 r       sys_clk_ibuf/opit_1/DI_TO_CLK
                                   net (fanout=1)        0.493       1.225         nt_sys_clk       
 USCM_215_576/CLKOUT               td                    0.097       1.322 r       clkbufg_3/gopclkbufg/CLKOUT
                                   net (fanout=1)        0.334       1.656         ntclkbufg_0      
 HCKB_213_506/CLKOUT               td                    0.195       1.851 r       HCKBROUTE_299/CLKOUT
                                   net (fanout=8)        0.322       2.173         _N422            
 CLMS_189_757/CLK                                                          r       hdmi_i2c_inst/i2c_ctrl_inst/cnt_clk[5]/opit_0_inv_L6Q_perm/CLK

 CLMS_189_757/Q2                   tco                   0.103       2.276 r       hdmi_i2c_inst/i2c_ctrl_inst/cnt_clk[5]/opit_0_inv_L6Q_perm/L6Q
                                   net (fanout=4)        0.057       2.333         hdmi_i2c_inst/i2c_ctrl_inst/cnt_clk [5]
 CLMS_189_757/D3                                                           r       hdmi_i2c_inst/i2c_ctrl_inst/cnt_clk[6]/opit_0_inv_L6Q_perm/I3

 Data arrival time                                                   2.333         Logic Levels: 0  
                                                                                   Logic: 0.103ns(64.375%), Route: 0.057ns(35.625%)
----------------------------------------------------------------------------------------------------

 Clock sys_clk (rising edge)                             0.000       0.000 r                        
 R3                                                      0.000       0.000 r       sys_clk (port)   
                                   net (fanout=1)        0.096       0.096         sys_clk          
 IOBD_372_450/DIN                  td                    0.659       0.755 r       sys_clk_ibuf/opit_0/O
                                   net (fanout=1)        0.000       0.755         sys_clk_ibuf/ntD 
 IOLHR_364_450/DI_TO_CLK           td                    0.087       0.842 r       sys_clk_ibuf/opit_1/DI_TO_CLK
                                   net (fanout=1)        0.588       1.430         nt_sys_clk       
 USCM_215_576/CLKOUT               td                    0.115       1.545 r       clkbufg_3/gopclkbufg/CLKOUT
                                   net (fanout=1)        0.397       1.942         ntclkbufg_0      
 HCKB_213_506/CLKOUT               td                    0.233       2.175 r       HCKBROUTE_299/CLKOUT
                                   net (fanout=8)        0.370       2.545         _N422            
 CLMS_189_757/CLK                                                          r       hdmi_i2c_inst/i2c_ctrl_inst/cnt_clk[6]/opit_0_inv_L6Q_perm/CLK
 clock pessimism                                        -0.372       2.173                          
 clock uncertainty                                       0.000       2.173                          

 Hold time                                              -0.029       2.144                          

 Data required time                                                  2.144                          
----------------------------------------------------------------------------------------------------
 Data required time                                                  2.144                          
 Data arrival time                                                  -2.333                          
----------------------------------------------------------------------------------------------------
 Slack (MET)                                                         0.189                          
====================================================================================================

====================================================================================================

Startpoint  : hdmi_i2c_inst/i2c_ctrl_inst/cnt_clk[3]/opit_0_inv_L6Q_perm/CLK
Endpoint    : hdmi_i2c_inst/i2c_ctrl_inst/cnt_clk[0]/opit_0_inv_L6Q_perm/I5
Path Group  : sys_clk
Path Type   : min
Path Class  : sequential timing path
Clock Skew :    0.015  (Capture Clock Delay - Launch Clock Delay + Clock Pessimism Removal)
  Capture Clock Delay     :  2.545
  Launch Clock Delay      :  2.173
  Clock Pessimism Removal :  -0.357

 Location                          Delay Type             Incr        Path         Logical Resource 
----------------------------------------------------------------------------------------------------

 Clock sys_clk (rising edge)                             0.000       0.000 r                        
 R3                                                      0.000       0.000 r       sys_clk (port)   
                                   net (fanout=1)        0.096       0.096         sys_clk          
 IOBD_372_450/DIN                  td                    0.563       0.659 r       sys_clk_ibuf/opit_0/O
                                   net (fanout=1)        0.000       0.659         sys_clk_ibuf/ntD 
 IOLHR_364_450/DI_TO_CLK           td                    0.073       0.732 r       sys_clk_ibuf/opit_1/DI_TO_CLK
                                   net (fanout=1)        0.493       1.225         nt_sys_clk       
 USCM_215_576/CLKOUT               td                    0.097       1.322 r       clkbufg_3/gopclkbufg/CLKOUT
                                   net (fanout=1)        0.334       1.656         ntclkbufg_0      
 HCKB_213_506/CLKOUT               td                    0.195       1.851 r       HCKBROUTE_299/CLKOUT
                                   net (fanout=8)        0.322       2.173         _N422            
 CLMS_189_757/CLK                                                          r       hdmi_i2c_inst/i2c_ctrl_inst/cnt_clk[3]/opit_0_inv_L6Q_perm/CLK

 CLMS_189_757/Q1                   tco                   0.109       2.282 f       hdmi_i2c_inst/i2c_ctrl_inst/cnt_clk[3]/opit_0_inv_L6Q_perm/L6Q
                                   net (fanout=7)        0.103       2.385         hdmi_i2c_inst/i2c_ctrl_inst/cnt_clk [3]
 CLMA_189_756/B5                                                           f       hdmi_i2c_inst/i2c_ctrl_inst/cnt_clk[0]/opit_0_inv_L6Q_perm/I5

 Data arrival time                                                   2.385         Logic Levels: 0  
                                                                                   Logic: 0.109ns(51.415%), Route: 0.103ns(48.585%)
----------------------------------------------------------------------------------------------------

 Clock sys_clk (rising edge)                             0.000       0.000 r                        
 R3                                                      0.000       0.000 r       sys_clk (port)   
                                   net (fanout=1)        0.096       0.096         sys_clk          
 IOBD_372_450/DIN                  td                    0.659       0.755 r       sys_clk_ibuf/opit_0/O
                                   net (fanout=1)        0.000       0.755         sys_clk_ibuf/ntD 
 IOLHR_364_450/DI_TO_CLK           td                    0.087       0.842 r       sys_clk_ibuf/opit_1/DI_TO_CLK
                                   net (fanout=1)        0.588       1.430         nt_sys_clk       
 USCM_215_576/CLKOUT               td                    0.115       1.545 r       clkbufg_3/gopclkbufg/CLKOUT
                                   net (fanout=1)        0.397       1.942         ntclkbufg_0      
 HCKB_213_506/CLKOUT               td                    0.233       2.175 r       HCKBROUTE_299/CLKOUT
                                   net (fanout=8)        0.370       2.545         _N422            
 CLMA_189_756/CLK                                                          r       hdmi_i2c_inst/i2c_ctrl_inst/cnt_clk[0]/opit_0_inv_L6Q_perm/CLK
 clock pessimism                                        -0.357       2.188                          
 clock uncertainty                                       0.000       2.188                          

 Hold time                                              -0.009       2.179                          

 Data required time                                                  2.179                          
----------------------------------------------------------------------------------------------------
 Data required time                                                  2.179                          
 Data arrival time                                                  -2.385                          
----------------------------------------------------------------------------------------------------
 Slack (MET)                                                         0.206                          
====================================================================================================

====================================================================================================

Startpoint  : hdmi_i2c_inst/i2c_ctrl_inst/state_14/opit_0_inv_L6Q_perm/CLK
Endpoint    : u_CORES/u_debug_core_0/trig0_d1[41]/opit_0/D
Path Group  : hdmi_i2c_inst/i2c_ctrl_inst/i2c_clk/Q[0]_Inferred
Path Type   : max
Path Class  : sequential timing path
Clock Skew :    -0.154  (Capture Clock Delay - Launch Clock Delay + Clock Pessimism Removal)
  Capture Clock Delay     :  0.425
  Launch Clock Delay      :  0.579
  Clock Pessimism Removal :  0.000

 Location                          Delay Type             Incr        Path         Logical Resource 
----------------------------------------------------------------------------------------------------

 Clock hdmi_i2c_inst/i2c_ctrl_inst/i2c_clk/Q[0]_Inferred (rising edge)
                                                         0.000       0.000 r                        
 CLMS_189_757/CR1                                        0.000       0.000 r       hdmi_i2c_inst/i2c_ctrl_inst/i2c_clk/opit_0_inv/Q
                                   net (fanout=670)      0.579       0.579         hdmi_i2c_inst/cfg_clk
 CLMA_219_780/CLK                                                          r       hdmi_i2c_inst/i2c_ctrl_inst/state_14/opit_0_inv_L6Q_perm/CLK

 CLMA_219_780/Q2                   tco                   0.125       0.704 f       hdmi_i2c_inst/i2c_ctrl_inst/state_14/opit_0_inv_L6Q_perm/L6Q
                                   net (fanout=6)        0.348       1.052         hdmi_i2c_inst/i2c_ctrl_inst/state_14
 CLMS_207_769/Y2                   td                    0.070       1.122 f       hdmi_i2c_inst/i2c_ctrl_inst/state[3:0]_fsm[3:0]_26[1]_2/LUT6_inst_perm/L6
                                   net (fanout=2)        0.321       1.443         hdmi_i2c_inst/i2c_ctrl_inst/_N415
 CLMS_207_757/Y3                   td                    0.125       1.568 f       hdmi_i2c_inst/i2c_ctrl_inst/N796_2/LUT6_inst_perm/L6
                                   net (fanout=1)        0.147       1.715         hdmi_i2c_inst/i2c_ctrl_inst/N796
 CLMS_207_757/Y0                   td                    0.100       1.815 f       u_CORES/u_debug_core_0/TRIG0_ff[1][41]/opit_0_inv_L6QQ_perm/L6
                                   net (fanout=2)        0.423       2.238         _N283            
 CLMA_243_786/M1                                                           f       u_CORES/u_debug_core_0/trig0_d1[41]/opit_0/D

 Data arrival time                                                   2.238         Logic Levels: 3  
                                                                                   Logic: 0.420ns(25.316%), Route: 1.239ns(74.684%)
----------------------------------------------------------------------------------------------------

 Clock hdmi_i2c_inst/i2c_ctrl_inst/i2c_clk/Q[0]_Inferred (rising edge)
                                                      1000.000    1000.000 r                        
 CLMS_189_757/CR1                                        0.000    1000.000 r       hdmi_i2c_inst/i2c_ctrl_inst/i2c_clk/opit_0_inv/Q
                                   net (fanout=670)      0.425    1000.425         hdmi_i2c_inst/cfg_clk
 CLMA_243_786/CLK                                                          r       u_CORES/u_debug_core_0/trig0_d1[41]/opit_0/CLK
 clock pessimism                                         0.000    1000.425                          
 clock uncertainty                                      -0.050    1000.375                          

 Setup time                                             -0.074    1000.301                          

 Data required time                                               1000.301                          
----------------------------------------------------------------------------------------------------
 Data required time                                               1000.301                          
 Data arrival time                                                  -2.238                          
----------------------------------------------------------------------------------------------------
 Slack (MET)                                                       998.063                          
====================================================================================================

====================================================================================================

Startpoint  : hdmi_i2c_inst/i2c_ctrl_inst/cnt_i2c_clk[0]/opit_0_inv_L6QL5_perm/CLK
Endpoint    : hdmi_i2c_inst/i2c_ctrl_inst/state_13/opit_0_inv_L6QL5Q_perm/CE
Path Group  : hdmi_i2c_inst/i2c_ctrl_inst/i2c_clk/Q[0]_Inferred
Path Type   : max
Path Class  : sequential timing path
Clock Skew :    -0.169  (Capture Clock Delay - Launch Clock Delay + Clock Pessimism Removal)
  Capture Clock Delay     :  0.320
  Launch Clock Delay      :  0.506
  Clock Pessimism Removal :  0.017

 Location                          Delay Type             Incr        Path         Logical Resource 
----------------------------------------------------------------------------------------------------

 Clock hdmi_i2c_inst/i2c_ctrl_inst/i2c_clk/Q[0]_Inferred (rising edge)
                                                         0.000       0.000 r                        
 CLMS_189_757/CR1                                        0.000       0.000 r       hdmi_i2c_inst/i2c_ctrl_inst/i2c_clk/opit_0_inv/Q
                                   net (fanout=670)      0.506       0.506         hdmi_i2c_inst/cfg_clk
 CLMA_219_774/CLK                                                          r       hdmi_i2c_inst/i2c_ctrl_inst/cnt_i2c_clk[0]/opit_0_inv_L6QL5_perm/CLK

 CLMA_219_774/Q0                   tco                   0.125       0.631 f       hdmi_i2c_inst/i2c_ctrl_inst/cnt_i2c_clk[0]/opit_0_inv_L6QL5_perm/L6Q
                                   net (fanout=17)       0.263       0.894         hdmi_i2c_inst/i2c_ctrl_inst/cnt_i2c_clk [0]
 CLMA_207_774/CR1                  td                    0.142       1.036 f       CLKROUTE_295/CR  
                                   net (fanout=1)        0.075       1.111         _N418            
 CLMS_207_775/Y0                   td                    0.122       1.233 f       hdmi_i2c_inst/i2c_ctrl_inst/state_15/opit_0_inv_L5Q_perm/L6
                                   net (fanout=3)        0.242       1.475         hdmi_i2c_inst/i2c_ctrl_inst/N509
 CLMS_207_781/Y0                   td                    0.104       1.579 r       hdmi_i2c_inst/i2c_ctrl_inst/N736_2_9/LUT6_inst_perm/L6
                                   net (fanout=1)        0.071       1.650         hdmi_i2c_inst/i2c_ctrl_inst/_N507
 CLMS_207_781/Y1                   td                    0.040       1.690 r       hdmi_i2c_inst/i2c_ctrl_inst/N736_2_13/gateop_perm/L6
                                   net (fanout=10)       0.381       2.071         hdmi_i2c_inst/i2c_ctrl_inst/N736
 CLMA_207_780/CE                                                           r       hdmi_i2c_inst/i2c_ctrl_inst/state_13/opit_0_inv_L6QL5Q_perm/CE

 Data arrival time                                                   2.071         Logic Levels: 4  
                                                                                   Logic: 0.533ns(34.058%), Route: 1.032ns(65.942%)
----------------------------------------------------------------------------------------------------

 Clock hdmi_i2c_inst/i2c_ctrl_inst/i2c_clk/Q[0]_Inferred (rising edge)
                                                      1000.000    1000.000 r                        
 CLMS_189_757/CR1                                        0.000    1000.000 r       hdmi_i2c_inst/i2c_ctrl_inst/i2c_clk/opit_0_inv/Q
                                   net (fanout=670)      0.320    1000.320         hdmi_i2c_inst/cfg_clk
 CLMA_207_780/CLK                                                          r       hdmi_i2c_inst/i2c_ctrl_inst/state_13/opit_0_inv_L6QL5Q_perm/CLK
 clock pessimism                                         0.017    1000.337                          
 clock uncertainty                                      -0.050    1000.287                          

 Setup time                                             -0.116    1000.171                          

 Data required time                                               1000.171                          
----------------------------------------------------------------------------------------------------
 Data required time                                               1000.171                          
 Data arrival time                                                  -2.071                          
----------------------------------------------------------------------------------------------------
 Slack (MET)                                                       998.100                          
====================================================================================================

====================================================================================================

Startpoint  : u_CORES/u_debug_core_0/ram_wadr[13]/opit_0_inv_L5Q_perm/CLK
Endpoint    : u_CORES/u_debug_core_0/u_Data_Capture_Memory/block_ram.ram_data_0_2/gopdrm_36k/CSA[1]
Path Group  : hdmi_i2c_inst/i2c_ctrl_inst/i2c_clk/Q[0]_Inferred
Path Type   : max
Path Class  : sequential timing path
Clock Skew :    -0.287  (Capture Clock Delay - Launch Clock Delay + Clock Pessimism Removal)
  Capture Clock Delay     :  0.739
  Launch Clock Delay      :  1.026
  Clock Pessimism Removal :  0.000

 Location                          Delay Type             Incr        Path         Logical Resource 
----------------------------------------------------------------------------------------------------

 Clock hdmi_i2c_inst/i2c_ctrl_inst/i2c_clk/Q[0]_Inferred (rising edge)
                                                         0.000       0.000 r                        
 CLMS_189_757/CR1                                        0.000       0.000 r       hdmi_i2c_inst/i2c_ctrl_inst/i2c_clk/opit_0_inv/Q
                                   net (fanout=670)      1.026       1.026         hdmi_i2c_inst/cfg_clk
 CLMA_291_732/CLK                                                          r       u_CORES/u_debug_core_0/ram_wadr[13]/opit_0_inv_L5Q_perm/CLK

 CLMA_291_732/CR3                  tco                   0.140       1.166 f       u_CORES/u_debug_core_0/ram_wadr[13]/opit_0_inv_L5Q_perm/L5Q
                                   net (fanout=24)       1.289       2.455         u_CORES/u_debug_core_0/ram_wadr [13]
 DRM_256_978/CSA[1]                                                        f       u_CORES/u_debug_core_0/u_Data_Capture_Memory/block_ram.ram_data_0_2/gopdrm_36k/CSA[1]

 Data arrival time                                                   2.455         Logic Levels: 0  
                                                                                   Logic: 0.140ns(9.797%), Route: 1.289ns(90.203%)
----------------------------------------------------------------------------------------------------

 Clock hdmi_i2c_inst/i2c_ctrl_inst/i2c_clk/Q[0]_Inferred (rising edge)
                                                      1000.000    1000.000 r                        
 CLMS_189_757/CR1                                        0.000    1000.000 r       hdmi_i2c_inst/i2c_ctrl_inst/i2c_clk/opit_0_inv/Q
                                   net (fanout=670)      0.739    1000.739         hdmi_i2c_inst/cfg_clk
 DRM_256_978/CLKA[0]                                                       r       u_CORES/u_debug_core_0/u_Data_Capture_Memory/block_ram.ram_data_0_2/gopdrm_36k/CLKA[0]
 clock pessimism                                         0.000    1000.739                          
 clock uncertainty                                      -0.050    1000.689                          

 Setup time                                             -0.084    1000.605                          

 Data required time                                               1000.605                          
----------------------------------------------------------------------------------------------------
 Data required time                                               1000.605                          
 Data arrival time                                                  -2.455                          
----------------------------------------------------------------------------------------------------
 Slack (MET)                                                       998.150                          
====================================================================================================

====================================================================================================

Startpoint  : u_CORES/u_debug_core_0/u_Trigger_Condition/bool_match[0]/opit_0_inv_L6Q_perm/CLK
Endpoint    : u_CORES/u_debug_core_0/u_Storage_Condition/trigger_d1/opit_0_inv/D
Path Group  : hdmi_i2c_inst/i2c_ctrl_inst/i2c_clk/Q[0]_Inferred
Path Type   : min
Path Class  : sequential timing path
Clock Skew :    0.521  (Capture Clock Delay - Launch Clock Delay + Clock Pessimism Removal)
  Capture Clock Delay     :  1.010
  Launch Clock Delay      :  0.445
  Clock Pessimism Removal :  -0.044

 Location                          Delay Type             Incr        Path         Logical Resource 
----------------------------------------------------------------------------------------------------

 Clock hdmi_i2c_inst/i2c_ctrl_inst/i2c_clk/Q[0]_Inferred (rising edge)
                                                         0.000       0.000 r                        
 CLMS_189_757/CR1                                        0.000       0.000 r       hdmi_i2c_inst/i2c_ctrl_inst/i2c_clk/opit_0_inv/Q
                                   net (fanout=670)      0.445       0.445         hdmi_i2c_inst/cfg_clk
 CLMA_249_727/CLK                                                          r       u_CORES/u_debug_core_0/u_Trigger_Condition/bool_match[0]/opit_0_inv_L6Q_perm/CLK

 CLMA_249_727/Q0                   tco                   0.103       0.548 r       u_CORES/u_debug_core_0/u_Trigger_Condition/bool_match[0]/opit_0_inv_L6Q_perm/L6Q
                                   net (fanout=3)        0.233       0.781         u_CORES/u_debug_core_0/trigger
 CLMS_285_727/M2                                                           r       u_CORES/u_debug_core_0/u_Storage_Condition/trigger_d1/opit_0_inv/D

 Data arrival time                                                   0.781         Logic Levels: 0  
                                                                                   Logic: 0.103ns(30.655%), Route: 0.233ns(69.345%)
----------------------------------------------------------------------------------------------------

 Clock hdmi_i2c_inst/i2c_ctrl_inst/i2c_clk/Q[0]_Inferred (rising edge)
                                                         0.000       0.000 r                        
 CLMS_189_757/CR1                                        0.000       0.000 r       hdmi_i2c_inst/i2c_ctrl_inst/i2c_clk/opit_0_inv/Q
                                   net (fanout=670)      1.010       1.010         hdmi_i2c_inst/cfg_clk
 CLMS_285_727/CLK                                                          r       u_CORES/u_debug_core_0/u_Storage_Condition/trigger_d1/opit_0_inv/CLK
 clock pessimism                                        -0.044       0.966                          
 clock uncertainty                                       0.000       0.966                          

 Hold time                                              -0.028       0.938                          

 Data required time                                                  0.938                          
----------------------------------------------------------------------------------------------------
 Data required time                                                  0.938                          
 Data arrival time                                                  -0.781                          
----------------------------------------------------------------------------------------------------
 Slack (VIOLATED)                                                   -0.157                          
====================================================================================================

====================================================================================================

Startpoint  : u_CORES/u_debug_core_0/DATA_ff[0][12]/opit_0/CLK
Endpoint    : u_CORES/u_debug_core_0/u_Data_Capture_Memory/block_ram.ram_data_0_1/gopdrm_36k/DA0[4]
Path Group  : hdmi_i2c_inst/i2c_ctrl_inst/i2c_clk/Q[0]_Inferred
Path Type   : min
Path Class  : sequential timing path
Clock Skew :    0.488  (Capture Clock Delay - Launch Clock Delay + Clock Pessimism Removal)
  Capture Clock Delay     :  1.067
  Launch Clock Delay      :  0.579
  Clock Pessimism Removal :  0.000

 Location                          Delay Type             Incr        Path         Logical Resource 
----------------------------------------------------------------------------------------------------

 Clock hdmi_i2c_inst/i2c_ctrl_inst/i2c_clk/Q[0]_Inferred (rising edge)
                                                         0.000       0.000 r                        
 CLMS_189_757/CR1                                        0.000       0.000 r       hdmi_i2c_inst/i2c_ctrl_inst/i2c_clk/opit_0_inv/Q
                                   net (fanout=670)      0.579       0.579         hdmi_i2c_inst/cfg_clk
 CLMA_249_702/CLK                                                          r       u_CORES/u_debug_core_0/DATA_ff[0][12]/opit_0/CLK

 CLMA_249_702/Q3                   tco                   0.103       0.682 r       u_CORES/u_debug_core_0/DATA_ff[0][12]/opit_0/Q
                                   net (fanout=4)        0.263       0.945         u_CORES/u_debug_core_0/DATA_ff[0] [12]
 DRM_256_672/DA0[4]                                                        r       u_CORES/u_debug_core_0/u_Data_Capture_Memory/block_ram.ram_data_0_1/gopdrm_36k/DA0[4]

 Data arrival time                                                   0.945         Logic Levels: 0  
                                                                                   Logic: 0.103ns(28.142%), Route: 0.263ns(71.858%)
----------------------------------------------------------------------------------------------------

 Clock hdmi_i2c_inst/i2c_ctrl_inst/i2c_clk/Q[0]_Inferred (rising edge)
                                                         0.000       0.000 r                        
 CLMS_189_757/CR1                                        0.000       0.000 r       hdmi_i2c_inst/i2c_ctrl_inst/i2c_clk/opit_0_inv/Q
                                   net (fanout=670)      1.067       1.067         hdmi_i2c_inst/cfg_clk
 DRM_256_672/CLKA[0]                                                       r       u_CORES/u_debug_core_0/u_Data_Capture_Memory/block_ram.ram_data_0_1/gopdrm_36k/CLKA[0]
 clock pessimism                                         0.000       1.067                          
 clock uncertainty                                       0.000       1.067                          

 Hold time                                               0.014       1.081                          

 Data required time                                                  1.081                          
----------------------------------------------------------------------------------------------------
 Data required time                                                  1.081                          
 Data arrival time                                                  -0.945                          
----------------------------------------------------------------------------------------------------
 Slack (VIOLATED)                                                   -0.136                          
====================================================================================================

====================================================================================================

Startpoint  : u_CORES/u_debug_core_0/u_Storage_Condition/address_nsa[1]/opit_0_inv_L6Q_perm/CLK
Endpoint    : u_CORES/u_debug_core_0/status[1]/opit_0_inv_L6QL5Q_perm/I4
Path Group  : hdmi_i2c_inst/i2c_ctrl_inst/i2c_clk/Q[0]_Inferred
Path Type   : min
Path Class  : sequential timing path
Clock Skew :    0.364  (Capture Clock Delay - Launch Clock Delay + Clock Pessimism Removal)
  Capture Clock Delay     :  1.026
  Launch Clock Delay      :  0.662
  Clock Pessimism Removal :  0.000

 Location                          Delay Type             Incr        Path         Logical Resource 
----------------------------------------------------------------------------------------------------

 Clock hdmi_i2c_inst/i2c_ctrl_inst/i2c_clk/Q[0]_Inferred (rising edge)
                                                         0.000       0.000 r                        
 CLMS_189_757/CR1                                        0.000       0.000 r       hdmi_i2c_inst/i2c_ctrl_inst/i2c_clk/opit_0_inv/Q
                                   net (fanout=670)      0.662       0.662         hdmi_i2c_inst/cfg_clk
 CLMS_291_721/CLK                                                          r       u_CORES/u_debug_core_0/u_Storage_Condition/address_nsa[1]/opit_0_inv_L6Q_perm/CLK

 CLMS_291_721/Q0                   tco                   0.103       0.765 r       u_CORES/u_debug_core_0/u_Storage_Condition/address_nsa[1]/opit_0_inv_L6Q_perm/L6Q
                                   net (fanout=4)        0.120       0.885         u_CORES/u_debug_core_0/u_Storage_Condition/address_nsa [1]
 CLMA_291_732/A4                                                           r       u_CORES/u_debug_core_0/status[1]/opit_0_inv_L6QL5Q_perm/I4

 Data arrival time                                                   0.885         Logic Levels: 0  
                                                                                   Logic: 0.103ns(46.188%), Route: 0.120ns(53.812%)
----------------------------------------------------------------------------------------------------

 Clock hdmi_i2c_inst/i2c_ctrl_inst/i2c_clk/Q[0]_Inferred (rising edge)
                                                         0.000       0.000 r                        
 CLMS_189_757/CR1                                        0.000       0.000 r       hdmi_i2c_inst/i2c_ctrl_inst/i2c_clk/opit_0_inv/Q
                                   net (fanout=670)      1.026       1.026         hdmi_i2c_inst/cfg_clk
 CLMA_291_732/CLK                                                          r       u_CORES/u_debug_core_0/status[1]/opit_0_inv_L6QL5Q_perm/CLK
 clock pessimism                                         0.000       1.026                          
 clock uncertainty                                       0.000       1.026                          

 Hold time                                              -0.018       1.008                          

 Data required time                                                  1.008                          
----------------------------------------------------------------------------------------------------
 Data required time                                                  1.008                          
 Data arrival time                                                  -0.885                          
----------------------------------------------------------------------------------------------------
 Slack (VIOLATED)                                                   -0.123                          
====================================================================================================

====================================================================================================

Startpoint  : u_CORES/u_jtag_hub/data_ctrl/opit_0_inv_L6Q/CLK
Endpoint    : u_CORES/u_jtag_hub/id_o[3]/opit_0_inv_L6Q_LUT6DQL5Q_perm/I0
Path Group  : DebugCore_JCLK
Path Type   : max
Path Class  : sequential timing path
Clock Skew :    -0.067  (Capture Clock Delay - Launch Clock Delay + Clock Pessimism Removal)
  Capture Clock Delay     :  2.172
  Launch Clock Delay      :  2.594
  Clock Pessimism Removal :  0.355

 Location                          Delay Type             Incr        Path         Logical Resource 
----------------------------------------------------------------------------------------------------

 Clock DebugCore_JCLK (rising edge)
                                                         0.000       0.000 r                        
 SCANCHAIN_88_312/TCK1                                   0.000       0.000 r       u_CORES/u_GTP_SCANCHAIN_PG/scanchain/TCK1
                                   net (fanout=1)        1.520       1.520         u_CORES/drck_o   
 USCM_215_669/CLKOUT               td                    0.115       1.635 r       clkbufg_5/gopclkbufg/CLKOUT
                                   net (fanout=4)        0.397       2.032         ntclkbufg_2      
 HCKB_213_526/CLKOUT               td                    0.233       2.265 r       HCKBROUTE_300/CLKOUT
                                   net (fanout=176)      0.329       2.594         _N423            
 CLMA_243_624/CLK                                                          r       u_CORES/u_jtag_hub/data_ctrl/opit_0_inv_L6Q/CLK

 CLMA_243_624/Q0                   tco                   0.125       2.719 f       u_CORES/u_jtag_hub/data_ctrl/opit_0_inv_L6Q/L6Q
                                   net (fanout=7)        0.655       3.374         u_CORES/u_jtag_hub/data_ctrl
 CLMA_261_726/B0                                                           f       u_CORES/u_jtag_hub/id_o[3]/opit_0_inv_L6Q_LUT6DQL5Q_perm/I0

 Data arrival time                                                   3.374         Logic Levels: 0  
                                                                                   Logic: 0.125ns(16.026%), Route: 0.655ns(83.974%)
----------------------------------------------------------------------------------------------------

 Clock DebugCore_JCLK (falling edge)
                                                        25.000      25.000 f                        
 SCANCHAIN_88_312/TCK1                                   0.000      25.000 f       u_CORES/u_GTP_SCANCHAIN_PG/scanchain/TCK1
                                   net (fanout=1)        1.284      26.284         u_CORES/drck_o   
 USCM_215_669/CLKOUT               td                    0.097      26.381 f       clkbufg_5/gopclkbufg/CLKOUT
                                   net (fanout=4)        0.334      26.715         ntclkbufg_2      
 HCKB_213_526/CLKOUT               td                    0.195      26.910 f       HCKBROUTE_300/CLKOUT
                                   net (fanout=176)      0.262      27.172         _N423            
 CLMA_261_726/CLK                                                          f       u_CORES/u_jtag_hub/id_o[3]/opit_0_inv_L6Q_LUT6DQL5Q_perm/CLK
 clock pessimism                                         0.355      27.527                          
 clock uncertainty                                      -0.050      27.477                          

 Setup time                                             -0.149      27.328                          

 Data required time                                                 27.328                          
----------------------------------------------------------------------------------------------------
 Data required time                                                 27.328                          
 Data arrival time                                                  -3.374                          
----------------------------------------------------------------------------------------------------
 Slack (MET)                                                        23.954                          
====================================================================================================

====================================================================================================

Startpoint  : u_CORES/u_jtag_hub/data_ctrl/opit_0_inv_L6Q/CLK
Endpoint    : u_CORES/u_jtag_hub/id_o[1]/opit_0_inv_L6Q_LUT6DQL5Q_perm/I1
Path Group  : DebugCore_JCLK
Path Type   : max
Path Class  : sequential timing path
Clock Skew :    -0.067  (Capture Clock Delay - Launch Clock Delay + Clock Pessimism Removal)
  Capture Clock Delay     :  2.172
  Launch Clock Delay      :  2.594
  Clock Pessimism Removal :  0.355

 Location                          Delay Type             Incr        Path         Logical Resource 
----------------------------------------------------------------------------------------------------

 Clock DebugCore_JCLK (rising edge)
                                                         0.000       0.000 r                        
 SCANCHAIN_88_312/TCK1                                   0.000       0.000 r       u_CORES/u_GTP_SCANCHAIN_PG/scanchain/TCK1
                                   net (fanout=1)        1.520       1.520         u_CORES/drck_o   
 USCM_215_669/CLKOUT               td                    0.115       1.635 r       clkbufg_5/gopclkbufg/CLKOUT
                                   net (fanout=4)        0.397       2.032         ntclkbufg_2      
 HCKB_213_526/CLKOUT               td                    0.233       2.265 r       HCKBROUTE_300/CLKOUT
                                   net (fanout=176)      0.329       2.594         _N423            
 CLMA_243_624/CLK                                                          r       u_CORES/u_jtag_hub/data_ctrl/opit_0_inv_L6Q/CLK

 CLMA_243_624/Q0                   tco                   0.125       2.719 f       u_CORES/u_jtag_hub/data_ctrl/opit_0_inv_L6Q/L6Q
                                   net (fanout=7)        0.655       3.374         u_CORES/u_jtag_hub/data_ctrl
 CLMA_261_726/A1                                                           f       u_CORES/u_jtag_hub/id_o[1]/opit_0_inv_L6Q_LUT6DQL5Q_perm/I1

 Data arrival time                                                   3.374         Logic Levels: 0  
                                                                                   Logic: 0.125ns(16.026%), Route: 0.655ns(83.974%)
----------------------------------------------------------------------------------------------------

 Clock DebugCore_JCLK (falling edge)
                                                        25.000      25.000 f                        
 SCANCHAIN_88_312/TCK1                                   0.000      25.000 f       u_CORES/u_GTP_SCANCHAIN_PG/scanchain/TCK1
                                   net (fanout=1)        1.284      26.284         u_CORES/drck_o   
 USCM_215_669/CLKOUT               td                    0.097      26.381 f       clkbufg_5/gopclkbufg/CLKOUT
                                   net (fanout=4)        0.334      26.715         ntclkbufg_2      
 HCKB_213_526/CLKOUT               td                    0.195      26.910 f       HCKBROUTE_300/CLKOUT
                                   net (fanout=176)      0.262      27.172         _N423            
 CLMA_261_726/CLK                                                          f       u_CORES/u_jtag_hub/id_o[1]/opit_0_inv_L6Q_LUT6DQL5Q_perm/CLK
 clock pessimism                                         0.355      27.527                          
 clock uncertainty                                      -0.050      27.477                          

 Setup time                                             -0.148      27.329                          

 Data required time                                                 27.329                          
----------------------------------------------------------------------------------------------------
 Data required time                                                 27.329                          
 Data arrival time                                                  -3.374                          
----------------------------------------------------------------------------------------------------
 Slack (MET)                                                        23.955                          
====================================================================================================

====================================================================================================

Startpoint  : u_CORES/u_jtag_hub/data_ctrl/opit_0_inv_L6Q/CLK
Endpoint    : u_CORES/u_jtag_hub/id_o[4]/opit_0_inv_L6QL5_perm/I2
Path Group  : DebugCore_JCLK
Path Type   : max
Path Class  : sequential timing path
Clock Skew :    -0.067  (Capture Clock Delay - Launch Clock Delay + Clock Pessimism Removal)
  Capture Clock Delay     :  2.172
  Launch Clock Delay      :  2.594
  Clock Pessimism Removal :  0.355

 Location                          Delay Type             Incr        Path         Logical Resource 
----------------------------------------------------------------------------------------------------

 Clock DebugCore_JCLK (rising edge)
                                                         0.000       0.000 r                        
 SCANCHAIN_88_312/TCK1                                   0.000       0.000 r       u_CORES/u_GTP_SCANCHAIN_PG/scanchain/TCK1
                                   net (fanout=1)        1.520       1.520         u_CORES/drck_o   
 USCM_215_669/CLKOUT               td                    0.115       1.635 r       clkbufg_5/gopclkbufg/CLKOUT
                                   net (fanout=4)        0.397       2.032         ntclkbufg_2      
 HCKB_213_526/CLKOUT               td                    0.233       2.265 r       HCKBROUTE_300/CLKOUT
                                   net (fanout=176)      0.329       2.594         _N423            
 CLMA_243_624/CLK                                                          r       u_CORES/u_jtag_hub/data_ctrl/opit_0_inv_L6Q/CLK

 CLMA_243_624/Q0                   tco                   0.125       2.719 f       u_CORES/u_jtag_hub/data_ctrl/opit_0_inv_L6Q/L6Q
                                   net (fanout=7)        0.655       3.374         u_CORES/u_jtag_hub/data_ctrl
 CLMA_261_726/C2                                                           f       u_CORES/u_jtag_hub/id_o[4]/opit_0_inv_L6QL5_perm/I2

 Data arrival time                                                   3.374         Logic Levels: 0  
                                                                                   Logic: 0.125ns(16.026%), Route: 0.655ns(83.974%)
----------------------------------------------------------------------------------------------------

 Clock DebugCore_JCLK (falling edge)
                                                        25.000      25.000 f                        
 SCANCHAIN_88_312/TCK1                                   0.000      25.000 f       u_CORES/u_GTP_SCANCHAIN_PG/scanchain/TCK1
                                   net (fanout=1)        1.284      26.284         u_CORES/drck_o   
 USCM_215_669/CLKOUT               td                    0.097      26.381 f       clkbufg_5/gopclkbufg/CLKOUT
                                   net (fanout=4)        0.334      26.715         ntclkbufg_2      
 HCKB_213_526/CLKOUT               td                    0.195      26.910 f       HCKBROUTE_300/CLKOUT
                                   net (fanout=176)      0.262      27.172         _N423            
 CLMA_261_726/CLK                                                          f       u_CORES/u_jtag_hub/id_o[4]/opit_0_inv_L6QL5_perm/CLK
 clock pessimism                                         0.355      27.527                          
 clock uncertainty                                      -0.050      27.477                          

 Setup time                                             -0.128      27.349                          

 Data required time                                                 27.349                          
----------------------------------------------------------------------------------------------------
 Data required time                                                 27.349                          
 Data arrival time                                                  -3.374                          
----------------------------------------------------------------------------------------------------
 Slack (MET)                                                        23.975                          
====================================================================================================

====================================================================================================

Startpoint  : u_CORES/u_debug_core_0/u_hub_data_decode/conf_id_d1[2]/opit_0_inv/CLK
Endpoint    : u_CORES/u_debug_core_0/u_hub_data_decode/conf_sel_int[18]/opit_0_inv_L6Q_perm/I5
Path Group  : DebugCore_JCLK
Path Type   : min
Path Class  : sequential timing path
Clock Skew :    0.001  (Capture Clock Delay - Launch Clock Delay + Clock Pessimism Removal)
  Capture Clock Delay     :  2.570
  Launch Clock Delay      :  2.095
  Clock Pessimism Removal :  -0.474

 Location                          Delay Type             Incr        Path         Logical Resource 
----------------------------------------------------------------------------------------------------

 Clock DebugCore_JCLK (rising edge)
                                                         0.000       0.000 r                        
 SCANCHAIN_88_312/TCK1                                   0.000       0.000 r       u_CORES/u_GTP_SCANCHAIN_PG/scanchain/TCK1
                                   net (fanout=1)        1.213       1.213         u_CORES/drck_o   
 USCM_215_669/CLKOUT               td                    0.097       1.310 r       clkbufg_5/gopclkbufg/CLKOUT
                                   net (fanout=4)        0.334       1.644         ntclkbufg_2      
 HCKB_213_526/CLKOUT               td                    0.195       1.839 r       HCKBROUTE_300/CLKOUT
                                   net (fanout=176)      0.256       2.095         _N423            
 CLMA_261_745/CLK                                                          r       u_CORES/u_debug_core_0/u_hub_data_decode/conf_id_d1[2]/opit_0_inv/CLK

 CLMA_261_745/Q3                   tco                   0.103       2.198 r       u_CORES/u_debug_core_0/u_hub_data_decode/conf_id_d1[2]/opit_0_inv/Q
                                   net (fanout=3)        0.057       2.255         u_CORES/u_debug_core_0/u_hub_data_decode/conf_id_d1 [2]
 CLMA_261_745/C5                                                           r       u_CORES/u_debug_core_0/u_hub_data_decode/conf_sel_int[18]/opit_0_inv_L6Q_perm/I5

 Data arrival time                                                   2.255         Logic Levels: 0  
                                                                                   Logic: 0.103ns(64.375%), Route: 0.057ns(35.625%)
----------------------------------------------------------------------------------------------------

 Clock DebugCore_JCLK (rising edge)
                                                         0.000       0.000 r                        
 SCANCHAIN_88_312/TCK1                                   0.000       0.000 r       u_CORES/u_GTP_SCANCHAIN_PG/scanchain/TCK1
                                   net (fanout=1)        1.520       1.520         u_CORES/drck_o   
 USCM_215_669/CLKOUT               td                    0.115       1.635 r       clkbufg_5/gopclkbufg/CLKOUT
                                   net (fanout=4)        0.397       2.032         ntclkbufg_2      
 HCKB_213_526/CLKOUT               td                    0.233       2.265 r       HCKBROUTE_300/CLKOUT
                                   net (fanout=176)      0.305       2.570         _N423            
 CLMA_261_745/CLK                                                          r       u_CORES/u_debug_core_0/u_hub_data_decode/conf_sel_int[18]/opit_0_inv_L6Q_perm/CLK
 clock pessimism                                        -0.474       2.096                          
 clock uncertainty                                       0.000       2.096                          

 Hold time                                              -0.016       2.080                          

 Data required time                                                  2.080                          
----------------------------------------------------------------------------------------------------
 Data required time                                                  2.080                          
 Data arrival time                                                  -2.255                          
----------------------------------------------------------------------------------------------------
 Slack (MET)                                                         0.175                          
====================================================================================================

====================================================================================================

Startpoint  : u_CORES/u_debug_core_0/u0_trig_unit/u_cfg_reg_file/bit_cnt[2]/opit_0_inv_L6Q_perm/CLK
Endpoint    : u_CORES/u_debug_core_0/u0_trig_unit/u_cfg_reg_file/bit_cnt[4]/opit_0_inv_L6Q_perm/I5
Path Group  : DebugCore_JCLK
Path Type   : min
Path Class  : sequential timing path
Clock Skew :    0.000  (Capture Clock Delay - Launch Clock Delay + Clock Pessimism Removal)
  Capture Clock Delay     :  2.573
  Launch Clock Delay      :  2.099
  Clock Pessimism Removal :  -0.474

 Location                          Delay Type             Incr        Path         Logical Resource 
----------------------------------------------------------------------------------------------------

 Clock DebugCore_JCLK (rising edge)
                                                         0.000       0.000 r                        
 SCANCHAIN_88_312/TCK1                                   0.000       0.000 r       u_CORES/u_GTP_SCANCHAIN_PG/scanchain/TCK1
                                   net (fanout=1)        1.213       1.213         u_CORES/drck_o   
 USCM_215_669/CLKOUT               td                    0.097       1.310 r       clkbufg_5/gopclkbufg/CLKOUT
                                   net (fanout=4)        0.334       1.644         ntclkbufg_2      
 HCKB_213_526/CLKOUT               td                    0.195       1.839 r       HCKBROUTE_300/CLKOUT
                                   net (fanout=176)      0.260       2.099         _N423            
 CLMA_249_739/CLK                                                          r       u_CORES/u_debug_core_0/u0_trig_unit/u_cfg_reg_file/bit_cnt[2]/opit_0_inv_L6Q_perm/CLK

 CLMA_249_739/Q2                   tco                   0.103       2.202 r       u_CORES/u_debug_core_0/u0_trig_unit/u_cfg_reg_file/bit_cnt[2]/opit_0_inv_L6Q_perm/L6Q
                                   net (fanout=26)       0.061       2.263         u_CORES/u_debug_core_0/u0_trig_unit/u_cfg_reg_file/bit_cnt [2]
 CLMA_249_739/B5                                                           r       u_CORES/u_debug_core_0/u0_trig_unit/u_cfg_reg_file/bit_cnt[4]/opit_0_inv_L6Q_perm/I5

 Data arrival time                                                   2.263         Logic Levels: 0  
                                                                                   Logic: 0.103ns(62.805%), Route: 0.061ns(37.195%)
----------------------------------------------------------------------------------------------------

 Clock DebugCore_JCLK (rising edge)
                                                         0.000       0.000 r                        
 SCANCHAIN_88_312/TCK1                                   0.000       0.000 r       u_CORES/u_GTP_SCANCHAIN_PG/scanchain/TCK1
                                   net (fanout=1)        1.520       1.520         u_CORES/drck_o   
 USCM_215_669/CLKOUT               td                    0.115       1.635 r       clkbufg_5/gopclkbufg/CLKOUT
                                   net (fanout=4)        0.397       2.032         ntclkbufg_2      
 HCKB_213_526/CLKOUT               td                    0.233       2.265 r       HCKBROUTE_300/CLKOUT
                                   net (fanout=176)      0.308       2.573         _N423            
 CLMA_249_739/CLK                                                          r       u_CORES/u_debug_core_0/u0_trig_unit/u_cfg_reg_file/bit_cnt[4]/opit_0_inv_L6Q_perm/CLK
 clock pessimism                                        -0.474       2.099                          
 clock uncertainty                                       0.000       2.099                          

 Hold time                                              -0.013       2.086                          

 Data required time                                                  2.086                          
----------------------------------------------------------------------------------------------------
 Data required time                                                  2.086                          
 Data arrival time                                                  -2.263                          
----------------------------------------------------------------------------------------------------
 Slack (MET)                                                         0.177                          
====================================================================================================

====================================================================================================

Startpoint  : u_CORES/u_debug_core_0/u_hub_data_decode/conf_id_d1[2]/opit_0_inv/CLK
Endpoint    : u_CORES/u_debug_core_0/u_hub_data_decode/conf_sel_int[16]/opit_0_inv_L6Q_perm/I3
Path Group  : DebugCore_JCLK
Path Type   : min
Path Class  : sequential timing path
Clock Skew :    0.001  (Capture Clock Delay - Launch Clock Delay + Clock Pessimism Removal)
  Capture Clock Delay     :  2.570
  Launch Clock Delay      :  2.095
  Clock Pessimism Removal :  -0.474

 Location                          Delay Type             Incr        Path         Logical Resource 
----------------------------------------------------------------------------------------------------

 Clock DebugCore_JCLK (rising edge)
                                                         0.000       0.000 r                        
 SCANCHAIN_88_312/TCK1                                   0.000       0.000 r       u_CORES/u_GTP_SCANCHAIN_PG/scanchain/TCK1
                                   net (fanout=1)        1.213       1.213         u_CORES/drck_o   
 USCM_215_669/CLKOUT               td                    0.097       1.310 r       clkbufg_5/gopclkbufg/CLKOUT
                                   net (fanout=4)        0.334       1.644         ntclkbufg_2      
 HCKB_213_526/CLKOUT               td                    0.195       1.839 r       HCKBROUTE_300/CLKOUT
                                   net (fanout=176)      0.256       2.095         _N423            
 CLMA_261_745/CLK                                                          r       u_CORES/u_debug_core_0/u_hub_data_decode/conf_id_d1[2]/opit_0_inv/CLK

 CLMA_261_745/Q3                   tco                   0.103       2.198 r       u_CORES/u_debug_core_0/u_hub_data_decode/conf_id_d1[2]/opit_0_inv/Q
                                   net (fanout=3)        0.057       2.255         u_CORES/u_debug_core_0/u_hub_data_decode/conf_id_d1 [2]
 CLMA_261_745/A3                                                           r       u_CORES/u_debug_core_0/u_hub_data_decode/conf_sel_int[16]/opit_0_inv_L6Q_perm/I3

 Data arrival time                                                   2.255         Logic Levels: 0  
                                                                                   Logic: 0.103ns(64.375%), Route: 0.057ns(35.625%)
----------------------------------------------------------------------------------------------------

 Clock DebugCore_JCLK (rising edge)
                                                         0.000       0.000 r                        
 SCANCHAIN_88_312/TCK1                                   0.000       0.000 r       u_CORES/u_GTP_SCANCHAIN_PG/scanchain/TCK1
                                   net (fanout=1)        1.520       1.520         u_CORES/drck_o   
 USCM_215_669/CLKOUT               td                    0.115       1.635 r       clkbufg_5/gopclkbufg/CLKOUT
                                   net (fanout=4)        0.397       2.032         ntclkbufg_2      
 HCKB_213_526/CLKOUT               td                    0.233       2.265 r       HCKBROUTE_300/CLKOUT
                                   net (fanout=176)      0.305       2.570         _N423            
 CLMA_261_745/CLK                                                          r       u_CORES/u_debug_core_0/u_hub_data_decode/conf_sel_int[16]/opit_0_inv_L6Q_perm/CLK
 clock pessimism                                        -0.474       2.096                          
 clock uncertainty                                       0.000       2.096                          

 Hold time                                              -0.033       2.063                          

 Data required time                                                  2.063                          
----------------------------------------------------------------------------------------------------
 Data required time                                                  2.063                          
 Data arrival time                                                  -2.255                          
----------------------------------------------------------------------------------------------------
 Slack (MET)                                                         0.192                          
====================================================================================================

====================================================================================================

Startpoint  : u_CORES/u_debug_core_0/u_hub_data_decode/conf_sel_ini/opit_0_inv/CLK
Endpoint    : u_CORES/u_debug_core_0/u_rd_addr_gen/ram_radr[12]/opit_0_inv_AQ_perm/CIN
Path Group  : DebugCore_JCLK
Path Type   : max
Path Class  : sequential timing path
Clock Skew :    0.269  (Capture Clock Delay - Launch Clock Delay + Clock Pessimism Removal)
  Capture Clock Delay     :  2.075
  Launch Clock Delay      :  1.806
  Clock Pessimism Removal :  0.000

 Location                          Delay Type             Incr        Path         Logical Resource 
----------------------------------------------------------------------------------------------------

 Clock DebugCore_CAPTURE (rising edge)
                                                        25.000      25.000 r                        
 SCANCHAIN_88_312/CAPTUREDR                              0.000      25.000 r       u_CORES/u_GTP_SCANCHAIN_PG/scanchain/CAPTUREDR
                                   net (fanout=1)        0.757      25.757         u_CORES/capt_o   
 USCM_215_666/CLKOUT               td                    0.115      25.872 r       clkbufg_4/gopclkbufg/CLKOUT
                                   net (fanout=1)        0.397      26.269         ntclkbufg_1      
 HCKB_213_536/CLKOUT               td                    0.233      26.502 r       HCKBROUTE_298/CLKOUT
                                   net (fanout=11)       0.304      26.806         _N421            
 CLMA_261_751/CLK                                                          r       u_CORES/u_debug_core_0/u_hub_data_decode/conf_sel_ini/opit_0_inv/CLK

 CLMA_261_751/Q0                   tco                   0.125      26.931 f       u_CORES/u_debug_core_0/u_hub_data_decode/conf_sel_ini/opit_0_inv/Q
                                   net (fanout=10)       0.294      27.225         u_CORES/u_debug_core_0/conf_sel_o
 CLMA_261_745/Y3                   td                    0.100      27.325 f       u_CORES/u_debug_core_0/u_hub_data_decode/N114[22]_3/LUT6_inst_perm/L6
                                   net (fanout=3)        0.332      27.657         u_CORES/u_debug_core_0/conf_sel_int [22]
 CLMA_273_768/Y3                   td                    0.066      27.723 f       u_CORES/u_debug_core_0/u_rd_addr_gen/N733/gateop_LUT6DL5_perm/L6
                                   net (fanout=14)       0.317      28.040         u_CORES/u_debug_core_0/u_rd_addr_gen/N733
 CLMA_273_744/COUT                 td                    0.248      28.288 f       u_CORES/u_debug_core_0/u_rd_addr_gen/ram_radr[3]/opit_0_inv_AQ_perm/COUT
                                   net (fanout=1)        0.000      28.288         u_CORES/u_debug_core_0/u_rd_addr_gen/_N307
 CLMA_273_750/COUT                 td                    0.056      28.344 f       u_CORES/u_debug_core_0/u_rd_addr_gen/ram_radr[7]/opit_0_inv_AQ_perm/COUT
                                   net (fanout=1)        0.000      28.344         u_CORES/u_debug_core_0/u_rd_addr_gen/_N311
 CLMA_273_756/COUT                 td                    0.046      28.390 r       u_CORES/u_debug_core_0/u_rd_addr_gen/ram_radr[11]/opit_0_inv_AQ_perm/COUT
                                   net (fanout=1)        0.000      28.390         u_CORES/u_debug_core_0/u_rd_addr_gen/_N315
 CLMA_273_768/CIN                                                          r       u_CORES/u_debug_core_0/u_rd_addr_gen/ram_radr[12]/opit_0_inv_AQ_perm/CIN

 Data arrival time                                                  28.390         Logic Levels: 5  
                                                                                   Logic: 0.641ns(40.467%), Route: 0.943ns(59.533%)
----------------------------------------------------------------------------------------------------

 Clock DebugCore_JCLK (rising edge)
                                                        50.000      50.000 r                        
 SCANCHAIN_88_312/TCK1                                   0.000      50.000 r       u_CORES/u_GTP_SCANCHAIN_PG/scanchain/TCK1
                                   net (fanout=1)        1.213      51.213         u_CORES/drck_o   
 USCM_215_669/CLKOUT               td                    0.097      51.310 r       clkbufg_5/gopclkbufg/CLKOUT
                                   net (fanout=4)        0.334      51.644         ntclkbufg_2      
 HCKB_213_526/CLKOUT               td                    0.195      51.839 r       HCKBROUTE_300/CLKOUT
                                   net (fanout=176)      0.236      52.075         _N423            
 CLMA_273_768/CLK                                                          r       u_CORES/u_debug_core_0/u_rd_addr_gen/ram_radr[13]/opit_0_inv_AQ_perm/CLK
 clock pessimism                                         0.000      52.075                          
 clock uncertainty                                      -0.050      52.025                          

 Setup time                                             -0.057      51.968                          

 Data required time                                                 51.968                          
----------------------------------------------------------------------------------------------------
 Data required time                                                 51.968                          
 Data arrival time                                                 -28.390                          
----------------------------------------------------------------------------------------------------
 Slack (MET)                                                        23.578                          
====================================================================================================

====================================================================================================

Startpoint  : u_CORES/u_debug_core_0/u_hub_data_decode/conf_sel_ini/opit_0_inv/CLK
Endpoint    : u_CORES/u_debug_core_0/u_rd_addr_gen/ram_radr[13]/opit_0_inv_AQ_perm/CE
Path Group  : DebugCore_JCLK
Path Type   : max
Path Class  : sequential timing path
Clock Skew :    0.269  (Capture Clock Delay - Launch Clock Delay + Clock Pessimism Removal)
  Capture Clock Delay     :  2.075
  Launch Clock Delay      :  1.806
  Clock Pessimism Removal :  0.000

 Location                          Delay Type             Incr        Path         Logical Resource 
----------------------------------------------------------------------------------------------------

 Clock DebugCore_CAPTURE (rising edge)
                                                        25.000      25.000 r                        
 SCANCHAIN_88_312/CAPTUREDR                              0.000      25.000 r       u_CORES/u_GTP_SCANCHAIN_PG/scanchain/CAPTUREDR
                                   net (fanout=1)        0.757      25.757         u_CORES/capt_o   
 USCM_215_666/CLKOUT               td                    0.115      25.872 r       clkbufg_4/gopclkbufg/CLKOUT
                                   net (fanout=1)        0.397      26.269         ntclkbufg_1      
 HCKB_213_536/CLKOUT               td                    0.233      26.502 r       HCKBROUTE_298/CLKOUT
                                   net (fanout=11)       0.304      26.806         _N421            
 CLMA_261_751/CLK                                                          r       u_CORES/u_debug_core_0/u_hub_data_decode/conf_sel_ini/opit_0_inv/CLK

 CLMA_261_751/Q0                   tco                   0.125      26.931 f       u_CORES/u_debug_core_0/u_hub_data_decode/conf_sel_ini/opit_0_inv/Q
                                   net (fanout=10)       0.294      27.225         u_CORES/u_debug_core_0/conf_sel_o
 CLMA_261_745/Y3                   td                    0.100      27.325 f       u_CORES/u_debug_core_0/u_hub_data_decode/N114[22]_3/LUT6_inst_perm/L6
                                   net (fanout=3)        0.332      27.657         u_CORES/u_debug_core_0/conf_sel_int [22]
 CLMA_273_768/CR3                  td                    0.120      27.777 r       u_CORES/u_debug_core_0/u_rd_addr_gen/N733/gateop_LUT6DL5_perm/L5
                                   net (fanout=4)        0.230      28.007         u_CORES/u_debug_core_0/u_rd_addr_gen/N479
 CLMA_273_744/CECO                 td                    0.088      28.095 r       u_CORES/u_debug_core_0/u_rd_addr_gen/ram_radr[3]/opit_0_inv_AQ_perm/CECO
                                   net (fanout=4)        0.000      28.095         _N124            
 CLMA_273_750/CECO                 td                    0.088      28.183 r       u_CORES/u_debug_core_0/u_rd_addr_gen/ram_radr[7]/opit_0_inv_AQ_perm/CECO
                                   net (fanout=4)        0.000      28.183         _N123            
 CLMA_273_756/CECO                 td                    0.088      28.271 r       u_CORES/u_debug_core_0/u_rd_addr_gen/ram_radr[11]/opit_0_inv_AQ_perm/CECO
                                   net (fanout=2)        0.000      28.271         _N122            
 CLMA_273_768/CECI                                                         r       u_CORES/u_debug_core_0/u_rd_addr_gen/ram_radr[13]/opit_0_inv_AQ_perm/CE

 Data arrival time                                                  28.271         Logic Levels: 5  
                                                                                   Logic: 0.609ns(41.570%), Route: 0.856ns(58.430%)
----------------------------------------------------------------------------------------------------

 Clock DebugCore_JCLK (rising edge)
                                                        50.000      50.000 r                        
 SCANCHAIN_88_312/TCK1                                   0.000      50.000 r       u_CORES/u_GTP_SCANCHAIN_PG/scanchain/TCK1
                                   net (fanout=1)        1.213      51.213         u_CORES/drck_o   
 USCM_215_669/CLKOUT               td                    0.097      51.310 r       clkbufg_5/gopclkbufg/CLKOUT
                                   net (fanout=4)        0.334      51.644         ntclkbufg_2      
 HCKB_213_526/CLKOUT               td                    0.195      51.839 r       HCKBROUTE_300/CLKOUT
                                   net (fanout=176)      0.236      52.075         _N423            
 CLMA_273_768/CLK                                                          r       u_CORES/u_debug_core_0/u_rd_addr_gen/ram_radr[13]/opit_0_inv_AQ_perm/CLK
 clock pessimism                                         0.000      52.075                          
 clock uncertainty                                      -0.050      52.025                          

 Setup time                                             -0.116      51.909                          

 Data required time                                                 51.909                          
----------------------------------------------------------------------------------------------------
 Data required time                                                 51.909                          
 Data arrival time                                                 -28.271                          
----------------------------------------------------------------------------------------------------
 Slack (MET)                                                        23.638                          
====================================================================================================

====================================================================================================

Startpoint  : u_CORES/u_debug_core_0/u_hub_data_decode/conf_sel_ini/opit_0_inv/CLK
Endpoint    : u_CORES/u_debug_core_0/u_rd_addr_gen/ram_radr[8]/opit_0_inv_AQ_perm/CIN
Path Group  : DebugCore_JCLK
Path Type   : max
Path Class  : sequential timing path
Clock Skew :    0.285  (Capture Clock Delay - Launch Clock Delay + Clock Pessimism Removal)
  Capture Clock Delay     :  2.091
  Launch Clock Delay      :  1.806
  Clock Pessimism Removal :  0.000

 Location                          Delay Type             Incr        Path         Logical Resource 
----------------------------------------------------------------------------------------------------

 Clock DebugCore_CAPTURE (rising edge)
                                                        25.000      25.000 r                        
 SCANCHAIN_88_312/CAPTUREDR                              0.000      25.000 r       u_CORES/u_GTP_SCANCHAIN_PG/scanchain/CAPTUREDR
                                   net (fanout=1)        0.757      25.757         u_CORES/capt_o   
 USCM_215_666/CLKOUT               td                    0.115      25.872 r       clkbufg_4/gopclkbufg/CLKOUT
                                   net (fanout=1)        0.397      26.269         ntclkbufg_1      
 HCKB_213_536/CLKOUT               td                    0.233      26.502 r       HCKBROUTE_298/CLKOUT
                                   net (fanout=11)       0.304      26.806         _N421            
 CLMA_261_751/CLK                                                          r       u_CORES/u_debug_core_0/u_hub_data_decode/conf_sel_ini/opit_0_inv/CLK

 CLMA_261_751/Q0                   tco                   0.125      26.931 f       u_CORES/u_debug_core_0/u_hub_data_decode/conf_sel_ini/opit_0_inv/Q
                                   net (fanout=10)       0.294      27.225         u_CORES/u_debug_core_0/conf_sel_o
 CLMA_261_745/Y3                   td                    0.100      27.325 f       u_CORES/u_debug_core_0/u_hub_data_decode/N114[22]_3/LUT6_inst_perm/L6
                                   net (fanout=3)        0.332      27.657         u_CORES/u_debug_core_0/conf_sel_int [22]
 CLMA_273_768/Y3                   td                    0.066      27.723 f       u_CORES/u_debug_core_0/u_rd_addr_gen/N733/gateop_LUT6DL5_perm/L6
                                   net (fanout=14)       0.317      28.040         u_CORES/u_debug_core_0/u_rd_addr_gen/N733
 CLMA_273_744/COUT                 td                    0.248      28.288 f       u_CORES/u_debug_core_0/u_rd_addr_gen/ram_radr[3]/opit_0_inv_AQ_perm/COUT
                                   net (fanout=1)        0.000      28.288         u_CORES/u_debug_core_0/u_rd_addr_gen/_N307
 CLMA_273_750/COUT                 td                    0.046      28.334 r       u_CORES/u_debug_core_0/u_rd_addr_gen/ram_radr[7]/opit_0_inv_AQ_perm/COUT
                                   net (fanout=1)        0.000      28.334         u_CORES/u_debug_core_0/u_rd_addr_gen/_N311
 CLMA_273_756/CIN                                                          r       u_CORES/u_debug_core_0/u_rd_addr_gen/ram_radr[8]/opit_0_inv_AQ_perm/CIN

 Data arrival time                                                  28.334         Logic Levels: 4  
                                                                                   Logic: 0.585ns(38.285%), Route: 0.943ns(61.715%)
----------------------------------------------------------------------------------------------------

 Clock DebugCore_JCLK (rising edge)
                                                        50.000      50.000 r                        
 SCANCHAIN_88_312/TCK1                                   0.000      50.000 r       u_CORES/u_GTP_SCANCHAIN_PG/scanchain/TCK1
                                   net (fanout=1)        1.213      51.213         u_CORES/drck_o   
 USCM_215_669/CLKOUT               td                    0.097      51.310 r       clkbufg_5/gopclkbufg/CLKOUT
                                   net (fanout=4)        0.334      51.644         ntclkbufg_2      
 HCKB_213_526/CLKOUT               td                    0.195      51.839 r       HCKBROUTE_300/CLKOUT
                                   net (fanout=176)      0.252      52.091         _N423            
 CLMA_273_756/CLK                                                          r       u_CORES/u_debug_core_0/u_rd_addr_gen/ram_radr[11]/opit_0_inv_AQ_perm/CLK
 clock pessimism                                         0.000      52.091                          
 clock uncertainty                                      -0.050      52.041                          

 Setup time                                             -0.057      51.984                          

 Data required time                                                 51.984                          
----------------------------------------------------------------------------------------------------
 Data required time                                                 51.984                          
 Data arrival time                                                 -28.334                          
----------------------------------------------------------------------------------------------------
 Slack (MET)                                                        23.650                          
====================================================================================================

====================================================================================================

Startpoint  : u_CORES/u_debug_core_0/u_hub_data_decode/conf_id[0]/opit_0_inv/CLK
Endpoint    : u_CORES/u_debug_core_0/u_hub_data_decode/conf_id_d1[0]/opit_0_inv/D
Path Group  : DebugCore_JCLK
Path Type   : min
Path Class  : sequential timing path
Clock Skew :    1.100  (Capture Clock Delay - Launch Clock Delay + Clock Pessimism Removal)
  Capture Clock Delay     :  2.572
  Launch Clock Delay      :  1.472
  Clock Pessimism Removal :  0.000

 Location                          Delay Type             Incr        Path         Logical Resource 
----------------------------------------------------------------------------------------------------

 Clock DebugCore_CAPTURE (rising edge)
                                                        25.000      25.000 r                        
 SCANCHAIN_88_312/CAPTUREDR                              0.000      25.000 r       u_CORES/u_GTP_SCANCHAIN_PG/scanchain/CAPTUREDR
                                   net (fanout=1)        0.587      25.587         u_CORES/capt_o   
 USCM_215_666/CLKOUT               td                    0.097      25.684 r       clkbufg_4/gopclkbufg/CLKOUT
                                   net (fanout=1)        0.334      26.018         ntclkbufg_1      
 HCKB_213_536/CLKOUT               td                    0.195      26.213 r       HCKBROUTE_298/CLKOUT
                                   net (fanout=11)       0.259      26.472         _N421            
 CLMA_261_732/CLK                                                          r       u_CORES/u_debug_core_0/u_hub_data_decode/conf_id[0]/opit_0_inv/CLK

 CLMA_261_732/Q3                   tco                   0.103      26.575 r       u_CORES/u_debug_core_0/u_hub_data_decode/conf_id[0]/opit_0_inv/Q
                                   net (fanout=11)       0.057      26.632         u_CORES/u_debug_core_0/conf_id_o [0]
 CLMA_261_733/M0                                                           r       u_CORES/u_debug_core_0/u_hub_data_decode/conf_id_d1[0]/opit_0_inv/D

 Data arrival time                                                  26.632         Logic Levels: 0  
                                                                                   Logic: 0.103ns(64.375%), Route: 0.057ns(35.625%)
----------------------------------------------------------------------------------------------------

 Clock DebugCore_JCLK (rising edge)
                                                         0.000       0.000 r                        
 SCANCHAIN_88_312/TCK1                                   0.000       0.000 r       u_CORES/u_GTP_SCANCHAIN_PG/scanchain/TCK1
                                   net (fanout=1)        1.520       1.520         u_CORES/drck_o   
 USCM_215_669/CLKOUT               td                    0.115       1.635 r       clkbufg_5/gopclkbufg/CLKOUT
                                   net (fanout=4)        0.397       2.032         ntclkbufg_2      
 HCKB_213_526/CLKOUT               td                    0.233       2.265 r       HCKBROUTE_300/CLKOUT
                                   net (fanout=176)      0.307       2.572         _N423            
 CLMA_261_733/CLK                                                          r       u_CORES/u_debug_core_0/u_hub_data_decode/conf_id_d1[0]/opit_0_inv/CLK
 clock pessimism                                         0.000       2.572                          
 clock uncertainty                                       0.050       2.622                          

 Hold time                                              -0.028       2.594                          

 Data required time                                                  2.594                          
----------------------------------------------------------------------------------------------------
 Data required time                                                  2.594                          
 Data arrival time                                                 -26.632                          
----------------------------------------------------------------------------------------------------
 Slack (MET)                                                        24.038                          
====================================================================================================

====================================================================================================

Startpoint  : u_CORES/u_debug_core_0/u_hub_data_decode/conf_id_ini[1]/opit_0_inv/CLK
Endpoint    : u_CORES/u_debug_core_0/u_hub_data_decode/conf_sel_rb/opit_0_inv_L6Q_perm/I5
Path Group  : DebugCore_JCLK
Path Type   : min
Path Class  : sequential timing path
Clock Skew :    1.099  (Capture Clock Delay - Launch Clock Delay + Clock Pessimism Removal)
  Capture Clock Delay     :  2.572
  Launch Clock Delay      :  1.473
  Clock Pessimism Removal :  0.000

 Location                          Delay Type             Incr        Path         Logical Resource 
----------------------------------------------------------------------------------------------------

 Clock DebugCore_CAPTURE (rising edge)
                                                        25.000      25.000 r                        
 SCANCHAIN_88_312/CAPTUREDR                              0.000      25.000 r       u_CORES/u_GTP_SCANCHAIN_PG/scanchain/CAPTUREDR
                                   net (fanout=1)        0.587      25.587         u_CORES/capt_o   
 USCM_215_666/CLKOUT               td                    0.097      25.684 r       clkbufg_4/gopclkbufg/CLKOUT
                                   net (fanout=1)        0.334      26.018         ntclkbufg_1      
 HCKB_213_536/CLKOUT               td                    0.195      26.213 r       HCKBROUTE_298/CLKOUT
                                   net (fanout=11)       0.260      26.473         _N421            
 CLMA_261_727/CLK                                                          r       u_CORES/u_debug_core_0/u_hub_data_decode/conf_id_ini[1]/opit_0_inv/CLK

 CLMA_261_727/Q0                   tco                   0.109      26.582 f       u_CORES/u_debug_core_0/u_hub_data_decode/conf_id_ini[1]/opit_0_inv/Q
                                   net (fanout=3)        0.112      26.694         u_CORES/u_debug_core_0/u_hub_data_decode/conf_id_ini [1]
 CLMA_261_733/B5                                                           f       u_CORES/u_debug_core_0/u_hub_data_decode/conf_sel_rb/opit_0_inv_L6Q_perm/I5

 Data arrival time                                                  26.694         Logic Levels: 0  
                                                                                   Logic: 0.109ns(49.321%), Route: 0.112ns(50.679%)
----------------------------------------------------------------------------------------------------

 Clock DebugCore_JCLK (rising edge)
                                                         0.000       0.000 r                        
 SCANCHAIN_88_312/TCK1                                   0.000       0.000 r       u_CORES/u_GTP_SCANCHAIN_PG/scanchain/TCK1
                                   net (fanout=1)        1.520       1.520         u_CORES/drck_o   
 USCM_215_669/CLKOUT               td                    0.115       1.635 r       clkbufg_5/gopclkbufg/CLKOUT
                                   net (fanout=4)        0.397       2.032         ntclkbufg_2      
 HCKB_213_526/CLKOUT               td                    0.233       2.265 r       HCKBROUTE_300/CLKOUT
                                   net (fanout=176)      0.307       2.572         _N423            
 CLMA_261_733/CLK                                                          r       u_CORES/u_debug_core_0/u_hub_data_decode/conf_sel_rb/opit_0_inv_L6Q_perm/CLK
 clock pessimism                                         0.000       2.572                          
 clock uncertainty                                       0.050       2.622                          

 Hold time                                              -0.009       2.613                          

 Data required time                                                  2.613                          
----------------------------------------------------------------------------------------------------
 Data required time                                                  2.613                          
 Data arrival time                                                 -26.694                          
----------------------------------------------------------------------------------------------------
 Slack (MET)                                                        24.081                          
====================================================================================================

====================================================================================================

Startpoint  : u_CORES/u_debug_core_0/u_hub_data_decode/conf_id_ini[4]/opit_0_inv/CLK
Endpoint    : u_CORES/u_debug_core_0/u_hub_data_decode/conf_sel_rb/opit_0_inv_L6Q_perm/I4
Path Group  : DebugCore_JCLK
Path Type   : min
Path Class  : sequential timing path
Clock Skew :    1.099  (Capture Clock Delay - Launch Clock Delay + Clock Pessimism Removal)
  Capture Clock Delay     :  2.572
  Launch Clock Delay      :  1.473
  Clock Pessimism Removal :  0.000

 Location                          Delay Type             Incr        Path         Logical Resource 
----------------------------------------------------------------------------------------------------

 Clock DebugCore_CAPTURE (rising edge)
                                                        25.000      25.000 r                        
 SCANCHAIN_88_312/CAPTUREDR                              0.000      25.000 r       u_CORES/u_GTP_SCANCHAIN_PG/scanchain/CAPTUREDR
                                   net (fanout=1)        0.587      25.587         u_CORES/capt_o   
 USCM_215_666/CLKOUT               td                    0.097      25.684 r       clkbufg_4/gopclkbufg/CLKOUT
                                   net (fanout=1)        0.334      26.018         ntclkbufg_1      
 HCKB_213_536/CLKOUT               td                    0.195      26.213 r       HCKBROUTE_298/CLKOUT
                                   net (fanout=11)       0.260      26.473         _N421            
 CLMA_261_727/CLK                                                          r       u_CORES/u_debug_core_0/u_hub_data_decode/conf_id_ini[4]/opit_0_inv/CLK

 CLMA_261_727/Q3                   tco                   0.103      26.576 r       u_CORES/u_debug_core_0/u_hub_data_decode/conf_id_ini[4]/opit_0_inv/Q
                                   net (fanout=3)        0.117      26.693         u_CORES/u_debug_core_0/u_hub_data_decode/conf_id_ini [4]
 CLMA_261_733/B4                                                           r       u_CORES/u_debug_core_0/u_hub_data_decode/conf_sel_rb/opit_0_inv_L6Q_perm/I4

 Data arrival time                                                  26.693         Logic Levels: 0  
                                                                                   Logic: 0.103ns(46.818%), Route: 0.117ns(53.182%)
----------------------------------------------------------------------------------------------------

 Clock DebugCore_JCLK (rising edge)
                                                         0.000       0.000 r                        
 SCANCHAIN_88_312/TCK1                                   0.000       0.000 r       u_CORES/u_GTP_SCANCHAIN_PG/scanchain/TCK1
                                   net (fanout=1)        1.520       1.520         u_CORES/drck_o   
 USCM_215_669/CLKOUT               td                    0.115       1.635 r       clkbufg_5/gopclkbufg/CLKOUT
                                   net (fanout=4)        0.397       2.032         ntclkbufg_2      
 HCKB_213_526/CLKOUT               td                    0.233       2.265 r       HCKBROUTE_300/CLKOUT
                                   net (fanout=176)      0.307       2.572         _N423            
 CLMA_261_733/CLK                                                          r       u_CORES/u_debug_core_0/u_hub_data_decode/conf_sel_rb/opit_0_inv_L6Q_perm/CLK
 clock pessimism                                         0.000       2.572                          
 clock uncertainty                                       0.050       2.622                          

 Hold time                                              -0.025       2.597                          

 Data required time                                                  2.597                          
----------------------------------------------------------------------------------------------------
 Data required time                                                  2.597                          
 Data arrival time                                                 -26.693                          
----------------------------------------------------------------------------------------------------
 Slack (MET)                                                        24.096                          
====================================================================================================

====================================================================================================

Startpoint  : u_CORES/u_jtag_hub/conf_sel[0]/opit_0_inv_L6Q_perm/CLK
Endpoint    : u_CORES/u_debug_core_0/u_hub_data_decode/conf_sel_ini/opit_0_inv/D
Path Group  : DebugCore_CAPTURE
Path Type   : max
Path Class  : sequential timing path
Clock Skew :    -1.284  (Capture Clock Delay - Launch Clock Delay + Clock Pessimism Removal)
  Capture Clock Delay     :  1.468
  Launch Clock Delay      :  2.752
  Clock Pessimism Removal :  0.000

 Location                          Delay Type             Incr        Path         Logical Resource 
----------------------------------------------------------------------------------------------------

 Clock DebugCore_JCLK (falling edge)
                                                        75.000      75.000 f                        
 SCANCHAIN_88_312/TCK1                                   0.000      75.000 f       u_CORES/u_GTP_SCANCHAIN_PG/scanchain/TCK1
                                   net (fanout=1)        1.698      76.698         u_CORES/drck_o   
 USCM_215_669/CLKOUT               td                    0.115      76.813 f       clkbufg_5/gopclkbufg/CLKOUT
                                   net (fanout=4)        0.397      77.210         ntclkbufg_2      
 HCKB_213_526/CLKOUT               td                    0.233      77.443 f       HCKBROUTE_300/CLKOUT
                                   net (fanout=176)      0.309      77.752         _N423            
 CLMA_261_726/CLK                                                          f       u_CORES/u_jtag_hub/conf_sel[0]/opit_0_inv_L6Q_perm/CLK

 CLMA_261_726/Q3                   tco                   0.126      77.878 f       u_CORES/u_jtag_hub/conf_sel[0]/opit_0_inv_L6Q_perm/L6Q
                                   net (fanout=6)        0.422      78.300         u_CORES/conf_sel [0]
 CLMA_261_751/M0                                                           f       u_CORES/u_debug_core_0/u_hub_data_decode/conf_sel_ini/opit_0_inv/D

 Data arrival time                                                  78.300         Logic Levels: 0  
                                                                                   Logic: 0.126ns(22.993%), Route: 0.422ns(77.007%)
----------------------------------------------------------------------------------------------------

 Clock DebugCore_CAPTURE (rising edge)
                                                       125.000     125.000 r                        
 SCANCHAIN_88_312/CAPTUREDR                              0.000     125.000 r       u_CORES/u_GTP_SCANCHAIN_PG/scanchain/CAPTUREDR
                                   net (fanout=1)        0.587     125.587         u_CORES/capt_o   
 USCM_215_666/CLKOUT               td                    0.097     125.684 r       clkbufg_4/gopclkbufg/CLKOUT
                                   net (fanout=1)        0.334     126.018         ntclkbufg_1      
 HCKB_213_536/CLKOUT               td                    0.195     126.213 r       HCKBROUTE_298/CLKOUT
                                   net (fanout=11)       0.255     126.468         _N421            
 CLMA_261_751/CLK                                                          r       u_CORES/u_debug_core_0/u_hub_data_decode/conf_sel_ini/opit_0_inv/CLK
 clock pessimism                                         0.000     126.468                          
 clock uncertainty                                      -0.050     126.418                          

 Setup time                                             -0.074     126.344                          

 Data required time                                                126.344                          
----------------------------------------------------------------------------------------------------
 Data required time                                                126.344                          
 Data arrival time                                                 -78.300                          
----------------------------------------------------------------------------------------------------
 Slack (MET)                                                        48.044                          
====================================================================================================

====================================================================================================

Startpoint  : u_CORES/u_jtag_hub/conf_sel[0]/opit_0_inv_L6Q_perm/CLK
Endpoint    : u_CORES/u_debug_core_0/u_hub_data_decode/conf_id[4]/opit_0_inv/CE
Path Group  : DebugCore_CAPTURE
Path Type   : max
Path Class  : sequential timing path
Clock Skew :    -1.280  (Capture Clock Delay - Launch Clock Delay + Clock Pessimism Removal)
  Capture Clock Delay     :  1.472
  Launch Clock Delay      :  2.752
  Clock Pessimism Removal :  0.000

 Location                          Delay Type             Incr        Path         Logical Resource 
----------------------------------------------------------------------------------------------------

 Clock DebugCore_JCLK (falling edge)
                                                        75.000      75.000 f                        
 SCANCHAIN_88_312/TCK1                                   0.000      75.000 f       u_CORES/u_GTP_SCANCHAIN_PG/scanchain/TCK1
                                   net (fanout=1)        1.698      76.698         u_CORES/drck_o   
 USCM_215_669/CLKOUT               td                    0.115      76.813 f       clkbufg_5/gopclkbufg/CLKOUT
                                   net (fanout=4)        0.397      77.210         ntclkbufg_2      
 HCKB_213_526/CLKOUT               td                    0.233      77.443 f       HCKBROUTE_300/CLKOUT
                                   net (fanout=176)      0.309      77.752         _N423            
 CLMA_261_726/CLK                                                          f       u_CORES/u_jtag_hub/conf_sel[0]/opit_0_inv_L6Q_perm/CLK

 CLMA_261_726/Q3                   tco                   0.120      77.872 r       u_CORES/u_jtag_hub/conf_sel[0]/opit_0_inv_L6Q_perm/L6Q
                                   net (fanout=6)        0.355      78.227         u_CORES/conf_sel [0]
 CLMA_261_732/CE                                                           r       u_CORES/u_debug_core_0/u_hub_data_decode/conf_id[4]/opit_0_inv/CE

 Data arrival time                                                  78.227         Logic Levels: 0  
                                                                                   Logic: 0.120ns(25.263%), Route: 0.355ns(74.737%)
----------------------------------------------------------------------------------------------------

 Clock DebugCore_CAPTURE (rising edge)
                                                       125.000     125.000 r                        
 SCANCHAIN_88_312/CAPTUREDR                              0.000     125.000 r       u_CORES/u_GTP_SCANCHAIN_PG/scanchain/CAPTUREDR
                                   net (fanout=1)        0.587     125.587         u_CORES/capt_o   
 USCM_215_666/CLKOUT               td                    0.097     125.684 r       clkbufg_4/gopclkbufg/CLKOUT
                                   net (fanout=1)        0.334     126.018         ntclkbufg_1      
 HCKB_213_536/CLKOUT               td                    0.195     126.213 r       HCKBROUTE_298/CLKOUT
                                   net (fanout=11)       0.259     126.472         _N421            
 CLMA_261_732/CLK                                                          r       u_CORES/u_debug_core_0/u_hub_data_decode/conf_id[4]/opit_0_inv/CLK
 clock pessimism                                         0.000     126.472                          
 clock uncertainty                                      -0.050     126.422                          

 Setup time                                             -0.116     126.306                          

 Data required time                                                126.306                          
----------------------------------------------------------------------------------------------------
 Data required time                                                126.306                          
 Data arrival time                                                 -78.227                          
----------------------------------------------------------------------------------------------------
 Slack (MET)                                                        48.079                          
====================================================================================================

====================================================================================================

Startpoint  : u_CORES/u_jtag_hub/conf_sel[0]/opit_0_inv_L6Q_perm/CLK
Endpoint    : u_CORES/u_debug_core_0/u_hub_data_decode/conf_id[1]/opit_0_inv/CE
Path Group  : DebugCore_CAPTURE
Path Type   : max
Path Class  : sequential timing path
Clock Skew :    -1.280  (Capture Clock Delay - Launch Clock Delay + Clock Pessimism Removal)
  Capture Clock Delay     :  1.472
  Launch Clock Delay      :  2.752
  Clock Pessimism Removal :  0.000

 Location                          Delay Type             Incr        Path         Logical Resource 
----------------------------------------------------------------------------------------------------

 Clock DebugCore_JCLK (falling edge)
                                                        75.000      75.000 f                        
 SCANCHAIN_88_312/TCK1                                   0.000      75.000 f       u_CORES/u_GTP_SCANCHAIN_PG/scanchain/TCK1
                                   net (fanout=1)        1.698      76.698         u_CORES/drck_o   
 USCM_215_669/CLKOUT               td                    0.115      76.813 f       clkbufg_5/gopclkbufg/CLKOUT
                                   net (fanout=4)        0.397      77.210         ntclkbufg_2      
 HCKB_213_526/CLKOUT               td                    0.233      77.443 f       HCKBROUTE_300/CLKOUT
                                   net (fanout=176)      0.309      77.752         _N423            
 CLMA_261_726/CLK                                                          f       u_CORES/u_jtag_hub/conf_sel[0]/opit_0_inv_L6Q_perm/CLK

 CLMA_261_726/Q3                   tco                   0.120      77.872 r       u_CORES/u_jtag_hub/conf_sel[0]/opit_0_inv_L6Q_perm/L6Q
                                   net (fanout=6)        0.355      78.227         u_CORES/conf_sel [0]
 CLMA_261_732/CE                                                           r       u_CORES/u_debug_core_0/u_hub_data_decode/conf_id[1]/opit_0_inv/CE

 Data arrival time                                                  78.227         Logic Levels: 0  
                                                                                   Logic: 0.120ns(25.263%), Route: 0.355ns(74.737%)
----------------------------------------------------------------------------------------------------

 Clock DebugCore_CAPTURE (rising edge)
                                                       125.000     125.000 r                        
 SCANCHAIN_88_312/CAPTUREDR                              0.000     125.000 r       u_CORES/u_GTP_SCANCHAIN_PG/scanchain/CAPTUREDR
                                   net (fanout=1)        0.587     125.587         u_CORES/capt_o   
 USCM_215_666/CLKOUT               td                    0.097     125.684 r       clkbufg_4/gopclkbufg/CLKOUT
                                   net (fanout=1)        0.334     126.018         ntclkbufg_1      
 HCKB_213_536/CLKOUT               td                    0.195     126.213 r       HCKBROUTE_298/CLKOUT
                                   net (fanout=11)       0.259     126.472         _N421            
 CLMA_261_732/CLK                                                          r       u_CORES/u_debug_core_0/u_hub_data_decode/conf_id[1]/opit_0_inv/CLK
 clock pessimism                                         0.000     126.472                          
 clock uncertainty                                      -0.050     126.422                          

 Setup time                                             -0.116     126.306                          

 Data required time                                                126.306                          
----------------------------------------------------------------------------------------------------
 Data required time                                                126.306                          
 Data arrival time                                                 -78.227                          
----------------------------------------------------------------------------------------------------
 Slack (MET)                                                        48.079                          
====================================================================================================

====================================================================================================

Startpoint  : u_CORES/u_jtag_hub/id_o[3]/opit_0_inv_L6Q_LUT6DQL5Q_perm/CLK
Endpoint    : u_CORES/u_debug_core_0/u_hub_data_decode/conf_id_ini[3]/opit_0_inv/D
Path Group  : DebugCore_CAPTURE
Path Type   : min
Path Class  : sequential timing path
Clock Skew :    -0.362  (Capture Clock Delay - Launch Clock Delay + Clock Pessimism Removal)
  Capture Clock Delay     :  1.810
  Launch Clock Delay      :  2.172
  Clock Pessimism Removal :  0.000

 Location                          Delay Type             Incr        Path         Logical Resource 
----------------------------------------------------------------------------------------------------

 Clock DebugCore_JCLK (falling edge)
                                                       125.000     125.000 f                        
 SCANCHAIN_88_312/TCK1                                   0.000     125.000 f       u_CORES/u_GTP_SCANCHAIN_PG/scanchain/TCK1
                                   net (fanout=1)        1.284     126.284         u_CORES/drck_o   
 USCM_215_669/CLKOUT               td                    0.097     126.381 f       clkbufg_5/gopclkbufg/CLKOUT
                                   net (fanout=4)        0.334     126.715         ntclkbufg_2      
 HCKB_213_526/CLKOUT               td                    0.195     126.910 f       HCKBROUTE_300/CLKOUT
                                   net (fanout=176)      0.262     127.172         _N423            
 CLMA_261_726/CLK                                                          f       u_CORES/u_jtag_hub/id_o[3]/opit_0_inv_L6Q_LUT6DQL5Q_perm/CLK

 CLMA_261_726/Q1                   tco                   0.104     127.276 r       u_CORES/u_jtag_hub/id_o[3]/opit_0_inv_L6Q_LUT6DQL5Q_perm/L6Q
                                   net (fanout=2)        0.055     127.331         u_CORES/id_o [3] 
 CLMA_261_727/M2                                                           r       u_CORES/u_debug_core_0/u_hub_data_decode/conf_id_ini[3]/opit_0_inv/D

 Data arrival time                                                 127.331         Logic Levels: 0  
                                                                                   Logic: 0.104ns(65.409%), Route: 0.055ns(34.591%)
----------------------------------------------------------------------------------------------------

 Clock DebugCore_CAPTURE (rising edge)
                                                       125.000     125.000 r                        
 SCANCHAIN_88_312/CAPTUREDR                              0.000     125.000 r       u_CORES/u_GTP_SCANCHAIN_PG/scanchain/CAPTUREDR
                                   net (fanout=1)        0.757     125.757         u_CORES/capt_o   
 USCM_215_666/CLKOUT               td                    0.115     125.872 r       clkbufg_4/gopclkbufg/CLKOUT
                                   net (fanout=1)        0.397     126.269         ntclkbufg_1      
 HCKB_213_536/CLKOUT               td                    0.233     126.502 r       HCKBROUTE_298/CLKOUT
                                   net (fanout=11)       0.308     126.810         _N421            
 CLMA_261_727/CLK                                                          r       u_CORES/u_debug_core_0/u_hub_data_decode/conf_id_ini[3]/opit_0_inv/CLK
 clock pessimism                                         0.000     126.810                          
 clock uncertainty                                       0.050     126.860                          

 Hold time                                              -0.028     126.832                          

 Data required time                                                126.832                          
----------------------------------------------------------------------------------------------------
 Data required time                                                126.832                          
 Data arrival time                                                -127.331                          
----------------------------------------------------------------------------------------------------
 Slack (MET)                                                         0.499                          
====================================================================================================

====================================================================================================

Startpoint  : u_CORES/u_jtag_hub/id_o[4]/opit_0_inv_L6QL5_perm/CLK
Endpoint    : u_CORES/u_debug_core_0/u_hub_data_decode/conf_id_ini[4]/opit_0_inv/D
Path Group  : DebugCore_CAPTURE
Path Type   : min
Path Class  : sequential timing path
Clock Skew :    -0.362  (Capture Clock Delay - Launch Clock Delay + Clock Pessimism Removal)
  Capture Clock Delay     :  1.810
  Launch Clock Delay      :  2.172
  Clock Pessimism Removal :  0.000

 Location                          Delay Type             Incr        Path         Logical Resource 
----------------------------------------------------------------------------------------------------

 Clock DebugCore_JCLK (falling edge)
                                                       125.000     125.000 f                        
 SCANCHAIN_88_312/TCK1                                   0.000     125.000 f       u_CORES/u_GTP_SCANCHAIN_PG/scanchain/TCK1
                                   net (fanout=1)        1.284     126.284         u_CORES/drck_o   
 USCM_215_669/CLKOUT               td                    0.097     126.381 f       clkbufg_5/gopclkbufg/CLKOUT
                                   net (fanout=4)        0.334     126.715         ntclkbufg_2      
 HCKB_213_526/CLKOUT               td                    0.195     126.910 f       HCKBROUTE_300/CLKOUT
                                   net (fanout=176)      0.262     127.172         _N423            
 CLMA_261_726/CLK                                                          f       u_CORES/u_jtag_hub/id_o[4]/opit_0_inv_L6QL5_perm/CLK

 CLMA_261_726/Q2                   tco                   0.104     127.276 r       u_CORES/u_jtag_hub/id_o[4]/opit_0_inv_L6QL5_perm/L6Q
                                   net (fanout=2)        0.175     127.451         u_CORES/id_o [4] 
 CLMA_261_727/M3                                                           r       u_CORES/u_debug_core_0/u_hub_data_decode/conf_id_ini[4]/opit_0_inv/D

 Data arrival time                                                 127.451         Logic Levels: 0  
                                                                                   Logic: 0.104ns(37.276%), Route: 0.175ns(62.724%)
----------------------------------------------------------------------------------------------------

 Clock DebugCore_CAPTURE (rising edge)
                                                       125.000     125.000 r                        
 SCANCHAIN_88_312/CAPTUREDR                              0.000     125.000 r       u_CORES/u_GTP_SCANCHAIN_PG/scanchain/CAPTUREDR
                                   net (fanout=1)        0.757     125.757         u_CORES/capt_o   
 USCM_215_666/CLKOUT               td                    0.115     125.872 r       clkbufg_4/gopclkbufg/CLKOUT
                                   net (fanout=1)        0.397     126.269         ntclkbufg_1      
 HCKB_213_536/CLKOUT               td                    0.233     126.502 r       HCKBROUTE_298/CLKOUT
                                   net (fanout=11)       0.308     126.810         _N421            
 CLMA_261_727/CLK                                                          r       u_CORES/u_debug_core_0/u_hub_data_decode/conf_id_ini[4]/opit_0_inv/CLK
 clock pessimism                                         0.000     126.810                          
 clock uncertainty                                       0.050     126.860                          

 Hold time                                               0.026     126.886                          

 Data required time                                                126.886                          
----------------------------------------------------------------------------------------------------
 Data required time                                                126.886                          
 Data arrival time                                                -127.451                          
----------------------------------------------------------------------------------------------------
 Slack (MET)                                                         0.565                          
====================================================================================================

====================================================================================================

Startpoint  : u_CORES/u_jtag_hub/id_o[1]/opit_0_inv_L6Q_LUT6DQL5Q_perm/CLK
Endpoint    : u_CORES/u_debug_core_0/u_hub_data_decode/conf_id[0]/opit_0_inv/D
Path Group  : DebugCore_CAPTURE
Path Type   : min
Path Class  : sequential timing path
Clock Skew :    -0.363  (Capture Clock Delay - Launch Clock Delay + Clock Pessimism Removal)
  Capture Clock Delay     :  1.809
  Launch Clock Delay      :  2.172
  Clock Pessimism Removal :  0.000

 Location                          Delay Type             Incr        Path         Logical Resource 
----------------------------------------------------------------------------------------------------

 Clock DebugCore_JCLK (falling edge)
                                                       125.000     125.000 f                        
 SCANCHAIN_88_312/TCK1                                   0.000     125.000 f       u_CORES/u_GTP_SCANCHAIN_PG/scanchain/TCK1
                                   net (fanout=1)        1.284     126.284         u_CORES/drck_o   
 USCM_215_669/CLKOUT               td                    0.097     126.381 f       clkbufg_5/gopclkbufg/CLKOUT
                                   net (fanout=4)        0.334     126.715         ntclkbufg_2      
 HCKB_213_526/CLKOUT               td                    0.195     126.910 f       HCKBROUTE_300/CLKOUT
                                   net (fanout=176)      0.262     127.172         _N423            
 CLMA_261_726/CLK                                                          f       u_CORES/u_jtag_hub/id_o[1]/opit_0_inv_L6Q_LUT6DQL5Q_perm/CLK

 CLMA_261_726/CR0                  tco                   0.120     127.292 r       u_CORES/u_jtag_hub/id_o[1]/opit_0_inv_L6Q_LUT6DQL5Q_perm/L5Q
                                   net (fanout=2)        0.188     127.480         u_CORES/id_o [0] 
 CLMA_261_732/M3                                                           r       u_CORES/u_debug_core_0/u_hub_data_decode/conf_id[0]/opit_0_inv/D

 Data arrival time                                                 127.480         Logic Levels: 0  
                                                                                   Logic: 0.120ns(38.961%), Route: 0.188ns(61.039%)
----------------------------------------------------------------------------------------------------

 Clock DebugCore_CAPTURE (rising edge)
                                                       125.000     125.000 r                        
 SCANCHAIN_88_312/CAPTUREDR                              0.000     125.000 r       u_CORES/u_GTP_SCANCHAIN_PG/scanchain/CAPTUREDR
                                   net (fanout=1)        0.757     125.757         u_CORES/capt_o   
 USCM_215_666/CLKOUT               td                    0.115     125.872 r       clkbufg_4/gopclkbufg/CLKOUT
                                   net (fanout=1)        0.397     126.269         ntclkbufg_1      
 HCKB_213_536/CLKOUT               td                    0.233     126.502 r       HCKBROUTE_298/CLKOUT
                                   net (fanout=11)       0.307     126.809         _N421            
 CLMA_261_732/CLK                                                          r       u_CORES/u_debug_core_0/u_hub_data_decode/conf_id[0]/opit_0_inv/CLK
 clock pessimism                                         0.000     126.809                          
 clock uncertainty                                       0.050     126.859                          

 Hold time                                               0.026     126.885                          

 Data required time                                                126.885                          
----------------------------------------------------------------------------------------------------
 Data required time                                                126.885                          
 Data arrival time                                                -127.480                          
----------------------------------------------------------------------------------------------------
 Slack (MET)                                                         0.595                          
====================================================================================================

====================================================================================================

Startpoint  : u_CORES/u_debug_core_0/resetn/opit_0/CLK
Endpoint    : u_CORES/u_debug_core_0/u0_trig_unit/signal_ff_dly[41]/opit_0_inv/RS
Path Group  : hdmi_i2c_inst/i2c_ctrl_inst/i2c_clk/Q[0]_Inferred
Path Type   : max
Path Class  : async timing path
Clock Skew :    -0.270  (Capture Clock Delay - Launch Clock Delay + Clock Pessimism Removal)
  Capture Clock Delay     :  0.238
  Launch Clock Delay      :  0.508
  Clock Pessimism Removal :  0.000

 Location                          Delay Type             Incr        Path         Logical Resource 
----------------------------------------------------------------------------------------------------

 Clock hdmi_i2c_inst/i2c_ctrl_inst/i2c_clk/Q[0]_Inferred (rising edge)
                                                         0.000       0.000 r                        
 CLMS_189_757/CR1                                        0.000       0.000 r       hdmi_i2c_inst/i2c_ctrl_inst/i2c_clk/opit_0_inv/Q
                                   net (fanout=670)      0.508       0.508         hdmi_i2c_inst/cfg_clk
 CLMS_243_757/CLK                                                          r       u_CORES/u_debug_core_0/resetn/opit_0/CLK

 CLMS_243_757/Q0                   tco                   0.125       0.633 f       u_CORES/u_debug_core_0/resetn/opit_0/Q
                                   net (fanout=149)      0.551       1.184         u_CORES/u_debug_core_0/resetn
 CLMS_207_733/RSCO                 td                    0.052       1.236 r       u_CORES/u_debug_core_0/u0_trig_unit/signal_ff_dly[40]/opit_0_inv/RSCO
                                   net (fanout=6)        0.000       1.236         _N17             
 CLMS_207_739/RSCO                 td                    0.049       1.285 r       u_CORES/u_debug_core_0/u0_trig_unit/signal_ff_dly[33]/opit_0_inv/RSCO
                                   net (fanout=1)        0.000       1.285         _N16             
 CLMS_207_745/RSCO                 td                    0.049       1.334 r       u_CORES/u_debug_core_0/u0_trig_unit/signal_ff_dly[35]/opit_0_inv/RSCO
                                   net (fanout=4)        0.000       1.334         _N15             
 CLMS_207_751/RSCO                 td                    0.049       1.383 r       u_CORES/u_debug_core_0/u0_trig_unit/conf_reg[59]/opit_0_inv_L6QL5Q_perm/RSCO
                                   net (fanout=5)        0.000       1.383         _N14             
 CLMS_207_757/RSCI                                                         r       u_CORES/u_debug_core_0/u0_trig_unit/signal_ff_dly[41]/opit_0_inv/RS

 Data arrival time                                                   1.383         Logic Levels: 4  
                                                                                   Logic: 0.324ns(37.029%), Route: 0.551ns(62.971%)
----------------------------------------------------------------------------------------------------

 Clock hdmi_i2c_inst/i2c_ctrl_inst/i2c_clk/Q[0]_Inferred (rising edge)
                                                      1000.000    1000.000 r                        
 CLMS_189_757/CR1                                        0.000    1000.000 r       hdmi_i2c_inst/i2c_ctrl_inst/i2c_clk/opit_0_inv/Q
                                   net (fanout=670)      0.238    1000.238         hdmi_i2c_inst/cfg_clk
 CLMS_207_757/CLK                                                          r       u_CORES/u_debug_core_0/u0_trig_unit/signal_ff_dly[41]/opit_0_inv/CLK
 clock pessimism                                         0.000    1000.238                          
 clock uncertainty                                      -0.050    1000.188                          

 Recovery time                                          -0.116    1000.072                          

 Data required time                                               1000.072                          
----------------------------------------------------------------------------------------------------
 Data required time                                               1000.072                          
 Data arrival time                                                  -1.383                          
----------------------------------------------------------------------------------------------------
 Slack (MET)                                                       998.689                          
====================================================================================================

====================================================================================================

Startpoint  : u_CORES/u_debug_core_0/resetn/opit_0/CLK
Endpoint    : u_CORES/u_debug_core_0/u0_trig_unit/match_single[41]/opit_0_inv_L6Q_perm/RS
Path Group  : hdmi_i2c_inst/i2c_ctrl_inst/i2c_clk/Q[0]_Inferred
Path Type   : max
Path Class  : async timing path
Clock Skew :    -0.270  (Capture Clock Delay - Launch Clock Delay + Clock Pessimism Removal)
  Capture Clock Delay     :  0.238
  Launch Clock Delay      :  0.508
  Clock Pessimism Removal :  0.000

 Location                          Delay Type             Incr        Path         Logical Resource 
----------------------------------------------------------------------------------------------------

 Clock hdmi_i2c_inst/i2c_ctrl_inst/i2c_clk/Q[0]_Inferred (rising edge)
                                                         0.000       0.000 r                        
 CLMS_189_757/CR1                                        0.000       0.000 r       hdmi_i2c_inst/i2c_ctrl_inst/i2c_clk/opit_0_inv/Q
                                   net (fanout=670)      0.508       0.508         hdmi_i2c_inst/cfg_clk
 CLMS_243_757/CLK                                                          r       u_CORES/u_debug_core_0/resetn/opit_0/CLK

 CLMS_243_757/Q0                   tco                   0.125       0.633 f       u_CORES/u_debug_core_0/resetn/opit_0/Q
                                   net (fanout=149)      0.551       1.184         u_CORES/u_debug_core_0/resetn
 CLMS_207_733/RSCO                 td                    0.052       1.236 r       u_CORES/u_debug_core_0/u0_trig_unit/signal_ff_dly[40]/opit_0_inv/RSCO
                                   net (fanout=6)        0.000       1.236         _N17             
 CLMS_207_739/RSCO                 td                    0.049       1.285 r       u_CORES/u_debug_core_0/u0_trig_unit/signal_ff_dly[33]/opit_0_inv/RSCO
                                   net (fanout=1)        0.000       1.285         _N16             
 CLMS_207_745/RSCO                 td                    0.049       1.334 r       u_CORES/u_debug_core_0/u0_trig_unit/signal_ff_dly[35]/opit_0_inv/RSCO
                                   net (fanout=4)        0.000       1.334         _N15             
 CLMS_207_751/RSCO                 td                    0.049       1.383 r       u_CORES/u_debug_core_0/u0_trig_unit/conf_reg[59]/opit_0_inv_L6QL5Q_perm/RSCO
                                   net (fanout=5)        0.000       1.383         _N14             
 CLMS_207_757/RSCI                                                         r       u_CORES/u_debug_core_0/u0_trig_unit/match_single[41]/opit_0_inv_L6Q_perm/RS

 Data arrival time                                                   1.383         Logic Levels: 4  
                                                                                   Logic: 0.324ns(37.029%), Route: 0.551ns(62.971%)
----------------------------------------------------------------------------------------------------

 Clock hdmi_i2c_inst/i2c_ctrl_inst/i2c_clk/Q[0]_Inferred (rising edge)
                                                      1000.000    1000.000 r                        
 CLMS_189_757/CR1                                        0.000    1000.000 r       hdmi_i2c_inst/i2c_ctrl_inst/i2c_clk/opit_0_inv/Q
                                   net (fanout=670)      0.238    1000.238         hdmi_i2c_inst/cfg_clk
 CLMS_207_757/CLK                                                          r       u_CORES/u_debug_core_0/u0_trig_unit/match_single[41]/opit_0_inv_L6Q_perm/CLK
 clock pessimism                                         0.000    1000.238                          
 clock uncertainty                                      -0.050    1000.188                          

 Recovery time                                          -0.116    1000.072                          

 Data required time                                               1000.072                          
----------------------------------------------------------------------------------------------------
 Data required time                                               1000.072                          
 Data arrival time                                                  -1.383                          
----------------------------------------------------------------------------------------------------
 Slack (MET)                                                       998.689                          
====================================================================================================

====================================================================================================

Startpoint  : u_CORES/u_debug_core_0/resetn/opit_0/CLK
Endpoint    : u_CORES/u_debug_core_0/TRIG0_ff[1][42]/opit_0_inv/RS
Path Group  : hdmi_i2c_inst/i2c_ctrl_inst/i2c_clk/Q[0]_Inferred
Path Type   : max
Path Class  : async timing path
Clock Skew :    -0.270  (Capture Clock Delay - Launch Clock Delay + Clock Pessimism Removal)
  Capture Clock Delay     :  0.238
  Launch Clock Delay      :  0.508
  Clock Pessimism Removal :  0.000

 Location                          Delay Type             Incr        Path         Logical Resource 
----------------------------------------------------------------------------------------------------

 Clock hdmi_i2c_inst/i2c_ctrl_inst/i2c_clk/Q[0]_Inferred (rising edge)
                                                         0.000       0.000 r                        
 CLMS_189_757/CR1                                        0.000       0.000 r       hdmi_i2c_inst/i2c_ctrl_inst/i2c_clk/opit_0_inv/Q
                                   net (fanout=670)      0.508       0.508         hdmi_i2c_inst/cfg_clk
 CLMS_243_757/CLK                                                          r       u_CORES/u_debug_core_0/resetn/opit_0/CLK

 CLMS_243_757/Q0                   tco                   0.125       0.633 f       u_CORES/u_debug_core_0/resetn/opit_0/Q
                                   net (fanout=149)      0.551       1.184         u_CORES/u_debug_core_0/resetn
 CLMS_207_733/RSCO                 td                    0.052       1.236 r       u_CORES/u_debug_core_0/u0_trig_unit/signal_ff_dly[40]/opit_0_inv/RSCO
                                   net (fanout=6)        0.000       1.236         _N17             
 CLMS_207_739/RSCO                 td                    0.049       1.285 r       u_CORES/u_debug_core_0/u0_trig_unit/signal_ff_dly[33]/opit_0_inv/RSCO
                                   net (fanout=1)        0.000       1.285         _N16             
 CLMS_207_745/RSCO                 td                    0.049       1.334 r       u_CORES/u_debug_core_0/u0_trig_unit/signal_ff_dly[35]/opit_0_inv/RSCO
                                   net (fanout=4)        0.000       1.334         _N15             
 CLMS_207_751/RSCO                 td                    0.049       1.383 r       u_CORES/u_debug_core_0/u0_trig_unit/conf_reg[59]/opit_0_inv_L6QL5Q_perm/RSCO
                                   net (fanout=5)        0.000       1.383         _N14             
 CLMS_207_757/RSCI                                                         r       u_CORES/u_debug_core_0/TRIG0_ff[1][42]/opit_0_inv/RS

 Data arrival time                                                   1.383         Logic Levels: 4  
                                                                                   Logic: 0.324ns(37.029%), Route: 0.551ns(62.971%)
----------------------------------------------------------------------------------------------------

 Clock hdmi_i2c_inst/i2c_ctrl_inst/i2c_clk/Q[0]_Inferred (rising edge)
                                                      1000.000    1000.000 r                        
 CLMS_189_757/CR1                                        0.000    1000.000 r       hdmi_i2c_inst/i2c_ctrl_inst/i2c_clk/opit_0_inv/Q
                                   net (fanout=670)      0.238    1000.238         hdmi_i2c_inst/cfg_clk
 CLMS_207_757/CLK                                                          r       u_CORES/u_debug_core_0/TRIG0_ff[1][42]/opit_0_inv/CLK
 clock pessimism                                         0.000    1000.238                          
 clock uncertainty                                      -0.050    1000.188                          

 Recovery time                                          -0.116    1000.072                          

 Data required time                                               1000.072                          
----------------------------------------------------------------------------------------------------
 Data required time                                               1000.072                          
 Data arrival time                                                  -1.383                          
----------------------------------------------------------------------------------------------------
 Slack (MET)                                                       998.689                          
====================================================================================================

====================================================================================================

Startpoint  : u_CORES/u_debug_core_0/resetn/opit_0/CLK
Endpoint    : u_CORES/u_debug_core_0/data_pipe[4][7]/opit_0_inv_L6QL5Q_perm/RS
Path Group  : hdmi_i2c_inst/i2c_ctrl_inst/i2c_clk/Q[0]_Inferred
Path Type   : min
Path Class  : async timing path
Clock Skew :    0.710  (Capture Clock Delay - Launch Clock Delay + Clock Pessimism Removal)
  Capture Clock Delay     :  1.112
  Launch Clock Delay      :  0.402
  Clock Pessimism Removal :  0.000

 Location                          Delay Type             Incr        Path         Logical Resource 
----------------------------------------------------------------------------------------------------

 Clock hdmi_i2c_inst/i2c_ctrl_inst/i2c_clk/Q[0]_Inferred (rising edge)
                                                         0.000       0.000 r                        
 CLMS_189_757/CR1                                        0.000       0.000 r       hdmi_i2c_inst/i2c_ctrl_inst/i2c_clk/opit_0_inv/Q
                                   net (fanout=670)      0.402       0.402         hdmi_i2c_inst/cfg_clk
 CLMS_243_757/CLK                                                          r       u_CORES/u_debug_core_0/resetn/opit_0/CLK

 CLMS_243_757/Q0                   tco                   0.103       0.505 r       u_CORES/u_debug_core_0/resetn/opit_0/Q
                                   net (fanout=149)      0.289       0.794         u_CORES/u_debug_core_0/resetn
 CLMA_273_721/RSCO                 td                    0.056       0.850 f       u_CORES/u_debug_core_0/data_pipe[4][1]/opit_0_inv_L6QL5Q_perm/RSCO
                                   net (fanout=4)        0.000       0.850         _N87             
 CLMA_273_727/RSCI                                                         f       u_CORES/u_debug_core_0/data_pipe[4][7]/opit_0_inv_L6QL5Q_perm/RS

 Data arrival time                                                   0.850         Logic Levels: 1  
                                                                                   Logic: 0.159ns(35.491%), Route: 0.289ns(64.509%)
----------------------------------------------------------------------------------------------------

 Clock hdmi_i2c_inst/i2c_ctrl_inst/i2c_clk/Q[0]_Inferred (rising edge)
                                                         0.000       0.000 r                        
 CLMS_189_757/CR1                                        0.000       0.000 r       hdmi_i2c_inst/i2c_ctrl_inst/i2c_clk/opit_0_inv/Q
                                   net (fanout=670)      1.112       1.112         hdmi_i2c_inst/cfg_clk
 CLMA_273_727/CLK                                                          r       u_CORES/u_debug_core_0/data_pipe[4][7]/opit_0_inv_L6QL5Q_perm/CLK
 clock pessimism                                         0.000       1.112                          
 clock uncertainty                                       0.000       1.112                          

 Removal time                                           -0.043       1.069                          

 Data required time                                                  1.069                          
----------------------------------------------------------------------------------------------------
 Data required time                                                  1.069                          
 Data arrival time                                                  -0.850                          
----------------------------------------------------------------------------------------------------
 Slack (VIOLATED)                                                   -0.219                          
====================================================================================================

====================================================================================================

Startpoint  : u_CORES/u_debug_core_0/resetn/opit_0/CLK
Endpoint    : u_CORES/u_debug_core_0/data_pipe[2][3]/opit_0_inv_L6QL5Q_perm/RS
Path Group  : hdmi_i2c_inst/i2c_ctrl_inst/i2c_clk/Q[0]_Inferred
Path Type   : min
Path Class  : async timing path
Clock Skew :    0.710  (Capture Clock Delay - Launch Clock Delay + Clock Pessimism Removal)
  Capture Clock Delay     :  1.112
  Launch Clock Delay      :  0.402
  Clock Pessimism Removal :  0.000

 Location                          Delay Type             Incr        Path         Logical Resource 
----------------------------------------------------------------------------------------------------

 Clock hdmi_i2c_inst/i2c_ctrl_inst/i2c_clk/Q[0]_Inferred (rising edge)
                                                         0.000       0.000 r                        
 CLMS_189_757/CR1                                        0.000       0.000 r       hdmi_i2c_inst/i2c_ctrl_inst/i2c_clk/opit_0_inv/Q
                                   net (fanout=670)      0.402       0.402         hdmi_i2c_inst/cfg_clk
 CLMS_243_757/CLK                                                          r       u_CORES/u_debug_core_0/resetn/opit_0/CLK

 CLMS_243_757/Q0                   tco                   0.103       0.505 r       u_CORES/u_debug_core_0/resetn/opit_0/Q
                                   net (fanout=149)      0.289       0.794         u_CORES/u_debug_core_0/resetn
 CLMA_273_721/RSCO                 td                    0.056       0.850 f       u_CORES/u_debug_core_0/data_pipe[4][1]/opit_0_inv_L6QL5Q_perm/RSCO
                                   net (fanout=4)        0.000       0.850         _N87             
 CLMA_273_727/RSCI                                                         f       u_CORES/u_debug_core_0/data_pipe[2][3]/opit_0_inv_L6QL5Q_perm/RS

 Data arrival time                                                   0.850         Logic Levels: 1  
                                                                                   Logic: 0.159ns(35.491%), Route: 0.289ns(64.509%)
----------------------------------------------------------------------------------------------------

 Clock hdmi_i2c_inst/i2c_ctrl_inst/i2c_clk/Q[0]_Inferred (rising edge)
                                                         0.000       0.000 r                        
 CLMS_189_757/CR1                                        0.000       0.000 r       hdmi_i2c_inst/i2c_ctrl_inst/i2c_clk/opit_0_inv/Q
                                   net (fanout=670)      1.112       1.112         hdmi_i2c_inst/cfg_clk
 CLMA_273_727/CLK                                                          r       u_CORES/u_debug_core_0/data_pipe[2][3]/opit_0_inv_L6QL5Q_perm/CLK
 clock pessimism                                         0.000       1.112                          
 clock uncertainty                                       0.000       1.112                          

 Removal time                                           -0.043       1.069                          

 Data required time                                                  1.069                          
----------------------------------------------------------------------------------------------------
 Data required time                                                  1.069                          
 Data arrival time                                                  -0.850                          
----------------------------------------------------------------------------------------------------
 Slack (VIOLATED)                                                   -0.219                          
====================================================================================================

====================================================================================================

Startpoint  : u_CORES/u_debug_core_0/resetn/opit_0/CLK
Endpoint    : u_CORES/u_debug_core_0/data_pipe[4][3]/opit_0_inv_L6QL5Q_perm/RS
Path Group  : hdmi_i2c_inst/i2c_ctrl_inst/i2c_clk/Q[0]_Inferred
Path Type   : min
Path Class  : async timing path
Clock Skew :    0.710  (Capture Clock Delay - Launch Clock Delay + Clock Pessimism Removal)
  Capture Clock Delay     :  1.112
  Launch Clock Delay      :  0.402
  Clock Pessimism Removal :  0.000

 Location                          Delay Type             Incr        Path         Logical Resource 
----------------------------------------------------------------------------------------------------

 Clock hdmi_i2c_inst/i2c_ctrl_inst/i2c_clk/Q[0]_Inferred (rising edge)
                                                         0.000       0.000 r                        
 CLMS_189_757/CR1                                        0.000       0.000 r       hdmi_i2c_inst/i2c_ctrl_inst/i2c_clk/opit_0_inv/Q
                                   net (fanout=670)      0.402       0.402         hdmi_i2c_inst/cfg_clk
 CLMS_243_757/CLK                                                          r       u_CORES/u_debug_core_0/resetn/opit_0/CLK

 CLMS_243_757/Q0                   tco                   0.103       0.505 r       u_CORES/u_debug_core_0/resetn/opit_0/Q
                                   net (fanout=149)      0.289       0.794         u_CORES/u_debug_core_0/resetn
 CLMA_273_721/RSCO                 td                    0.056       0.850 f       u_CORES/u_debug_core_0/data_pipe[4][1]/opit_0_inv_L6QL5Q_perm/RSCO
                                   net (fanout=4)        0.000       0.850         _N87             
 CLMA_273_727/RSCI                                                         f       u_CORES/u_debug_core_0/data_pipe[4][3]/opit_0_inv_L6QL5Q_perm/RS

 Data arrival time                                                   0.850         Logic Levels: 1  
                                                                                   Logic: 0.159ns(35.491%), Route: 0.289ns(64.509%)
----------------------------------------------------------------------------------------------------

 Clock hdmi_i2c_inst/i2c_ctrl_inst/i2c_clk/Q[0]_Inferred (rising edge)
                                                         0.000       0.000 r                        
 CLMS_189_757/CR1                                        0.000       0.000 r       hdmi_i2c_inst/i2c_ctrl_inst/i2c_clk/opit_0_inv/Q
                                   net (fanout=670)      1.112       1.112         hdmi_i2c_inst/cfg_clk
 CLMA_273_727/CLK                                                          r       u_CORES/u_debug_core_0/data_pipe[4][3]/opit_0_inv_L6QL5Q_perm/CLK
 clock pessimism                                         0.000       1.112                          
 clock uncertainty                                       0.000       1.112                          

 Removal time                                           -0.043       1.069                          

 Data required time                                                  1.069                          
----------------------------------------------------------------------------------------------------
 Data required time                                                  1.069                          
 Data arrival time                                                  -0.850                          
----------------------------------------------------------------------------------------------------
 Slack (VIOLATED)                                                   -0.219                          
====================================================================================================

====================================================================================================

Startpoint  : hdmi_i2c_inst/i2c_ctrl_inst/state_14/opit_0_inv_L6Q_perm/CLK
Endpoint    : ddc_scl (port)
Path Group  : **default**
Path Type   : max
Path Class  : combinational timing path

 Location                          Delay Type             Incr        Path         Logical Resource 
----------------------------------------------------------------------------------------------------

 Clock hdmi_i2c_inst/i2c_ctrl_inst/i2c_clk/Q[0]_Inferred (rising edge)
                                                         0.000       0.000 r                        
 CLMS_189_757/CR1                                        0.000       0.000 r       hdmi_i2c_inst/i2c_ctrl_inst/i2c_clk/opit_0_inv/Q
                                   net (fanout=670)      0.579       0.579         hdmi_i2c_inst/cfg_clk
 CLMA_219_780/CLK                                                          r       hdmi_i2c_inst/i2c_ctrl_inst/state_14/opit_0_inv_L6Q_perm/CLK

 CLMA_219_780/Q2                   tco                   0.125       0.704 f       hdmi_i2c_inst/i2c_ctrl_inst/state_14/opit_0_inv_L6Q_perm/L6Q
                                   net (fanout=6)        0.348       1.052         hdmi_i2c_inst/i2c_ctrl_inst/state_14
 CLMS_207_769/Y2                   td                    0.070       1.122 f       hdmi_i2c_inst/i2c_ctrl_inst/state[3:0]_fsm[3:0]_26[1]_2/LUT6_inst_perm/L6
                                   net (fanout=2)        0.321       1.443         hdmi_i2c_inst/i2c_ctrl_inst/_N415
 CLMS_207_757/Y3                   td                    0.125       1.568 f       hdmi_i2c_inst/i2c_ctrl_inst/N796_2/LUT6_inst_perm/L6
                                   net (fanout=1)        0.147       1.715         hdmi_i2c_inst/i2c_ctrl_inst/N796
 CLMS_207_757/Y0                   td                    0.104       1.819 r       u_CORES/u_debug_core_0/TRIG0_ff[1][41]/opit_0_inv_L6QQ_perm/L6
                                   net (fanout=2)        1.335       3.154         _N283            
 IOLHR_16_480/DO_P                 td                    0.488       3.642 r       ddc_scl_obuf/opit_1/DO_P
                                   net (fanout=1)        0.000       3.642         ddc_scl_obuf/ntO 
 IOBD_0_480/PAD                    td                    1.954       5.596 r       ddc_scl_obuf/opit_0/O
                                   net (fanout=1)        0.131       5.727         ddc_scl          
 L22                                                                       r       ddc_scl (port)   

 Data arrival time                                                   5.727         Logic Levels: 5  
                                                                                   Logic: 2.866ns(55.672%), Route: 2.282ns(44.328%)
====================================================================================================

====================================================================================================

Startpoint  : hdmi_i2c_inst/i2c_ctrl_inst/state_9/opit_0_inv_L6Q_perm/CLK
Endpoint    : ddc_sda (port)
Path Group  : **default**
Path Type   : max
Path Class  : combinational timing path

 Location                          Delay Type             Incr        Path         Logical Resource 
----------------------------------------------------------------------------------------------------

 Clock hdmi_i2c_inst/i2c_ctrl_inst/i2c_clk/Q[0]_Inferred (rising edge)
                                                         0.000       0.000 r                        
 CLMS_189_757/CR1                                        0.000       0.000 r       hdmi_i2c_inst/i2c_ctrl_inst/i2c_clk/opit_0_inv/Q
                                   net (fanout=670)      0.579       0.579         hdmi_i2c_inst/cfg_clk
 CLMA_219_780/CLK                                                          r       hdmi_i2c_inst/i2c_ctrl_inst/state_9/opit_0_inv_L6Q_perm/CLK

 CLMA_219_780/Q1                   tco                   0.125       0.704 f       hdmi_i2c_inst/i2c_ctrl_inst/state_9/opit_0_inv_L6Q_perm/L6Q
                                   net (fanout=6)        0.398       1.102         hdmi_i2c_inst/i2c_ctrl_inst/state_9
 CLMA_207_756/CR0                  td                    0.185       1.287 f       hdmi_i2c_inst/i2c_ctrl_inst/N796_5/LUT6D_inst_perm/L5
                                   net (fanout=1)        1.520       2.807         _N417            
 IOLHR_16_474/DO_N                 td                    0.398       3.205 f       hdmi_i2c_inst.i2c_ctrl_inst.i2c_sda_tri/opit_1/DO_N
                                   net (fanout=1)        0.000       3.205         hdmi_i2c_inst.i2c_ctrl_inst.i2c_sda_tri/ntT
 IOBS_0_474/PAD                    tse                   1.161       4.366 f       hdmi_i2c_inst.i2c_ctrl_inst.i2c_sda_tri/opit_0/IO
                                   net (fanout=1)        0.129       4.495         nt_ddc_sda       
 L23                                                                       f       ddc_sda (port)   

 Data arrival time                                                   4.495         Logic Levels: 3  
                                                                                   Logic: 1.869ns(47.727%), Route: 2.047ns(52.273%)
====================================================================================================

====================================================================================================

Startpoint  : hdmi_in_hsync (port)
Endpoint    : hdmi_out_hsync (port)
Path Group  : **default**
Path Type   : max
Path Class  : combinational timing path

 Location                          Delay Type             Incr        Path         Logical Resource 
----------------------------------------------------------------------------------------------------


 N21                                                     0.000       0.000 r       hdmi_in_hsync (port)
                                   net (fanout=1)        0.135       0.135         hdmi_in_hsync    
 IOBD_0_450/DIN                    td                    0.521       0.656 r       hdmi_in_hsync_ibuf/opit_0/O
                                   net (fanout=1)        0.000       0.656         hdmi_in_hsync_ibuf/ntD
 IOLHR_16_450/DI_TO_CLK            td                    0.087       0.743 r       hdmi_in_hsync_ibuf/opit_1/DI_TO_CLK
                                   net (fanout=1)        1.166       1.909         nt_hdmi_in_hsync 
 IOLHR_16_822/DO_P                 td                    0.488       2.397 r       hdmi_out_hsync_obuf/opit_1/DO_P
                                   net (fanout=1)        0.000       2.397         hdmi_out_hsync_obuf/ntO
 IOBD_0_822/PAD                    td                    1.954       4.351 r       hdmi_out_hsync_obuf/opit_0/O
                                   net (fanout=1)        0.084       4.435         hdmi_out_hsync   
 L17                                                                       r       hdmi_out_hsync (port)

 Data arrival time                                                   4.435         Logic Levels: 4  
                                                                                   Logic: 3.050ns(68.771%), Route: 1.385ns(31.229%)
====================================================================================================

====================================================================================================

Startpoint  : sys_rst_n (port)
Endpoint    : hdmi_i2c_inst/hdmi_cfg_inst/wr_en/opit_0_inv_L6Q_perm/RS
Path Group  : **default**
Path Type   : min
Path Class  : combinational timing path

 Location                          Delay Type             Incr        Path         Logical Resource 
----------------------------------------------------------------------------------------------------


 G25                                                     0.000       0.000 r       sys_rst_n (port) 
                                   net (fanout=1)        0.145       0.145         sys_rst_n        
 IOBD_0_636/DIN                    td                    0.445       0.590 r       sys_rst_n_ibuf/opit_0/O
                                   net (fanout=1)        0.000       0.590         sys_rst_n_ibuf/ntD
 IOLHR_16_636/DI_TO_CLK            td                    0.073       0.663 r       sys_rst_n_ibuf/opit_1/DI_TO_CLK
                                   net (fanout=33)       0.693       1.356         nt_sys_rst_n     
 CLMA_195_775/RS                                                           r       hdmi_i2c_inst/hdmi_cfg_inst/wr_en/opit_0_inv_L6Q_perm/RS

 Data arrival time                                                   1.356         Logic Levels: 2  
                                                                                   Logic: 0.518ns(38.201%), Route: 0.838ns(61.799%)
====================================================================================================

====================================================================================================

Startpoint  : sys_rst_n (port)
Endpoint    : hdmi_i2c_inst/hdmi_cfg_inst/reg_num[1]/opit_0_inv_L5Q_perm/RS
Path Group  : **default**
Path Type   : min
Path Class  : combinational timing path

 Location                          Delay Type             Incr        Path         Logical Resource 
----------------------------------------------------------------------------------------------------


 G25                                                     0.000       0.000 r       sys_rst_n (port) 
                                   net (fanout=1)        0.145       0.145         sys_rst_n        
 IOBD_0_636/DIN                    td                    0.445       0.590 r       sys_rst_n_ibuf/opit_0/O
                                   net (fanout=1)        0.000       0.590         sys_rst_n_ibuf/ntD
 IOLHR_16_636/DI_TO_CLK            td                    0.073       0.663 r       sys_rst_n_ibuf/opit_1/DI_TO_CLK
                                   net (fanout=33)       0.751       1.414         nt_sys_rst_n     
 CLMA_201_768/RS                                                           r       hdmi_i2c_inst/hdmi_cfg_inst/reg_num[1]/opit_0_inv_L5Q_perm/RS

 Data arrival time                                                   1.414         Logic Levels: 2  
                                                                                   Logic: 0.518ns(36.634%), Route: 0.896ns(63.366%)
====================================================================================================

====================================================================================================

Startpoint  : sys_rst_n (port)
Endpoint    : hdmi_i2c_inst/hdmi_cfg_inst/reg_num[6]/opit_0_inv_L6Q_perm/RS
Path Group  : **default**
Path Type   : min
Path Class  : combinational timing path

 Location                          Delay Type             Incr        Path         Logical Resource 
----------------------------------------------------------------------------------------------------


 G25                                                     0.000       0.000 r       sys_rst_n (port) 
                                   net (fanout=1)        0.145       0.145         sys_rst_n        
 IOBD_0_636/DIN                    td                    0.445       0.590 r       sys_rst_n_ibuf/opit_0/O
                                   net (fanout=1)        0.000       0.590         sys_rst_n_ibuf/ntD
 IOLHR_16_636/DI_TO_CLK            td                    0.073       0.663 r       sys_rst_n_ibuf/opit_1/DI_TO_CLK
                                   net (fanout=33)       0.751       1.414         nt_sys_rst_n     
 CLMA_201_768/RSCO                 td                    0.056       1.470 f       hdmi_i2c_inst/hdmi_cfg_inst/reg_num[1]/opit_0_inv_L5Q_perm/RSCO
                                   net (fanout=4)        0.000       1.470         _N3              
 CLMA_201_774/RSCI                                                         f       hdmi_i2c_inst/hdmi_cfg_inst/reg_num[6]/opit_0_inv_L6Q_perm/RS

 Data arrival time                                                   1.470         Logic Levels: 3  
                                                                                   Logic: 0.574ns(39.048%), Route: 0.896ns(60.952%)
====================================================================================================

====================================================================================================
End dump timing report

0. checking no_clock
--------------------

1. checking virtual_clock
--------------------

2. checking unexpandable_clocks
--------------------

3. checking no_input_delay
--------------------

4. checking no_output_delay
--------------------

5. checking partial_input_delay
--------------------

6. checking partial_output_delay
--------------------

7. checking io_min_max_delay_consistency
--------------------

8. checking input_delay_assigned_to_clock
--------------------

9. checking loops
--------------------

10. checking latches
--------------------
Action report_timing: Real time elapsed is 17.000 sec
Action report_timing: CPU time elapsed is 15.500 sec
Current time: Fri Oct 28 15:55:06 2022
Action report_timing: Peak memory pool usage is 610,086,912 bytes
Report timing is finished successfully.
